  1.000  0.963  0.890  0.801  0.867  0.765  0.770  0.738  0.650  0.633  0.641  0.567  0.477  0.350  0.272  0.071 -0.113 -0.465 -0.718 -0.691 -0.625 -0.645 -0.629 -0.570 -0.556 -0.377 -0.132  0.194  0.396  0.338  0.081  0.177  0.313  0.005 -0.147  0.049 -0.056 -0.292 -0.159 -0.070 -0.230 -0.177 -0.305 -0.349 -0.130 -0.194 -0.329 -0.303 -0.433 -0.467 -0.560 -0.642 -0.686 -0.663 -0.544 -0.263 -0.220 -0.086 -0.061 -0.017  0.178  0.137  0.051  0.078  0.099  0.017 -0.016 -0.110 -0.192 -0.190 -0.269 -0.240 -0.157 -0.153 -0.198 -0.168 -0.223 -0.313 -0.428 -0.463 -0.518 -0.587 -0.541 -0.551 -0.520 -0.437 -0.435 -0.344 -0.275 -0.247 -0.323 -0.347 -0.445 -0.446 -0.426 -0.483 -0.540 -0.511 -0.514 -0.580 -0.586 -0.560 -0.584 -0.530 -0.497 -0.444 -0.371 -0.340 -0.412 -0.428 -0.500 -0.553 -0.580 -0.645 -0.657 -0.603 -0.594 -0.496 -0.406 -0.266 -0.069  0.105
  0.963  1.000  0.961  0.910  0.902  0.755  0.695  0.638  0.535  0.545  0.562  0.497  0.407  0.306  0.242  0.046 -0.146 -0.420 -0.656 -0.615 -0.551 -0.562 -0.537 -0.474 -0.464 -0.290 -0.083  0.204  0.332  0.253 -0.006  0.067  0.192 -0.109 -0.238 -0.054 -0.134 -0.340 -0.227 -0.135 -0.262 -0.201 -0.289 -0.310 -0.093 -0.125 -0.252 -0.249 -0.376 -0.431 -0.529 -0.603 -0.659 -0.659 -0.533 -0.279 -0.206 -0.074 -0.035  0.001  0.212  0.180  0.098  0.132  0.155  0.070  0.035 -0.045 -0.125 -0.128 -0.194 -0.159 -0.080 -0.074 -0.114 -0.092 -0.150 -0.231 -0.345 -0.390 -0.449 -0.531 -0.498 -0.526 -0.515 -0.423 -0.396 -0.297 -0.221 -0.189 -0.252 -0.263 -0.353 -0.351 -0.337 -0.396 -0.446 -0.418 -0.427 -0.493 -0.495 -0.471 -0.501 -0.451 -0.428 -0.377 -0.313 -0.289 -0.364 -0.378 -0.445 -0.485 -0.507 -0.574 -0.581 -0.520 -0.505 -0.402 -0.317 -0.179 -0.003  0.148
  0.890  0.961  1.000  0.938  0.869  0.737  0.673  0.593  0.501  0.507  0.503  0.435  0.352  0.258  0.199  0.037 -0.137 -0.372 -0.598 -0.547 -0.495 -0.500 -0.473 -0.422 -0.417 -0.274 -0.092  0.141  0.251  0.202 -0.018  0.040  0.130 -0.153 -0.239 -0.087 -0.171 -0.336 -0.231 -0.158 -0.267 -0.223 -0.297 -0.321 -0.138 -0.150 -0.251 -0.254 -0.357 -0.405 -0.490 -0.541 -0.583 -0.583 -0.459 -0.234 -0.169 -0.059 -0.020  0.019  0.181  0.164  0.091  0.134  0.152  0.065  0.037 -0.032 -0.100 -0.102 -0.159 -0.129 -0.061 -0.057 -0.090 -0.071 -0.122 -0.197 -0.295 -0.332 -0.378 -0.449 -0.414 -0.443 -0.439 -0.354 -0.330 -0.243 -0.181 -0.151 -0.208 -0.220 -0.302 -0.300 -0.282 -0.332 -0.380 -0.354 -0.357 -0.416 -0.420 -0.395 -0.420 -0.374 -0.351 -0.306 -0.250 -0.229 -0.293 -0.305 -0.363 -0.401 -0.424 -0.485 -0.496 -0.445 -0.439 -0.353 -0.283 -0.169 -0.018  0.102
  0.801  0.910  0.938  1.000  0.936  0.813  0.655  0.557  0.448  0.517  0.535  0.484  0.411  0.353  0.319  0.147 -0.059 -0.255 -0.558 -0.522 -0.496 -0.482 -0.418 -0.345 -0.326 -0.144  0.074  0.283  0.324  0.233 -0.031 -0.033  0.045 -0.262 -0.374 -0.239 -0.325 -0.487 -0.393 -0.316 -0.409 -0.346 -0.378 -0.350 -0.134 -0.091 -0.223 -0.276 -0.390 -0.478 -0.564 -0.601 -0.640 -0.623 -0.429 -0.175 -0.055  0.081  0.129  0.153  0.346  0.317  0.252  0.282  0.304  0.235  0.207  0.137  0.062  0.059  0.001  0.036  0.109  0.109  0.070  0.090  0.035 -0.046 -0.157 -0.203 -0.267 -0.368 -0.347 -0.404 -0.419 -0.296 -0.231 -0.117 -0.038 -0.003 -0.061 -0.074 -0.172 -0.174 -0.150 -0.210 -0.273 -0.241 -0.244 -0.320 -0.328 -0.295 -0.328 -0.268 -0.244 -0.188 -0.123 -0.104 -0.188 -0.201 -0.274 -0.314 -0.335 -0.421 -0.427 -0.350 -0.341 -0.234 -0.143 -0.021  0.151  0.256
  0.867  0.902  0.869  0.936  1.000  0.945  0.834  0.763  0.659  0.721  0.740  0.676  0.598  0.506  0.451  0.247  0.018 -0.312 -0.703 -0.695 -0.672 -0.664 -0.595 -0.512 -0.480 -0.251  0.065  0.357  0.500  0.413  0.108  0.119  0.224 -0.135 -0.312 -0.147 -0.281 -0.513 -0.380 -0.297 -0.450 -0.383 -0.469 -0.455 -0.196 -0.184 -0.356 -0.396 -0.536 -0.612 -0.701 -0.756 -0.776 -0.712 -0.485 -0.148 -0.044  0.121  0.152  0.185  0.393  0.338  0.261  0.276  0.302  0.237  0.208  0.107  0.016  0.020 -0.066 -0.035  0.056  0.048 -0.004  0.031 -0.023 -0.131 -0.263 -0.301 -0.372 -0.476 -0.437 -0.481 -0.470 -0.333 -0.287 -0.163 -0.081 -0.046 -0.133 -0.170 -0.296 -0.304 -0.269 -0.335 -0.419 -0.381 -0.376 -0.467 -0.484 -0.441 -0.472 -0.394 -0.351 -0.280 -0.189 -0.157 -0.253 -0.271 -0.369 -0.434 -0.464 -0.564 -0.577 -0.493 -0.491 -0.372 -0.252 -0.110  0.124  0.277
  0.765  0.755  0.737  0.813  0.945  1.000  0.936  0.873  0.793  0.846  0.839  0.763  0.697  0.585  0.519  0.338  0.121 -0.279 -0.730 -0.741 -0.743 -0.732 -0.657 -0.584 -0.544 -0.316  0.053  0.344  0.561  0.519  0.238  0.239  0.321 -0.043 -0.228 -0.083 -0.266 -0.507 -0.353 -0.292 -0.474 -0.429 -0.545 -0.547 -0.299 -0.295 -0.469 -0.503 -0.631 -0.684 -0.752 -0.793 -0.774 -0.661 -0.412 -0.044  0.028  0.186  0.197  0.237  0.393  0.329  0.256  0.260  0.282  0.231  0.210  0.097  0.010  0.021 -0.077 -0.060  0.030  0.014 -0.044  0.002 -0.036 -0.159 -0.284 -0.300 -0.358 -0.447 -0.391 -0.419 -0.391 -0.255 -0.234 -0.121 -0.060 -0.028 -0.136 -0.197 -0.335 -0.350 -0.300 -0.357 -0.456 -0.416 -0.394 -0.488 -0.517 -0.465 -0.483 -0.395 -0.336 -0.262 -0.157 -0.116 -0.206 -0.226 -0.334 -0.419 -0.457 -0.559 -0.583 -0.509 -0.524 -0.423 -0.297 -0.173  0.081  0.232
  0.770  0.695  0.673  0.655  0.834  0.936  1.000  0.965  0.924  0.915  0.869  0.773  0.710  0.554  0.457  0.295  0.116 -0.366 -0.778 -0.793 -0.785 -0.792 -0.750 -0.700 -0.665 -0.469 -0.100  0.223  0.554  0.568  0.336  0.389  0.477  0.139 -0.040  0.112 -0.094 -0.350 -0.174 -0.128 -0.343 -0.325 -0.501 -0.560 -0.346 -0.404 -0.556 -0.536 -0.650 -0.653 -0.708 -0.758 -0.723 -0.594 -0.401 -0.039 -0.037  0.094  0.083  0.139  0.248  0.187  0.110  0.114  0.128  0.069  0.054 -0.067 -0.148 -0.131 -0.238 -0.232 -0.149 -0.164 -0.221 -0.167 -0.193 -0.318 -0.429 -0.424 -0.462 -0.515 -0.438 -0.431 -0.371 -0.270 -0.302 -0.220 -0.184 -0.159 -0.280 -0.353 -0.484 -0.500 -0.447 -0.491 -0.585 -0.549 -0.520 -0.599 -0.630 -0.582 -0.586 -0.505 -0.437 -0.372 -0.267 -0.218 -0.288 -0.307 -0.409 -0.503 -0.547 -0.628 -0.661 -0.617 -0.641 -0.567 -0.454 -0.346 -0.095  0.074
  0.738  0.638  0.593  0.557  0.763  0.873  0.965  1.000  0.969  0.941  0.927  0.849  0.788  0.628  0.519  0.360  0.187 -0.358 -0.809 -0.845 -0.850 -0.860 -0.816 -0.767 -0.723 -0.518 -0.103  0.238  0.629  0.668  0.438  0.490  0.576  0.232  0.026  0.175 -0.064 -0.342 -0.149 -0.113 -0.356 -0.346 -0.549 -0.618 -0.396 -0.466 -0.631 -0.605 -0.722 -0.712 -0.756 -0.804 -0.746 -0.581 -0.374  0.017 -0.001  0.130  0.106  0.168  0.243  0.175  0.091  0.093  0.119  0.063  0.051 -0.081 -0.164 -0.139 -0.260 -0.263 -0.174 -0.199 -0.259 -0.198 -0.217 -0.354 -0.466 -0.448 -0.482 -0.526 -0.435 -0.417 -0.340 -0.236 -0.288 -0.213 -0.185 -0.165 -0.302 -0.391 -0.532 -0.554 -0.491 -0.533 -0.637 -0.600 -0.561 -0.643 -0.683 -0.628 -0.625 -0.537 -0.459 -0.388 -0.271 -0.215 -0.288 -0.310 -0.422 -0.529 -0.578 -0.660 -0.698 -0.658 -0.689 -0.620 -0.497 -0.394 -0.120  0.056
  0.650  0.535  0.501  0.448  0.659  0.793  0.924  0.969  1.000  0.960  0.899  0.827  0.800  0.640  0.517  0.407  0.277 -0.297 -0.764 -0.811 -0.842 -0.849 -0.809 -0.778 -0.730 -0.556 -0.132  0.174  0.618  0.712  0.545  0.586  0.631  0.320  0.137  0.243 -0.030 -0.282 -0.083 -0.081 -0.332 -0.354 -0.576 -0.667 -0.490 -0.566 -0.706 -0.668 -0.754 -0.713 -0.728 -0.751 -0.654 -0.453 -0.250  0.131  0.069  0.167  0.121  0.191  0.174  0.109  0.037  0.044  0.069  0.016  0.019 -0.112 -0.179 -0.147 -0.268 -0.288 -0.211 -0.245 -0.299 -0.232 -0.229 -0.369 -0.458 -0.414 -0.427 -0.443 -0.335 -0.297 -0.208 -0.120 -0.203 -0.155 -0.157 -0.144 -0.292 -0.399 -0.536 -0.565 -0.491 -0.515 -0.624 -0.590 -0.535 -0.608 -0.657 -0.599 -0.580 -0.492 -0.403 -0.338 -0.222 -0.163 -0.217 -0.238 -0.345 -0.462 -0.517 -0.590 -0.638 -0.619 -0.666 -0.629 -0.516 -0.445 -0.181 -0.030
  0.633  0.545  0.507  0.517  0.721  0.846  0.915  0.941  0.960  1.000  0.960  0.912  0.898  0.779  0.680  0.558  0.399 -0.171 -0.744 -0.817 -0.881 -0.871 -0.791 -0.734 -0.665 -0.439  0.047  0.344  0.742  0.797  0.583  0.558  0.589  0.244  0.021  0.106 -0.186 -0.445 -0.248 -0.246 -0.495 -0.503 -0.694 -0.735 -0.522 -0.544 -0.718 -0.732 -0.829 -0.823 -0.837 -0.843 -0.732 -0.496 -0.209  0.219  0.208  0.333  0.292  0.354  0.348  0.275  0.195  0.212  0.250  0.192  0.196  0.059 -0.017  0.016 -0.111 -0.129 -0.043 -0.084 -0.146 -0.075 -0.074 -0.229 -0.334 -0.293 -0.324 -0.369 -0.267 -0.255 -0.179 -0.046 -0.095 -0.020 -0.006  0.010 -0.149 -0.264 -0.425 -0.462 -0.377 -0.411 -0.543 -0.502 -0.442 -0.537 -0.595 -0.524 -0.511 -0.403 -0.306 -0.226 -0.098 -0.039 -0.114 -0.135 -0.263 -0.389 -0.445 -0.547 -0.592 -0.545 -0.594 -0.535 -0.391 -0.307 -0.009  0.132
  0.641  0.562  0.503  0.535  0.740  0.839  0.869  0.927  0.899  0.960  1.000  0.972  0.934  0.831  0.748  0.588  0.393 -0.170 -0.765 -0.850 -0.908 -0.896 -0.802 -0.726 -0.650 -0.384  0.124  0.449  0.812  0.822  0.550  0.515  0.574  0.203 -0.062  0.045 -0.233 -0.520 -0.327 -0.303 -0.553 -0.533 -0.709 -0.721 -0.460 -0.468 -0.676 -0.712 -0.838 -0.861 -0.892 -0.914 -0.821 -0.589 -0.276  0.179  0.207  0.366  0.337  0.388  0.443  0.359  0.266  0.280  0.333  0.277  0.270  0.127  0.037  0.069 -0.062 -0.071  0.027 -0.013 -0.082 -0.014 -0.028 -0.186 -0.312 -0.287 -0.339 -0.407 -0.318 -0.321 -0.251 -0.095 -0.120 -0.021  0.016  0.034 -0.121 -0.229 -0.401 -0.437 -0.357 -0.404 -0.540 -0.497 -0.445 -0.552 -0.607 -0.534 -0.534 -0.419 -0.325 -0.235 -0.099 -0.040 -0.136 -0.160 -0.300 -0.425 -0.475 -0.591 -0.628 -0.560 -0.598 -0.511 -0.349 -0.238  0.082  0.239
  0.567  0.497  0.435  0.484  0.676  0.763  0.773  0.849  0.827  0.912  0.972  1.000  0.979  0.919  0.849  0.702  0.507 -0.040 -0.697 -0.807 -0.898 -0.874 -0.753 -0.665 -0.574 -0.286  0.251  0.544  0.879  0.879  0.597  0.507  0.540  0.170 -0.113 -0.041 -0.333 -0.607 -0.422 -0.410 -0.652 -0.631 -0.780 -0.759 -0.492 -0.457 -0.679 -0.752 -0.872 -0.913 -0.933 -0.934 -0.821 -0.556 -0.189  0.281  0.332  0.495  0.467  0.512  0.522  0.444  0.358  0.374  0.434  0.387  0.387  0.247  0.160  0.196  0.060  0.046  0.145  0.097  0.028  0.100  0.093 -0.072 -0.199 -0.169 -0.228 -0.307 -0.222 -0.241 -0.180  0.004 -0.003  0.105  0.145  0.161  0.000 -0.116 -0.298 -0.341 -0.252 -0.299 -0.450 -0.404 -0.345 -0.462 -0.525 -0.444 -0.444 -0.318 -0.218 -0.121  0.019  0.078 -0.026 -0.050 -0.200 -0.329 -0.380 -0.511 -0.548 -0.467 -0.509 -0.418 -0.242 -0.136  0.194  0.327
  0.477  0.407  0.352  0.411  0.598  0.697  0.710  0.788  0.800  0.898  0.934  0.979  1.000  0.961  0.889  0.791  0.629  0.064 -0.636 -0.760 -0.888 -0.853 -0.723 -0.646 -0.546 -0.278  0.281  0.524  0.887  0.933  0.703  0.580  0.564  0.220 -0.046 -0.027 -0.357 -0.600 -0.412 -0.436 -0.679 -0.687 -0.840 -0.823 -0.593 -0.543 -0.747 -0.827 -0.918 -0.940 -0.931 -0.897 -0.742 -0.434 -0.046  0.420  0.447  0.586  0.538  0.588  0.502  0.426  0.349  0.374  0.439  0.399  0.414  0.278  0.206  0.250  0.114  0.084  0.172  0.112  0.046  0.123  0.137 -0.033 -0.139 -0.084 -0.126 -0.187 -0.086 -0.094 -0.030  0.149  0.125  0.214  0.228  0.238  0.065 -0.069 -0.253 -0.305 -0.202 -0.234 -0.395 -0.350 -0.274 -0.388 -0.463 -0.375 -0.360 -0.229 -0.118 -0.025  0.117  0.178  0.087  0.065 -0.085 -0.225 -0.281 -0.410 -0.456 -0.388 -0.447 -0.382 -0.208 -0.133  0.191  0.289
  0.350  0.306  0.258  0.353  0.506  0.585  0.554  0.628  0.640  0.779  0.831  0.919  0.961  1.000  0.974  0.905  0.752  0.293 -0.455 -0.602 -0.774 -0.719 -0.547 -0.453 -0.336 -0.055  0.499  0.658  0.910  0.914  0.684  0.470  0.409  0.094 -0.171 -0.209 -0.524 -0.716 -0.566 -0.606 -0.803 -0.804 -0.886 -0.805 -0.590 -0.459 -0.665 -0.807 -0.880 -0.938 -0.912 -0.844 -0.674 -0.350  0.101  0.546  0.625  0.759  0.723  0.758  0.632  0.573  0.516  0.546  0.612  0.583  0.605  0.489  0.427  0.468  0.343  0.312  0.392  0.330  0.270  0.344  0.363  0.200  0.098  0.150  0.096  0.014  0.093  0.049  0.088  0.301  0.321  0.423  0.449  0.456  0.296  0.165 -0.021 -0.079  0.030 -0.003 -0.174 -0.128 -0.050 -0.172 -0.253 -0.158 -0.149 -0.011  0.097  0.193  0.327  0.381  0.283  0.263  0.113 -0.020 -0.072 -0.219 -0.259 -0.169 -0.227 -0.156  0.027  0.089  0.396  0.443
  0.272  0.242  0.199  0.319  0.451  0.519  0.457  0.519  0.517  0.680  0.748  0.849  0.889  0.974  1.000  0.932  0.777  0.427 -0.312 -0.470 -0.655 -0.590 -0.395 -0.283 -0.158  0.139  0.660  0.775  0.908  0.846  0.596  0.330  0.261 -0.030 -0.298 -0.356 -0.626 -0.787 -0.676 -0.709 -0.860 -0.839 -0.857 -0.721 -0.508 -0.325 -0.534 -0.720 -0.789 -0.885 -0.862 -0.786 -0.632 -0.325  0.150  0.565  0.698  0.836  0.820  0.838  0.744  0.697  0.650  0.678  0.740  0.717  0.736  0.636  0.577  0.609  0.498  0.477  0.552  0.499  0.444  0.509  0.520  0.371  0.265  0.300  0.227  0.119  0.169  0.092  0.108  0.343  0.409  0.530  0.578  0.587  0.447  0.335  0.154  0.096  0.197  0.157 -0.012  0.035  0.103 -0.026 -0.102 -0.009 -0.013  0.124  0.221  0.317  0.440  0.484  0.379  0.359  0.215  0.096  0.053 -0.106 -0.133 -0.021 -0.065  0.024  0.211  0.278  0.563  0.589
  0.071  0.046  0.037  0.147  0.247  0.338  0.295  0.360  0.407  0.558  0.588  0.702  0.791  0.905  0.932  1.000  0.939  0.631 -0.111 -0.268 -0.518 -0.434 -0.237 -0.168 -0.042  0.155  0.639  0.596  0.756  0.817  0.726  0.407  0.219  0.027 -0.146 -0.327 -0.645 -0.689 -0.593 -0.711 -0.832 -0.885 -0.896 -0.785 -0.697 -0.484 -0.615 -0.801 -0.782 -0.825 -0.735 -0.580 -0.347  0.012  0.484  0.822  0.886  0.937  0.887  0.914  0.602  0.579  0.570  0.614  0.674  0.668  0.722  0.649  0.635  0.681  0.585  0.529  0.569  0.495  0.459  0.527  0.586  0.446  0.402  0.488  0.465  0.411  0.483  0.429  0.445  0.648  0.673  0.736  0.720  0.715  0.572  0.433  0.275  0.207  0.329  0.328  0.159  0.199  0.297  0.192  0.100  0.197  0.226  0.356  0.462  0.537  0.648  0.692  0.628  0.614  0.491  0.366  0.316  0.181  0.136  0.203  0.124  0.139  0.289  0.264  0.483  0.409
 -0.113 -0.146 -0.137 -0.059  0.018  0.121  0.116  0.187  0.277  0.399  0.393  0.507  0.629  0.752  0.777  0.939  1.000  0.711  0.080 -0.085 -0.355 -0.280 -0.123 -0.098  0.021  0.119  0.524  0.399  0.610  0.757  0.815  0.511  0.270  0.208  0.102 -0.154 -0.474 -0.441 -0.364 -0.535 -0.635 -0.742 -0.771 -0.709 -0.737 -0.563 -0.614 -0.755 -0.671 -0.649 -0.510 -0.325 -0.050  0.322  0.701  0.935  0.908  0.875  0.789  0.824  0.379  0.372  0.385  0.438  0.493  0.494  0.567  0.519  0.541  0.594  0.518  0.440  0.448  0.367  0.351  0.416  0.506  0.390  0.403  0.526  0.548  0.557  0.647  0.636  0.664  0.803  0.770  0.769  0.697  0.676  0.539  0.394  0.274  0.203  0.326  0.360  0.212  0.237  0.349  0.283  0.186  0.273  0.328  0.434  0.539  0.586  0.675  0.717  0.698  0.691  0.602  0.484  0.434  0.343  0.289  0.305  0.208  0.157  0.264  0.173  0.324  0.197
 -0.465 -0.420 -0.372 -0.255 -0.312 -0.279 -0.366 -0.358 -0.297 -0.171 -0.170 -0.040  0.064  0.293  0.427  0.631  0.711  1.000  0.681  0.569  0.326  0.414  0.586  0.619  0.707  0.717  0.775  0.403  0.142  0.130  0.222 -0.171 -0.431 -0.315 -0.294 -0.596 -0.658 -0.434 -0.537 -0.674 -0.542 -0.587 -0.374 -0.172 -0.292  0.021  0.043 -0.188 -0.061 -0.138 -0.018  0.177  0.333  0.514  0.809  0.767  0.883  0.794  0.799  0.772  0.451  0.519  0.603  0.632  0.634  0.679  0.737  0.790  0.853  0.865  0.879  0.832  0.789  0.751  0.778  0.796  0.866  0.858  0.901  0.949  0.944  0.901  0.862  0.744  0.678  0.820  0.934  0.950  0.938  0.923  0.917  0.873  0.845  0.808  0.866  0.890  0.822  0.833  0.883  0.846  0.797  0.843  0.855  0.902  0.925  0.938  0.936  0.928  0.924  0.924  0.909  0.895  0.888  0.817  0.812  0.859  0.821  0.790  0.824  0.705  0.650  0.416
 -0.718 -0.656 -0.598 -0.558 -0.703 -0.730 -0.778 -0.809 -0.764 -0.744 -0.765 -0.697 -0.636 -0.455 -0.312 -0.111  0.080  0.681  1.000  0.973  0.895  0.915  0.929  0.901  0.901  0.728  0.355 -0.051 -0.473 -0.530 -0.306 -0.490 -0.634 -0.269 -0.110 -0.332 -0.122  0.188 -0.027 -0.097  0.166  0.151  0.405  0.540  0.295  0.458  0.609  0.512  0.658  0.624  0.703  0.796  0.792  0.708  0.608  0.237  0.286  0.116  0.149  0.089 -0.040  0.058  0.166  0.163  0.117  0.177  0.200  0.331  0.426  0.401  0.507  0.492  0.398  0.416  0.483  0.446  0.488  0.606  0.710  0.705  0.727  0.741  0.635  0.560  0.475  0.451  0.546  0.489  0.473  0.453  0.570  0.635  0.751  0.763  0.723  0.762  0.835  0.807  0.784  0.842  0.864  0.829  0.826  0.760  0.694  0.639  0.535  0.488  0.549  0.563  0.660  0.753  0.792  0.839  0.873  0.858  0.881  0.816  0.720  0.590  0.321  0.105
 -0.691 -0.615 -0.547 -0.522 -0.695 -0.741 -0.793 -0.845 -0.811 -0.817 -0.850 -0.807 -0.760 -0.602 -0.470 -0.268 -0.085  0.569  0.973  1.000  0.957  0.976  0.969  0.925  0.899  0.681  0.239 -0.187 -0.642 -0.685 -0.439 -0.580 -0.718 -0.347 -0.128 -0.329 -0.086  0.250  0.027 -0.035  0.250  0.232  0.491  0.604  0.340  0.486  0.666  0.592  0.744  0.716  0.782  0.869  0.833  0.690  0.539  0.121  0.165 -0.014  0.031 -0.029 -0.139 -0.036  0.079  0.071  0.018  0.083  0.103  0.248  0.347  0.318  0.438  0.430  0.328  0.354  0.427  0.379  0.415  0.552  0.666  0.650  0.681  0.704  0.590  0.521  0.429  0.374  0.466  0.401  0.383  0.366  0.505  0.588  0.726  0.748  0.695  0.736  0.831  0.800  0.765  0.838  0.873  0.826  0.821  0.738  0.658  0.590  0.471  0.417  0.489  0.506  0.621  0.730  0.774  0.839  0.876  0.848  0.876  0.804  0.680  0.544  0.236  0.015
 -0.625 -0.551 -0.495 -0.496 -0.672 -0.743 -0.785 -0.850 -0.842 -0.881 -0.908 -0.898 -0.888 -0.774 -0.655 -0.518 -0.355  0.326  0.895  0.957  1.000  0.990  0.932  0.885  0.829  0.603  0.074 -0.273 -0.749 -0.840 -0.629 -0.667 -0.716 -0.342 -0.121 -0.233  0.091  0.386  0.154  0.149  0.440  0.457  0.702  0.789  0.552  0.628  0.808  0.785  0.899  0.869  0.890  0.910  0.797  0.559  0.298 -0.160 -0.116 -0.273 -0.210 -0.277 -0.241 -0.146 -0.046 -0.069 -0.133 -0.075 -0.079  0.068  0.153  0.110  0.244  0.259  0.163  0.211  0.283  0.221  0.227  0.389  0.491  0.441  0.461  0.481  0.350  0.293  0.202  0.108  0.201  0.138  0.142  0.132  0.299  0.419  0.583  0.623  0.536  0.565  0.697  0.660  0.594  0.682  0.742  0.672  0.652  0.543  0.437  0.361  0.224  0.163  0.235  0.252  0.385  0.522  0.578  0.667  0.718  0.688  0.744  0.693  0.549  0.453  0.125 -0.036
 -0.645 -0.562 -0.500 -0.482 -0.664 -0.732 -0.792 -0.860 -0.849 -0.871 -0.896 -0.874 -0.853 -0.719 -0.590 -0.434 -0.280  0.414  0.915  0.976  0.990  1.000  0.968  0.925  0.875  0.655  0.156 -0.231 -0.731 -0.814 -0.603 -0.685 -0.770 -0.410 -0.180 -0.321 -0.020  0.296  0.063  0.041  0.339  0.349  0.613  0.720  0.480  0.598  0.775  0.721  0.846  0.805  0.837  0.884  0.791  0.576  0.368 -0.074 -0.011 -0.166 -0.103 -0.170 -0.177 -0.079  0.029  0.009 -0.052  0.014  0.017  0.167  0.255  0.216  0.347  0.358  0.260  0.302  0.373  0.313  0.326  0.481  0.584  0.540  0.560  0.573  0.442  0.372  0.273  0.199  0.304  0.248  0.251  0.240  0.403  0.513  0.668  0.702  0.626  0.656  0.776  0.742  0.684  0.764  0.817  0.755  0.736  0.638  0.539  0.467  0.335  0.274  0.342  0.360  0.486  0.615  0.668  0.744  0.792  0.769  0.817  0.765  0.628  0.520  0.198  0.010
 -0.629 -0.537 -0.473 -0.418 -0.595 -0.657 -0.750 -0.816 -0.809 -0.791 -0.802 -0.753 -0.723 -0.547 -0.395 -0.237 -0.123  0.586  0.929  0.969  0.932  0.968  1.000  0.984  0.960  0.793  0.375 -0.046 -0.600 -0.714 -0.553 -0.730 -0.852 -0.545 -0.345 -0.519 -0.253  0.068 -0.165 -0.198  0.103  0.122  0.427  0.593  0.386  0.587  0.727  0.604  0.727  0.644  0.683  0.763  0.696  0.531  0.447  0.065  0.190  0.059  0.135  0.064  0.029  0.130  0.245  0.228  0.173  0.245  0.255  0.398  0.482  0.445  0.562  0.571  0.482  0.516  0.581  0.530  0.545  0.679  0.763  0.718  0.718  0.694  0.556  0.445  0.332  0.320  0.469  0.446  0.469  0.462  0.611  0.706  0.829  0.854  0.797  0.816  0.903  0.880  0.833  0.883  0.923  0.881  0.855  0.784  0.698  0.645  0.530  0.472  0.517  0.530  0.632  0.746  0.792  0.829  0.875  0.885  0.928  0.898  0.795  0.690  0.403  0.190
 -0.570 -0.474 -0.422 -0.345 -0.512 -0.584 -0.700 -0.767 -0.778 -0.734 -0.726 -0.665 -0.646 -0.453 -0.283 -0.168 -0.098  0.619  0.901  0.925  0.885  0.925  0.984  1.000  0.989  0.884  0.505  0.118 -0.485 -0.667 -0.583 -0.791 -0.888 -0.629 -0.479 -0.629 -0.353 -0.066 -0.302 -0.310 -0.009  0.042  0.372  0.582  0.429  0.662  0.760  0.601  0.693  0.570  0.589  0.657  0.573  0.410  0.381  0.045  0.226  0.133  0.228  0.149  0.181  0.279  0.384  0.365  0.313  0.381  0.381  0.514  0.581  0.538  0.648  0.669  0.595  0.633  0.690  0.641  0.641  0.765  0.819  0.754  0.726  0.665  0.511  0.370  0.248  0.276  0.465  0.478  0.534  0.534  0.681  0.782  0.884  0.908  0.851  0.851  0.925  0.909  0.854  0.883  0.923  0.887  0.846  0.789  0.702  0.665  0.558  0.500  0.520  0.530  0.615  0.727  0.776  0.786  0.840  0.883  0.938  0.945  0.870  0.800  0.546  0.354
 -0.556 -0.464 -0.417 -0.326 -0.480 -0.544 -0.665 -0.723 -0.730 -0.665 -0.650 -0.574 -0.546 -0.336 -0.158 -0.042  0.021  0.707  0.901  0.899  0.829  0.875  0.960  0.989  1.000  0.926  0.603  0.218 -0.373 -0.562 -0.499 -0.749 -0.862 -0.623 -0.505 -0.674 -0.430 -0.153 -0.381 -0.399 -0.111 -0.060  0.274  0.503  0.367  0.627  0.703  0.518  0.608  0.475  0.503  0.585  0.525  0.405  0.433  0.139  0.334  0.249  0.341  0.263  0.273  0.368  0.470  0.456  0.412  0.478  0.482  0.606  0.669  0.630  0.728  0.744  0.676  0.706  0.759  0.720  0.724  0.832  0.876  0.819  0.782  0.710  0.560  0.408  0.287  0.346  0.543  0.568  0.629  0.628  0.758  0.844  0.926  0.942  0.898  0.895  0.949  0.938  0.892  0.906  0.937  0.912  0.871  0.830  0.755  0.729  0.636  0.583  0.592  0.599  0.669  0.767  0.811  0.802  0.853  0.909  0.958  0.972  0.920  0.853  0.626  0.429
 -0.377 -0.290 -0.274 -0.144 -0.251 -0.316 -0.469 -0.518 -0.556 -0.439 -0.384 -0.286 -0.278 -0.055  0.139  0.155  0.119  0.717  0.728  0.681  0.603  0.655  0.793  0.884  0.926  1.000  0.824  0.559 -0.046 -0.347 -0.454 -0.750 -0.805 -0.699 -0.711 -0.818 -0.600 -0.433 -0.632 -0.602 -0.360 -0.250  0.090  0.384  0.380  0.681  0.653  0.410  0.427  0.227  0.216  0.267  0.191  0.111  0.267  0.120  0.405  0.414  0.529  0.446  0.578  0.653  0.722  0.706  0.674  0.722  0.707  0.792  0.812  0.768  0.833  0.869  0.841  0.875  0.902  0.875  0.850  0.917  0.893  0.808  0.716  0.575  0.417  0.223  0.099  0.244  0.497  0.593  0.713  0.724  0.827  0.905  0.927  0.937  0.902  0.862  0.873  0.879  0.829  0.792  0.816  0.811  0.745  0.744  0.684  0.696  0.638  0.594  0.548  0.547  0.567  0.643  0.683  0.614  0.673  0.792  0.856  0.945  0.965  0.978  0.861  0.731
 -0.132 -0.083 -0.092  0.074  0.065  0.053 -0.100 -0.103 -0.132  0.047  0.124  0.251  0.281  0.499  0.660  0.639  0.524  0.775  0.355  0.239  0.074  0.156  0.375  0.505  0.603  0.824  1.000  0.857  0.468  0.205 -0.013 -0.385 -0.472 -0.564 -0.713 -0.825 -0.819 -0.779 -0.865 -0.864 -0.766 -0.675 -0.431 -0.134 -0.020  0.311  0.175 -0.113 -0.137 -0.340 -0.333 -0.248 -0.217 -0.105  0.287  0.412  0.704  0.796  0.872  0.820  0.855  0.885  0.915  0.916  0.923  0.952  0.953  0.961  0.944  0.930  0.918  0.933  0.955  0.949  0.938  0.952  0.937  0.904  0.828  0.784  0.675  0.510  0.421  0.235  0.152  0.387  0.612  0.753  0.869  0.882  0.883  0.878  0.792  0.766  0.799  0.746  0.658  0.690  0.691  0.590  0.565  0.614  0.563  0.641  0.652  0.715  0.740  0.732  0.640  0.627  0.561  0.550  0.554  0.412  0.439  0.592  0.613  0.729  0.849  0.894  0.969  0.882
  0.194  0.204  0.141  0.283  0.357  0.344  0.223  0.238  0.174  0.344  0.449  0.544  0.524  0.658  0.775  0.596  0.399  0.403 -0.051 -0.187 -0.273 -0.231 -0.046  0.118  0.218  0.559  0.857  1.000  0.762  0.421  0.041 -0.207 -0.138 -0.366 -0.660 -0.610 -0.622 -0.779 -0.790 -0.703 -0.718 -0.570 -0.432 -0.178  0.086  0.300  0.069 -0.158 -0.291 -0.499 -0.560 -0.581 -0.605 -0.501 -0.133  0.142  0.430  0.622  0.697  0.657  0.900  0.879  0.841  0.836  0.857  0.845  0.809  0.756  0.679  0.660  0.608  0.651  0.726  0.732  0.689  0.713  0.654  0.583  0.436  0.364  0.216  0.025 -0.042 -0.201 -0.242  0.002  0.204  0.386  0.544  0.567  0.533  0.528  0.399  0.377  0.401  0.312  0.211  0.251  0.236  0.109  0.091  0.141  0.071  0.167  0.189  0.279  0.342  0.351  0.219  0.198  0.094  0.060  0.060 -0.099 -0.067  0.111  0.156  0.336  0.507  0.663  0.865  0.940
  0.396  0.332  0.251  0.324  0.500  0.561  0.554  0.629  0.618  0.742  0.812  0.879  0.887  0.910  0.908  0.756  0.610  0.142 -0.473 -0.642 -0.749 -0.731 -0.600 -0.485 -0.373 -0.046  0.468  0.762  1.000  0.882  0.583  0.447  0.501  0.207 -0.135 -0.081 -0.314 -0.584 -0.447 -0.422 -0.626 -0.572 -0.669 -0.587 -0.328 -0.273 -0.505 -0.607 -0.731 -0.800 -0.816 -0.830 -0.731 -0.468 -0.113  0.318  0.407  0.578  0.554  0.576  0.628  0.562  0.478  0.496  0.550  0.503  0.494  0.370  0.285  0.308  0.192  0.189  0.284  0.248  0.184  0.245  0.228  0.083 -0.047 -0.031 -0.115 -0.212 -0.154 -0.190 -0.141  0.050  0.079  0.196  0.259  0.268  0.128  0.033 -0.142 -0.190 -0.113 -0.166 -0.314 -0.272 -0.225 -0.346 -0.404 -0.329 -0.341 -0.218 -0.130 -0.034  0.090  0.139  0.032  0.009 -0.133 -0.246 -0.284 -0.422 -0.440 -0.335 -0.355 -0.244 -0.054  0.073  0.393  0.525
  0.338  0.253  0.202  0.233  0.413  0.519  0.568  0.668  0.712  0.797  0.822  0.879  0.933  0.914  0.846  0.817  0.757  0.130 -0.530 -0.685 -0.840 -0.814 -0.714 -0.667 -0.562 -0.347  0.205  0.421  0.882  1.000  0.878  0.768  0.714  0.463  0.212  0.171 -0.193 -0.405 -0.213 -0.284 -0.541 -0.596 -0.792 -0.821 -0.669 -0.665 -0.822 -0.860 -0.906 -0.868 -0.814 -0.758 -0.549 -0.196  0.136  0.558  0.498  0.584  0.492  0.552  0.340  0.270  0.199  0.239  0.310  0.264  0.296  0.167  0.117  0.172  0.042 -0.009  0.063 -0.009 -0.065  0.012  0.052 -0.113 -0.179 -0.084 -0.092 -0.097  0.033  0.074  0.160  0.291  0.204  0.241  0.205  0.198  0.014 -0.138 -0.306 -0.369 -0.255 -0.258 -0.418 -0.383 -0.287 -0.376 -0.463 -0.377 -0.336 -0.214 -0.092 -0.016  0.121  0.187  0.128  0.111 -0.025 -0.173 -0.233 -0.333 -0.390 -0.362 -0.441 -0.428 -0.273 -0.241  0.062  0.132
  0.081 -0.006 -0.018 -0.031  0.108  0.238  0.336  0.438  0.545  0.583  0.550  0.597  0.703  0.684  0.596  0.726  0.815  0.222 -0.306 -0.439 -0.629 -0.603 -0.553 -0.583 -0.499 -0.454 -0.013  0.041  0.583  0.878  1.000  0.908  0.740  0.655  0.549  0.385 -0.009 -0.083  0.093 -0.073 -0.300 -0.453 -0.679 -0.793 -0.821 -0.857 -0.886 -0.861 -0.797 -0.658 -0.527 -0.403 -0.120  0.253  0.471  0.748  0.550  0.509  0.364  0.440 -0.013 -0.060 -0.093 -0.038  0.029 -0.001  0.069 -0.021 -0.012  0.058 -0.043 -0.134 -0.113 -0.202 -0.230 -0.157 -0.062 -0.197 -0.170 -0.013  0.058  0.151  0.317  0.422  0.523  0.558  0.380  0.318  0.186  0.157 -0.020 -0.190 -0.303 -0.370 -0.247 -0.192 -0.324 -0.308 -0.184 -0.217 -0.314 -0.238 -0.151 -0.062  0.061  0.094  0.202  0.265  0.278  0.272  0.184  0.041 -0.024 -0.058 -0.136 -0.193 -0.311 -0.407 -0.325 -0.410 -0.216 -0.245
  0.177  0.067  0.040 -0.033  0.119  0.239  0.389  0.490  0.586  0.558  0.515  0.507  0.580  0.470  0.330  0.407  0.511 -0.171 -0.490 -0.580 -0.667 -0.685 -0.730 -0.791 -0.749 -0.750 -0.385 -0.207  0.447  0.768  0.908  1.000  0.929  0.857  0.770  0.708  0.359  0.221  0.423  0.302  0.036 -0.113 -0.429 -0.643 -0.668 -0.855 -0.861 -0.718 -0.684 -0.490 -0.395 -0.348 -0.126  0.162  0.203  0.442  0.162  0.126 -0.032  0.053 -0.299 -0.368 -0.427 -0.383 -0.321 -0.365 -0.314 -0.414 -0.416 -0.351 -0.445 -0.522 -0.497 -0.569 -0.599 -0.539 -0.464 -0.579 -0.547 -0.400 -0.312 -0.176  0.007  0.178  0.310  0.254  0.008 -0.086 -0.232 -0.261 -0.426 -0.572 -0.651 -0.702 -0.609 -0.551 -0.640 -0.636 -0.532 -0.531 -0.605 -0.557 -0.468 -0.413 -0.305 -0.291 -0.196 -0.133 -0.100 -0.102 -0.166 -0.294 -0.352 -0.336 -0.411 -0.508 -0.611 -0.718 -0.672 -0.729 -0.547 -0.496
  0.313  0.192  0.130  0.045  0.224  0.321  0.477  0.576  0.631  0.589  0.574  0.540  0.564  0.409  0.261  0.219  0.270 -0.431 -0.634 -0.718 -0.716 -0.770 -0.852 -0.888 -0.862 -0.805 -0.472 -0.138  0.501  0.714  0.740  0.929  1.000  0.890  0.723  0.792  0.524  0.282  0.486  0.452  0.168  0.087 -0.249 -0.466 -0.402 -0.664 -0.718 -0.536 -0.580 -0.413 -0.381 -0.430 -0.300 -0.094 -0.133  0.123 -0.126 -0.100 -0.232 -0.158 -0.286 -0.375 -0.466 -0.444 -0.390 -0.445 -0.433 -0.548 -0.586 -0.538 -0.632 -0.676 -0.626 -0.673 -0.714 -0.664 -0.633 -0.738 -0.750 -0.652 -0.600 -0.494 -0.336 -0.166 -0.029 -0.092 -0.318 -0.380 -0.476 -0.494 -0.641 -0.750 -0.826 -0.859 -0.801 -0.774 -0.838 -0.835 -0.768 -0.772 -0.820 -0.790 -0.729 -0.687 -0.600 -0.579 -0.486 -0.427 -0.417 -0.423 -0.489 -0.598 -0.642 -0.623 -0.678 -0.751 -0.813 -0.866 -0.809 -0.784 -0.574 -0.420
  0.005 -0.109 -0.153 -0.262 -0.135 -0.043  0.139  0.232  0.320  0.244  0.203  0.170  0.220  0.094 -0.030  0.027  0.208 -0.315 -0.269 -0.347 -0.342 -0.410 -0.545 -0.629 -0.623 -0.699 -0.564 -0.366  0.207  0.463  0.655  0.857  0.890  1.000  0.919  0.909  0.727  0.607  0.739  0.668  0.468  0.352  0.054 -0.184 -0.264 -0.554 -0.506 -0.285 -0.256 -0.042  0.030 -0.001  0.128  0.283  0.088  0.148 -0.168 -0.243 -0.390 -0.329 -0.533 -0.590 -0.642 -0.625 -0.590 -0.622 -0.598 -0.660 -0.650 -0.606 -0.652 -0.710 -0.708 -0.749 -0.757 -0.726 -0.669 -0.713 -0.656 -0.543 -0.453 -0.292 -0.155  0.038  0.165  0.026 -0.225 -0.353 -0.490 -0.525 -0.623 -0.707 -0.710 -0.734 -0.701 -0.640 -0.650 -0.669 -0.610 -0.561 -0.594 -0.592 -0.516 -0.524 -0.467 -0.487 -0.444 -0.400 -0.337 -0.335 -0.342 -0.409 -0.438 -0.359 -0.406 -0.528 -0.588 -0.702 -0.716 -0.762 -0.686 -0.603
 -0.147 -0.238 -0.239 -0.374 -0.312 -0.228 -0.040  0.026  0.137  0.021 -0.062 -0.113 -0.046 -0.171 -0.298 -0.146  0.102 -0.294 -0.110 -0.128 -0.121 -0.180 -0.345 -0.479 -0.505 -0.711 -0.713 -0.660 -0.135  0.212  0.549  0.770  0.723  0.919  1.000  0.927  0.771  0.774  0.874  0.756  0.617  0.450  0.176 -0.102 -0.300 -0.588 -0.444 -0.196 -0.096  0.160  0.263  0.275  0.413  0.517  0.242  0.169 -0.197 -0.347 -0.502 -0.439 -0.759 -0.790 -0.806 -0.783 -0.760 -0.777 -0.734 -0.753 -0.704 -0.659 -0.670 -0.741 -0.777 -0.816 -0.802 -0.787 -0.707 -0.713 -0.597 -0.466 -0.329 -0.120  0.018  0.232  0.346  0.142 -0.138 -0.319 -0.503 -0.544 -0.610 -0.681 -0.633 -0.650 -0.624 -0.532 -0.508 -0.540 -0.477 -0.387 -0.415 -0.428 -0.333 -0.373 -0.332 -0.386 -0.379 -0.348 -0.239 -0.228 -0.189 -0.233 -0.258 -0.135 -0.189 -0.358 -0.431 -0.607 -0.686 -0.805 -0.835 -0.830
  0.049 -0.054 -0.087 -0.239 -0.147 -0.083  0.112  0.175  0.243  0.106  0.045 -0.041 -0.027 -0.209 -0.356 -0.327 -0.154 -0.596 -0.332 -0.329 -0.233 -0.321 -0.519 -0.629 -0.674 -0.818 -0.825 -0.610 -0.081  0.171  0.385  0.708  0.792  0.909  0.927  1.000  0.905  0.796  0.913  0.881  0.710  0.606  0.301  0.012 -0.088 -0.447 -0.356 -0.069 -0.050  0.180  0.214  0.135  0.182  0.207 -0.127 -0.156 -0.490 -0.569 -0.695 -0.638 -0.741 -0.793 -0.844 -0.841 -0.826 -0.860 -0.852 -0.894 -0.884 -0.855 -0.873 -0.910 -0.918 -0.932 -0.933 -0.925 -0.891 -0.896 -0.829 -0.746 -0.644 -0.467 -0.345 -0.131 -0.010 -0.219 -0.482 -0.627 -0.760 -0.789 -0.843 -0.882 -0.839 -0.840 -0.843 -0.783 -0.741 -0.770 -0.742 -0.661 -0.664 -0.692 -0.625 -0.671 -0.646 -0.690 -0.680 -0.651 -0.567 -0.560 -0.529 -0.560 -0.576 -0.456 -0.493 -0.638 -0.676 -0.795 -0.860 -0.895 -0.883 -0.772
 -0.056 -0.134 -0.171 -0.325 -0.281 -0.266 -0.094 -0.064 -0.030 -0.186 -0.233 -0.333 -0.357 -0.524 -0.626 -0.645 -0.474 -0.658 -0.122 -0.086  0.091 -0.020 -0.253 -0.353 -0.430 -0.600 -0.819 -0.622 -0.314 -0.193 -0.009  0.359  0.524  0.727  0.771  0.905  1.000  0.921  0.950  0.988  0.919  0.880  0.666  0.423  0.317 -0.049  0.062  0.352  0.350  0.532  0.519  0.377  0.306  0.176 -0.288 -0.462 -0.731 -0.808 -0.881 -0.859 -0.767 -0.798 -0.834 -0.858 -0.874 -0.892 -0.916 -0.916 -0.905 -0.907 -0.876 -0.878 -0.900 -0.875 -0.860 -0.883 -0.885 -0.824 -0.761 -0.740 -0.666 -0.518 -0.470 -0.293 -0.209 -0.445 -0.641 -0.771 -0.853 -0.875 -0.850 -0.815 -0.714 -0.686 -0.747 -0.706 -0.601 -0.641 -0.667 -0.564 -0.525 -0.589 -0.557 -0.649 -0.680 -0.742 -0.784 -0.782 -0.696 -0.686 -0.611 -0.576 -0.561 -0.416 -0.417 -0.545 -0.529 -0.614 -0.718 -0.721 -0.803 -0.677
 -0.292 -0.340 -0.336 -0.487 -0.513 -0.507 -0.350 -0.342 -0.282 -0.445 -0.520 -0.607 -0.600 -0.716 -0.787 -0.689 -0.441 -0.434  0.188  0.250  0.386  0.296  0.068 -0.066 -0.153 -0.433 -0.779 -0.779 -0.584 -0.405 -0.083  0.221  0.282  0.607  0.774  0.796  0.921  1.000  0.968  0.945  0.966  0.881  0.740  0.512  0.280 -0.023  0.175  0.441  0.522  0.719  0.752  0.680  0.636  0.488 -0.002 -0.314 -0.598 -0.759 -0.834 -0.820 -0.869 -0.862 -0.850 -0.866 -0.894 -0.888 -0.887 -0.836 -0.778 -0.780 -0.713 -0.732 -0.796 -0.775 -0.733 -0.768 -0.739 -0.640 -0.518 -0.479 -0.372 -0.194 -0.162  0.004  0.060 -0.202 -0.392 -0.563 -0.680 -0.711 -0.653 -0.609 -0.463 -0.434 -0.496 -0.426 -0.298 -0.349 -0.368 -0.236 -0.196 -0.269 -0.222 -0.337 -0.383 -0.473 -0.551 -0.563 -0.440 -0.422 -0.308 -0.249 -0.228 -0.057 -0.059 -0.215 -0.212 -0.350 -0.505 -0.591 -0.784 -0.770
 -0.159 -0.227 -0.231 -0.393 -0.380 -0.353 -0.174 -0.149 -0.083 -0.248 -0.327 -0.422 -0.412 -0.566 -0.676 -0.593 -0.364 -0.537 -0.027  0.027  0.154  0.063 -0.165 -0.302 -0.381 -0.632 -0.865 -0.790 -0.447 -0.213  0.093  0.423  0.486  0.739  0.874  0.913  0.950  0.968  1.000  0.966  0.912  0.807  0.591  0.319  0.121 -0.219 -0.046  0.245  0.311  0.536  0.573  0.500  0.493  0.404 -0.048 -0.267 -0.590 -0.731 -0.831 -0.796 -0.884 -0.900 -0.910 -0.917 -0.930 -0.939 -0.933 -0.915 -0.871 -0.859 -0.822 -0.851 -0.897 -0.891 -0.863 -0.883 -0.849 -0.786 -0.676 -0.614 -0.499 -0.308 -0.235 -0.038  0.046 -0.213 -0.446 -0.619 -0.754 -0.785 -0.769 -0.757 -0.643 -0.624 -0.664 -0.592 -0.492 -0.536 -0.536 -0.415 -0.391 -0.449 -0.389 -0.484 -0.503 -0.581 -0.629 -0.625 -0.508 -0.493 -0.404 -0.379 -0.373 -0.211 -0.230 -0.395 -0.411 -0.554 -0.686 -0.763 -0.889 -0.841
 -0.070 -0.135 -0.158 -0.316 -0.297 -0.292 -0.128 -0.113 -0.081 -0.246 -0.303 -0.410 -0.436 -0.606 -0.709 -0.711 -0.535 -0.674 -0.097 -0.035  0.149  0.041 -0.198 -0.310 -0.399 -0.602 -0.864 -0.703 -0.422 -0.284 -0.073  0.302  0.452  0.668  0.756  0.881  0.988  0.945  0.966  1.000  0.950  0.903  0.701  0.450  0.320 -0.041  0.093  0.387  0.399  0.585  0.573  0.440  0.362  0.207 -0.277 -0.486 -0.759 -0.850 -0.919 -0.898 -0.821 -0.845 -0.872 -0.894 -0.914 -0.929 -0.950 -0.938 -0.918 -0.922 -0.881 -0.882 -0.912 -0.886 -0.865 -0.894 -0.894 -0.822 -0.746 -0.727 -0.644 -0.489 -0.444 -0.266 -0.191 -0.441 -0.637 -0.776 -0.865 -0.886 -0.849 -0.807 -0.691 -0.660 -0.725 -0.679 -0.562 -0.605 -0.634 -0.521 -0.478 -0.548 -0.514 -0.615 -0.653 -0.724 -0.776 -0.779 -0.684 -0.671 -0.584 -0.540 -0.523 -0.368 -0.368 -0.506 -0.491 -0.586 -0.708 -0.726 -0.837 -0.729
 -0.230 -0.262 -0.267 -0.409 -0.450 -0.474 -0.343 -0.356 -0.332 -0.495 -0.553 -0.652 -0.679 -0.803 -0.860 -0.832 -0.635 -0.542  0.166  0.250  0.440  0.339  0.103 -0.009 -0.111 -0.360 -0.766 -0.718 -0.626 -0.541 -0.300  0.036  0.168  0.468  0.617  0.710  0.919  0.966  0.912  0.950  1.000  0.969  0.865  0.667  0.487  0.181  0.354  0.614  0.652  0.804  0.790  0.668  0.549  0.320 -0.203 -0.532 -0.755 -0.878 -0.914 -0.917 -0.810 -0.804 -0.800 -0.829 -0.869 -0.864 -0.888 -0.832 -0.792 -0.812 -0.732 -0.724 -0.778 -0.735 -0.696 -0.743 -0.748 -0.630 -0.536 -0.542 -0.465 -0.324 -0.329 -0.189 -0.152 -0.406 -0.549 -0.687 -0.759 -0.779 -0.690 -0.609 -0.453 -0.409 -0.499 -0.453 -0.304 -0.354 -0.405 -0.277 -0.215 -0.302 -0.282 -0.408 -0.479 -0.566 -0.657 -0.680 -0.575 -0.558 -0.437 -0.352 -0.318 -0.151 -0.133 -0.263 -0.227 -0.322 -0.477 -0.514 -0.715 -0.659
 -0.177 -0.201 -0.223 -0.346 -0.383 -0.429 -0.325 -0.346 -0.354 -0.503 -0.533 -0.631 -0.687 -0.804 -0.839 -0.885 -0.742 -0.587  0.151  0.232  0.457  0.349  0.122  0.042 -0.060 -0.250 -0.675 -0.570 -0.572 -0.596 -0.453 -0.113  0.087  0.352  0.450  0.606  0.880  0.881  0.807  0.903  0.969  1.000  0.935  0.784  0.670  0.376  0.505  0.742  0.730  0.831  0.775  0.606  0.426  0.146 -0.373 -0.689 -0.842 -0.915 -0.917 -0.937 -0.682 -0.679 -0.685 -0.729 -0.775 -0.771 -0.819 -0.766 -0.747 -0.782 -0.699 -0.665 -0.704 -0.644 -0.610 -0.665 -0.701 -0.576 -0.517 -0.565 -0.526 -0.431 -0.470 -0.365 -0.343 -0.570 -0.658 -0.756 -0.777 -0.787 -0.678 -0.568 -0.416 -0.363 -0.473 -0.454 -0.297 -0.343 -0.421 -0.308 -0.230 -0.324 -0.331 -0.458 -0.546 -0.622 -0.717 -0.747 -0.668 -0.655 -0.539 -0.437 -0.392 -0.242 -0.206 -0.297 -0.231 -0.275 -0.412 -0.395 -0.582 -0.483
 -0.305 -0.289 -0.297 -0.378 -0.469 -0.545 -0.501 -0.549 -0.576 -0.694 -0.709 -0.780 -0.840 -0.886 -0.857 -0.896 -0.771 -0.374  0.405  0.491  0.702  0.613  0.427  0.372  0.274  0.090 -0.431 -0.432 -0.669 -0.792 -0.679 -0.429 -0.249  0.054  0.176  0.301  0.666  0.740  0.591  0.701  0.865  0.935  1.000  0.947  0.824  0.636  0.767  0.923  0.921  0.949  0.883  0.732  0.511  0.177 -0.305 -0.695 -0.745 -0.820 -0.774 -0.824 -0.516 -0.484 -0.461 -0.511 -0.573 -0.551 -0.605 -0.514 -0.486 -0.538 -0.425 -0.376 -0.429 -0.353 -0.308 -0.377 -0.424 -0.267 -0.212 -0.295 -0.285 -0.237 -0.336 -0.299 -0.326 -0.513 -0.511 -0.578 -0.556 -0.561 -0.405 -0.260 -0.090 -0.029 -0.157 -0.152  0.020 -0.026 -0.127 -0.020  0.071 -0.029 -0.061 -0.196 -0.311 -0.388 -0.511 -0.560 -0.493 -0.479 -0.348 -0.211 -0.150 -0.017  0.041 -0.013  0.077  0.063 -0.081 -0.064 -0.310 -0.262
 -0.349 -0.310 -0.321 -0.350 -0.455 -0.547 -0.560 -0.618 -0.667 -0.735 -0.721 -0.759 -0.823 -0.805 -0.721 -0.785 -0.709 -0.172  0.540  0.604  0.789  0.720  0.593  0.582  0.503  0.384 -0.134 -0.178 -0.587 -0.821 -0.793 -0.643 -0.466 -0.184 -0.102  0.012  0.423  0.512  0.319  0.450  0.667  0.784  0.947  1.000  0.921  0.836  0.923  0.989  0.967  0.917  0.836  0.693  0.448  0.107 -0.281 -0.661 -0.601 -0.643 -0.558 -0.631 -0.255 -0.209 -0.175 -0.233 -0.300 -0.266 -0.328 -0.226 -0.206 -0.270 -0.151 -0.087 -0.134 -0.051 -0.006 -0.078 -0.140  0.021  0.048 -0.067 -0.099 -0.113 -0.258 -0.290 -0.353 -0.470 -0.379 -0.395 -0.323 -0.319 -0.145  0.017  0.174  0.235  0.103  0.085  0.244  0.207  0.092  0.171  0.266  0.172  0.114 -0.007 -0.133 -0.194 -0.320 -0.378 -0.341 -0.330 -0.211 -0.062  0.008  0.101  0.177  0.176  0.286  0.319  0.203  0.246  0.003  0.031
 -0.130 -0.093 -0.138 -0.134 -0.196 -0.299 -0.346 -0.396 -0.490 -0.522 -0.460 -0.492 -0.593 -0.590 -0.508 -0.697 -0.737 -0.292  0.295  0.340  0.552  0.480  0.386  0.429  0.367  0.380 -0.020  0.086 -0.328 -0.669 -0.821 -0.668 -0.402 -0.264 -0.300 -0.088  0.317  0.280  0.121  0.320  0.487  0.670  0.824  0.921  1.000  0.921  0.900  0.932  0.818  0.703  0.566  0.370  0.082 -0.255 -0.557 -0.798 -0.654 -0.594 -0.480 -0.559 -0.014 -0.001 -0.007 -0.074 -0.126 -0.106 -0.195 -0.133 -0.162 -0.232 -0.144 -0.054 -0.058  0.033  0.050 -0.013 -0.114  0.013 -0.032 -0.184 -0.269 -0.348 -0.503 -0.568 -0.631 -0.681 -0.543 -0.489 -0.354 -0.335 -0.181 -0.016  0.091  0.153  0.020 -0.040  0.093  0.071 -0.059 -0.023  0.075 -0.008 -0.094 -0.185 -0.304 -0.330 -0.425 -0.475 -0.493 -0.490 -0.415 -0.280 -0.212 -0.166 -0.080 -0.025  0.107  0.219  0.164  0.296  0.157  0.272
 -0.194 -0.125 -0.150 -0.091 -0.184 -0.295 -0.404 -0.466 -0.566 -0.544 -0.468 -0.457 -0.543 -0.459 -0.325 -0.484 -0.563  0.021  0.458  0.486  0.628  0.598  0.587  0.662  0.627  0.681  0.311  0.300 -0.273 -0.665 -0.857 -0.855 -0.664 -0.554 -0.588 -0.447 -0.049 -0.023 -0.219 -0.041  0.181  0.376  0.636  0.836  0.921  1.000  0.957  0.871  0.776  0.591  0.467  0.330  0.067 -0.236 -0.385 -0.609 -0.363 -0.298 -0.152 -0.245  0.254  0.294  0.312  0.255  0.201  0.230  0.152  0.230  0.209  0.136  0.226  0.315  0.306  0.392  0.412  0.352  0.257  0.377  0.322  0.160  0.051 -0.080 -0.265 -0.403 -0.507 -0.474 -0.253 -0.160  0.003  0.027  0.187  0.348  0.433  0.487  0.370  0.300  0.405  0.393  0.270  0.276  0.363  0.299  0.200  0.134  0.018  0.008 -0.085 -0.142 -0.183 -0.183 -0.122  0.012  0.080  0.079  0.169  0.269  0.399  0.533  0.503  0.622  0.479  0.524
 -0.329 -0.252 -0.251 -0.223 -0.356 -0.469 -0.556 -0.631 -0.706 -0.718 -0.676 -0.679 -0.747 -0.665 -0.534 -0.615 -0.614  0.043  0.609  0.666  0.808  0.775  0.727  0.760  0.703  0.653  0.175  0.069 -0.505 -0.822 -0.886 -0.861 -0.718 -0.506 -0.444 -0.356  0.062  0.175 -0.046  0.093  0.354  0.505  0.767  0.923  0.900  0.957  1.000  0.951  0.916  0.779  0.685  0.576  0.326 -0.004 -0.241 -0.577 -0.395 -0.399 -0.270 -0.360  0.042  0.102  0.146  0.096  0.031  0.068  0.005  0.113  0.125  0.054  0.170  0.245  0.206  0.291  0.331  0.261  0.188  0.337  0.333  0.193  0.123  0.041 -0.139 -0.249 -0.352 -0.380 -0.197 -0.156 -0.036 -0.021  0.160  0.328  0.455  0.513  0.390  0.348  0.482  0.458  0.338  0.381  0.471  0.393  0.313  0.219  0.092  0.053 -0.067 -0.132 -0.132 -0.125 -0.027  0.124  0.195  0.236  0.322  0.377  0.496  0.575  0.494  0.554  0.329  0.321
 -0.303 -0.249 -0.254 -0.276 -0.396 -0.503 -0.536 -0.605 -0.668 -0.732 -0.712 -0.752 -0.827 -0.807 -0.720 -0.801 -0.755 -0.188  0.512  0.592  0.785  0.721  0.604  0.601  0.518  0.410 -0.113 -0.158 -0.607 -0.860 -0.861 -0.718 -0.536 -0.285 -0.196 -0.069  0.352  0.441  0.245  0.387  0.614  0.742  0.923  0.989  0.932  0.871  0.951  1.000  0.968  0.896  0.801  0.657  0.396  0.036 -0.331 -0.703 -0.614 -0.642 -0.541 -0.617 -0.212 -0.164 -0.132 -0.187 -0.254 -0.224 -0.290 -0.187 -0.172 -0.240 -0.120 -0.049 -0.093 -0.005  0.038 -0.036 -0.107  0.054  0.070 -0.057 -0.097 -0.128 -0.281 -0.329 -0.403 -0.506 -0.394 -0.396 -0.310 -0.300 -0.121  0.049  0.202  0.267  0.132  0.106  0.265  0.231  0.110  0.183  0.281  0.187  0.122  0.004 -0.126 -0.184 -0.311 -0.372 -0.344 -0.334 -0.217 -0.063  0.008  0.093  0.172  0.182  0.298  0.345  0.231  0.285  0.043  0.073
 -0.433 -0.376 -0.357 -0.390 -0.536 -0.631 -0.650 -0.722 -0.754 -0.829 -0.838 -0.872 -0.918 -0.880 -0.789 -0.782 -0.671 -0.061  0.658  0.744  0.899  0.846  0.727  0.693  0.608  0.427 -0.137 -0.291 -0.731 -0.906 -0.797 -0.684 -0.580 -0.256 -0.096 -0.050  0.350  0.522  0.311  0.399  0.652  0.730  0.921  0.967  0.818  0.776  0.916  0.968  1.000  0.963  0.911  0.818  0.603  0.267 -0.114 -0.550 -0.506 -0.597 -0.516 -0.586 -0.319 -0.251 -0.193 -0.237 -0.308 -0.269 -0.313 -0.188 -0.142 -0.201 -0.070 -0.019 -0.088 -0.011  0.046 -0.028 -0.069  0.102  0.162  0.066  0.059  0.065 -0.077 -0.111 -0.185 -0.314 -0.229 -0.270 -0.225 -0.225 -0.043  0.114  0.287  0.347  0.222  0.222  0.386  0.346  0.242  0.335  0.424  0.331  0.286  0.159  0.032 -0.042 -0.181 -0.244 -0.187 -0.172 -0.037  0.118  0.185  0.290  0.358  0.337  0.432  0.429  0.287  0.278 -0.016 -0.053
 -0.467 -0.431 -0.405 -0.478 -0.612 -0.684 -0.653 -0.712 -0.713 -0.823 -0.861 -0.913 -0.940 -0.938 -0.885 -0.825 -0.649 -0.138  0.624  0.716  0.869  0.805  0.644  0.570  0.475  0.227 -0.340 -0.499 -0.800 -0.868 -0.658 -0.490 -0.413 -0.042  0.160  0.180  0.532  0.719  0.536  0.585  0.804  0.831  0.949  0.917  0.703  0.591  0.779  0.896  0.963  1.000  0.979  0.899  0.725  0.416 -0.032 -0.492 -0.547 -0.684 -0.644 -0.695 -0.533 -0.470 -0.410 -0.447 -0.515 -0.479 -0.508 -0.386 -0.323 -0.370 -0.240 -0.210 -0.292 -0.227 -0.164 -0.234 -0.251 -0.081  0.015 -0.044 -0.009  0.055 -0.047 -0.025 -0.071 -0.256 -0.247 -0.339 -0.348 -0.359 -0.193 -0.057  0.130  0.185  0.070  0.097  0.267  0.219  0.134  0.252  0.333  0.237  0.220  0.082 -0.032 -0.123 -0.261 -0.317 -0.228 -0.209 -0.061  0.081  0.140  0.278  0.330  0.260  0.331  0.275  0.107  0.057 -0.252 -0.298
 -0.560 -0.529 -0.490 -0.564 -0.701 -0.752 -0.708 -0.756 -0.728 -0.837 -0.892 -0.933 -0.931 -0.912 -0.862 -0.735 -0.510 -0.018  0.703  0.782  0.890  0.837  0.683  0.589  0.503  0.216 -0.333 -0.560 -0.816 -0.814 -0.527 -0.395 -0.381  0.030  0.263  0.214  0.519  0.752  0.573  0.573  0.790  0.775  0.883  0.836  0.566  0.467  0.685  0.801  0.911  0.979  1.000  0.964  0.846  0.587  0.155 -0.319 -0.415 -0.593 -0.578 -0.621 -0.585 -0.515 -0.440 -0.468 -0.532 -0.488 -0.497 -0.369 -0.286 -0.321 -0.193 -0.184 -0.280 -0.231 -0.161 -0.224 -0.214 -0.049  0.075  0.050  0.110  0.204  0.120  0.158  0.120 -0.075 -0.095 -0.215 -0.260 -0.280 -0.128 -0.015  0.173  0.219  0.122  0.170  0.330  0.279  0.217  0.342  0.409  0.321  0.323  0.189  0.088 -0.010 -0.146 -0.197 -0.090 -0.069  0.082  0.211  0.263  0.408  0.447  0.355  0.403  0.309  0.132  0.035 -0.288 -0.381
 -0.642 -0.603 -0.541 -0.601 -0.756 -0.793 -0.758 -0.804 -0.751 -0.843 -0.914 -0.934 -0.897 -0.844 -0.786 -0.580 -0.325  0.177  0.796  0.869  0.910  0.884  0.763  0.657  0.585  0.267 -0.248 -0.581 -0.830 -0.758 -0.403 -0.348 -0.430 -0.001  0.275  0.135  0.377  0.680  0.500  0.440  0.668  0.606  0.732  0.693  0.370  0.330  0.576  0.657  0.818  0.899  0.964  1.000  0.949  0.753  0.392 -0.084 -0.195 -0.411 -0.413 -0.449 -0.568 -0.485 -0.389 -0.401 -0.457 -0.405 -0.387 -0.250 -0.144 -0.167 -0.041 -0.055 -0.166 -0.136 -0.059 -0.115 -0.074  0.081  0.232  0.239  0.322  0.431  0.365  0.399  0.356  0.174  0.146  0.008 -0.069 -0.095  0.041  0.127  0.307  0.340  0.269  0.337  0.476  0.427  0.391  0.515  0.562  0.489  0.510  0.389  0.304  0.205  0.074  0.026  0.146  0.168  0.316  0.429  0.471  0.609  0.633  0.529  0.549  0.421  0.242  0.091 -0.245 -0.410
 -0.686 -0.659 -0.583 -0.640 -0.776 -0.774 -0.723 -0.746 -0.654 -0.732 -0.821 -0.821 -0.742 -0.674 -0.632 -0.347 -0.050  0.333  0.792  0.833  0.797  0.791  0.696  0.573  0.525  0.191 -0.217 -0.605 -0.731 -0.549 -0.120 -0.126 -0.300  0.128  0.413  0.182  0.306  0.636  0.493  0.362  0.549  0.426  0.511  0.448  0.082  0.067  0.326  0.396  0.603  0.725  0.846  0.949  1.000  0.919  0.636  0.210  0.043 -0.209 -0.254 -0.268 -0.579 -0.498 -0.395 -0.387 -0.426 -0.374 -0.325 -0.200 -0.077 -0.077  0.027 -0.021 -0.137 -0.137 -0.061 -0.098 -0.018  0.104  0.280  0.342  0.455  0.598  0.577  0.635  0.611  0.440  0.364  0.199  0.072  0.035  0.126  0.160  0.315  0.327  0.296  0.389  0.490  0.445  0.452  0.571  0.586  0.537  0.588  0.491  0.442  0.346  0.240  0.207  0.339  0.361  0.491  0.566  0.588  0.719  0.717  0.590  0.568  0.395  0.229  0.024 -0.283 -0.498
 -0.663 -0.659 -0.583 -0.623 -0.712 -0.661 -0.594 -0.581 -0.453 -0.496 -0.589 -0.556 -0.434 -0.350 -0.325  0.012  0.322  0.514  0.708  0.690  0.559  0.576  0.531  0.410  0.405  0.111 -0.105 -0.501 -0.468 -0.196  0.253  0.162 -0.094  0.283  0.517  0.207  0.176  0.488  0.404  0.207  0.320  0.146  0.177  0.107 -0.255 -0.236 -0.004  0.036  0.267  0.416  0.587  0.753  0.919  1.000  0.857  0.553  0.349  0.091  0.001  0.011 -0.479 -0.411 -0.314 -0.285 -0.298 -0.252 -0.174 -0.083  0.042  0.069  0.132  0.050 -0.056 -0.093 -0.029 -0.035  0.081  0.146  0.323  0.441  0.570  0.728  0.761  0.833  0.835  0.709  0.594  0.423  0.259  0.214  0.237  0.203  0.303  0.286  0.309  0.417  0.455  0.421  0.477  0.570  0.544  0.532  0.611  0.558  0.559  0.484  0.423  0.412  0.538  0.557  0.644  0.661  0.659  0.757  0.727  0.597  0.529  0.332  0.210 -0.026 -0.251 -0.493
 -0.544 -0.533 -0.459 -0.429 -0.485 -0.412 -0.401 -0.374 -0.250 -0.209 -0.276 -0.189 -0.046  0.101  0.150  0.484  0.701  0.809  0.608  0.539  0.298  0.368  0.447  0.381  0.433  0.267  0.287 -0.133 -0.113  0.136  0.471  0.203 -0.133  0.088  0.242 -0.127 -0.288 -0.002 -0.048 -0.277 -0.203 -0.373 -0.305 -0.281 -0.557 -0.385 -0.241 -0.331 -0.114 -0.032  0.155  0.392  0.636  0.857  1.000  0.879  0.774  0.574  0.493  0.509 -0.068 -0.006  0.089  0.135  0.145  0.188  0.284  0.342  0.448  0.489  0.505  0.412  0.335  0.271  0.313  0.336  0.462  0.458  0.590  0.722  0.817  0.910  0.955  0.963  0.953  0.959  0.904  0.800  0.663  0.626  0.592  0.505  0.519  0.475  0.551  0.640  0.594  0.586  0.677  0.703  0.639  0.676  0.751  0.768  0.813  0.784  0.776  0.781  0.854  0.865  0.886  0.850  0.826  0.837  0.793  0.724  0.631  0.474  0.436  0.212  0.101 -0.174
 -0.263 -0.279 -0.234 -0.175 -0.148 -0.044 -0.039  0.017  0.131  0.219  0.179  0.281  0.420  0.546  0.565  0.822  0.935  0.767  0.237  0.121 -0.160 -0.074  0.065  0.045  0.139  0.120  0.412  0.142  0.318  0.558  0.748  0.442  0.123  0.148  0.169 -0.156 -0.462 -0.314 -0.267 -0.486 -0.532 -0.689 -0.695 -0.661 -0.798 -0.609 -0.577 -0.703 -0.550 -0.492 -0.319 -0.084  0.210  0.553  0.879  1.000  0.927  0.819  0.725  0.762  0.194  0.215  0.265  0.322  0.364  0.382  0.476  0.465  0.526  0.583  0.534  0.438  0.411  0.325  0.331  0.385  0.503  0.418  0.486  0.630  0.694  0.746  0.835  0.837  0.855  0.947  0.890  0.841  0.726  0.698  0.586  0.445  0.367  0.301  0.422  0.486  0.364  0.379  0.498  0.465  0.371  0.448  0.522  0.602  0.696  0.715  0.775  0.808  0.829  0.829  0.775  0.675  0.627  0.572  0.510  0.484  0.370  0.262  0.312  0.147  0.203 -0.003
 -0.220 -0.206 -0.169 -0.055 -0.044  0.028 -0.037 -0.001  0.069  0.208  0.207  0.332  0.447  0.625  0.698  0.886  0.908  0.883  0.286  0.165 -0.116 -0.011  0.190  0.226  0.334  0.405  0.704  0.430  0.407  0.498  0.550  0.162 -0.126 -0.168 -0.197 -0.490 -0.731 -0.598 -0.590 -0.759 -0.755 -0.842 -0.745 -0.601 -0.654 -0.363 -0.395 -0.614 -0.506 -0.547 -0.415 -0.195  0.043  0.349  0.774  0.927  1.000  0.957  0.920  0.931  0.502  0.531  0.583  0.630  0.663  0.688  0.763  0.757  0.796  0.836  0.791  0.724  0.712  0.642  0.641  0.688  0.773  0.690  0.710  0.801  0.808  0.777  0.811  0.731  0.708  0.879  0.932  0.955  0.915  0.901  0.815  0.702  0.604  0.545  0.653  0.680  0.548  0.575  0.669  0.600  0.516  0.598  0.634  0.729  0.808  0.849  0.908  0.929  0.906  0.901  0.831  0.747  0.709  0.606  0.567  0.609  0.527  0.491  0.577  0.465  0.540  0.341
 -0.086 -0.074 -0.059  0.081  0.121  0.186  0.094  0.130  0.167  0.333  0.366  0.495  0.586  0.759  0.836  0.937  0.875  0.794  0.116 -0.014 -0.273 -0.166  0.059  0.133  0.249  0.414  0.796  0.622  0.578  0.584  0.509  0.126 -0.100 -0.243 -0.347 -0.569 -0.808 -0.759 -0.731 -0.850 -0.878 -0.915 -0.820 -0.643 -0.594 -0.298 -0.399 -0.642 -0.597 -0.684 -0.593 -0.411 -0.209  0.091  0.574  0.819  0.957  1.000  0.981  0.985  0.674  0.681  0.708  0.744  0.784  0.805  0.861  0.830  0.834  0.869  0.806  0.760  0.778  0.716  0.694  0.743  0.796  0.694  0.665  0.727  0.695  0.618  0.643  0.544  0.520  0.729  0.816  0.890  0.895  0.891  0.798  0.690  0.559  0.500  0.607  0.604  0.455  0.492  0.573  0.474  0.394  0.483  0.497  0.613  0.694  0.758  0.837  0.862  0.802  0.791  0.693  0.601  0.563  0.427  0.397  0.480  0.415  0.436  0.563  0.516  0.662  0.523
 -0.061 -0.035 -0.020  0.129  0.152  0.197  0.083  0.106  0.121  0.292  0.337  0.467  0.538  0.723  0.820  0.887  0.789  0.799  0.149  0.031 -0.210 -0.103  0.135  0.228  0.341  0.529  0.872  0.697  0.554  0.492  0.364 -0.032 -0.232 -0.390 -0.502 -0.695 -0.881 -0.834 -0.831 -0.919 -0.914 -0.917 -0.774 -0.558 -0.480 -0.152 -0.270 -0.541 -0.516 -0.644 -0.578 -0.413 -0.254  0.001  0.493  0.725  0.920  0.981  1.000  0.992  0.764  0.781  0.810  0.839  0.870  0.890  0.934  0.910  0.906  0.929  0.874  0.844  0.866  0.817  0.795  0.838  0.874  0.782  0.735  0.767  0.711  0.601  0.596  0.461  0.417  0.650  0.785  0.886  0.926  0.930  0.857  0.772  0.645  0.594  0.686  0.666  0.526  0.565  0.628  0.521  0.452  0.535  0.531  0.643  0.710  0.778  0.848  0.864  0.790  0.778  0.681  0.606  0.577  0.429  0.412  0.521  0.476  0.527  0.658  0.636  0.770  0.640
 -0.017  0.001  0.019  0.153  0.185  0.237  0.139  0.168  0.191  0.354  0.388  0.512  0.588  0.758  0.838  0.914  0.824  0.772  0.089 -0.029 -0.277 -0.170  0.064  0.149  0.263  0.446  0.820  0.657  0.576  0.552  0.440  0.053 -0.158 -0.329 -0.439 -0.638 -0.859 -0.820 -0.796 -0.898 -0.917 -0.937 -0.824 -0.631 -0.559 -0.245 -0.360 -0.617 -0.586 -0.695 -0.621 -0.449 -0.268  0.011  0.509  0.762  0.931  0.985  0.992  1.000  0.725  0.739  0.763  0.800  0.835  0.849  0.898  0.866  0.863  0.893  0.827  0.790  0.814  0.758  0.735  0.784  0.827  0.723  0.680  0.726  0.681  0.584  0.598  0.478  0.446  0.673  0.785  0.876  0.901  0.903  0.815  0.716  0.581  0.526  0.628  0.614  0.465  0.506  0.579  0.472  0.397  0.485  0.489  0.607  0.684  0.754  0.831  0.854  0.784  0.771  0.670  0.582  0.546  0.400  0.375  0.473  0.416  0.455  0.587  0.557  0.705  0.576
  0.178  0.212  0.181  0.346  0.393  0.393  0.248  0.243  0.174  0.348  0.443  0.522  0.502  0.632  0.744  0.602  0.379  0.451 -0.040 -0.139 -0.241 -0.177  0.029  0.181  0.273  0.578  0.855  0.900  0.628  0.340 -0.013 -0.299 -0.286 -0.533 -0.759 -0.741 -0.767 -0.869 -0.884 -0.821 -0.810 -0.682 -0.516 -0.255 -0.014  0.254  0.042 -0.212 -0.319 -0.533 -0.585 -0.568 -0.579 -0.479 -0.068  0.194  0.502  0.674  0.764  0.725  1.000  0.976  0.943  0.927  0.938  0.930  0.895  0.848  0.776  0.760  0.710  0.746  0.812  0.812  0.773  0.800  0.748  0.675  0.537  0.467  0.332  0.134  0.063 -0.119 -0.180  0.085  0.305  0.490  0.642  0.670  0.640  0.629  0.500  0.480  0.514  0.429  0.324  0.369  0.362  0.232  0.211  0.268  0.201  0.299  0.321  0.412  0.476  0.480  0.347  0.328  0.221  0.187  0.184  0.018  0.043  0.220  0.251  0.420  0.578  0.699  0.874  0.899
  0.137  0.180  0.164  0.317  0.338  0.329  0.187  0.175  0.109  0.275  0.359  0.444  0.426  0.573  0.697  0.579  0.372  0.519  0.058 -0.036 -0.146 -0.079  0.130  0.279  0.368  0.653  0.885  0.879  0.562  0.270 -0.060 -0.368 -0.375 -0.590 -0.790 -0.793 -0.798 -0.862 -0.900 -0.845 -0.804 -0.679 -0.484 -0.209 -0.001  0.294  0.102 -0.164 -0.251 -0.470 -0.515 -0.485 -0.498 -0.411 -0.006  0.215  0.531  0.681  0.781  0.739  0.976  1.000  0.983  0.976  0.960  0.945  0.916  0.885  0.826  0.807  0.768  0.802  0.857  0.859  0.829  0.851  0.804  0.742  0.616  0.545  0.412  0.213  0.130 -0.065 -0.137  0.128  0.363  0.543  0.695  0.723  0.707  0.703  0.587  0.569  0.600  0.518  0.421  0.465  0.454  0.330  0.312  0.365  0.297  0.389  0.403  0.486  0.536  0.532  0.408  0.391  0.298  0.276  0.275  0.113  0.141  0.316  0.347  0.510  0.654  0.759  0.900  0.900
  0.051  0.098  0.091  0.252  0.261  0.256  0.110  0.091  0.037  0.195  0.266  0.358  0.349  0.516  0.650  0.570  0.385  0.603  0.166  0.079 -0.046  0.029  0.245  0.384  0.470  0.722  0.915  0.841  0.478  0.199 -0.093 -0.427 -0.466 -0.642 -0.806 -0.844 -0.834 -0.850 -0.910 -0.872 -0.800 -0.685 -0.461 -0.175 -0.007  0.312  0.146 -0.132 -0.193 -0.410 -0.440 -0.389 -0.395 -0.314  0.089  0.265  0.583  0.708  0.810  0.763  0.943  0.983  1.000  0.981  0.949  0.959  0.941  0.928  0.885  0.866  0.839  0.867  0.908  0.908  0.887  0.905  0.869  0.821  0.713  0.646  0.522  0.329  0.236  0.032 -0.050  0.209  0.452  0.623  0.767  0.792  0.790  0.789  0.687  0.670  0.700  0.626  0.536  0.577  0.568  0.452  0.434  0.486  0.420  0.505  0.514  0.589  0.627  0.620  0.508  0.492  0.412  0.397  0.398  0.241  0.269  0.438  0.465  0.612  0.740  0.817  0.923  0.886
  0.078  0.132  0.134  0.282  0.276  0.260  0.114  0.093  0.044  0.212  0.280  0.374  0.374  0.546  0.678  0.614  0.438  0.632  0.163  0.071 -0.069  0.009  0.228  0.365  0.456  0.706  0.916  0.836  0.496  0.239 -0.038 -0.383 -0.444 -0.625 -0.783 -0.841 -0.858 -0.866 -0.917 -0.894 -0.829 -0.729 -0.511 -0.233 -0.074  0.255  0.096 -0.187 -0.237 -0.447 -0.468 -0.401 -0.387 -0.285  0.135  0.322  0.630  0.744  0.839  0.800  0.927  0.976  0.981  1.000  0.980  0.959  0.948  0.933  0.894  0.879  0.849  0.872  0.911  0.907  0.885  0.906  0.877  0.820  0.718  0.661  0.543  0.356  0.275  0.075 -0.004  0.259  0.493  0.657  0.791  0.816  0.802  0.792  0.684  0.663  0.701  0.632  0.534  0.575  0.574  0.457  0.433  0.489  0.430  0.520  0.536  0.610  0.651  0.645  0.535  0.521  0.439  0.418  0.415  0.257  0.280  0.444  0.464  0.602  0.733  0.803  0.912  0.866
  0.099  0.155  0.152  0.304  0.302  0.282  0.128  0.119  0.069  0.250  0.333  0.434  0.439  0.612  0.740  0.674  0.493  0.634  0.117  0.018 -0.133 -0.052  0.173  0.313  0.412  0.674  0.923  0.857  0.550  0.310  0.029 -0.321 -0.390 -0.590 -0.760 -0.826 -0.874 -0.894 -0.930 -0.914 -0.869 -0.775 -0.573 -0.300 -0.126  0.201  0.031 -0.254 -0.308 -0.515 -0.532 -0.457 -0.426 -0.298  0.145  0.364  0.663  0.784  0.870  0.835  0.938  0.960  0.949  0.980  1.000  0.978  0.966  0.940  0.896  0.885  0.845  0.866  0.911  0.903  0.876  0.903  0.875  0.807  0.699  0.652  0.535  0.352  0.286  0.095  0.019  0.288  0.510  0.674  0.801  0.825  0.795  0.774  0.655  0.628  0.675  0.608  0.498  0.541  0.548  0.426  0.395  0.457  0.402  0.501  0.526  0.607  0.659  0.657  0.541  0.528  0.434  0.402  0.396  0.233  0.251  0.415  0.429  0.566  0.709  0.781  0.913  0.867
  0.017  0.070  0.065  0.235  0.237  0.231  0.069  0.063  0.016  0.192  0.277  0.387  0.399  0.583  0.717  0.668  0.494  0.679  0.177  0.083 -0.075  0.014  0.245  0.381  0.478  0.722  0.952  0.845  0.503  0.264 -0.001 -0.365 -0.445 -0.622 -0.777 -0.860 -0.892 -0.888 -0.939 -0.929 -0.864 -0.771 -0.551 -0.266 -0.106  0.230  0.068 -0.224 -0.269 -0.479 -0.488 -0.405 -0.374 -0.252  0.188  0.382  0.688  0.805  0.890  0.849  0.930  0.945  0.959  0.959  0.978  1.000  0.991  0.975  0.938  0.927  0.893  0.912  0.950  0.942  0.919  0.943  0.920  0.862  0.762  0.714  0.601  0.419  0.343  0.148  0.065  0.327  0.557  0.720  0.845  0.867  0.848  0.831  0.719  0.694  0.738  0.675  0.570  0.612  0.618  0.500  0.470  0.531  0.477  0.571  0.591  0.668  0.717  0.713  0.602  0.587  0.499  0.471  0.468  0.307  0.327  0.490  0.504  0.635  0.770  0.829  0.941  0.873
 -0.016  0.035  0.037  0.207  0.208  0.210  0.054  0.051  0.019  0.196  0.270  0.387  0.414  0.605  0.736  0.722  0.567  0.737  0.200  0.103 -0.079  0.017  0.255  0.381  0.482  0.707  0.953  0.809  0.494  0.296  0.069 -0.314 -0.433 -0.598 -0.734 -0.852 -0.916 -0.887 -0.933 -0.950 -0.888 -0.819 -0.605 -0.328 -0.195  0.152  0.005 -0.290 -0.313 -0.508 -0.497 -0.387 -0.325 -0.174  0.284  0.476  0.763  0.861  0.934  0.898  0.895  0.916  0.941  0.948  0.966  0.991  1.000  0.987  0.961  0.958  0.923  0.929  0.960  0.941  0.920  0.948  0.941  0.878  0.794  0.764  0.665  0.497  0.433  0.245  0.166  0.425  0.641  0.790  0.895  0.913  0.886  0.853  0.741  0.710  0.765  0.713  0.601  0.642  0.661  0.546  0.507  0.573  0.530  0.628  0.657  0.731  0.781  0.782  0.680  0.666  0.578  0.542  0.533  0.374  0.387  0.538  0.537  0.648  0.780  0.813  0.921  0.826
 -0.110 -0.045 -0.032  0.137  0.107  0.097 -0.067 -0.081 -0.112  0.059  0.127  0.247  0.278  0.489  0.636  0.649  0.519  0.790  0.331  0.248  0.068  0.167  0.398  0.514  0.606  0.792  0.961  0.756  0.370  0.167 -0.021 -0.414 -0.548 -0.660 -0.753 -0.894 -0.916 -0.836 -0.915 -0.938 -0.832 -0.766 -0.514 -0.226 -0.133  0.230  0.113 -0.187 -0.188 -0.386 -0.369 -0.250 -0.200 -0.083  0.342  0.465  0.757  0.830  0.910  0.866  0.848  0.885  0.928  0.933  0.940  0.975  0.987  1.000  0.990  0.983  0.968  0.975  0.990  0.976  0.967  0.983  0.979  0.940  0.875  0.840  0.747  0.584  0.503  0.307  0.214  0.458  0.685  0.822  0.925  0.941  0.939  0.923  0.835  0.809  0.854  0.807  0.714  0.750  0.761  0.660  0.629  0.685  0.641  0.723  0.737  0.799  0.828  0.819  0.731  0.720  0.653  0.636  0.634  0.489  0.507  0.652  0.657  0.756  0.864  0.878  0.936  0.810
 -0.192 -0.125 -0.100  0.062  0.016  0.010 -0.148 -0.164 -0.179 -0.017  0.037  0.160  0.206  0.427  0.577  0.635  0.541  0.853  0.426  0.347  0.153  0.255  0.482  0.581  0.669  0.812  0.944  0.679  0.285  0.117 -0.012 -0.416 -0.586 -0.650 -0.704 -0.884 -0.905 -0.778 -0.871 -0.918 -0.792 -0.747 -0.486 -0.206 -0.162  0.209  0.125 -0.172 -0.142 -0.323 -0.286 -0.144 -0.077  0.042  0.448  0.526  0.796  0.834  0.906  0.863  0.776  0.826  0.885  0.894  0.896  0.938  0.961  0.990  1.000  0.996  0.991  0.988  0.987  0.969  0.969  0.983  0.994  0.966  0.925  0.904  0.828  0.685  0.604  0.415  0.319  0.546  0.762  0.877  0.960  0.971  0.976  0.958  0.886  0.859  0.906  0.873  0.787  0.818  0.836  0.748  0.715  0.768  0.733  0.806  0.819  0.869  0.887  0.876  0.805  0.796  0.744  0.732  0.730  0.599  0.614  0.741  0.738  0.811  0.900  0.881  0.904  0.743
 -0.190 -0.128 -0.102  0.059  0.020  0.021 -0.131 -0.139 -0.147  0.016  0.069  0.196  0.250  0.468  0.609  0.681  0.594  0.865  0.401  0.318  0.110  0.216  0.445  0.538  0.630  0.768  0.930  0.660  0.308  0.172  0.058 -0.351 -0.538 -0.606 -0.659 -0.855 -0.907 -0.780 -0.859 -0.922 -0.812 -0.782 -0.538 -0.270 -0.232  0.136  0.054 -0.240 -0.201 -0.370 -0.321 -0.167 -0.077  0.069  0.489  0.583  0.836  0.869  0.929  0.893  0.760  0.807  0.866  0.879  0.885  0.927  0.958  0.983  0.996  1.000  0.988  0.976  0.975  0.948  0.946  0.964  0.985  0.947  0.913  0.905  0.838  0.704  0.638  0.458  0.370  0.595  0.795  0.903  0.972  0.981  0.974  0.942  0.864  0.832  0.888  0.862  0.767  0.799  0.827  0.739  0.698  0.757  0.730  0.809  0.831  0.882  0.907  0.901  0.833  0.824  0.766  0.744  0.737  0.605  0.613  0.733  0.718  0.781  0.872  0.842  0.875  0.706
 -0.269 -0.194 -0.159  0.001 -0.066 -0.077 -0.238 -0.260 -0.268 -0.111 -0.062  0.060  0.114  0.343  0.498  0.585  0.518  0.879  0.507  0.438  0.244  0.347  0.562  0.648  0.728  0.833  0.918  0.608  0.192  0.042 -0.043 -0.445 -0.632 -0.652 -0.670 -0.873 -0.876 -0.713 -0.822 -0.881 -0.732 -0.699 -0.425 -0.151 -0.144  0.226  0.170 -0.120 -0.070 -0.240 -0.193 -0.041  0.027  0.132  0.505  0.534  0.791  0.806  0.874  0.827  0.710  0.768  0.839  0.849  0.845  0.893  0.923  0.968  0.991  0.988  1.000  0.992  0.978  0.959  0.966  0.972  0.990  0.977  0.957  0.940  0.877  0.748  0.665  0.482  0.381  0.586  0.795  0.893  0.962  0.970  0.989  0.978  0.924  0.900  0.941  0.918  0.846  0.872  0.888  0.814  0.784  0.831  0.801  0.862  0.868  0.906  0.911  0.895  0.838  0.833  0.796  0.795  0.796  0.680  0.695  0.808  0.803  0.858  0.927  0.887  0.875  0.690
 -0.240 -0.159 -0.129  0.036 -0.035 -0.060 -0.232 -0.263 -0.288 -0.129 -0.071  0.046  0.084  0.312  0.477  0.529  0.440  0.832  0.492  0.430  0.259  0.358  0.571  0.669  0.744  0.869  0.933  0.651  0.189 -0.009 -0.134 -0.522 -0.676 -0.710 -0.741 -0.910 -0.878 -0.732 -0.851 -0.882 -0.724 -0.665 -0.376 -0.087 -0.054  0.315  0.245 -0.049 -0.019 -0.210 -0.184 -0.055 -0.021  0.050  0.412  0.438  0.724  0.760  0.844  0.790  0.746  0.802  0.867  0.872  0.866  0.912  0.929  0.975  0.988  0.976  0.992  1.000  0.992  0.985  0.989  0.989  0.989  0.983  0.948  0.910  0.831  0.685  0.586  0.392  0.284  0.492  0.723  0.837  0.928  0.941  0.973  0.978  0.927  0.909  0.938  0.904  0.839  0.865  0.868  0.790  0.770  0.811  0.768  0.826  0.821  0.862  0.862  0.841  0.775  0.769  0.734  0.743  0.750  0.630  0.654  0.782  0.792  0.869  0.940  0.926  0.914  0.751
 -0.157 -0.080 -0.061  0.109  0.056  0.030 -0.149 -0.174 -0.211 -0.043  0.027  0.145  0.172  0.392  0.552  0.569  0.448  0.789  0.398  0.328  0.163  0.260  0.482  0.595  0.676  0.841  0.955  0.726  0.284  0.063 -0.113 -0.497 -0.626 -0.708 -0.777 -0.918 -0.900 -0.796 -0.897 -0.912 -0.778 -0.704 -0.429 -0.134 -0.058  0.306  0.206 -0.093 -0.088 -0.292 -0.280 -0.166 -0.137 -0.056  0.335  0.411  0.712  0.778  0.866  0.814  0.812  0.857  0.908  0.911  0.911  0.950  0.960  0.990  0.987  0.975  0.978  0.992  1.000  0.991  0.988  0.992  0.982  0.962  0.905  0.860  0.767  0.605  0.509  0.310  0.207  0.434  0.672  0.805  0.911  0.928  0.948  0.949  0.879  0.859  0.892  0.846  0.769  0.801  0.802  0.711  0.688  0.735  0.686  0.755  0.757  0.809  0.823  0.807  0.725  0.716  0.664  0.664  0.669  0.535  0.560  0.702  0.715  0.813  0.905  0.916  0.943  0.808
 -0.153 -0.074 -0.057  0.109  0.048  0.014 -0.164 -0.199 -0.245 -0.084 -0.013  0.097  0.112  0.330  0.499  0.495  0.367  0.751  0.416  0.354  0.211  0.302  0.516  0.633  0.706  0.875  0.949  0.732  0.248 -0.009 -0.202 -0.569 -0.673 -0.749 -0.816 -0.932 -0.875 -0.775 -0.891 -0.886 -0.735 -0.644 -0.353 -0.051  0.033  0.392  0.291 -0.005 -0.011 -0.227 -0.231 -0.136 -0.137 -0.093  0.271  0.325  0.642  0.716  0.817  0.758  0.812  0.859  0.908  0.907  0.903  0.942  0.941  0.976  0.969  0.948  0.959  0.985  0.991  1.000  0.995  0.993  0.969  0.961  0.897  0.836  0.735  0.564  0.454  0.249  0.138  0.359  0.611  0.750  0.871  0.890  0.926  0.945  0.885  0.872  0.891  0.839  0.775  0.805  0.793  0.704  0.692  0.731  0.673  0.733  0.723  0.772  0.777  0.754  0.670  0.662  0.619  0.632  0.643  0.513  0.546  0.694  0.721  0.831  0.917  0.943  0.956  0.835
 -0.198 -0.114 -0.090  0.070 -0.004 -0.044 -0.221 -0.259 -0.299 -0.146 -0.082  0.028  0.046  0.270  0.444  0.459  0.351  0.778  0.483  0.427  0.283  0.373  0.581  0.690  0.759  0.902  0.938  0.689  0.184 -0.065 -0.230 -0.599 -0.714 -0.757 -0.802 -0.933 -0.860 -0.733 -0.863 -0.865 -0.696 -0.610 -0.308 -0.006  0.050  0.412  0.331  0.038  0.046 -0.164 -0.161 -0.059 -0.061 -0.029  0.313  0.331  0.641  0.694  0.795  0.735  0.773  0.829  0.887  0.885  0.876  0.919  0.920  0.967  0.969  0.946  0.966  0.989  0.988  0.995  1.000  0.995  0.977  0.979  0.927  0.868  0.773  0.610  0.494  0.289  0.173  0.385  0.636  0.765  0.880  0.897  0.942  0.967  0.920  0.909  0.924  0.877  0.823  0.849  0.836  0.756  0.746  0.780  0.724  0.776  0.760  0.802  0.797  0.771  0.696  0.690  0.657  0.678  0.692  0.571  0.605  0.746  0.774  0.873  0.946  0.958  0.944  0.806
 -0.168 -0.092 -0.071  0.090  0.031  0.002 -0.167 -0.198 -0.232 -0.075 -0.014  0.100  0.123  0.344  0.509  0.527  0.416  0.796  0.446  0.379  0.221  0.313  0.530  0.641  0.720  0.875  0.952  0.713  0.245  0.012 -0.157 -0.539 -0.664 -0.726 -0.787 -0.925 -0.883 -0.768 -0.883 -0.894 -0.743 -0.665 -0.377 -0.078 -0.013  0.352  0.261 -0.036 -0.028 -0.234 -0.224 -0.115 -0.098 -0.035  0.336  0.385  0.688  0.743  0.838  0.784  0.800  0.851  0.905  0.906  0.903  0.943  0.948  0.983  0.983  0.964  0.972  0.989  0.992  0.993  0.995  1.000  0.988  0.977  0.920  0.870  0.775  0.612  0.507  0.302  0.193  0.418  0.663  0.795  0.905  0.923  0.951  0.962  0.901  0.885  0.911  0.864  0.796  0.826  0.821  0.734  0.717  0.759  0.707  0.769  0.763  0.811  0.817  0.797  0.717  0.709  0.666  0.675  0.684  0.554  0.583  0.725  0.745  0.844  0.928  0.939  0.946  0.809
 -0.223 -0.150 -0.122  0.035 -0.023 -0.036 -0.193 -0.217 -0.229 -0.074 -0.028  0.093  0.137  0.363  0.520  0.586  0.506  0.866  0.488  0.415  0.227  0.326  0.545  0.641  0.724  0.850  0.937  0.654  0.228  0.052 -0.062 -0.464 -0.633 -0.669 -0.707 -0.891 -0.885 -0.739 -0.849 -0.894 -0.748 -0.701 -0.424 -0.140 -0.114  0.257  0.188 -0.107 -0.069 -0.251 -0.214 -0.074 -0.018  0.081  0.462  0.503  0.773  0.796  0.874  0.827  0.748  0.804  0.869  0.877  0.875  0.920  0.941  0.979  0.994  0.985  0.990  0.989  0.982  0.969  0.977  0.988  1.000  0.984  0.949  0.923  0.848  0.707  0.617  0.424  0.322  0.541  0.763  0.873  0.956  0.967  0.984  0.976  0.917  0.894  0.932  0.901  0.827  0.854  0.866  0.785  0.757  0.805  0.768  0.832  0.836  0.880  0.888  0.872  0.806  0.799  0.757  0.757  0.759  0.636  0.655  0.779  0.782  0.852  0.930  0.907  0.904  0.735
 -0.313 -0.231 -0.197 -0.046 -0.131 -0.159 -0.318 -0.354 -0.369 -0.229 -0.186 -0.072 -0.033  0.200  0.371  0.446  0.390  0.858  0.606  0.552  0.389  0.481  0.679  0.765  0.832  0.917  0.904  0.583  0.083 -0.113 -0.197 -0.579 -0.738 -0.713 -0.713 -0.896 -0.824 -0.640 -0.786 -0.822 -0.630 -0.576 -0.267  0.021  0.013  0.377  0.337  0.054  0.102 -0.081 -0.049  0.081  0.104  0.146  0.458  0.418  0.690  0.694  0.782  0.723  0.675  0.742  0.821  0.820  0.807  0.862  0.878  0.940  0.966  0.947  0.977  0.983  0.962  0.961  0.979  0.977  0.984  1.000  0.980  0.940  0.869  0.734  0.622  0.427  0.313  0.502  0.734  0.832  0.918  0.928  0.977  0.996  0.969  0.957  0.974  0.946  0.902  0.922  0.917  0.855  0.842  0.873  0.830  0.871  0.854  0.883  0.865  0.838  0.786  0.782  0.766  0.792  0.806  0.704  0.733  0.849  0.866  0.930  0.979  0.948  0.889  0.707
 -0.428 -0.345 -0.295 -0.157 -0.263 -0.284 -0.429 -0.466 -0.458 -0.334 -0.312 -0.199 -0.139  0.098  0.265  0.402  0.403  0.901  0.710  0.666  0.491  0.584  0.763  0.819  0.876  0.893  0.828  0.436 -0.047 -0.179 -0.170 -0.547 -0.750 -0.656 -0.597 -0.829 -0.761 -0.518 -0.676 -0.746 -0.536 -0.517 -0.212  0.048 -0.032  0.322  0.333  0.070  0.162  0.015  0.075  0.232  0.280  0.323  0.590  0.486  0.710  0.665  0.735  0.680  0.537  0.616  0.713  0.718  0.699  0.762  0.794  0.875  0.925  0.913  0.957  0.948  0.905  0.897  0.927  0.920  0.949  0.980  1.000  0.982  0.941  0.843  0.740  0.568  0.456  0.608  0.808  0.869  0.919  0.920  0.977  0.991  0.989  0.975  0.994  0.989  0.958  0.970  0.974  0.935  0.920  0.946  0.920  0.946  0.927  0.938  0.905  0.875  0.852  0.853  0.858  0.889  0.903  0.827  0.849  0.934  0.937  0.958  0.976  0.898  0.791  0.567
 -0.463 -0.390 -0.332 -0.203 -0.301 -0.300 -0.424 -0.448 -0.414 -0.293 -0.287 -0.169 -0.084  0.150  0.300  0.488  0.526  0.949  0.705  0.650  0.441  0.540  0.718  0.754  0.819  0.808  0.784  0.364 -0.031 -0.084 -0.013 -0.400 -0.652 -0.543 -0.466 -0.746 -0.740 -0.479 -0.614 -0.727 -0.542 -0.565 -0.295 -0.067 -0.184  0.160  0.193 -0.057  0.066 -0.044  0.050  0.239  0.342  0.441  0.722  0.630  0.801  0.727  0.767  0.726  0.467  0.545  0.646  0.661  0.652  0.714  0.764  0.840  0.904  0.905  0.940  0.910  0.860  0.836  0.868  0.870  0.923  0.940  0.982  1.000  0.984  0.919  0.846  0.701  0.606  0.744  0.902  0.935  0.947  0.940  0.973  0.959  0.951  0.927  0.966  0.980  0.935  0.946  0.974  0.941  0.910  0.944  0.940  0.973  0.972  0.979  0.957  0.935  0.928  0.930  0.931  0.943  0.946  0.878  0.884  0.944  0.922  0.908  0.923  0.810  0.709  0.459
 -0.518 -0.449 -0.378 -0.267 -0.372 -0.358 -0.462 -0.482 -0.427 -0.324 -0.339 -0.228 -0.126  0.096  0.227  0.465  0.548  0.944  0.727  0.681  0.461  0.560  0.718  0.726  0.782  0.716  0.675  0.216 -0.115 -0.092  0.058 -0.312 -0.600 -0.453 -0.329 -0.644 -0.666 -0.372 -0.499 -0.644 -0.465 -0.526 -0.285 -0.099 -0.269  0.051  0.123 -0.097  0.059 -0.009  0.110  0.322  0.455  0.570  0.817  0.694  0.808  0.695  0.711  0.681  0.332  0.412  0.522  0.543  0.535  0.601  0.665  0.747  0.828  0.838  0.877  0.831  0.767  0.735  0.773  0.775  0.848  0.869  0.941  0.984  1.000  0.973  0.922  0.807  0.722  0.825  0.941  0.938  0.912  0.898  0.925  0.899  0.905  0.878  0.924  0.959  0.919  0.925  0.967  0.952  0.915  0.948  0.964  0.988  0.993  0.987  0.960  0.941  0.957  0.963  0.977  0.983  0.982  0.935  0.930  0.957  0.917  0.863  0.855  0.703  0.578  0.301
 -0.587 -0.531 -0.449 -0.368 -0.476 -0.447 -0.515 -0.526 -0.443 -0.369 -0.407 -0.307 -0.187  0.014  0.119  0.411  0.557  0.901  0.741  0.704  0.481  0.573  0.694  0.665  0.710  0.575  0.510  0.025 -0.212 -0.097  0.151 -0.176 -0.494 -0.292 -0.120 -0.467 -0.518 -0.194 -0.308 -0.489 -0.324 -0.431 -0.237 -0.113 -0.348 -0.080  0.041 -0.128  0.065  0.055  0.204  0.431  0.598  0.728  0.910  0.746  0.777  0.618  0.601  0.584  0.134  0.213  0.329  0.356  0.352  0.419  0.497  0.584  0.685  0.704  0.748  0.685  0.605  0.564  0.610  0.612  0.707  0.734  0.843  0.919  0.973  1.000  0.979  0.913  0.848  0.895  0.947  0.894  0.820  0.796  0.816  0.776  0.802  0.772  0.824  0.885  0.856  0.852  0.909  0.921  0.878  0.906  0.945  0.956  0.968  0.944  0.911  0.895  0.944  0.954  0.984  0.986  0.980  0.967  0.949  0.931  0.872  0.768  0.731  0.537  0.386  0.089
 -0.541 -0.498 -0.414 -0.347 -0.437 -0.391 -0.438 -0.435 -0.335 -0.267 -0.318 -0.222 -0.086  0.093  0.169  0.483  0.647  0.862  0.635  0.590  0.350  0.442  0.556  0.511  0.560  0.417  0.421 -0.042 -0.154  0.033  0.317  0.007 -0.336 -0.155  0.018 -0.345 -0.470 -0.162 -0.235 -0.444 -0.329 -0.470 -0.336 -0.258 -0.503 -0.265 -0.139 -0.281 -0.077 -0.047  0.120  0.365  0.577  0.761  0.955  0.835  0.811  0.643  0.596  0.598  0.063  0.130  0.236  0.275  0.286  0.343  0.433  0.503  0.604  0.638  0.665  0.586  0.509  0.454  0.494  0.507  0.617  0.622  0.740  0.846  0.922  0.979  1.000  0.969  0.927  0.957  0.959  0.885  0.778  0.749  0.737  0.669  0.680  0.640  0.712  0.786  0.739  0.737  0.816  0.829  0.771  0.810  0.868  0.889  0.923  0.900  0.884  0.878  0.936  0.947  0.968  0.944  0.926  0.916  0.882  0.842  0.759  0.630  0.598  0.388  0.268 -0.027
 -0.551 -0.526 -0.443 -0.404 -0.481 -0.419 -0.431 -0.417 -0.297 -0.255 -0.321 -0.241 -0.094  0.049  0.092  0.429  0.636  0.744  0.560  0.521  0.293  0.372  0.445  0.370  0.408  0.223  0.235 -0.201 -0.190  0.074  0.422  0.178 -0.166  0.038  0.232 -0.131 -0.293  0.004 -0.038 -0.266 -0.189 -0.365 -0.299 -0.290 -0.568 -0.403 -0.249 -0.329 -0.111 -0.025  0.158  0.399  0.635  0.833  0.963  0.837  0.731  0.544  0.461  0.478 -0.119 -0.065  0.032  0.075  0.095  0.148  0.245  0.307  0.415  0.458  0.482  0.392  0.310  0.249  0.289  0.302  0.424  0.427  0.568  0.701  0.807  0.913  0.969  1.000  0.985  0.957  0.888  0.775  0.627  0.590  0.563  0.481  0.501  0.459  0.535  0.629  0.588  0.578  0.670  0.703  0.641  0.676  0.754  0.767  0.811  0.775  0.762  0.762  0.844  0.858  0.886  0.852  0.828  0.847  0.801  0.722  0.624  0.458  0.409  0.180  0.062 -0.222
 -0.520 -0.515 -0.439 -0.419 -0.470 -0.391 -0.371 -0.340 -0.208 -0.179 -0.251 -0.180 -0.030  0.088  0.108  0.445  0.664  0.678  0.475  0.429  0.202  0.273  0.332  0.248  0.287  0.099  0.152 -0.242 -0.141  0.160  0.523  0.310 -0.029  0.165  0.346 -0.010 -0.209  0.060  0.046 -0.191 -0.152 -0.343 -0.326 -0.353 -0.631 -0.507 -0.352 -0.403 -0.185 -0.071  0.120  0.356  0.611  0.835  0.953  0.855  0.708  0.520  0.417  0.446 -0.180 -0.137 -0.050 -0.004  0.019  0.065  0.166  0.214  0.319  0.370  0.381  0.284  0.207  0.138  0.173  0.193  0.322  0.313  0.456  0.606  0.722  0.848  0.927  0.985  1.000  0.953  0.844  0.716  0.551  0.509  0.465  0.367  0.380  0.333  0.416  0.517  0.470  0.459  0.561  0.597  0.528  0.565  0.654  0.671  0.727  0.692  0.690  0.699  0.787  0.799  0.821  0.771  0.741  0.767  0.713  0.619  0.512  0.334  0.288  0.057 -0.037 -0.302
 -0.437 -0.423 -0.354 -0.296 -0.333 -0.255 -0.270 -0.236 -0.120 -0.046 -0.095  0.004  0.149  0.301  0.343  0.648  0.803  0.820  0.451  0.374  0.108  0.199  0.320  0.276  0.346  0.244  0.387  0.002  0.050  0.291  0.558  0.254 -0.092  0.026  0.142 -0.219 -0.445 -0.202 -0.213 -0.441 -0.406 -0.570 -0.513 -0.470 -0.681 -0.474 -0.380 -0.506 -0.314 -0.256 -0.075  0.174  0.440  0.709  0.959  0.947  0.879  0.729  0.650  0.673  0.085  0.128  0.209  0.259  0.288  0.327  0.425  0.458  0.546  0.595  0.586  0.492  0.434  0.359  0.385  0.418  0.541  0.502  0.608  0.744  0.825  0.895  0.957  0.957  0.953  1.000  0.953  0.876  0.750  0.717  0.654  0.544  0.515  0.460  0.559  0.637  0.554  0.558  0.663  0.660  0.581  0.638  0.712  0.760  0.827  0.820  0.841  0.856  0.905  0.910  0.898  0.833  0.799  0.775  0.723  0.678  0.573  0.439  0.441  0.238  0.197 -0.066
 -0.435 -0.396 -0.330 -0.231 -0.287 -0.234 -0.302 -0.288 -0.203 -0.095 -0.120 -0.003  0.125  0.321  0.409  0.673  0.770  0.934  0.546  0.466  0.201  0.304  0.469  0.465  0.543  0.497  0.612  0.204  0.079  0.204  0.380  0.008 -0.318 -0.225 -0.138 -0.482 -0.641 -0.392 -0.446 -0.637 -0.549 -0.658 -0.511 -0.379 -0.543 -0.253 -0.197 -0.394 -0.229 -0.247 -0.095  0.146  0.364  0.594  0.904  0.890  0.932  0.816  0.785  0.785  0.305  0.363  0.452  0.493  0.510  0.557  0.641  0.685  0.762  0.795  0.795  0.723  0.672  0.611  0.636  0.663  0.763  0.734  0.808  0.902  0.941  0.947  0.959  0.888  0.844  0.953  1.000  0.976  0.906  0.884  0.848  0.765  0.730  0.682  0.768  0.818  0.735  0.746  0.828  0.802  0.735  0.792  0.835  0.889  0.937  0.944  0.957  0.960  0.979  0.982  0.963  0.920  0.896  0.840  0.808  0.814  0.736  0.654  0.674  0.505  0.458  0.191
 -0.344 -0.297 -0.243 -0.117 -0.163 -0.121 -0.220 -0.213 -0.155 -0.020 -0.021  0.105  0.214  0.423  0.530  0.736  0.769  0.950  0.489  0.401  0.138  0.248  0.446  0.478  0.568  0.593  0.753  0.386  0.196  0.241  0.318 -0.086 -0.380 -0.353 -0.319 -0.627 -0.771 -0.563 -0.619 -0.776 -0.687 -0.756 -0.578 -0.395 -0.489 -0.160 -0.156 -0.396 -0.270 -0.339 -0.215  0.008  0.199  0.423  0.800  0.841  0.955  0.890  0.886  0.876  0.490  0.543  0.623  0.657  0.674  0.720  0.790  0.822  0.877  0.903  0.893  0.837  0.805  0.750  0.765  0.795  0.873  0.832  0.869  0.935  0.938  0.894  0.885  0.775  0.716  0.876  0.976  1.000  0.974  0.963  0.926  0.851  0.791  0.745  0.829  0.854  0.756  0.777  0.848  0.795  0.730  0.794  0.817  0.887  0.933  0.959  0.983  0.986  0.972  0.971  0.932  0.887  0.866  0.776  0.754  0.801  0.738  0.704  0.756  0.631  0.622  0.382
 -0.275 -0.221 -0.181 -0.038 -0.081 -0.060 -0.184 -0.185 -0.157 -0.006  0.016  0.145  0.228  0.449  0.578  0.720  0.697  0.938  0.473  0.383  0.142  0.251  0.469  0.534  0.629  0.713  0.869  0.544  0.259  0.205  0.186 -0.232 -0.476 -0.490 -0.503 -0.760 -0.853 -0.680 -0.754 -0.865 -0.759 -0.777 -0.556 -0.323 -0.354  0.003 -0.036 -0.310 -0.225 -0.348 -0.260 -0.069  0.072  0.259  0.663  0.726  0.915  0.895  0.926  0.901  0.642  0.695  0.767  0.791  0.801  0.845  0.895  0.925  0.960  0.972  0.962  0.928  0.911  0.871  0.880  0.905  0.956  0.918  0.919  0.947  0.912  0.820  0.778  0.627  0.551  0.750  0.906  0.974  1.000  0.998  0.976  0.923  0.855  0.815  0.885  0.884  0.787  0.813  0.862  0.790  0.737  0.799  0.795  0.870  0.903  0.943  0.966  0.964  0.922  0.916  0.868  0.836  0.823  0.710  0.704  0.791  0.754  0.770  0.844  0.766  0.774  0.567
 -0.247 -0.189 -0.151 -0.003 -0.046 -0.028 -0.159 -0.165 -0.144  0.010  0.034  0.161  0.238  0.456  0.587  0.715  0.676  0.923  0.453  0.366  0.132  0.240  0.462  0.534  0.628  0.724  0.882  0.567  0.268  0.198  0.157 -0.261 -0.494 -0.525 -0.544 -0.789 -0.875 -0.711 -0.785 -0.886 -0.779 -0.787 -0.561 -0.319 -0.335  0.027 -0.021 -0.300 -0.225 -0.359 -0.280 -0.095  0.035  0.214  0.626  0.698  0.901  0.891  0.930  0.903  0.670  0.723  0.792  0.816  0.825  0.867  0.913  0.941  0.971  0.981  0.970  0.941  0.928  0.890  0.897  0.923  0.967  0.928  0.920  0.940  0.898  0.796  0.749  0.590  0.509  0.717  0.884  0.963  0.998  1.000  0.980  0.931  0.859  0.821  0.889  0.882  0.785  0.813  0.857  0.781  0.731  0.792  0.784  0.860  0.891  0.934  0.958  0.955  0.906  0.901  0.850  0.820  0.807  0.688  0.685  0.779  0.747  0.773  0.850  0.782  0.796  0.597
 -0.323 -0.252 -0.208 -0.061 -0.133 -0.136 -0.280 -0.302 -0.292 -0.149 -0.121  0.000  0.065  0.296  0.447  0.572  0.539  0.917  0.570  0.505  0.299  0.403  0.611  0.681  0.758  0.827  0.883  0.533  0.128  0.014 -0.020 -0.426 -0.641 -0.623 -0.610 -0.843 -0.850 -0.653 -0.769 -0.849 -0.690 -0.678 -0.405 -0.145 -0.181  0.187  0.160 -0.121 -0.043 -0.193 -0.128  0.041  0.126  0.237  0.592  0.586  0.815  0.798  0.857  0.815  0.640  0.707  0.790  0.802  0.795  0.848  0.886  0.939  0.976  0.974  0.989  0.973  0.948  0.926  0.942  0.951  0.984  0.977  0.977  0.973  0.925  0.816  0.737  0.563  0.465  0.654  0.848  0.926  0.976  0.980  1.000  0.983  0.942  0.916  0.960  0.949  0.882  0.904  0.927  0.864  0.832  0.877  0.856  0.911  0.917  0.947  0.945  0.928  0.886  0.883  0.856  0.856  0.857  0.753  0.763  0.860  0.847  0.879  0.932  0.866  0.826  0.617
 -0.347 -0.263 -0.220 -0.074 -0.170 -0.197 -0.353 -0.391 -0.399 -0.264 -0.229 -0.116 -0.069  0.165  0.335  0.433  0.394  0.873  0.635  0.588  0.419  0.513  0.706  0.782  0.844  0.905  0.878  0.528  0.033 -0.138 -0.190 -0.572 -0.750 -0.707 -0.681 -0.882 -0.815 -0.609 -0.757 -0.807 -0.609 -0.568 -0.260  0.017 -0.016  0.348  0.328  0.049  0.114 -0.057 -0.015  0.127  0.160  0.203  0.505  0.445  0.702  0.690  0.772  0.716  0.629  0.703  0.789  0.792  0.774  0.831  0.853  0.923  0.958  0.942  0.978  0.978  0.949  0.945  0.967  0.962  0.976  0.996  0.991  0.959  0.899  0.776  0.669  0.481  0.367  0.544  0.765  0.851  0.923  0.931  0.983  1.000  0.981  0.968  0.987  0.967  0.926  0.944  0.943  0.888  0.875  0.904  0.868  0.905  0.887  0.910  0.887  0.859  0.817  0.815  0.806  0.833  0.846  0.752  0.777  0.883  0.893  0.941  0.978  0.929  0.855  0.656
 -0.445 -0.353 -0.302 -0.172 -0.296 -0.335 -0.484 -0.532 -0.536 -0.425 -0.401 -0.298 -0.253 -0.021  0.154  0.275  0.274  0.845  0.751  0.726  0.583  0.668  0.829  0.884  0.926  0.927  0.792  0.399 -0.142 -0.306 -0.303 -0.651 -0.826 -0.710 -0.633 -0.839 -0.714 -0.463 -0.643 -0.691 -0.453 -0.416 -0.090  0.174  0.091  0.433  0.455  0.202  0.287  0.130  0.173  0.307  0.315  0.303  0.519  0.367  0.604  0.559  0.645  0.581  0.500  0.587  0.687  0.684  0.655  0.719  0.741  0.835  0.886  0.864  0.924  0.927  0.879  0.885  0.920  0.901  0.917  0.969  0.989  0.951  0.905  0.802  0.680  0.501  0.380  0.515  0.730  0.791  0.855  0.859  0.942  0.981  1.000  0.997  0.996  0.986  0.978  0.986  0.972  0.943  0.943  0.955  0.920  0.929  0.891  0.894  0.844  0.806  0.785  0.788  0.809  0.862  0.885  0.821  0.853  0.938  0.957  0.987  0.987  0.919  0.782  0.566
 -0.446 -0.351 -0.300 -0.174 -0.304 -0.350 -0.500 -0.554 -0.565 -0.462 -0.437 -0.341 -0.305 -0.079  0.096  0.207  0.203  0.808  0.763  0.748  0.623  0.702  0.854  0.908  0.942  0.937  0.766  0.377 -0.190 -0.369 -0.370 -0.702 -0.859 -0.734 -0.650 -0.840 -0.686 -0.434 -0.624 -0.660 -0.409 -0.363 -0.029  0.235  0.153  0.487  0.513  0.267  0.347  0.185  0.219  0.340  0.327  0.286  0.475  0.301  0.545  0.500  0.594  0.526  0.480  0.569  0.670  0.663  0.628  0.694  0.710  0.809  0.859  0.832  0.900  0.909  0.859  0.872  0.909  0.885  0.894  0.957  0.975  0.927  0.878  0.772  0.640  0.459  0.333  0.460  0.682  0.745  0.815  0.821  0.916  0.968  0.997  1.000  0.990  0.976  0.980  0.986  0.963  0.939  0.947  0.952  0.911  0.912  0.866  0.865  0.806  0.764  0.745  0.747  0.776  0.840  0.867  0.809  0.846  0.932  0.959  0.993  0.985  0.923  0.770  0.561
 -0.426 -0.337 -0.282 -0.150 -0.269 -0.300 -0.447 -0.491 -0.491 -0.377 -0.357 -0.252 -0.202  0.030  0.197  0.329  0.326  0.866  0.723  0.695  0.536  0.626  0.797  0.851  0.898  0.902  0.799  0.401 -0.113 -0.255 -0.247 -0.609 -0.801 -0.701 -0.624 -0.843 -0.747 -0.496 -0.664 -0.725 -0.499 -0.473 -0.157  0.103  0.020  0.370  0.390  0.132  0.222  0.070  0.122  0.269  0.296  0.309  0.551  0.422  0.653  0.607  0.686  0.628  0.514  0.600  0.700  0.701  0.675  0.738  0.765  0.854  0.906  0.888  0.941  0.938  0.892  0.891  0.924  0.911  0.932  0.974  0.994  0.966  0.924  0.824  0.712  0.535  0.416  0.559  0.768  0.829  0.885  0.889  0.960  0.987  0.996  0.990  1.000  0.992  0.973  0.984  0.979  0.946  0.939  0.958  0.927  0.944  0.916  0.921  0.879  0.844  0.823  0.825  0.839  0.882  0.899  0.829  0.855  0.939  0.948  0.972  0.978  0.903  0.778  0.555
 -0.483 -0.396 -0.332 -0.210 -0.335 -0.357 -0.491 -0.533 -0.515 -0.411 -0.404 -0.299 -0.234 -0.003  0.157  0.328  0.360  0.890  0.762  0.736  0.565  0.656  0.816  0.851  0.895  0.862  0.746  0.312 -0.166 -0.258 -0.192 -0.551 -0.774 -0.640 -0.532 -0.783 -0.706 -0.426 -0.592 -0.679 -0.453 -0.454 -0.152  0.085 -0.040  0.300  0.348  0.106  0.222  0.097  0.170  0.337  0.389  0.417  0.640  0.486  0.680  0.604  0.666  0.614  0.429  0.518  0.626  0.632  0.608  0.675  0.713  0.807  0.873  0.862  0.918  0.904  0.846  0.839  0.877  0.864  0.901  0.946  0.989  0.980  0.959  0.885  0.786  0.629  0.517  0.637  0.818  0.854  0.884  0.882  0.949  0.967  0.986  0.976  0.992  1.000  0.984  0.990  0.996  0.975  0.963  0.981  0.965  0.976  0.952  0.948  0.903  0.869  0.865  0.869  0.892  0.932  0.946  0.890  0.909  0.971  0.968  0.963  0.954  0.849  0.706  0.459
 -0.540 -0.446 -0.380 -0.273 -0.419 -0.456 -0.585 -0.637 -0.624 -0.543 -0.540 -0.450 -0.395 -0.174 -0.012  0.159  0.212  0.822  0.835  0.831  0.697  0.776  0.903  0.925  0.949  0.873  0.658  0.211 -0.314 -0.418 -0.324 -0.640 -0.838 -0.650 -0.508 -0.741 -0.601 -0.298 -0.492 -0.562 -0.304 -0.297  0.020  0.244  0.093  0.405  0.482  0.265  0.386  0.267  0.330  0.476  0.490  0.455  0.594  0.364  0.548  0.455  0.526  0.465  0.324  0.421  0.536  0.534  0.498  0.570  0.601  0.714  0.787  0.767  0.846  0.839  0.769  0.775  0.823  0.796  0.827  0.902  0.958  0.935  0.919  0.856  0.739  0.588  0.470  0.554  0.735  0.756  0.787  0.785  0.882  0.926  0.978  0.980  0.973  0.984  1.000  0.998  0.986  0.987  0.991  0.991  0.970  0.956  0.910  0.891  0.822  0.778  0.788  0.796  0.844  0.909  0.935  0.904  0.933  0.981  0.992  0.981  0.942  0.835  0.641  0.395
 -0.511 -0.418 -0.354 -0.241 -0.381 -0.416 -0.549 -0.600 -0.590 -0.502 -0.497 -0.404 -0.350 -0.128  0.035  0.199  0.237  0.833  0.807  0.800  0.660  0.742  0.880  0.909  0.938  0.879  0.690  0.251 -0.272 -0.383 -0.308 -0.636 -0.835 -0.669 -0.540 -0.770 -0.641 -0.349 -0.536 -0.605 -0.354 -0.343 -0.026  0.207  0.071  0.393  0.458  0.231  0.346  0.219  0.279  0.427  0.445  0.421  0.586  0.379  0.575  0.492  0.565  0.506  0.369  0.465  0.577  0.575  0.541  0.612  0.642  0.750  0.818  0.799  0.872  0.865  0.801  0.805  0.849  0.826  0.854  0.922  0.970  0.946  0.925  0.852  0.737  0.578  0.459  0.558  0.746  0.777  0.813  0.813  0.904  0.944  0.986  0.986  0.984  0.990  0.998  1.000  0.990  0.982  0.984  0.989  0.966  0.959  0.917  0.904  0.841  0.799  0.802  0.808  0.849  0.909  0.931  0.891  0.919  0.975  0.985  0.982  0.953  0.851  0.672  0.430
 -0.514 -0.427 -0.357 -0.244 -0.376 -0.394 -0.520 -0.561 -0.535 -0.442 -0.445 -0.345 -0.274 -0.050  0.103  0.297  0.349  0.883  0.784  0.765  0.594  0.684  0.833  0.854  0.892  0.829  0.691  0.236 -0.225 -0.287 -0.184 -0.532 -0.768 -0.610 -0.477 -0.742 -0.667 -0.368 -0.536 -0.634 -0.405 -0.421 -0.127  0.092 -0.059  0.270  0.338  0.110  0.242  0.134  0.217  0.391  0.452  0.477  0.677  0.498  0.669  0.573  0.628  0.579  0.362  0.454  0.568  0.574  0.548  0.618  0.661  0.761  0.836  0.827  0.888  0.868  0.802  0.793  0.836  0.821  0.866  0.917  0.974  0.974  0.967  0.909  0.816  0.670  0.561  0.663  0.828  0.848  0.862  0.857  0.927  0.943  0.972  0.963  0.979  0.996  0.986  0.990  1.000  0.989  0.977  0.993  0.983  0.988  0.963  0.952  0.901  0.866  0.874  0.880  0.912  0.953  0.966  0.922  0.938  0.984  0.975  0.953  0.930  0.807  0.645  0.385
 -0.580 -0.493 -0.416 -0.320 -0.467 -0.488 -0.599 -0.643 -0.608 -0.537 -0.552 -0.462 -0.388 -0.172 -0.026  0.192  0.283  0.846  0.842  0.838  0.682  0.764  0.883  0.883  0.906  0.792  0.590  0.109 -0.346 -0.376 -0.217 -0.531 -0.772 -0.561 -0.387 -0.661 -0.564 -0.236 -0.415 -0.521 -0.277 -0.308 -0.020  0.171 -0.023  0.276  0.381  0.183  0.335  0.252  0.342  0.515  0.571  0.570  0.703  0.465  0.600  0.474  0.521  0.472  0.232  0.330  0.452  0.457  0.426  0.500  0.546  0.660  0.748  0.739  0.814  0.790  0.711  0.704  0.756  0.734  0.785  0.855  0.935  0.941  0.952  0.921  0.829  0.703  0.597  0.660  0.802  0.795  0.790  0.781  0.864  0.888  0.943  0.939  0.946  0.975  0.987  0.982  0.989  1.000  0.994  0.998  0.996  0.982  0.948  0.921  0.854  0.815  0.844  0.854  0.906  0.959  0.977  0.959  0.974  0.997  0.987  0.940  0.890  0.747  0.545  0.272
 -0.586 -0.495 -0.420 -0.328 -0.484 -0.517 -0.630 -0.683 -0.657 -0.595 -0.607 -0.525 -0.463 -0.253 -0.102  0.100  0.186  0.797  0.864  0.873  0.742  0.817  0.923  0.923  0.937  0.816  0.565  0.091 -0.404 -0.463 -0.314 -0.605 -0.820 -0.594 -0.415 -0.664 -0.525 -0.196 -0.391 -0.478 -0.215 -0.230  0.071  0.266  0.075  0.363  0.471  0.281  0.424  0.333  0.409  0.562  0.586  0.544  0.639  0.371  0.516  0.394  0.452  0.397  0.211  0.312  0.434  0.433  0.395  0.470  0.507  0.629  0.715  0.698  0.784  0.770  0.688  0.692  0.746  0.717  0.757  0.842  0.920  0.910  0.915  0.878  0.771  0.641  0.528  0.581  0.735  0.730  0.737  0.731  0.832  0.875  0.943  0.947  0.939  0.963  0.991  0.984  0.977  0.994  1.000  0.994  0.984  0.958  0.910  0.879  0.800  0.755  0.784  0.795  0.857  0.926  0.951  0.941  0.964  0.989  0.992  0.955  0.894  0.761  0.540  0.278
 -0.560 -0.471 -0.395 -0.295 -0.441 -0.465 -0.582 -0.628 -0.599 -0.524 -0.534 -0.444 -0.375 -0.158 -0.009  0.197  0.273  0.843  0.829  0.826  0.672  0.755  0.881  0.887  0.912  0.811  0.614  0.141 -0.329 -0.377 -0.238 -0.557 -0.790 -0.592 -0.428 -0.692 -0.589 -0.269 -0.449 -0.548 -0.302 -0.324 -0.029  0.172 -0.008  0.299  0.393  0.187  0.331  0.237  0.321  0.489  0.537  0.532  0.676  0.448  0.598  0.483  0.535  0.485  0.268  0.365  0.486  0.489  0.457  0.531  0.573  0.685  0.768  0.757  0.831  0.811  0.735  0.731  0.780  0.759  0.805  0.873  0.946  0.944  0.948  0.906  0.810  0.676  0.565  0.638  0.792  0.794  0.799  0.792  0.877  0.904  0.955  0.952  0.958  0.981  0.991  0.989  0.993  0.998  0.994  1.000  0.993  0.981  0.945  0.922  0.857  0.817  0.839  0.848  0.897  0.951  0.969  0.945  0.962  0.993  0.987  0.950  0.905  0.771  0.575  0.308
 -0.584 -0.501 -0.420 -0.328 -0.472 -0.483 -0.586 -0.625 -0.580 -0.511 -0.534 -0.444 -0.360 -0.149 -0.013  0.226  0.328  0.855  0.826  0.821  0.652  0.736  0.855  0.846  0.871  0.745  0.563  0.071 -0.341 -0.336 -0.151 -0.468 -0.729 -0.516 -0.333 -0.625 -0.557 -0.222 -0.389 -0.514 -0.282 -0.331 -0.061  0.114 -0.094  0.200  0.313  0.122  0.286  0.220  0.323  0.510  0.588  0.611  0.751  0.522  0.634  0.497  0.531  0.489  0.201  0.297  0.420  0.430  0.402  0.477  0.530  0.641  0.733  0.730  0.801  0.768  0.686  0.673  0.724  0.707  0.768  0.830  0.920  0.940  0.964  0.945  0.868  0.754  0.654  0.712  0.835  0.817  0.795  0.784  0.856  0.868  0.920  0.911  0.927  0.965  0.970  0.966  0.983  0.996  0.984  0.993  1.000  0.989  0.963  0.935  0.873  0.837  0.873  0.883  0.933  0.977  0.989  0.974  0.982  0.993  0.972  0.910  0.858  0.700  0.502  0.220
 -0.530 -0.451 -0.374 -0.268 -0.394 -0.395 -0.505 -0.537 -0.492 -0.403 -0.419 -0.318 -0.229 -0.011  0.124  0.356  0.434  0.902  0.760  0.738  0.543  0.638  0.784  0.789  0.830  0.744  0.641  0.167 -0.218 -0.214 -0.062 -0.413 -0.687 -0.524 -0.373 -0.671 -0.649 -0.337 -0.484 -0.615 -0.408 -0.458 -0.196 -0.007 -0.185  0.134  0.219  0.004  0.159  0.082  0.189  0.389  0.491  0.558  0.768  0.602  0.729  0.613  0.643  0.607  0.299  0.389  0.505  0.520  0.501  0.571  0.628  0.723  0.806  0.809  0.862  0.826  0.755  0.733  0.776  0.769  0.832  0.871  0.946  0.973  0.988  0.956  0.889  0.767  0.671  0.760  0.889  0.887  0.870  0.860  0.911  0.905  0.929  0.912  0.944  0.976  0.956  0.959  0.988  0.982  0.958  0.981  0.989  1.000  0.990  0.975  0.932  0.904  0.925  0.932  0.961  0.986  0.990  0.952  0.953  0.979  0.949  0.899  0.872  0.722  0.567  0.288
 -0.497 -0.428 -0.351 -0.244 -0.351 -0.336 -0.437 -0.459 -0.403 -0.306 -0.325 -0.218 -0.118  0.097  0.221  0.462  0.539  0.925  0.694  0.658  0.437  0.539  0.698  0.702  0.755  0.684  0.652  0.189 -0.130 -0.092  0.061 -0.305 -0.600 -0.467 -0.332 -0.646 -0.680 -0.383 -0.503 -0.653 -0.479 -0.546 -0.311 -0.133 -0.304  0.018  0.092 -0.126  0.032 -0.032  0.088  0.304  0.442  0.559  0.813  0.696  0.808  0.694  0.710  0.684  0.321  0.403  0.514  0.536  0.526  0.591  0.657  0.737  0.819  0.831  0.868  0.821  0.757  0.723  0.760  0.763  0.836  0.854  0.927  0.972  0.993  0.968  0.923  0.811  0.727  0.827  0.937  0.933  0.903  0.891  0.917  0.887  0.891  0.866  0.916  0.952  0.910  0.917  0.963  0.948  0.910  0.945  0.963  0.990  1.000  0.993  0.967  0.947  0.965  0.971  0.984  0.987  0.981  0.933  0.924  0.947  0.901  0.844  0.833  0.676  0.554  0.274
 -0.444 -0.377 -0.306 -0.188 -0.280 -0.262 -0.372 -0.388 -0.338 -0.226 -0.235 -0.121 -0.025  0.193  0.317  0.537  0.586  0.938  0.639  0.590  0.361  0.467  0.645  0.665  0.729  0.696  0.715  0.279 -0.034 -0.016  0.094 -0.291 -0.579 -0.487 -0.386 -0.690 -0.742 -0.473 -0.581 -0.724 -0.566 -0.622 -0.388 -0.194 -0.330  0.008  0.053 -0.184 -0.042 -0.123 -0.010  0.205  0.346  0.484  0.784  0.715  0.849  0.758  0.778  0.754  0.412  0.486  0.589  0.610  0.607  0.668  0.731  0.799  0.869  0.882  0.906  0.862  0.809  0.772  0.802  0.811  0.880  0.883  0.938  0.979  0.987  0.944  0.900  0.775  0.692  0.820  0.944  0.959  0.943  0.934  0.947  0.910  0.894  0.865  0.921  0.948  0.891  0.904  0.952  0.921  0.879  0.922  0.935  0.975  0.993  1.000  0.987  0.972  0.974  0.976  0.971  0.964  0.955  0.889  0.880  0.919  0.874  0.835  0.845  0.706  0.617  0.350
 -0.371 -0.313 -0.250 -0.123 -0.189 -0.157 -0.267 -0.271 -0.222 -0.098 -0.099  0.019  0.117  0.327  0.440  0.648  0.675  0.936  0.535  0.471  0.224  0.335  0.530  0.558  0.636  0.638  0.740  0.342  0.090  0.121  0.202 -0.196 -0.486 -0.444 -0.379 -0.680 -0.784 -0.551 -0.629 -0.776 -0.657 -0.717 -0.511 -0.320 -0.425 -0.085 -0.067 -0.311 -0.181 -0.261 -0.146  0.074  0.240  0.423  0.776  0.775  0.908  0.837  0.848  0.831  0.476  0.536  0.627  0.651  0.659  0.717  0.781  0.828  0.887  0.907  0.911  0.862  0.823  0.777  0.797  0.817  0.888  0.865  0.905  0.957  0.960  0.911  0.884  0.762  0.690  0.841  0.957  0.983  0.966  0.958  0.945  0.887  0.844  0.806  0.879  0.903  0.822  0.841  0.901  0.854  0.800  0.857  0.873  0.932  0.967  0.987  1.000  0.995  0.983  0.982  0.954  0.923  0.907  0.823  0.806  0.853  0.798  0.766  0.801  0.671  0.630  0.377
 -0.340 -0.289 -0.229 -0.104 -0.157 -0.116 -0.218 -0.215 -0.163 -0.039 -0.040  0.078  0.178  0.381  0.484  0.692  0.717  0.928  0.488  0.417  0.163  0.274  0.472  0.500  0.583  0.594  0.732  0.351  0.139  0.187  0.265 -0.133 -0.427 -0.400 -0.348 -0.651 -0.782 -0.563 -0.625 -0.779 -0.680 -0.747 -0.560 -0.378 -0.475 -0.142 -0.132 -0.372 -0.244 -0.317 -0.197  0.026  0.207  0.412  0.781  0.808  0.929  0.862  0.864  0.854  0.480  0.532  0.620  0.645  0.657  0.713  0.782  0.819  0.876  0.901  0.895  0.841  0.807  0.754  0.771  0.797  0.872  0.838  0.875  0.935  0.941  0.895  0.878  0.762  0.699  0.856  0.960  0.986  0.964  0.955  0.928  0.859  0.806  0.764  0.844  0.869  0.778  0.799  0.866  0.815  0.755  0.817  0.837  0.904  0.947  0.972  0.995  1.000  0.986  0.981  0.944  0.902  0.880  0.792  0.770  0.816  0.754  0.720  0.763  0.634  0.612  0.365
 -0.412 -0.364 -0.293 -0.188 -0.253 -0.206 -0.288 -0.288 -0.217 -0.114 -0.136 -0.026  0.087  0.283  0.379  0.628  0.698  0.924  0.549  0.489  0.235  0.342  0.517  0.520  0.592  0.548  0.640  0.219  0.032  0.128  0.278 -0.100 -0.417 -0.337 -0.239 -0.567 -0.696 -0.440 -0.508 -0.684 -0.575 -0.668 -0.493 -0.341 -0.493 -0.183 -0.132 -0.344 -0.187 -0.228 -0.090  0.146  0.339  0.538  0.854  0.829  0.906  0.802  0.790  0.784  0.347  0.408  0.508  0.535  0.541  0.602  0.680  0.731  0.805  0.833  0.838  0.775  0.725  0.670  0.696  0.717  0.806  0.786  0.852  0.928  0.957  0.944  0.936  0.844  0.787  0.905  0.979  0.972  0.922  0.906  0.886  0.817  0.785  0.745  0.823  0.865  0.788  0.802  0.874  0.844  0.784  0.839  0.873  0.925  0.965  0.974  0.983  0.986  1.000  0.997  0.980  0.943  0.920  0.857  0.830  0.847  0.778  0.710  0.727  0.566  0.507  0.238
 -0.428 -0.378 -0.305 -0.201 -0.271 -0.226 -0.307 -0.310 -0.238 -0.135 -0.160 -0.050  0.065  0.263  0.359  0.614  0.691  0.924  0.563  0.506  0.252  0.360  0.530  0.530  0.599  0.547  0.627  0.198  0.009  0.111  0.272 -0.102 -0.423 -0.335 -0.228 -0.560 -0.686 -0.422 -0.493 -0.671 -0.558 -0.655 -0.479 -0.330 -0.490 -0.183 -0.125 -0.334 -0.172 -0.209 -0.069  0.168  0.361  0.557  0.865  0.829  0.901  0.791  0.778  0.771  0.328  0.391  0.492  0.521  0.528  0.587  0.666  0.720  0.796  0.824  0.833  0.769  0.716  0.662  0.690  0.709  0.799  0.782  0.853  0.930  0.963  0.954  0.947  0.858  0.799  0.910  0.982  0.971  0.916  0.901  0.883  0.815  0.788  0.747  0.825  0.869  0.796  0.808  0.880  0.854  0.795  0.848  0.883  0.932  0.971  0.976  0.982  0.981  0.997  1.000  0.986  0.952  0.930  0.870  0.844  0.857  0.786  0.714  0.726  0.560  0.494  0.220
 -0.500 -0.445 -0.363 -0.274 -0.369 -0.334 -0.409 -0.422 -0.345 -0.263 -0.300 -0.200 -0.085  0.113  0.215  0.491  0.602  0.909  0.660  0.621  0.385  0.486  0.632  0.615  0.669  0.567  0.561  0.094 -0.133 -0.025  0.184 -0.166 -0.489 -0.342 -0.189 -0.529 -0.611 -0.308 -0.404 -0.584 -0.437 -0.539 -0.348 -0.211 -0.415 -0.122 -0.027 -0.217 -0.037 -0.061  0.082  0.316  0.491  0.644  0.886  0.775  0.831  0.693  0.681  0.670  0.221  0.298  0.412  0.439  0.434  0.499  0.578  0.653  0.744  0.766  0.796  0.734  0.664  0.619  0.657  0.666  0.757  0.766  0.858  0.931  0.977  0.984  0.968  0.886  0.821  0.898  0.963  0.932  0.868  0.850  0.856  0.806  0.809  0.776  0.839  0.892  0.844  0.849  0.912  0.906  0.857  0.897  0.933  0.961  0.984  0.971  0.954  0.944  0.980  0.986  1.000  0.986  0.971  0.936  0.913  0.909  0.845  0.755  0.737  0.555  0.437  0.147
 -0.553 -0.485 -0.401 -0.314 -0.434 -0.419 -0.503 -0.529 -0.462 -0.389 -0.425 -0.329 -0.225 -0.020  0.096  0.366  0.484  0.895  0.753  0.730  0.522  0.615  0.746  0.727  0.767  0.643  0.550  0.060 -0.246 -0.173  0.041 -0.294 -0.598 -0.409 -0.233 -0.560 -0.576 -0.249 -0.379 -0.540 -0.352 -0.437 -0.211 -0.062 -0.280  0.012  0.124 -0.063  0.118  0.081  0.211  0.429  0.566  0.661  0.850  0.675  0.747  0.601  0.606  0.582  0.187  0.276  0.397  0.418  0.402  0.471  0.542  0.636  0.732  0.744  0.795  0.743  0.664  0.632  0.678  0.675  0.757  0.792  0.889  0.943  0.983  0.986  0.944  0.852  0.771  0.833  0.920  0.887  0.836  0.820  0.856  0.833  0.862  0.840  0.882  0.932  0.909  0.909  0.953  0.959  0.926  0.951  0.977  0.986  0.987  0.964  0.923  0.902  0.943  0.952  0.986  1.000  0.996  0.974  0.964  0.961  0.914  0.829  0.791  0.611  0.450  0.156
 -0.580 -0.507 -0.424 -0.335 -0.464 -0.457 -0.547 -0.578 -0.517 -0.445 -0.475 -0.380 -0.281 -0.072  0.053  0.316  0.434  0.888  0.792  0.774  0.578  0.668  0.792  0.776  0.811  0.683  0.554  0.060 -0.284 -0.233 -0.024 -0.352 -0.642 -0.438 -0.258 -0.576 -0.561 -0.228 -0.373 -0.523 -0.318 -0.392 -0.150  0.008 -0.212  0.080  0.195  0.008  0.185  0.140  0.263  0.471  0.588  0.659  0.826  0.627  0.709  0.563  0.577  0.546  0.184  0.275  0.398  0.415  0.396  0.468  0.533  0.634  0.730  0.737  0.796  0.750  0.669  0.643  0.692  0.684  0.759  0.806  0.903  0.946  0.982  0.980  0.926  0.828  0.741  0.799  0.896  0.866  0.823  0.807  0.857  0.846  0.885  0.867  0.899  0.946  0.935  0.931  0.966  0.977  0.951  0.969  0.989  0.990  0.981  0.955  0.907  0.880  0.920  0.930  0.971  0.996  1.000  0.983  0.979  0.979  0.941  0.862  0.817  0.643  0.466  0.174
 -0.645 -0.574 -0.485 -0.421 -0.564 -0.559 -0.628 -0.660 -0.590 -0.547 -0.591 -0.511 -0.410 -0.219 -0.106  0.181  0.343  0.817  0.839  0.839  0.667  0.744  0.829  0.786  0.802  0.614  0.412 -0.099 -0.422 -0.333 -0.058 -0.336 -0.623 -0.359 -0.135 -0.456 -0.416 -0.057 -0.211 -0.368 -0.151 -0.242 -0.017  0.101 -0.166  0.079  0.236  0.093  0.290  0.278  0.408  0.609  0.719  0.757  0.837  0.572  0.606  0.427  0.429  0.400  0.018  0.113  0.241  0.257  0.233  0.307  0.374  0.489  0.599  0.605  0.680  0.630  0.535  0.513  0.571  0.554  0.636  0.704  0.827  0.878  0.935  0.967  0.916  0.847  0.767  0.775  0.840  0.776  0.710  0.688  0.753  0.752  0.821  0.809  0.829  0.890  0.904  0.891  0.922  0.959  0.941  0.945  0.974  0.952  0.933  0.889  0.823  0.792  0.857  0.870  0.936  0.974  0.983  1.000  0.995  0.965  0.926  0.819  0.742  0.547  0.326  0.027
 -0.657 -0.581 -0.496 -0.427 -0.577 -0.583 -0.661 -0.698 -0.638 -0.592 -0.628 -0.548 -0.456 -0.259 -0.133  0.136  0.289  0.812  0.873  0.876  0.718  0.792  0.875  0.840  0.853  0.673  0.439 -0.067 -0.440 -0.390 -0.136 -0.411 -0.678 -0.406 -0.189 -0.493 -0.417 -0.059 -0.230 -0.368 -0.133 -0.206  0.041  0.177 -0.080  0.169  0.322  0.172  0.358  0.330  0.447  0.633  0.717  0.727  0.793  0.510  0.567  0.397  0.412  0.375  0.043  0.141  0.269  0.280  0.251  0.327  0.387  0.507  0.614  0.613  0.695  0.654  0.560  0.546  0.605  0.583  0.655  0.733  0.849  0.884  0.930  0.949  0.882  0.801  0.713  0.723  0.808  0.754  0.704  0.685  0.763  0.777  0.853  0.846  0.855  0.909  0.933  0.919  0.938  0.974  0.964  0.962  0.982  0.953  0.924  0.880  0.806  0.770  0.830  0.844  0.913  0.964  0.979  0.995  1.000  0.980  0.955  0.862  0.783  0.601  0.369  0.079
 -0.603 -0.520 -0.445 -0.350 -0.493 -0.509 -0.617 -0.658 -0.619 -0.545 -0.560 -0.467 -0.388 -0.169 -0.021  0.203  0.305  0.859  0.858  0.848  0.688  0.769  0.885  0.883  0.909  0.792  0.592  0.111 -0.335 -0.362 -0.193 -0.508 -0.751 -0.528 -0.358 -0.638 -0.545 -0.215 -0.395 -0.506 -0.263 -0.297 -0.013  0.176 -0.025  0.269  0.377  0.182  0.337  0.260  0.355  0.529  0.590  0.597  0.724  0.484  0.609  0.480  0.521  0.473  0.220  0.316  0.438  0.444  0.415  0.490  0.538  0.652  0.741  0.733  0.808  0.782  0.702  0.694  0.746  0.725  0.779  0.849  0.934  0.944  0.957  0.931  0.842  0.722  0.619  0.678  0.814  0.801  0.791  0.779  0.860  0.883  0.938  0.932  0.939  0.971  0.981  0.975  0.984  0.997  0.989  0.993  0.993  0.979  0.947  0.919  0.853  0.816  0.847  0.857  0.909  0.961  0.979  0.965  0.980  1.000  0.989  0.938  0.888  0.742  0.540  0.267
 -0.594 -0.505 -0.439 -0.341 -0.491 -0.524 -0.641 -0.689 -0.666 -0.594 -0.598 -0.509 -0.447 -0.227 -0.065  0.124  0.208  0.821  0.881  0.876  0.744  0.817  0.928  0.938  0.958  0.856  0.613  0.156 -0.355 -0.441 -0.311 -0.611 -0.813 -0.588 -0.431 -0.676 -0.529 -0.212 -0.411 -0.491 -0.227 -0.231  0.077  0.286  0.107  0.399  0.496  0.298  0.432  0.331  0.403  0.549  0.568  0.529  0.631  0.370  0.527  0.415  0.476  0.416  0.251  0.347  0.465  0.464  0.429  0.504  0.537  0.657  0.738  0.718  0.803  0.792  0.715  0.721  0.774  0.745  0.782  0.866  0.937  0.922  0.917  0.872  0.759  0.624  0.512  0.573  0.736  0.738  0.754  0.747  0.847  0.893  0.957  0.959  0.948  0.968  0.992  0.985  0.975  0.987  0.992  0.987  0.972  0.949  0.901  0.874  0.798  0.754  0.778  0.786  0.845  0.914  0.941  0.926  0.955  0.989  1.000  0.973  0.921  0.801  0.588  0.337
 -0.496 -0.402 -0.353 -0.234 -0.372 -0.423 -0.567 -0.620 -0.629 -0.535 -0.511 -0.418 -0.382 -0.156  0.024  0.139  0.157  0.790  0.816  0.804  0.693  0.765  0.898  0.945  0.972  0.945  0.729  0.336 -0.244 -0.428 -0.407 -0.718 -0.866 -0.702 -0.607 -0.795 -0.614 -0.350 -0.554 -0.586 -0.322 -0.275  0.063  0.319  0.219  0.533  0.575  0.345  0.429  0.275  0.309  0.421  0.395  0.332  0.474  0.262  0.491  0.436  0.527  0.455  0.420  0.510  0.612  0.602  0.566  0.635  0.648  0.756  0.811  0.781  0.858  0.869  0.813  0.831  0.873  0.844  0.852  0.930  0.958  0.908  0.863  0.768  0.630  0.458  0.334  0.439  0.654  0.704  0.770  0.773  0.879  0.941  0.987  0.993  0.972  0.963  0.981  0.982  0.953  0.940  0.955  0.950  0.910  0.899  0.844  0.835  0.766  0.720  0.710  0.714  0.755  0.829  0.862  0.819  0.862  0.938  0.973  1.000  0.979  0.914  0.738  0.529
 -0.406 -0.317 -0.283 -0.143 -0.252 -0.297 -0.454 -0.497 -0.516 -0.391 -0.349 -0.242 -0.208  0.027  0.211  0.289  0.264  0.824  0.720  0.680  0.549  0.628  0.795  0.870  0.920  0.965  0.849  0.507 -0.054 -0.273 -0.325 -0.672 -0.809 -0.716 -0.686 -0.860 -0.718 -0.505 -0.686 -0.708 -0.477 -0.412 -0.081  0.203  0.164  0.503  0.494  0.231  0.287  0.107  0.132  0.242  0.229  0.210  0.436  0.312  0.577  0.563  0.658  0.587  0.578  0.654  0.740  0.733  0.709  0.770  0.780  0.864  0.900  0.872  0.927  0.940  0.905  0.917  0.946  0.928  0.930  0.979  0.976  0.923  0.855  0.731  0.598  0.409  0.288  0.441  0.674  0.756  0.844  0.850  0.932  0.978  0.987  0.985  0.978  0.954  0.942  0.953  0.930  0.890  0.894  0.905  0.858  0.872  0.833  0.845  0.801  0.763  0.727  0.726  0.737  0.791  0.817  0.742  0.783  0.888  0.921  0.979  1.000  0.965  0.852  0.667
 -0.266 -0.179 -0.169 -0.021 -0.110 -0.173 -0.346 -0.394 -0.445 -0.307 -0.238 -0.136 -0.133  0.089  0.278  0.264  0.173  0.705  0.590  0.544  0.453  0.520  0.690  0.800  0.853  0.978  0.894  0.663  0.073 -0.241 -0.410 -0.729 -0.784 -0.762 -0.805 -0.895 -0.721 -0.591 -0.763 -0.726 -0.514 -0.395 -0.064  0.246  0.296  0.622  0.554  0.285  0.278  0.057  0.035  0.091  0.024 -0.026  0.212  0.147  0.465  0.516  0.636  0.557  0.699  0.759  0.817  0.803  0.781  0.829  0.813  0.878  0.881  0.842  0.887  0.926  0.916  0.943  0.958  0.939  0.907  0.948  0.898  0.810  0.703  0.537  0.388  0.180  0.057  0.238  0.505  0.631  0.766  0.782  0.866  0.929  0.919  0.923  0.903  0.849  0.835  0.851  0.807  0.747  0.761  0.771  0.700  0.722  0.676  0.706  0.671  0.634  0.566  0.560  0.555  0.611  0.643  0.547  0.601  0.742  0.801  0.914  0.965  1.000  0.937  0.821
 -0.069 -0.003 -0.018  0.151  0.124  0.081 -0.095 -0.120 -0.181 -0.009  0.082  0.194  0.191  0.396  0.563  0.483  0.324  0.650  0.321  0.236  0.125  0.198  0.403  0.546  0.626  0.861  0.969  0.865  0.393  0.062 -0.216 -0.547 -0.574 -0.686 -0.835 -0.883 -0.803 -0.784 -0.889 -0.837 -0.715 -0.582 -0.310  0.003  0.157  0.479  0.329  0.043 -0.016 -0.252 -0.288 -0.245 -0.283 -0.251  0.101  0.203  0.540  0.662  0.770  0.705  0.874  0.900  0.923  0.912  0.913  0.941  0.921  0.936  0.904  0.875  0.875  0.914  0.943  0.956  0.944  0.946  0.904  0.889  0.791  0.709  0.578  0.386  0.268  0.062 -0.037  0.197  0.458  0.622  0.774  0.796  0.826  0.855  0.782  0.770  0.778  0.706  0.641  0.672  0.645  0.545  0.540  0.575  0.502  0.567  0.554  0.617  0.630  0.612  0.507  0.494  0.437  0.450  0.466  0.326  0.369  0.540  0.588  0.738  0.852  0.937  1.000  0.946
  0.105  0.148  0.102  0.256  0.277  0.232  0.074  0.056 -0.030  0.132  0.239  0.327  0.289  0.443  0.589  0.409  0.197  0.416  0.105  0.015 -0.036  0.010  0.190  0.354  0.429  0.731  0.882  0.940  0.525  0.132 -0.245 -0.496 -0.420 -0.603 -0.830 -0.772 -0.677 -0.770 -0.841 -0.729 -0.659 -0.483 -0.262  0.031  0.272  0.524  0.321  0.073 -0.053 -0.298 -0.381 -0.410 -0.498 -0.493 -0.174 -0.003  0.341  0.523  0.640  0.576  0.899  0.900  0.886  0.866  0.867  0.873  0.826  0.810  0.743  0.706  0.690  0.751  0.808  0.835  0.806  0.809  0.735  0.707  0.567  0.459  0.301  0.089 -0.027 -0.222 -0.302 -0.066  0.191  0.382  0.567  0.597  0.617  0.656  0.566  0.561  0.555  0.459  0.395  0.430  0.385  0.272  0.278  0.308  0.220  0.288  0.274  0.350  0.377  0.365  0.238  0.220  0.147  0.156  0.174  0.027  0.079  0.267  0.337  0.529  0.667  0.821  0.946  1.000
