  1.000  0.968  0.933  0.883  0.874  0.739  0.722  0.602  0.525  0.444  0.373  0.484  0.482  0.715  0.857  0.667  0.319  0.225 -0.141 -0.263 -0.274 -0.258 -0.110  0.051  0.128  0.442  0.759  0.727  0.587  0.357 -0.167 -0.269 -0.225 -0.528 -0.710 -0.564 -0.527 -0.793 -0.779 -0.623 -0.672 -0.420 -0.262 -0.102  0.185  0.227  0.035 -0.072 -0.288 -0.498 -0.591 -0.702 -0.695 -0.633 -0.360 -0.102  0.273  0.506  0.473  0.444  0.834  0.855  0.846  0.725  0.759  0.819  0.746  0.655  0.510  0.466  0.405  0.503  0.605  0.674  0.605  0.620  0.467  0.413  0.193  0.046 -0.134 -0.325 -0.406 -0.538 -0.584 -0.454 -0.278 -0.087  0.142  0.217  0.267  0.321  0.209  0.195  0.171  0.056 -0.000  0.026 -0.040 -0.149 -0.137 -0.129 -0.220 -0.213 -0.217 -0.123 -0.088 -0.069 -0.200 -0.256 -0.343 -0.349 -0.297 -0.393 -0.312 -0.138 -0.033  0.198  0.366  0.563  0.779  0.795
  0.968  1.000  0.951  0.898  0.920  0.824  0.823  0.732  0.661  0.585  0.524  0.615  0.593  0.777  0.900  0.626  0.249  0.067 -0.244 -0.387 -0.378 -0.378 -0.250 -0.085 -0.009  0.338  0.671  0.737  0.695  0.471 -0.114 -0.171 -0.075 -0.414 -0.620 -0.427 -0.394 -0.716 -0.679 -0.497 -0.584 -0.321 -0.214 -0.102  0.199  0.196 -0.006 -0.068 -0.303 -0.492 -0.602 -0.760 -0.781 -0.727 -0.494 -0.215  0.126  0.392  0.339  0.340  0.759  0.769  0.756  0.604  0.629  0.701  0.616  0.511  0.351  0.305  0.241  0.348  0.462  0.541  0.464  0.472  0.303  0.250  0.021 -0.128 -0.301 -0.476 -0.541 -0.652 -0.687 -0.574 -0.427 -0.248 -0.030  0.047  0.095  0.154  0.044  0.033  0.002 -0.114 -0.165 -0.141 -0.208 -0.312 -0.298 -0.292 -0.376 -0.373 -0.370 -0.278 -0.240 -0.216 -0.343 -0.399 -0.483 -0.496 -0.451 -0.538 -0.462 -0.299 -0.194  0.041  0.212  0.443  0.691  0.765
  0.933  0.951  1.000  0.949  0.890  0.756  0.693  0.572  0.466  0.421  0.386  0.512  0.534  0.752  0.846  0.721  0.379  0.191 -0.222 -0.315 -0.347 -0.319 -0.165 -0.027  0.047  0.322  0.656  0.585  0.526  0.409 -0.045 -0.168 -0.170 -0.465 -0.615 -0.511 -0.536 -0.774 -0.737 -0.629 -0.705 -0.498 -0.376 -0.239  0.031  0.070 -0.111 -0.211 -0.404 -0.581 -0.648 -0.717 -0.671 -0.581 -0.278  0.010  0.339  0.566  0.530  0.526  0.829  0.841  0.842  0.737  0.745  0.780  0.727  0.633  0.507  0.477  0.407  0.482  0.573  0.628  0.559  0.584  0.457  0.381  0.185  0.066 -0.089 -0.262 -0.316 -0.439 -0.487 -0.353 -0.195 -0.010  0.192  0.264  0.286  0.309  0.187  0.172  0.173  0.071  0.000  0.034 -0.008 -0.119 -0.116 -0.093 -0.163 -0.155 -0.138 -0.040  0.008  0.038 -0.090 -0.151 -0.244 -0.271 -0.238 -0.341 -0.283 -0.128 -0.055  0.145  0.305  0.462  0.677  0.679
  0.883  0.898  0.949  1.000  0.958  0.862  0.756  0.629  0.492  0.511  0.503  0.650  0.699  0.878  0.886  0.837  0.474  0.049 -0.438 -0.511 -0.567 -0.530 -0.373 -0.256 -0.182  0.075  0.472  0.412  0.498  0.572  0.193  0.072 -0.007 -0.360 -0.479 -0.391 -0.520 -0.769 -0.674 -0.611 -0.764 -0.609 -0.572 -0.477 -0.208 -0.192 -0.375 -0.458 -0.636 -0.766 -0.809 -0.829 -0.733 -0.585 -0.241  0.144  0.392  0.649  0.589  0.630  0.854  0.844  0.861  0.750  0.711  0.702  0.668  0.539  0.418  0.406  0.303  0.352  0.442  0.488  0.405  0.458  0.353  0.231  0.049 -0.031 -0.156 -0.302 -0.322 -0.423 -0.446 -0.293 -0.171  0.005  0.171  0.235  0.201  0.173  0.022  0.000  0.038 -0.049 -0.148 -0.103 -0.109 -0.226 -0.239 -0.191 -0.238 -0.210 -0.171 -0.065  0.014  0.064 -0.061 -0.131 -0.233 -0.299 -0.296 -0.412 -0.391 -0.261 -0.223 -0.053  0.114  0.242  0.489  0.484
  0.874  0.920  0.890  0.958  1.000  0.959  0.903  0.811  0.700  0.710  0.689  0.804  0.815  0.938  0.943  0.763  0.366 -0.134 -0.528 -0.646 -0.667 -0.657 -0.531 -0.398 -0.323 -0.003  0.406  0.495  0.662  0.694  0.212  0.160  0.162 -0.245 -0.411 -0.239 -0.341 -0.678 -0.563 -0.441 -0.633 -0.441 -0.455 -0.409 -0.113 -0.154 -0.357 -0.387 -0.601 -0.720 -0.797 -0.894 -0.852 -0.723 -0.447 -0.047  0.177  0.480  0.391  0.457  0.763  0.744  0.750  0.590  0.552  0.568  0.508  0.360  0.209  0.187  0.083  0.155  0.265  0.330  0.236  0.279  0.140  0.030 -0.176 -0.270 -0.399 -0.532 -0.549 -0.625 -0.628 -0.496 -0.401 -0.240 -0.076 -0.012 -0.037 -0.046 -0.189 -0.208 -0.191 -0.285 -0.371 -0.333 -0.351 -0.460 -0.467 -0.429 -0.479 -0.453 -0.418 -0.317 -0.241 -0.189 -0.308 -0.376 -0.470 -0.533 -0.530 -0.630 -0.607 -0.482 -0.426 -0.235 -0.061  0.132  0.420  0.492
  0.739  0.824  0.756  0.862  0.959  1.000  0.962  0.911  0.815  0.855  0.853  0.934  0.933  0.970  0.928  0.695  0.314 -0.341 -0.649 -0.787 -0.792 -0.803 -0.718 -0.599 -0.529 -0.203  0.209  0.422  0.740  0.839  0.362  0.366  0.403 -0.022 -0.198  0.011 -0.117 -0.497 -0.347 -0.218 -0.465 -0.296 -0.401 -0.428 -0.148 -0.247 -0.445 -0.414 -0.624 -0.689 -0.769 -0.898 -0.877 -0.745 -0.539 -0.120  0.009  0.332  0.212  0.322  0.599  0.562  0.569  0.385  0.327  0.338  0.274  0.108 -0.046 -0.064 -0.174 -0.106  0.007  0.077 -0.022  0.021 -0.118 -0.229 -0.420 -0.491 -0.589 -0.676 -0.664 -0.694 -0.667 -0.564 -0.527 -0.406 -0.287 -0.234 -0.282 -0.302 -0.436 -0.455 -0.436 -0.515 -0.594 -0.561 -0.566 -0.657 -0.669 -0.631 -0.663 -0.628 -0.583 -0.493 -0.414 -0.352 -0.447 -0.513 -0.594 -0.672 -0.688 -0.769 -0.768 -0.680 -0.639 -0.472 -0.308 -0.100  0.209  0.337
  0.722  0.823  0.693  0.756  0.903  0.962  1.000  0.976  0.928  0.920  0.885  0.928  0.882  0.899  0.909  0.548  0.167 -0.380 -0.570 -0.746 -0.711 -0.745 -0.686 -0.548 -0.481 -0.111  0.259  0.563  0.841  0.797  0.221  0.274  0.408 -0.013 -0.228  0.044 -0.001 -0.423 -0.296 -0.103 -0.324 -0.107 -0.195 -0.232  0.058 -0.063 -0.268 -0.211 -0.448 -0.529 -0.645 -0.852 -0.898 -0.817 -0.691 -0.330 -0.174  0.156  0.027  0.124  0.507  0.475  0.460  0.251  0.221  0.275  0.186  0.030 -0.143 -0.177 -0.263 -0.168 -0.041  0.044 -0.053 -0.036 -0.207 -0.280 -0.489 -0.590 -0.704 -0.795 -0.801 -0.825 -0.798 -0.725 -0.689 -0.578 -0.444 -0.387 -0.394 -0.371 -0.479 -0.491 -0.508 -0.598 -0.649 -0.628 -0.662 -0.741 -0.738 -0.723 -0.770 -0.748 -0.722 -0.645 -0.587 -0.539 -0.629 -0.685 -0.752 -0.802 -0.801 -0.859 -0.834 -0.739 -0.665 -0.472 -0.313 -0.049  0.259  0.441
  0.602  0.732  0.572  0.629  0.811  0.911  0.976  1.000  0.978  0.967  0.941  0.939  0.867  0.826  0.824  0.394  0.035 -0.509 -0.586 -0.771 -0.710 -0.763 -0.740 -0.611 -0.554 -0.186  0.141  0.538  0.867  0.800  0.216  0.326  0.517  0.114 -0.112  0.191  0.167 -0.270 -0.141  0.070 -0.157  0.055 -0.070 -0.151  0.116 -0.040 -0.228 -0.129 -0.359 -0.414 -0.543 -0.787 -0.877 -0.827 -0.779 -0.457 -0.353 -0.033 -0.162 -0.055  0.334  0.298  0.282  0.061  0.033  0.101  0.002 -0.148 -0.320 -0.356 -0.432 -0.332 -0.206 -0.116 -0.208 -0.202 -0.377 -0.431 -0.627 -0.725 -0.821 -0.885 -0.881 -0.879 -0.841 -0.799 -0.796 -0.715 -0.606 -0.556 -0.557 -0.521 -0.607 -0.614 -0.645 -0.727 -0.759 -0.746 -0.785 -0.845 -0.838 -0.833 -0.871 -0.855 -0.833 -0.772 -0.722 -0.677 -0.748 -0.795 -0.846 -0.891 -0.893 -0.929 -0.908 -0.834 -0.760 -0.580 -0.440 -0.159  0.142  0.369
  0.525  0.661  0.466  0.492  0.700  0.815  0.928  0.978  1.000  0.963  0.914  0.874  0.775  0.709  0.740  0.239 -0.087 -0.527 -0.494 -0.697 -0.608 -0.678 -0.683 -0.551 -0.502 -0.130  0.137  0.591  0.887  0.726  0.116  0.263  0.518  0.151 -0.090  0.241  0.278 -0.161 -0.056  0.187 -0.010  0.218  0.103  0.011  0.260  0.092 -0.085  0.035 -0.196 -0.251 -0.397 -0.685 -0.823 -0.817 -0.844 -0.591 -0.490 -0.188 -0.316 -0.224  0.214  0.183  0.153 -0.074 -0.080  0.014 -0.098 -0.230 -0.404 -0.449 -0.502 -0.390 -0.264 -0.170 -0.252 -0.265 -0.450 -0.471 -0.663 -0.773 -0.869 -0.925 -0.931 -0.919 -0.881 -0.867 -0.872 -0.811 -0.705 -0.657 -0.631 -0.567 -0.624 -0.626 -0.682 -0.763 -0.770 -0.768 -0.824 -0.868 -0.851 -0.863 -0.906 -0.901 -0.895 -0.850 -0.819 -0.787 -0.843 -0.879 -0.914 -0.936 -0.928 -0.942 -0.908 -0.840 -0.749 -0.567 -0.444 -0.142  0.138  0.396
  0.444  0.585  0.421  0.511  0.710  0.855  0.920  0.967  0.963  1.000  0.980  0.950  0.884  0.782  0.739  0.321  0.018 -0.608 -0.623 -0.807 -0.744 -0.807 -0.816 -0.711 -0.663 -0.327 -0.027  0.422  0.845  0.849  0.337  0.472  0.663  0.285  0.073  0.370  0.322 -0.104  0.042  0.232 -0.020  0.151 -0.035 -0.162  0.068 -0.116 -0.284 -0.150 -0.355 -0.362 -0.477 -0.715 -0.806 -0.752 -0.758 -0.446 -0.429 -0.126 -0.269 -0.143  0.201  0.152  0.136 -0.083 -0.128 -0.075 -0.167 -0.318 -0.476 -0.503 -0.579 -0.496 -0.381 -0.298 -0.385 -0.376 -0.528 -0.583 -0.748 -0.816 -0.878 -0.901 -0.875 -0.839 -0.783 -0.760 -0.801 -0.758 -0.693 -0.658 -0.680 -0.661 -0.735 -0.742 -0.765 -0.826 -0.854 -0.844 -0.866 -0.908 -0.906 -0.899 -0.918 -0.897 -0.868 -0.820 -0.770 -0.721 -0.766 -0.810 -0.846 -0.900 -0.918 -0.938 -0.941 -0.903 -0.848 -0.707 -0.587 -0.326 -0.036  0.209
  0.373  0.524  0.386  0.503  0.689  0.853  0.885  0.941  0.914  0.980  1.000  0.971  0.924  0.798  0.709  0.347  0.061 -0.660 -0.694 -0.858 -0.810 -0.869 -0.882 -0.797 -0.752 -0.450 -0.140  0.301  0.795  0.898  0.455  0.586  0.740  0.369  0.181  0.449  0.351 -0.055  0.112  0.264 -0.015  0.114 -0.113 -0.263 -0.058 -0.247 -0.400 -0.257 -0.435 -0.410 -0.505 -0.708 -0.774 -0.698 -0.695 -0.362 -0.399 -0.105 -0.250 -0.100  0.151  0.097  0.097 -0.110 -0.174 -0.146 -0.224 -0.380 -0.523 -0.539 -0.625 -0.561 -0.455 -0.381 -0.467 -0.447 -0.579 -0.650 -0.792 -0.831 -0.868 -0.869 -0.821 -0.770 -0.704 -0.681 -0.745 -0.715 -0.683 -0.655 -0.706 -0.714 -0.793 -0.802 -0.806 -0.853 -0.890 -0.877 -0.878 -0.916 -0.923 -0.905 -0.907 -0.877 -0.837 -0.790 -0.728 -0.668 -0.705 -0.750 -0.787 -0.859 -0.894 -0.916 -0.940 -0.924 -0.895 -0.783 -0.672 -0.442 -0.157  0.078
  0.484  0.615  0.512  0.650  0.804  0.934  0.928  0.939  0.874  0.950  0.971  1.000  0.978  0.900  0.802  0.521  0.198 -0.575 -0.739 -0.886 -0.867 -0.904 -0.879 -0.791 -0.736 -0.436 -0.068  0.282  0.758  0.926  0.502  0.581  0.663  0.257  0.087  0.323  0.179 -0.215 -0.037  0.088 -0.202 -0.078 -0.287 -0.405 -0.173 -0.336 -0.507 -0.399 -0.583 -0.574 -0.652 -0.809 -0.821 -0.703 -0.609 -0.214 -0.215  0.097 -0.050  0.102  0.329  0.274  0.277  0.080  0.002  0.009 -0.055 -0.224 -0.366 -0.377 -0.480 -0.425 -0.318 -0.251 -0.347 -0.310 -0.435 -0.535 -0.688 -0.724 -0.772 -0.794 -0.748 -0.718 -0.660 -0.603 -0.642 -0.582 -0.532 -0.498 -0.565 -0.596 -0.704 -0.719 -0.701 -0.753 -0.816 -0.792 -0.781 -0.840 -0.855 -0.821 -0.826 -0.788 -0.736 -0.671 -0.595 -0.527 -0.584 -0.640 -0.696 -0.782 -0.821 -0.868 -0.896 -0.862 -0.842 -0.723 -0.592 -0.384 -0.082  0.109
  0.482  0.593  0.534  0.699  0.815  0.933  0.882  0.867  0.775  0.884  0.924  0.978  1.000  0.942  0.817  0.644  0.349 -0.500 -0.751 -0.878 -0.893 -0.913 -0.870 -0.798 -0.739 -0.476 -0.081  0.193  0.690  0.957  0.618  0.646  0.653  0.259  0.121  0.302  0.101 -0.250 -0.061  0.012 -0.289 -0.205 -0.421 -0.526 -0.312 -0.450 -0.614 -0.530 -0.688 -0.666 -0.712 -0.808 -0.768 -0.606 -0.461 -0.033 -0.052  0.246  0.098  0.256  0.393  0.339  0.357  0.185  0.088  0.062  0.019 -0.156 -0.280 -0.279 -0.396 -0.364 -0.269 -0.214 -0.309 -0.255 -0.353 -0.477 -0.613 -0.622 -0.658 -0.675 -0.617 -0.591 -0.531 -0.454 -0.493 -0.430 -0.394 -0.366 -0.463 -0.525 -0.650 -0.670 -0.626 -0.668 -0.750 -0.718 -0.685 -0.752 -0.777 -0.727 -0.723 -0.672 -0.609 -0.537 -0.448 -0.370 -0.428 -0.491 -0.555 -0.658 -0.708 -0.769 -0.814 -0.789 -0.792 -0.696 -0.563 -0.402 -0.107  0.037
  0.715  0.777  0.752  0.878  0.938  0.970  0.899  0.826  0.709  0.782  0.798  0.900  0.942  1.000  0.941  0.817  0.485 -0.241 -0.627 -0.751 -0.790 -0.787 -0.688 -0.587 -0.512 -0.226  0.207  0.345  0.681  0.870  0.482  0.430  0.395 -0.009 -0.150  0.001 -0.176 -0.506 -0.350 -0.275 -0.527 -0.401 -0.510 -0.523 -0.267 -0.338 -0.529 -0.521 -0.701 -0.753 -0.797 -0.867 -0.795 -0.619 -0.373  0.068  0.178  0.481  0.352  0.468  0.650  0.615  0.632  0.477  0.402  0.382  0.339  0.171  0.037  0.030 -0.089 -0.045  0.057  0.112  0.015  0.073 -0.037 -0.168 -0.337 -0.379 -0.463 -0.541 -0.520 -0.549 -0.519 -0.401 -0.366 -0.248 -0.148 -0.104 -0.178 -0.228 -0.374 -0.398 -0.355 -0.421 -0.517 -0.478 -0.462 -0.556 -0.578 -0.527 -0.550 -0.501 -0.446 -0.353 -0.265 -0.195 -0.288 -0.359 -0.444 -0.535 -0.562 -0.652 -0.669 -0.591 -0.571 -0.432 -0.270 -0.110  0.186  0.268
  0.857  0.900  0.846  0.886  0.943  0.928  0.909  0.824  0.740  0.739  0.709  0.802  0.817  0.941  1.000  0.788  0.472 -0.036 -0.385 -0.556 -0.575 -0.582 -0.474 -0.334 -0.248  0.090  0.493  0.620  0.790  0.754  0.243  0.172  0.213 -0.160 -0.352 -0.168 -0.232 -0.574 -0.480 -0.342 -0.516 -0.313 -0.318 -0.268  0.011 -0.030 -0.239 -0.262 -0.476 -0.595 -0.670 -0.801 -0.778 -0.645 -0.423 -0.055  0.174  0.466  0.346  0.407  0.709  0.702  0.700  0.539  0.521  0.549  0.478  0.334  0.180  0.149  0.058  0.138  0.252  0.325  0.235  0.266  0.118  0.030 -0.175 -0.270 -0.403 -0.527 -0.552 -0.617 -0.611 -0.499 -0.410 -0.267 -0.109 -0.052 -0.064 -0.056 -0.182 -0.203 -0.201 -0.293 -0.365 -0.337 -0.365 -0.463 -0.467 -0.442 -0.499 -0.467 -0.440 -0.348 -0.288 -0.238 -0.345 -0.412 -0.492 -0.544 -0.533 -0.617 -0.585 -0.465 -0.394 -0.202 -0.027  0.181  0.463  0.552
  0.667  0.626  0.721  0.837  0.763  0.695  0.548  0.394  0.239  0.321  0.347  0.521  0.644  0.817  0.788  1.000  0.836  0.263 -0.308 -0.360 -0.486 -0.432 -0.279 -0.220 -0.142 -0.010  0.381  0.187  0.322  0.601  0.495  0.276  0.043 -0.210 -0.248 -0.289 -0.505 -0.620 -0.524 -0.583 -0.732 -0.696 -0.697 -0.603 -0.434 -0.381 -0.520 -0.625 -0.709 -0.769 -0.721 -0.617 -0.419 -0.180  0.179  0.562  0.701  0.874  0.789  0.846  0.796  0.789  0.829  0.794  0.726  0.642  0.660  0.541  0.483  0.494  0.384  0.375  0.423  0.433  0.367  0.447  0.423  0.279  0.175  0.180  0.108  0.018  0.022 -0.050 -0.046  0.109  0.195  0.325  0.413  0.441  0.347  0.255  0.105  0.071  0.155  0.115 -0.004  0.042  0.087 -0.013 -0.049  0.020  0.000  0.055  0.111  0.206  0.290  0.354  0.260  0.190  0.100  0.013 -0.009 -0.122 -0.142 -0.063 -0.077  0.001  0.141  0.144  0.328  0.229
  0.319  0.249  0.379  0.474  0.366  0.314  0.167  0.035 -0.087  0.018  0.061  0.198  0.349  0.485  0.472  0.836  1.000  0.516  0.075  0.020 -0.134 -0.099 -0.004 -0.001  0.067  0.049  0.295  0.034  0.147  0.438  0.605  0.344  0.082  0.058  0.063 -0.087 -0.267 -0.219 -0.188 -0.327 -0.394 -0.460 -0.465 -0.387 -0.380 -0.317 -0.359 -0.452 -0.419 -0.402 -0.283 -0.127  0.089  0.329  0.557  0.770  0.777  0.783  0.716  0.743  0.479  0.492  0.543  0.588  0.542  0.427  0.471  0.413  0.431  0.453  0.383  0.332  0.323  0.302  0.283  0.358  0.411  0.314  0.311  0.382  0.369  0.348  0.359  0.322  0.340  0.445  0.489  0.536  0.537  0.522  0.422  0.319  0.230  0.196  0.282  0.296  0.205  0.231  0.296  0.246  0.200  0.255  0.267  0.311  0.358  0.413  0.468  0.527  0.491  0.439  0.394  0.326  0.302  0.234  0.197  0.215  0.171  0.150  0.224  0.117  0.168  0.021
  0.225  0.067  0.191  0.049 -0.134 -0.341 -0.380 -0.509 -0.527 -0.608 -0.660 -0.575 -0.500 -0.241 -0.036  0.263  0.516  1.000  0.793  0.795  0.705  0.748  0.834  0.851  0.882  0.778  0.704  0.257 -0.233 -0.451 -0.288 -0.546 -0.688 -0.459 -0.423 -0.617 -0.495 -0.256 -0.427 -0.500 -0.260 -0.247  0.048  0.284  0.221  0.415  0.445  0.254  0.317  0.201  0.277  0.398  0.497  0.531  0.649  0.482  0.699  0.520  0.592  0.436  0.329  0.404  0.410  0.548  0.637  0.625  0.657  0.750  0.810  0.797  0.843  0.831  0.783  0.753  0.802  0.800  0.851  0.894  0.914  0.893  0.825  0.735  0.641  0.529  0.461  0.511  0.664  0.721  0.802  0.800  0.863  0.893  0.908  0.898  0.892  0.885  0.883  0.878  0.850  0.833  0.836  0.821  0.775  0.752  0.717  0.726  0.684  0.654  0.624  0.626  0.622  0.683  0.748  0.723  0.790  0.863  0.899  0.909  0.912  0.789  0.638  0.417
 -0.141 -0.244 -0.222 -0.438 -0.528 -0.649 -0.570 -0.586 -0.494 -0.623 -0.694 -0.739 -0.751 -0.627 -0.385 -0.308  0.075  0.793  1.000  0.959  0.960  0.937  0.905  0.906  0.905  0.779  0.499  0.288 -0.198 -0.631 -0.491 -0.594 -0.524 -0.162 -0.164 -0.273  0.009  0.243  0.018  0.026  0.328  0.351  0.610  0.756  0.604  0.717  0.812  0.725  0.813  0.748  0.779  0.764  0.708  0.604  0.437  0.051  0.164 -0.092 -0.004 -0.174 -0.210 -0.131 -0.154 -0.034  0.105  0.160  0.155  0.302  0.373  0.342  0.454  0.466  0.405  0.390  0.471  0.413  0.453  0.595  0.658  0.629  0.597  0.574  0.479  0.430  0.380  0.320  0.398  0.363  0.387  0.363  0.488  0.590  0.703  0.711  0.637  0.651  0.731  0.690  0.625  0.676  0.702  0.633  0.598  0.541  0.473  0.423  0.326  0.267  0.301  0.339  0.399  0.514  0.593  0.652  0.734  0.755  0.817  0.796  0.728  0.654  0.428  0.329
 -0.263 -0.387 -0.315 -0.511 -0.646 -0.787 -0.746 -0.771 -0.697 -0.807 -0.858 -0.886 -0.878 -0.751 -0.556 -0.360  0.020  0.795  0.959  1.000  0.981  0.987  0.967  0.931  0.911  0.700  0.379  0.065 -0.454 -0.785 -0.506 -0.625 -0.635 -0.233 -0.161 -0.345 -0.114  0.209 -0.012 -0.069  0.247  0.208  0.470  0.624  0.434  0.583  0.713  0.601  0.735  0.686  0.747  0.818  0.804  0.700  0.578  0.177  0.258 -0.038  0.082 -0.091 -0.228 -0.154 -0.167 -0.002  0.119  0.144  0.172  0.337  0.445  0.431  0.542  0.523  0.438  0.397  0.489  0.442  0.524  0.651  0.755  0.754  0.750  0.740  0.658  0.609  0.550  0.496  0.570  0.529  0.527  0.498  0.602  0.674  0.785  0.795  0.746  0.777  0.848  0.814  0.771  0.824  0.845  0.790  0.768  0.717  0.657  0.602  0.510  0.446  0.487  0.532  0.589  0.695  0.762  0.813  0.876  0.880  0.909  0.846  0.752  0.608  0.337  0.178
 -0.274 -0.378 -0.347 -0.567 -0.667 -0.792 -0.711 -0.710 -0.608 -0.744 -0.810 -0.867 -0.893 -0.790 -0.575 -0.486 -0.134  0.705  0.960  0.981  1.000  0.990  0.948  0.925  0.899  0.723  0.374  0.142 -0.389 -0.808 -0.610 -0.679 -0.616 -0.226 -0.181 -0.311 -0.029  0.253  0.025  0.017  0.341  0.338  0.601  0.741  0.566  0.691  0.814  0.727  0.836  0.777  0.805  0.817  0.750  0.604  0.428 -0.004  0.090 -0.192 -0.073 -0.251 -0.302 -0.229 -0.255 -0.114  0.022  0.079  0.087  0.256  0.347  0.323  0.447  0.448  0.374  0.346  0.437  0.372  0.429  0.579  0.668  0.643  0.631  0.618  0.529  0.486  0.427  0.353  0.421  0.375  0.383  0.359  0.489  0.590  0.718  0.733  0.660  0.681  0.772  0.730  0.668  0.728  0.759  0.690  0.660  0.599  0.527  0.465  0.361  0.288  0.332  0.384  0.450  0.572  0.648  0.713  0.791  0.798  0.847  0.805  0.707  0.607  0.344  0.232
 -0.258 -0.378 -0.319 -0.530 -0.657 -0.803 -0.745 -0.763 -0.678 -0.807 -0.869 -0.904 -0.913 -0.787 -0.582 -0.432 -0.099  0.748  0.937  0.987  0.990  1.000  0.979  0.947  0.919  0.722  0.384  0.084 -0.472 -0.847 -0.612 -0.708 -0.694 -0.308 -0.235 -0.397 -0.144  0.168 -0.056 -0.091  0.236  0.216  0.494  0.654  0.480  0.633  0.756  0.643  0.762  0.695  0.736  0.790  0.754  0.623  0.497  0.083  0.192 -0.094  0.033 -0.148 -0.232 -0.159 -0.180 -0.021  0.106  0.148  0.171  0.341  0.441  0.423  0.540  0.532  0.452  0.414  0.505  0.449  0.518  0.653  0.747  0.729  0.717  0.697  0.608  0.554  0.488  0.429  0.510  0.476  0.488  0.466  0.586  0.673  0.789  0.802  0.743  0.765  0.844  0.808  0.754  0.807  0.835  0.774  0.745  0.690  0.622  0.566  0.468  0.395  0.432  0.482  0.539  0.655  0.728  0.781  0.853  0.866  0.904  0.856  0.759  0.633  0.364  0.216
 -0.110 -0.250 -0.165 -0.373 -0.531 -0.718 -0.686 -0.740 -0.683 -0.816 -0.882 -0.879 -0.870 -0.688 -0.474 -0.279 -0.004  0.834  0.905  0.967  0.948  0.979  1.000  0.982  0.963  0.784  0.501  0.124 -0.478 -0.837 -0.627 -0.768 -0.802 -0.457 -0.380 -0.559 -0.331 -0.022 -0.240 -0.285  0.040  0.036  0.351  0.553  0.416  0.601  0.700  0.547  0.648  0.547  0.592  0.675  0.674  0.569  0.532  0.170  0.343  0.082  0.213  0.024 -0.046  0.030  0.012  0.176  0.298  0.332  0.361  0.519  0.611  0.593  0.696  0.690  0.616  0.578  0.660  0.615  0.678  0.791  0.862  0.831  0.797  0.743  0.644  0.561  0.482  0.457  0.574  0.578  0.623  0.613  0.729  0.807  0.896  0.905  0.858  0.866  0.924  0.899  0.846  0.875  0.901  0.851  0.811  0.761  0.697  0.660  0.574  0.504  0.515  0.556  0.593  0.701  0.778  0.805  0.884  0.924  0.966  0.940  0.868  0.739  0.491  0.306
  0.051 -0.085 -0.027 -0.256 -0.398 -0.599 -0.548 -0.611 -0.551 -0.711 -0.797 -0.791 -0.798 -0.587 -0.334 -0.220 -0.001  0.851  0.906  0.931  0.925  0.947  0.982  1.000  0.994  0.885  0.641  0.298 -0.334 -0.781 -0.695 -0.833 -0.823 -0.528 -0.499 -0.628 -0.365 -0.119 -0.343 -0.337 -0.014  0.042  0.385  0.607  0.522  0.702  0.767  0.608  0.663  0.523  0.539  0.573  0.547  0.436  0.413  0.075  0.316  0.098  0.220  0.023  0.055  0.136  0.110  0.243  0.380  0.439  0.446  0.592  0.652  0.621  0.721  0.741  0.690  0.670  0.741  0.689  0.715  0.832  0.859  0.793  0.724  0.637  0.520  0.418  0.332  0.317  0.462  0.493  0.581  0.585  0.723  0.826  0.905  0.914  0.850  0.835  0.894  0.869  0.794  0.810  0.843  0.786  0.727  0.672  0.602  0.575  0.489  0.417  0.410  0.444  0.472  0.588  0.679  0.698  0.799  0.870  0.940  0.963  0.918  0.844  0.633  0.474
  0.128 -0.009  0.047 -0.182 -0.323 -0.529 -0.481 -0.554 -0.502 -0.663 -0.752 -0.736 -0.739 -0.512 -0.248 -0.142  0.067  0.882  0.905  0.911  0.899  0.919  0.963  0.994  1.000  0.915  0.703  0.361 -0.265 -0.721 -0.671 -0.823 -0.812 -0.538 -0.527 -0.647 -0.385 -0.162 -0.383 -0.368 -0.053  0.020  0.368  0.599  0.533  0.712  0.761  0.597  0.637  0.487  0.500  0.525  0.504  0.407  0.402  0.089  0.350  0.150  0.263  0.068  0.120  0.202  0.177  0.299  0.437  0.498  0.499  0.635  0.684  0.650  0.744  0.770  0.727  0.712  0.777  0.729  0.744  0.855  0.867  0.794  0.712  0.614  0.493  0.383  0.297  0.293  0.448  0.491  0.593  0.600  0.738  0.841  0.911  0.918  0.853  0.832  0.885  0.861  0.784  0.792  0.823  0.769  0.704  0.651  0.582  0.564  0.481  0.414  0.398  0.426  0.448  0.561  0.654  0.666  0.771  0.853  0.930  0.969  0.939  0.878  0.687  0.530
  0.442  0.338  0.322  0.075 -0.003 -0.203 -0.111 -0.186 -0.130 -0.327 -0.450 -0.436 -0.476 -0.226  0.090 -0.010  0.049  0.778  0.779  0.700  0.723  0.722  0.784  0.885  0.915  1.000  0.900  0.696  0.100 -0.491 -0.729 -0.846 -0.730 -0.606 -0.702 -0.689 -0.381 -0.333 -0.533 -0.405 -0.139  0.056  0.413  0.651  0.707  0.845  0.810  0.663  0.595  0.382  0.327  0.233  0.155  0.052  0.066 -0.154  0.216  0.138  0.212  0.026  0.301  0.382  0.340  0.376  0.528  0.639  0.589  0.680  0.650  0.592  0.669  0.751  0.763  0.791  0.823  0.764  0.693  0.801  0.717  0.577  0.430  0.281  0.137  0.006 -0.081 -0.066  0.122  0.213  0.391  0.427  0.595  0.741  0.783  0.789  0.694  0.626  0.676  0.654  0.540  0.520  0.564  0.500  0.403  0.345  0.271  0.277  0.202  0.141  0.087  0.100  0.101  0.217  0.329  0.326  0.463  0.599  0.729  0.866  0.898  0.970  0.889  0.819
  0.759  0.671  0.656  0.472  0.406  0.209  0.259  0.141  0.137 -0.027 -0.140 -0.068 -0.081  0.207  0.493  0.381  0.295  0.704  0.499  0.379  0.374  0.384  0.501  0.641  0.703  0.900  1.000  0.817  0.353 -0.132 -0.510 -0.667 -0.596 -0.646 -0.790 -0.731 -0.518 -0.595 -0.726 -0.582 -0.424 -0.185  0.131  0.373  0.537  0.659  0.543  0.387  0.248  0.012 -0.053 -0.153 -0.181 -0.196 -0.048 -0.065  0.359  0.409  0.429  0.292  0.622  0.688  0.658  0.638  0.751  0.844  0.784  0.801  0.719  0.661  0.683  0.777  0.831  0.878  0.867  0.839  0.727  0.770  0.615  0.462  0.280  0.093 -0.042 -0.192 -0.269 -0.194  0.017  0.166  0.388  0.444  0.573  0.688  0.660  0.654  0.586  0.490  0.491  0.490  0.389  0.322  0.354  0.318  0.212  0.179  0.130  0.179  0.147  0.119  0.021  0.001 -0.040  0.032  0.130  0.081  0.209  0.380  0.514  0.707  0.810  0.935  0.978  0.922
  0.727  0.737  0.585  0.412  0.495  0.422  0.563  0.538  0.591  0.422  0.301  0.282  0.193  0.345  0.620  0.187  0.034  0.257  0.288  0.065  0.142  0.084  0.124  0.298  0.361  0.696  0.817  1.000  0.761  0.176 -0.442 -0.439 -0.156 -0.305 -0.566 -0.322 -0.054 -0.332 -0.416 -0.145 -0.081  0.232  0.423  0.544  0.756  0.742  0.591  0.563  0.350  0.148  0.005 -0.278 -0.439 -0.508 -0.530 -0.524 -0.171 -0.021 -0.061 -0.141  0.372  0.418  0.368  0.234  0.351  0.503  0.380  0.355  0.207  0.129  0.151  0.293  0.394  0.486  0.452  0.397  0.211  0.281  0.081 -0.103 -0.284 -0.436 -0.551 -0.641 -0.679 -0.659 -0.519 -0.409 -0.200 -0.142  0.005  0.164  0.158  0.160  0.046 -0.063 -0.028 -0.046 -0.173 -0.218 -0.175 -0.235 -0.338 -0.377 -0.431 -0.395 -0.431 -0.451 -0.528 -0.548 -0.568 -0.496 -0.403 -0.412 -0.284 -0.133  0.034  0.267  0.381  0.653  0.788  0.922
  0.587  0.695  0.526  0.498  0.662  0.740  0.841  0.867  0.887  0.845  0.795  0.758  0.690  0.681  0.790  0.322  0.147 -0.233 -0.198 -0.454 -0.389 -0.472 -0.478 -0.334 -0.265  0.100  0.353  0.761  1.000  0.727  0.131  0.203  0.481  0.214 -0.067  0.227  0.319 -0.081 -0.031  0.207  0.065  0.303  0.246  0.204  0.418  0.277  0.111  0.202 -0.011 -0.084 -0.211 -0.507 -0.641 -0.624 -0.679 -0.488 -0.354 -0.109 -0.237 -0.184  0.224  0.222  0.195 -0.008  0.022  0.120 -0.001 -0.111 -0.275 -0.328 -0.365 -0.251 -0.134 -0.035 -0.103 -0.123 -0.301 -0.297 -0.482 -0.594 -0.705 -0.770 -0.797 -0.802 -0.773 -0.761 -0.741 -0.683 -0.569 -0.529 -0.484 -0.401 -0.442 -0.448 -0.516 -0.595 -0.593 -0.600 -0.667 -0.705 -0.690 -0.716 -0.765 -0.765 -0.768 -0.726 -0.713 -0.680 -0.732 -0.772 -0.797 -0.801 -0.775 -0.782 -0.732 -0.654 -0.547 -0.364 -0.239  0.050  0.293  0.528
  0.357  0.471  0.409  0.572  0.694  0.839  0.797  0.800  0.726  0.849  0.898  0.926  0.957  0.870  0.754  0.601  0.438 -0.451 -0.631 -0.785 -0.808 -0.847 -0.837 -0.781 -0.721 -0.491 -0.132  0.176  0.727  1.000  0.731  0.752  0.777  0.460  0.313  0.473  0.284 -0.038  0.136  0.190 -0.103 -0.053 -0.297 -0.429 -0.273 -0.429 -0.563 -0.455 -0.576 -0.514 -0.537 -0.638 -0.603 -0.436 -0.364  0.014 -0.074  0.178  0.018  0.180  0.244  0.195  0.219  0.058 -0.032 -0.066 -0.109 -0.273 -0.378 -0.376 -0.481 -0.461 -0.379 -0.328 -0.410 -0.359 -0.437 -0.544 -0.647 -0.629 -0.640 -0.622 -0.556 -0.506 -0.431 -0.379 -0.447 -0.423 -0.427 -0.418 -0.522 -0.586 -0.687 -0.709 -0.668 -0.689 -0.758 -0.736 -0.696 -0.740 -0.771 -0.728 -0.709 -0.658 -0.596 -0.540 -0.460 -0.377 -0.408 -0.469 -0.513 -0.613 -0.668 -0.707 -0.762 -0.766 -0.778 -0.717 -0.604 -0.465 -0.201 -0.047
 -0.167 -0.114 -0.045  0.193  0.212  0.362  0.221  0.216  0.116  0.337  0.455  0.502  0.618  0.482  0.243  0.495  0.605 -0.288 -0.491 -0.506 -0.610 -0.612 -0.627 -0.695 -0.671 -0.729 -0.510 -0.442  0.131  0.731  1.000  0.945  0.740  0.654  0.689  0.610  0.294  0.257  0.420  0.258  0.008 -0.171 -0.472 -0.631 -0.681 -0.782 -0.779 -0.693 -0.623 -0.431 -0.319 -0.193 -0.026  0.197  0.263  0.541  0.230  0.287  0.177  0.341 -0.023 -0.077 -0.014 -0.030 -0.166 -0.313 -0.262 -0.368 -0.339 -0.287 -0.383 -0.470 -0.484 -0.508 -0.541 -0.456 -0.375 -0.502 -0.438 -0.284 -0.177 -0.059  0.060  0.154  0.244  0.279  0.143  0.081 -0.067 -0.112 -0.297 -0.461 -0.534 -0.560 -0.447 -0.381 -0.463 -0.439 -0.317 -0.319 -0.382 -0.309 -0.224 -0.160 -0.075 -0.053  0.032  0.119  0.152  0.110  0.093 -0.032 -0.132 -0.155 -0.281 -0.385 -0.504 -0.623 -0.603 -0.703 -0.606 -0.608
 -0.269 -0.171 -0.168  0.072  0.160  0.366  0.274  0.326  0.263  0.472  0.586  0.581  0.646  0.430  0.172  0.276  0.344 -0.546 -0.594 -0.625 -0.679 -0.708 -0.768 -0.833 -0.823 -0.846 -0.667 -0.439  0.203  0.752  0.945  1.000  0.894  0.779  0.783  0.786  0.508  0.403  0.581  0.476  0.201  0.045 -0.311 -0.535 -0.579 -0.744 -0.738 -0.586 -0.538 -0.324 -0.252 -0.204 -0.110  0.059  0.027  0.280 -0.079  0.003 -0.112  0.072 -0.211 -0.278 -0.227 -0.283 -0.418 -0.534 -0.505 -0.615 -0.605 -0.560 -0.645 -0.714 -0.716 -0.726 -0.762 -0.694 -0.639 -0.743 -0.685 -0.544 -0.425 -0.284 -0.155 -0.029  0.076  0.074 -0.102 -0.192 -0.355 -0.400 -0.571 -0.710 -0.760 -0.779 -0.690 -0.625 -0.683 -0.668 -0.558 -0.543 -0.596 -0.538 -0.449 -0.396 -0.317 -0.311 -0.234 -0.151 -0.100 -0.133 -0.135 -0.252 -0.354 -0.351 -0.477 -0.598 -0.706 -0.819 -0.812 -0.857 -0.743 -0.660
 -0.225 -0.075 -0.170 -0.007  0.162  0.403  0.408  0.517  0.518  0.663  0.740  0.663  0.653  0.395  0.213  0.043  0.082 -0.688 -0.524 -0.635 -0.616 -0.694 -0.802 -0.823 -0.812 -0.730 -0.596 -0.156  0.481  0.777  0.740  0.894  1.000  0.879  0.776  0.908  0.764  0.544  0.694  0.713  0.453  0.396  0.048 -0.204 -0.214 -0.438 -0.452 -0.242 -0.256 -0.071 -0.074 -0.184 -0.222 -0.146 -0.316 -0.138 -0.457 -0.340 -0.465 -0.293 -0.373 -0.431 -0.408 -0.530 -0.617 -0.654 -0.684 -0.788 -0.826 -0.810 -0.866 -0.880 -0.850 -0.822 -0.859 -0.833 -0.847 -0.892 -0.879 -0.798 -0.711 -0.578 -0.472 -0.335 -0.231 -0.281 -0.462 -0.562 -0.694 -0.728 -0.834 -0.896 -0.907 -0.915 -0.890 -0.850 -0.861 -0.865 -0.808 -0.776 -0.806 -0.787 -0.719 -0.687 -0.633 -0.642 -0.596 -0.528 -0.472 -0.496 -0.477 -0.557 -0.632 -0.596 -0.684 -0.789 -0.840 -0.896 -0.886 -0.810 -0.669 -0.465
 -0.528 -0.414 -0.465 -0.360 -0.245 -0.022 -0.013  0.114  0.151  0.285  0.369  0.257  0.259 -0.009 -0.160 -0.210  0.058 -0.459 -0.162 -0.233 -0.226 -0.308 -0.457 -0.528 -0.538 -0.606 -0.646 -0.305  0.214  0.460  0.654  0.779  0.879  1.000  0.943  0.959  0.874  0.829  0.898  0.848  0.700  0.563  0.259  0.021 -0.129 -0.313 -0.231 -0.035  0.055  0.278  0.325  0.272  0.233  0.262 -0.007 -0.024 -0.415 -0.457 -0.530 -0.405 -0.651 -0.686 -0.658 -0.695 -0.748 -0.797 -0.802 -0.831 -0.796 -0.773 -0.781 -0.827 -0.853 -0.853 -0.842 -0.832 -0.778 -0.769 -0.667 -0.546 -0.413 -0.236 -0.134  0.017  0.112  0.015 -0.184 -0.344 -0.535 -0.600 -0.688 -0.743 -0.692 -0.693 -0.676 -0.596 -0.571 -0.593 -0.531 -0.455 -0.486 -0.486 -0.400 -0.382 -0.342 -0.388 -0.382 -0.333 -0.228 -0.230 -0.174 -0.221 -0.289 -0.216 -0.306 -0.454 -0.526 -0.660 -0.721 -0.746 -0.747 -0.604
 -0.710 -0.620 -0.615 -0.479 -0.411 -0.198 -0.228 -0.112 -0.090  0.073  0.181  0.087  0.121 -0.150 -0.352 -0.248  0.063 -0.423 -0.164 -0.161 -0.181 -0.235 -0.380 -0.499 -0.527 -0.702 -0.790 -0.566 -0.067  0.313  0.689  0.783  0.776  0.943  1.000  0.927  0.777  0.849  0.927  0.792  0.660  0.435  0.126 -0.111 -0.326 -0.468 -0.343 -0.170 -0.013  0.245  0.337  0.384  0.398  0.444  0.204  0.163 -0.284 -0.383 -0.436 -0.310 -0.694 -0.734 -0.696 -0.679 -0.755 -0.843 -0.807 -0.816 -0.733 -0.690 -0.697 -0.783 -0.841 -0.872 -0.848 -0.825 -0.716 -0.723 -0.563 -0.399 -0.226 -0.022  0.099  0.257  0.352  0.256  0.041 -0.139 -0.373 -0.451 -0.568 -0.662 -0.608 -0.610 -0.562 -0.456 -0.441 -0.457 -0.366 -0.281 -0.320 -0.304 -0.198 -0.167 -0.123 -0.178 -0.167 -0.124 -0.006  0.003  0.064  0.006 -0.079 -0.008 -0.123 -0.302 -0.415 -0.611 -0.705 -0.820 -0.879 -0.806
 -0.564 -0.427 -0.511 -0.391 -0.239  0.011  0.044  0.191  0.241  0.370  0.449  0.323  0.302  0.001 -0.168 -0.289 -0.087 -0.617 -0.273 -0.345 -0.311 -0.397 -0.559 -0.628 -0.647 -0.689 -0.731 -0.322  0.227  0.473  0.610  0.786  0.908  0.959  0.927  1.000  0.916  0.832  0.928  0.909  0.738  0.612  0.282  0.013 -0.119 -0.326 -0.258 -0.034  0.036  0.265  0.287  0.201  0.133  0.145 -0.151 -0.153 -0.551 -0.558 -0.645 -0.505 -0.685 -0.730 -0.715 -0.779 -0.841 -0.874 -0.886 -0.925 -0.905 -0.884 -0.892 -0.929 -0.943 -0.937 -0.935 -0.932 -0.896 -0.888 -0.796 -0.685 -0.551 -0.369 -0.261 -0.099  0.003 -0.103 -0.318 -0.482 -0.673 -0.732 -0.816 -0.864 -0.812 -0.811 -0.801 -0.726 -0.696 -0.718 -0.662 -0.584 -0.608 -0.610 -0.524 -0.506 -0.473 -0.523 -0.513 -0.469 -0.366 -0.361 -0.302 -0.349 -0.420 -0.340 -0.431 -0.583 -0.649 -0.775 -0.837 -0.831 -0.810 -0.629
 -0.527 -0.394 -0.536 -0.520 -0.341 -0.117 -0.001  0.167  0.278  0.322  0.351  0.179  0.101 -0.176 -0.232 -0.505 -0.267 -0.495  0.009 -0.114 -0.029 -0.144 -0.331 -0.365 -0.385 -0.381 -0.518 -0.054  0.319  0.284  0.294  0.508  0.764  0.874  0.777  0.916  1.000  0.895  0.913  0.988  0.914  0.874  0.636  0.400  0.275  0.064  0.133  0.360  0.397  0.572  0.547  0.357  0.193  0.119 -0.282 -0.418 -0.728 -0.767 -0.831 -0.751 -0.778 -0.800 -0.812 -0.886 -0.882 -0.848 -0.896 -0.894 -0.892 -0.900 -0.862 -0.854 -0.860 -0.834 -0.816 -0.853 -0.858 -0.780 -0.713 -0.660 -0.566 -0.413 -0.353 -0.209 -0.126 -0.268 -0.449 -0.613 -0.760 -0.810 -0.815 -0.783 -0.685 -0.675 -0.725 -0.670 -0.594 -0.637 -0.635 -0.541 -0.542 -0.585 -0.529 -0.547 -0.549 -0.618 -0.649 -0.634 -0.528 -0.507 -0.426 -0.417 -0.445 -0.336 -0.374 -0.496 -0.503 -0.582 -0.653 -0.583 -0.597 -0.373
 -0.793 -0.716 -0.774 -0.769 -0.678 -0.497 -0.423 -0.270 -0.161 -0.104 -0.055 -0.215 -0.250 -0.506 -0.574 -0.620 -0.219 -0.256  0.243  0.209  0.253  0.168 -0.022 -0.119 -0.162 -0.333 -0.595 -0.332 -0.081 -0.038  0.257  0.403  0.544  0.829  0.849  0.832  0.895  1.000  0.971  0.928  0.944  0.791  0.600  0.399  0.150  0.017  0.169  0.346  0.496  0.704  0.749  0.691  0.589  0.513  0.114 -0.143 -0.511 -0.691 -0.703 -0.661 -0.899 -0.906 -0.905 -0.876 -0.869 -0.878 -0.875 -0.812 -0.728 -0.715 -0.652 -0.697 -0.761 -0.779 -0.722 -0.755 -0.673 -0.583 -0.423 -0.316 -0.174  0.011  0.076  0.220  0.289  0.135 -0.050 -0.249 -0.450 -0.525 -0.543 -0.542 -0.414 -0.402 -0.427 -0.333 -0.252 -0.296 -0.268 -0.151 -0.159 -0.196 -0.120 -0.136 -0.143 -0.234 -0.281 -0.281 -0.146 -0.107 -0.008  0.012 -0.022  0.097  0.042 -0.117 -0.167 -0.335 -0.465 -0.536 -0.679 -0.571
 -0.779 -0.679 -0.737 -0.674 -0.563 -0.347 -0.296 -0.141 -0.056  0.042  0.112 -0.037 -0.061 -0.350 -0.480 -0.524 -0.188 -0.427  0.018 -0.012  0.025 -0.056 -0.240 -0.343 -0.383 -0.533 -0.726 -0.416 -0.031  0.136  0.420  0.581  0.694  0.898  0.927  0.928  0.913  0.971  1.000  0.945  0.884  0.712  0.451  0.211 -0.014 -0.174 -0.040  0.159  0.297  0.531  0.578  0.530  0.451  0.411  0.048 -0.116 -0.526 -0.652 -0.692 -0.605 -0.858 -0.883 -0.875 -0.872 -0.901 -0.929 -0.922 -0.896 -0.824 -0.802 -0.766 -0.820 -0.872 -0.889 -0.851 -0.867 -0.788 -0.734 -0.582 -0.459 -0.303 -0.105 -0.014  0.146  0.231  0.092 -0.118 -0.315 -0.531 -0.605 -0.659 -0.689 -0.588 -0.580 -0.583 -0.487 -0.427 -0.462 -0.412 -0.306 -0.323 -0.342 -0.253 -0.252 -0.241 -0.321 -0.343 -0.326 -0.197 -0.168 -0.081 -0.091 -0.147 -0.040 -0.120 -0.291 -0.360 -0.533 -0.649 -0.711 -0.804 -0.676
 -0.623 -0.497 -0.629 -0.611 -0.441 -0.218 -0.103  0.070  0.187  0.232  0.264  0.088  0.012 -0.275 -0.342 -0.583 -0.327 -0.500  0.026 -0.069  0.017 -0.091 -0.285 -0.337 -0.368 -0.405 -0.582 -0.145  0.207  0.190  0.258  0.476  0.713  0.848  0.792  0.909  0.988  0.928  0.945  1.000  0.943  0.874  0.638  0.398  0.244  0.046  0.135  0.359  0.421  0.607  0.590  0.424  0.264  0.179 -0.234 -0.401 -0.732 -0.797 -0.851 -0.776 -0.833 -0.855 -0.869 -0.925 -0.923 -0.894 -0.931 -0.915 -0.895 -0.898 -0.852 -0.856 -0.873 -0.857 -0.831 -0.872 -0.859 -0.777 -0.687 -0.623 -0.514 -0.349 -0.285 -0.136 -0.055 -0.206 -0.395 -0.571 -0.734 -0.789 -0.794 -0.768 -0.660 -0.647 -0.694 -0.630 -0.550 -0.593 -0.586 -0.485 -0.484 -0.526 -0.465 -0.482 -0.489 -0.566 -0.601 -0.592 -0.478 -0.449 -0.362 -0.349 -0.380 -0.264 -0.308 -0.443 -0.460 -0.561 -0.651 -0.608 -0.651 -0.443
 -0.672 -0.584 -0.705 -0.764 -0.633 -0.465 -0.324 -0.157 -0.010 -0.020 -0.015 -0.202 -0.289 -0.527 -0.516 -0.732 -0.394 -0.260  0.328  0.247  0.341  0.236  0.040 -0.014 -0.053 -0.139 -0.424 -0.081  0.065 -0.103  0.008  0.201  0.453  0.700  0.660  0.738  0.914  0.944  0.884  0.943  1.000  0.941  0.809  0.629  0.433  0.286  0.406  0.591  0.679  0.830  0.815  0.654  0.473  0.335 -0.114 -0.416 -0.686 -0.835 -0.845 -0.834 -0.884 -0.880 -0.906 -0.916 -0.868 -0.816 -0.850 -0.779 -0.734 -0.746 -0.661 -0.659 -0.697 -0.690 -0.637 -0.699 -0.674 -0.545 -0.436 -0.390 -0.296 -0.148 -0.120  0.005  0.059 -0.108 -0.261 -0.439 -0.584 -0.641 -0.598 -0.535 -0.391 -0.372 -0.444 -0.380 -0.272 -0.327 -0.345 -0.230 -0.218 -0.282 -0.236 -0.275 -0.307 -0.401 -0.469 -0.487 -0.367 -0.321 -0.218 -0.162 -0.164 -0.034 -0.046 -0.167 -0.163 -0.266 -0.383 -0.366 -0.491 -0.326
 -0.420 -0.321 -0.498 -0.609 -0.441 -0.296 -0.107  0.055  0.218  0.151  0.114 -0.078 -0.205 -0.401 -0.313 -0.696 -0.460 -0.247  0.351  0.208  0.338  0.216  0.036  0.042  0.020  0.056 -0.185  0.232  0.303 -0.053 -0.171  0.045  0.396  0.563  0.435  0.612  0.874  0.791  0.712  0.874  0.941  1.000  0.926  0.779  0.673  0.511  0.575  0.756  0.758  0.837  0.764  0.501  0.260  0.090 -0.357 -0.641 -0.788 -0.868 -0.887 -0.899 -0.748 -0.736 -0.781 -0.844 -0.763 -0.656 -0.733 -0.675 -0.686 -0.724 -0.635 -0.582 -0.581 -0.542 -0.504 -0.585 -0.630 -0.482 -0.447 -0.470 -0.438 -0.345 -0.354 -0.260 -0.219 -0.378 -0.484 -0.619 -0.689 -0.721 -0.628 -0.511 -0.374 -0.353 -0.463 -0.440 -0.322 -0.380 -0.442 -0.346 -0.317 -0.399 -0.390 -0.445 -0.493 -0.572 -0.649 -0.675 -0.585 -0.545 -0.452 -0.374 -0.347 -0.222 -0.192 -0.259 -0.199 -0.216 -0.292 -0.174 -0.241 -0.022
 -0.262 -0.214 -0.376 -0.572 -0.455 -0.401 -0.195 -0.070  0.103 -0.035 -0.113 -0.287 -0.421 -0.510 -0.318 -0.697 -0.465  0.048  0.610  0.470  0.601  0.494  0.351  0.385  0.368  0.413  0.131  0.423  0.246 -0.297 -0.472 -0.311  0.048  0.259  0.126  0.282  0.636  0.600  0.451  0.638  0.809  0.926  1.000  0.955  0.867  0.779  0.835  0.943  0.930  0.923  0.836  0.572  0.320  0.112 -0.294 -0.654 -0.654 -0.769 -0.748 -0.833 -0.600 -0.559 -0.616 -0.651 -0.521 -0.382 -0.465 -0.370 -0.384 -0.437 -0.322 -0.247 -0.247 -0.206 -0.156 -0.254 -0.315 -0.136 -0.127 -0.198 -0.216 -0.184 -0.245 -0.207 -0.207 -0.350 -0.379 -0.472 -0.474 -0.490 -0.340 -0.179 -0.032 -0.009 -0.144 -0.146 -0.016 -0.078 -0.176 -0.093 -0.048 -0.148 -0.173 -0.245 -0.321 -0.395 -0.495 -0.547 -0.481 -0.435 -0.347 -0.230 -0.164 -0.048  0.029  0.013  0.113  0.139  0.071  0.195  0.088  0.255
 -0.102 -0.102 -0.239 -0.477 -0.409 -0.428 -0.232 -0.151  0.011 -0.162 -0.263 -0.405 -0.526 -0.523 -0.268 -0.603 -0.387  0.284  0.756  0.624  0.741  0.654  0.553  0.607  0.599  0.651  0.373  0.544  0.204 -0.429 -0.631 -0.535 -0.204  0.021 -0.111  0.013  0.400  0.399  0.211  0.398  0.629  0.779  0.955  1.000  0.939  0.916  0.956  0.993  0.966  0.891  0.805  0.565  0.334  0.125 -0.208 -0.585 -0.473 -0.601 -0.556 -0.688 -0.418 -0.359 -0.419 -0.430 -0.274 -0.126 -0.208 -0.097 -0.112 -0.173 -0.052  0.032  0.032  0.072  0.126  0.027 -0.040  0.143  0.131  0.031 -0.026 -0.044 -0.138 -0.147 -0.175 -0.291 -0.257 -0.308 -0.258 -0.262 -0.086  0.092  0.229  0.251  0.111  0.090  0.215  0.157  0.041  0.106  0.157  0.054  0.004 -0.072 -0.157 -0.219 -0.329 -0.392 -0.352 -0.308 -0.233 -0.099 -0.010  0.086  0.191  0.217  0.338  0.396  0.344  0.461  0.338  0.448
  0.185  0.199  0.031 -0.208 -0.113 -0.148  0.058  0.116  0.260  0.068 -0.058 -0.173 -0.312 -0.267  0.011 -0.434 -0.380  0.221  0.604  0.434  0.566  0.480  0.416  0.522  0.533  0.707  0.537  0.756  0.418 -0.273 -0.681 -0.579 -0.214 -0.129 -0.326 -0.119  0.275  0.150 -0.014  0.244  0.433  0.673  0.867  0.939  1.000  0.961  0.924  0.949  0.830  0.692  0.559  0.260  0.019 -0.176 -0.435 -0.705 -0.485 -0.509 -0.487 -0.612 -0.181 -0.129 -0.200 -0.268 -0.112  0.063 -0.046  0.026 -0.047 -0.122 -0.024  0.096  0.138  0.204  0.228  0.131  0.005  0.167  0.077 -0.074 -0.185 -0.256 -0.367 -0.403 -0.438 -0.521 -0.449 -0.444 -0.324 -0.300 -0.111  0.084  0.184  0.204  0.053 -0.007  0.102  0.053 -0.085 -0.053  0.005 -0.096 -0.174 -0.250 -0.329 -0.362 -0.459 -0.517 -0.517 -0.490 -0.441 -0.314 -0.214 -0.145 -0.018  0.058  0.213  0.350  0.353  0.555  0.524  0.674
  0.227  0.196  0.070 -0.192 -0.154 -0.247 -0.063 -0.040  0.092 -0.116 -0.247 -0.336 -0.450 -0.338 -0.030 -0.381 -0.317  0.415  0.717  0.583  0.691  0.633  0.601  0.702  0.712  0.845  0.659  0.742  0.277 -0.429 -0.782 -0.744 -0.438 -0.313 -0.468 -0.326  0.064  0.017 -0.174  0.046  0.286  0.511  0.779  0.916  0.961  1.000  0.971  0.933  0.836  0.664  0.550  0.313  0.106 -0.086 -0.278 -0.575 -0.297 -0.355 -0.307 -0.464 -0.073 -0.006 -0.073 -0.099  0.068  0.233  0.141  0.233  0.180  0.107  0.211  0.321  0.350  0.403  0.436  0.342  0.234  0.393  0.312  0.159  0.037 -0.058 -0.186 -0.253 -0.311 -0.373 -0.262 -0.234 -0.096 -0.069  0.127  0.320  0.415  0.434  0.291  0.229  0.330  0.286  0.148  0.170  0.230  0.132  0.044 -0.025 -0.112 -0.141 -0.243 -0.312 -0.325 -0.295 -0.253 -0.118 -0.008  0.046  0.181  0.276  0.428  0.563  0.563  0.722  0.654  0.732
  0.035 -0.006 -0.111 -0.375 -0.357 -0.445 -0.268 -0.228 -0.085 -0.284 -0.400 -0.507 -0.614 -0.529 -0.239 -0.520 -0.359  0.445  0.812  0.713  0.814  0.756  0.700  0.767  0.761  0.810  0.543  0.591  0.111 -0.563 -0.779 -0.738 -0.452 -0.231 -0.343 -0.258  0.133  0.169 -0.040  0.135  0.406  0.575  0.835  0.956  0.924  0.971  1.000  0.967  0.931  0.796  0.709  0.513  0.309  0.101 -0.139 -0.512 -0.302 -0.433 -0.361 -0.527 -0.237 -0.166 -0.224 -0.211 -0.043  0.107  0.033  0.154  0.140  0.077  0.197  0.284  0.284  0.319  0.374  0.277  0.209  0.384  0.355  0.232  0.146  0.083 -0.035 -0.086 -0.142 -0.226 -0.138 -0.146 -0.051 -0.041  0.149  0.332  0.453  0.475  0.338  0.301  0.414  0.364  0.239  0.283  0.339  0.240  0.169  0.097  0.005 -0.043 -0.154 -0.230 -0.216 -0.173 -0.114  0.027  0.131  0.202  0.325  0.388  0.518  0.602  0.563  0.665  0.533  0.584
 -0.072 -0.068 -0.211 -0.458 -0.387 -0.414 -0.211 -0.129  0.035 -0.150 -0.257 -0.399 -0.530 -0.521 -0.262 -0.625 -0.452  0.254  0.725  0.601  0.727  0.643  0.547  0.608  0.597  0.663  0.387  0.563  0.202 -0.455 -0.693 -0.586 -0.242 -0.035 -0.170 -0.034  0.360  0.346  0.159  0.359  0.591  0.756  0.943  0.993  0.949  0.933  0.967  1.000  0.960  0.870  0.769  0.522  0.280  0.058 -0.264 -0.638 -0.502 -0.617 -0.566 -0.700 -0.397 -0.339 -0.401 -0.419 -0.260 -0.102 -0.188 -0.078 -0.101 -0.164 -0.043  0.048  0.054  0.098  0.149  0.046 -0.031  0.152  0.129  0.017 -0.048 -0.077 -0.175 -0.190 -0.224 -0.337 -0.296 -0.337 -0.274 -0.271 -0.087  0.098  0.233  0.257  0.112  0.084  0.210  0.153  0.030  0.091  0.147  0.042 -0.014 -0.091 -0.179 -0.239 -0.349 -0.417 -0.383 -0.338 -0.266 -0.130 -0.037  0.055  0.166  0.202  0.328  0.400  0.352  0.483  0.368  0.484
 -0.288 -0.303 -0.404 -0.636 -0.601 -0.624 -0.448 -0.359 -0.196 -0.355 -0.435 -0.583 -0.688 -0.701 -0.476 -0.709 -0.419  0.317  0.813  0.735  0.836  0.762  0.648  0.663  0.637  0.595  0.248  0.350 -0.011 -0.576 -0.623 -0.538 -0.256  0.055 -0.013  0.036  0.397  0.496  0.297  0.421  0.679  0.758  0.930  0.966  0.830  0.836  0.931  0.960  1.000  0.961  0.907  0.735  0.525  0.308 -0.039 -0.476 -0.426 -0.623 -0.550 -0.686 -0.541 -0.480 -0.527 -0.491 -0.342 -0.219 -0.274 -0.136 -0.108 -0.155 -0.023  0.031  0.001  0.018  0.092 -0.005 -0.026  0.161  0.204  0.139  0.120  0.132  0.051  0.054  0.025 -0.104 -0.089 -0.169 -0.163 -0.181 -0.020  0.137  0.292  0.316  0.190  0.195  0.324  0.265  0.168  0.250  0.296  0.198  0.166  0.095  0.008 -0.070 -0.183 -0.253 -0.192 -0.136 -0.049  0.084  0.163  0.268  0.356  0.351  0.442  0.445  0.356  0.402  0.215  0.279
 -0.498 -0.492 -0.581 -0.766 -0.720 -0.689 -0.529 -0.414 -0.251 -0.362 -0.410 -0.574 -0.666 -0.753 -0.595 -0.769 -0.402  0.201  0.748  0.686  0.777  0.695  0.547  0.523  0.487  0.382  0.012  0.148 -0.084 -0.514 -0.431 -0.324 -0.071  0.278  0.245  0.265  0.572  0.704  0.531  0.607  0.830  0.837  0.923  0.891  0.692  0.664  0.796  0.870  0.961  1.000  0.978  0.837  0.641  0.444  0.045 -0.396 -0.473 -0.700 -0.638 -0.738 -0.715 -0.667 -0.703 -0.655 -0.534 -0.442 -0.479 -0.343 -0.286 -0.318 -0.190 -0.165 -0.215 -0.212 -0.132 -0.218 -0.202 -0.023  0.068  0.054  0.086  0.154  0.109  0.154  0.150 -0.001 -0.045 -0.172 -0.233 -0.273 -0.149 -0.025  0.140  0.163  0.057  0.094  0.222  0.161  0.095  0.198  0.231  0.143  0.143  0.079  0.005 -0.088 -0.193 -0.251 -0.159 -0.099  0.002  0.116  0.169  0.290  0.343  0.288  0.341  0.284  0.167  0.167 -0.040  0.031
 -0.591 -0.602 -0.648 -0.809 -0.797 -0.769 -0.645 -0.543 -0.397 -0.477 -0.505 -0.652 -0.712 -0.797 -0.670 -0.721 -0.283  0.277  0.779  0.747  0.805  0.736  0.592  0.539  0.500  0.327 -0.053  0.005 -0.211 -0.537 -0.319 -0.252 -0.074  0.325  0.337  0.287  0.547  0.749  0.578  0.590  0.815  0.764  0.836  0.805  0.559  0.550  0.709  0.769  0.907  0.978  1.000  0.926  0.779  0.613  0.235 -0.209 -0.337 -0.606 -0.538 -0.634 -0.733 -0.685 -0.708 -0.623 -0.517 -0.461 -0.472 -0.328 -0.239 -0.258 -0.134 -0.138 -0.210 -0.226 -0.137 -0.210 -0.153  0.013  0.142  0.166  0.224  0.314  0.282  0.334  0.334  0.189  0.133 -0.009 -0.104 -0.157 -0.061  0.031  0.194  0.213  0.132  0.190  0.307  0.249  0.208  0.316  0.338  0.262  0.278  0.222  0.158  0.062 -0.037 -0.089  0.015  0.074  0.177  0.279  0.319  0.438  0.470  0.393  0.416  0.316  0.184  0.120 -0.121 -0.098
 -0.702 -0.760 -0.717 -0.829 -0.894 -0.898 -0.852 -0.787 -0.685 -0.715 -0.708 -0.809 -0.808 -0.867 -0.801 -0.617 -0.127  0.398  0.764  0.818  0.817  0.790  0.675  0.573  0.525  0.233 -0.153 -0.278 -0.507 -0.638 -0.193 -0.204 -0.184  0.272  0.384  0.201  0.357  0.691  0.530  0.424  0.654  0.501  0.572  0.565  0.260  0.313  0.513  0.522  0.735  0.837  0.926  1.000  0.950  0.838  0.554  0.127 -0.050 -0.378 -0.286 -0.379 -0.675 -0.631 -0.629 -0.474 -0.401 -0.409 -0.368 -0.213 -0.070 -0.062  0.048 -0.009 -0.118 -0.170 -0.070 -0.114  0.013  0.141  0.327  0.406  0.503  0.611  0.600  0.647  0.643  0.525  0.467  0.321  0.187  0.120  0.167  0.197  0.343  0.356  0.325  0.411  0.499  0.455  0.458  0.561  0.566  0.518  0.556  0.521  0.474  0.381  0.298  0.251  0.361  0.419  0.513  0.591  0.608  0.706  0.704  0.604  0.574  0.409  0.256  0.074 -0.218 -0.304
 -0.695 -0.781 -0.671 -0.733 -0.852 -0.877 -0.898 -0.877 -0.823 -0.806 -0.774 -0.821 -0.768 -0.795 -0.778 -0.419  0.089  0.497  0.708  0.804  0.750  0.754  0.674  0.547  0.504  0.155 -0.181 -0.439 -0.641 -0.603 -0.026 -0.110 -0.222  0.233  0.398  0.133  0.193  0.589  0.451  0.264  0.473  0.260  0.320  0.334  0.019  0.106  0.309  0.280  0.525  0.641  0.779  0.950  1.000  0.959  0.775  0.414  0.214 -0.128 -0.036 -0.117 -0.545 -0.506 -0.486 -0.293 -0.252 -0.313 -0.237 -0.092  0.078  0.105  0.191  0.099 -0.028 -0.103 -0.004 -0.018  0.151  0.235  0.445  0.564  0.678  0.789  0.795  0.835  0.832  0.749  0.694  0.560  0.409  0.336  0.336  0.313  0.428  0.433  0.445  0.546  0.599  0.569  0.606  0.695  0.683  0.662  0.713  0.694  0.671  0.594  0.532  0.500  0.602  0.649  0.727  0.775  0.774  0.846  0.819  0.712  0.644  0.446  0.299  0.044 -0.255 -0.415
 -0.633 -0.727 -0.581 -0.585 -0.723 -0.745 -0.817 -0.827 -0.817 -0.752 -0.698 -0.703 -0.606 -0.619 -0.645 -0.180  0.329  0.531  0.604  0.700  0.604  0.623  0.569  0.436  0.407  0.052 -0.196 -0.508 -0.624 -0.436  0.197  0.059 -0.146  0.262  0.444  0.145  0.119  0.513  0.411  0.179  0.335  0.090  0.112  0.125 -0.176 -0.086  0.101  0.058  0.308  0.444  0.613  0.838  0.959  1.000  0.892  0.629  0.404  0.086  0.152  0.100 -0.409 -0.380 -0.344 -0.146 -0.138 -0.242 -0.147 -0.031  0.141  0.181  0.236  0.123 -0.004 -0.088 -0.001  0.013  0.200  0.240  0.451  0.598  0.719  0.834  0.857  0.897  0.907  0.857  0.799  0.677  0.515  0.438  0.393  0.324  0.404  0.399  0.447  0.554  0.573  0.555  0.622  0.694  0.666  0.669  0.731  0.729  0.728  0.668  0.633  0.624  0.715  0.746  0.806  0.822  0.802  0.851  0.801  0.690  0.598  0.387  0.261 -0.025 -0.291 -0.485
 -0.360 -0.494 -0.278 -0.241 -0.447 -0.539 -0.691 -0.779 -0.844 -0.758 -0.695 -0.609 -0.461 -0.373 -0.423  0.179  0.557  0.649  0.437  0.578  0.428  0.497  0.532  0.413  0.402  0.066 -0.048 -0.530 -0.679 -0.364  0.263  0.027 -0.316 -0.007  0.204 -0.151 -0.282  0.114  0.048 -0.234 -0.114 -0.357 -0.294 -0.208 -0.435 -0.278 -0.139 -0.264 -0.039  0.045  0.235  0.554  0.775  0.892  1.000  0.883  0.753  0.494  0.563  0.515 -0.020  0.006  0.060  0.270  0.247  0.105  0.223  0.305  0.467  0.518  0.529  0.404  0.288  0.195  0.258  0.308  0.498  0.470  0.644  0.787  0.878  0.936  0.956  0.946  0.935  0.963  0.965  0.916  0.805  0.749  0.669  0.557  0.569  0.553  0.645  0.731  0.695  0.704  0.790  0.812  0.772  0.810  0.860  0.881  0.902  0.885  0.885  0.890  0.931  0.938  0.952  0.934  0.907  0.894  0.839  0.773  0.666  0.486  0.409  0.095 -0.119 -0.399
 -0.102 -0.215  0.010  0.144 -0.047 -0.120 -0.330 -0.457 -0.591 -0.446 -0.362 -0.214 -0.033  0.068 -0.055  0.562  0.770  0.482  0.051  0.177 -0.004  0.083  0.170  0.075  0.089 -0.154 -0.065 -0.524 -0.488  0.014  0.541  0.280 -0.138 -0.024  0.163 -0.153 -0.418 -0.143 -0.116 -0.401 -0.416 -0.641 -0.654 -0.585 -0.705 -0.575 -0.512 -0.638 -0.476 -0.396 -0.209  0.127  0.414  0.629  0.883  1.000  0.887  0.764  0.775  0.793  0.285  0.285  0.352  0.508  0.426  0.250  0.370  0.370  0.486  0.546  0.492  0.367  0.289  0.207  0.225  0.312  0.475  0.366  0.482  0.627  0.699  0.734  0.780  0.762  0.768  0.859  0.865  0.868  0.783  0.744  0.605  0.442  0.376  0.348  0.481  0.547  0.454  0.488  0.601  0.578  0.522  0.597  0.648  0.699  0.755  0.782  0.834  0.874  0.875  0.851  0.820  0.745  0.692  0.630  0.549  0.505  0.382  0.241  0.230 -0.047 -0.131 -0.398
  0.273  0.126  0.339  0.392  0.177  0.009 -0.174 -0.353 -0.490 -0.429 -0.399 -0.215 -0.052  0.178  0.174  0.701  0.777  0.699  0.164  0.258  0.090  0.192  0.343  0.316  0.350  0.216  0.359 -0.171 -0.354 -0.074  0.230 -0.079 -0.457 -0.415 -0.284 -0.551 -0.728 -0.511 -0.526 -0.732 -0.686 -0.788 -0.654 -0.473 -0.485 -0.297 -0.302 -0.502 -0.426 -0.473 -0.337 -0.050  0.214  0.404  0.753  0.887  1.000  0.933  0.955  0.912  0.609  0.632  0.679  0.814  0.778  0.654  0.744  0.745  0.812  0.846  0.797  0.723  0.679  0.621  0.625  0.697  0.794  0.696  0.726  0.785  0.768  0.703  0.689  0.597  0.559  0.690  0.799  0.887  0.918  0.917  0.842  0.734  0.646  0.620  0.720  0.731  0.637  0.675  0.737  0.675  0.638  0.700  0.698  0.734  0.767  0.821  0.863  0.886  0.832  0.800  0.743  0.698  0.689  0.597  0.576  0.620  0.561  0.524  0.565  0.364  0.318  0.036
  0.506  0.392  0.566  0.649  0.480  0.332  0.156 -0.033 -0.188 -0.126 -0.105  0.097  0.246  0.481  0.466  0.874  0.783  0.520 -0.092 -0.038 -0.192 -0.094  0.082  0.098  0.150  0.138  0.409 -0.021 -0.109  0.178  0.287  0.003 -0.340 -0.457 -0.383 -0.558 -0.767 -0.691 -0.652 -0.797 -0.835 -0.868 -0.769 -0.601 -0.509 -0.355 -0.433 -0.617 -0.623 -0.700 -0.606 -0.378 -0.128  0.086  0.494  0.764  0.933  1.000  0.975  0.972  0.799  0.809  0.849  0.913  0.858  0.751  0.816  0.760  0.767  0.792  0.711  0.666  0.668  0.637  0.603  0.682  0.721  0.589  0.548  0.573  0.519  0.423  0.410  0.310  0.279  0.438  0.559  0.690  0.767  0.788  0.706  0.601  0.471  0.441  0.541  0.520  0.404  0.453  0.507  0.414  0.380  0.452  0.434  0.481  0.526  0.606  0.671  0.708  0.622  0.571  0.488  0.423  0.410  0.294  0.276  0.352  0.314  0.341  0.435  0.321  0.385  0.161
  0.473  0.339  0.530  0.589  0.391  0.212  0.027 -0.162 -0.316 -0.269 -0.250 -0.050  0.098  0.352  0.346  0.789  0.716  0.592 -0.004  0.082 -0.073  0.033  0.213  0.220  0.263  0.212  0.429 -0.061 -0.237  0.018  0.177 -0.112 -0.465 -0.530 -0.436 -0.645 -0.831 -0.703 -0.692 -0.851 -0.845 -0.887 -0.748 -0.556 -0.487 -0.307 -0.361 -0.566 -0.550 -0.638 -0.538 -0.286 -0.036  0.152  0.563  0.775  0.955  0.975  1.000  0.972  0.771  0.788  0.833  0.926  0.883  0.776  0.849  0.818  0.844  0.870  0.801  0.751  0.736  0.698  0.678  0.754  0.810  0.691  0.665  0.689  0.637  0.535  0.513  0.402  0.358  0.514  0.649  0.779  0.859  0.879  0.808  0.709  0.591  0.564  0.661  0.643  0.535  0.582  0.632  0.544  0.513  0.580  0.560  0.600  0.637  0.712  0.768  0.793  0.710  0.667  0.587  0.534  0.529  0.414  0.404  0.483  0.443  0.461  0.539  0.399  0.421  0.164
  0.444  0.340  0.526  0.630  0.457  0.322  0.124 -0.055 -0.224 -0.143 -0.100  0.102  0.256  0.468  0.407  0.846  0.743  0.436 -0.174 -0.091 -0.251 -0.148  0.024  0.023  0.068  0.026  0.292 -0.141 -0.184  0.180  0.341  0.072 -0.293 -0.405 -0.310 -0.505 -0.751 -0.661 -0.605 -0.776 -0.834 -0.899 -0.833 -0.688 -0.612 -0.464 -0.527 -0.700 -0.686 -0.738 -0.634 -0.379 -0.117  0.100  0.515  0.793  0.912  0.972  0.972  1.000  0.748  0.749  0.803  0.875  0.801  0.677  0.755  0.696  0.716  0.751  0.660  0.601  0.593  0.555  0.524  0.612  0.670  0.526  0.502  0.548  0.516  0.438  0.443  0.357  0.335  0.491  0.591  0.709  0.763  0.777  0.674  0.549  0.415  0.386  0.500  0.490  0.368  0.421  0.490  0.401  0.361  0.441  0.434  0.491  0.545  0.624  0.697  0.738  0.660  0.609  0.524  0.446  0.420  0.302  0.268  0.327  0.268  0.272  0.356  0.220  0.279  0.046
  0.834  0.759  0.829  0.854  0.763  0.599  0.507  0.334  0.214  0.201  0.151  0.329  0.393  0.650  0.709  0.796  0.479  0.329 -0.210 -0.228 -0.302 -0.232 -0.046  0.055  0.120  0.301  0.622  0.372  0.224  0.244 -0.023 -0.211 -0.373 -0.651 -0.694 -0.685 -0.778 -0.899 -0.858 -0.833 -0.884 -0.748 -0.600 -0.418 -0.181 -0.073 -0.237 -0.397 -0.541 -0.715 -0.733 -0.675 -0.545 -0.409 -0.020  0.285  0.609  0.799  0.771  0.748  1.000  0.989  0.976  0.926  0.901  0.890  0.887  0.800  0.712  0.701  0.622  0.658  0.724  0.744  0.680  0.727  0.654  0.545  0.387  0.303  0.166 -0.005 -0.059 -0.195 -0.246 -0.081  0.092  0.281  0.469  0.533  0.523  0.501  0.360  0.340  0.379  0.293  0.197  0.243  0.230  0.110  0.104  0.150  0.086  0.111  0.131  0.232  0.287  0.309  0.179  0.125  0.025 -0.012  0.012 -0.111 -0.071  0.077  0.120  0.278  0.425  0.488  0.655  0.549
  0.855  0.769  0.841  0.844  0.744  0.562  0.475  0.298  0.183  0.152  0.097  0.274  0.339  0.615  0.702  0.789  0.492  0.404 -0.131 -0.154 -0.229 -0.159  0.030  0.136  0.202  0.382  0.688  0.418  0.222  0.195 -0.077 -0.278 -0.431 -0.686 -0.734 -0.730 -0.800 -0.906 -0.883 -0.855 -0.880 -0.736 -0.559 -0.359 -0.129 -0.006 -0.166 -0.339 -0.480 -0.667 -0.685 -0.631 -0.506 -0.380  0.006  0.285  0.632  0.809  0.788  0.749  0.989  1.000  0.989  0.948  0.937  0.933  0.926  0.850  0.764  0.749  0.678  0.718  0.783  0.804  0.744  0.786  0.711  0.612  0.452  0.361  0.215  0.035 -0.030 -0.177 -0.235 -0.071  0.117  0.311  0.508  0.573  0.577  0.565  0.430  0.411  0.443  0.354  0.263  0.306  0.286  0.167  0.163  0.204  0.134  0.155  0.166  0.265  0.315  0.332  0.201  0.148  0.051  0.023  0.055 -0.066 -0.017  0.140  0.191  0.355  0.501  0.563  0.716  0.601
  0.846  0.756  0.842  0.861  0.750  0.569  0.460  0.282  0.153  0.136  0.097  0.277  0.357  0.632  0.700  0.829  0.543  0.410 -0.154 -0.167 -0.255 -0.180  0.012  0.110  0.177  0.340  0.658  0.368  0.195  0.219 -0.014 -0.227 -0.408 -0.658 -0.696 -0.715 -0.812 -0.905 -0.875 -0.869 -0.906 -0.781 -0.616 -0.419 -0.200 -0.073 -0.224 -0.401 -0.527 -0.703 -0.708 -0.629 -0.486 -0.344  0.060  0.352  0.679  0.849  0.833  0.803  0.976  0.989  1.000  0.969  0.950  0.929  0.930  0.850  0.772  0.763  0.684  0.714  0.773  0.790  0.732  0.783  0.719  0.610  0.459  0.382  0.245  0.071  0.013 -0.131 -0.184 -0.014  0.169  0.361  0.547  0.608  0.595  0.569  0.428  0.406  0.450  0.367  0.268  0.314  0.304  0.184  0.175  0.224  0.160  0.186  0.203  0.302  0.361  0.384  0.254  0.199  0.098  0.061  0.086 -0.040  0.000  0.150  0.190  0.341  0.487  0.530  0.681  0.550
  0.725  0.604  0.737  0.750  0.590  0.385  0.251  0.061 -0.074 -0.083 -0.110  0.080  0.185  0.477  0.539  0.794  0.588  0.548 -0.034 -0.002 -0.114 -0.021  0.176  0.243  0.299  0.376  0.638  0.234 -0.008  0.058 -0.030 -0.283 -0.530 -0.695 -0.679 -0.779 -0.886 -0.876 -0.872 -0.925 -0.916 -0.844 -0.651 -0.430 -0.268 -0.099 -0.211 -0.419 -0.491 -0.655 -0.623 -0.474 -0.293 -0.146  0.270  0.508  0.814  0.913  0.926  0.875  0.926  0.948  0.969  1.000  0.982  0.933  0.964  0.915  0.878  0.880  0.812  0.815  0.845  0.839  0.800  0.856  0.836  0.731  0.624  0.574  0.459  0.297  0.240  0.094  0.032  0.201  0.386  0.564  0.725  0.775  0.755  0.711  0.582  0.560  0.618  0.554  0.456  0.502  0.506  0.395  0.382  0.434  0.380  0.405  0.421  0.511  0.563  0.579  0.461  0.414  0.320  0.288  0.311  0.187  0.220  0.355  0.372  0.481  0.599  0.569  0.656  0.461
  0.759  0.629  0.745  0.711  0.552  0.327  0.221  0.033 -0.080 -0.128 -0.174  0.002  0.088  0.402  0.521  0.726  0.542  0.637  0.105  0.119  0.022  0.106  0.298  0.380  0.437  0.528  0.751  0.351  0.022 -0.032 -0.166 -0.418 -0.617 -0.748 -0.755 -0.841 -0.882 -0.869 -0.901 -0.923 -0.868 -0.763 -0.521 -0.274 -0.112  0.068 -0.043 -0.260 -0.342 -0.534 -0.517 -0.401 -0.252 -0.138  0.247  0.426  0.778  0.858  0.883  0.801  0.901  0.937  0.950  0.982  1.000  0.978  0.992  0.962  0.920  0.910  0.861  0.882  0.913  0.914  0.883  0.923  0.889  0.813  0.697  0.622  0.488  0.310  0.230  0.072 -0.002  0.156  0.361  0.544  0.726  0.780  0.793  0.782  0.672  0.652  0.687  0.615  0.534  0.572  0.553  0.447  0.444  0.479  0.410  0.424  0.425  0.509  0.543  0.546  0.427  0.386  0.299  0.291  0.333  0.219  0.275  0.425  0.466  0.594  0.710  0.700  0.769  0.581
  0.819  0.701  0.780  0.702  0.568  0.338  0.275  0.101  0.014 -0.075 -0.146  0.009  0.062  0.382  0.549  0.642  0.427  0.625  0.160  0.144  0.079  0.148  0.332  0.439  0.498  0.639  0.844  0.503  0.120 -0.066 -0.313 -0.534 -0.654 -0.797 -0.843 -0.874 -0.848 -0.878 -0.929 -0.894 -0.816 -0.656 -0.382 -0.126  0.063  0.233  0.107 -0.102 -0.219 -0.442 -0.461 -0.409 -0.313 -0.242  0.105  0.250  0.654  0.751  0.776  0.677  0.890  0.933  0.929  0.933  0.978  1.000  0.988  0.963  0.898  0.873  0.839  0.888  0.935  0.953  0.920  0.940  0.871  0.821  0.677  0.565  0.406  0.209  0.110 -0.057 -0.139  0.005  0.225  0.416  0.630  0.693  0.744  0.772  0.675  0.661  0.665  0.575  0.513  0.544  0.497  0.392  0.402  0.420  0.333  0.335  0.321  0.402  0.421  0.413  0.288  0.251  0.169  0.182  0.243  0.138  0.219  0.389  0.462  0.626  0.748  0.792  0.870  0.722
  0.746  0.616  0.727  0.668  0.508  0.274  0.186  0.002 -0.098 -0.167 -0.224 -0.055  0.019  0.339  0.478  0.660  0.471  0.657  0.155  0.172  0.087  0.171  0.361  0.446  0.499  0.589  0.784  0.380 -0.001 -0.109 -0.262 -0.505 -0.684 -0.802 -0.807 -0.886 -0.896 -0.875 -0.922 -0.931 -0.850 -0.733 -0.465 -0.208 -0.046  0.141  0.033 -0.188 -0.274 -0.479 -0.472 -0.368 -0.237 -0.147  0.223  0.370  0.744  0.816  0.849  0.755  0.887  0.926  0.930  0.964  0.992  0.988  1.000  0.983  0.941  0.926  0.889  0.916  0.948  0.950  0.923  0.953  0.912  0.850  0.732  0.645  0.504  0.320  0.231  0.068 -0.014  0.136  0.349  0.533  0.725  0.782  0.813  0.818  0.717  0.701  0.724  0.648  0.577  0.612  0.582  0.479  0.482  0.510  0.434  0.441  0.434  0.514  0.538  0.531  0.412  0.377  0.294  0.298  0.349  0.240  0.306  0.463  0.514  0.649  0.759  0.756  0.811  0.624
  0.655  0.511  0.633  0.539  0.360  0.108  0.030 -0.148 -0.230 -0.318 -0.380 -0.224 -0.156  0.171  0.334  0.541  0.413  0.750  0.302  0.337  0.256  0.341  0.519  0.592  0.635  0.680  0.801  0.355 -0.111 -0.273 -0.368 -0.615 -0.788 -0.831 -0.816 -0.925 -0.894 -0.812 -0.896 -0.915 -0.779 -0.675 -0.370 -0.097  0.026  0.233  0.154 -0.078 -0.136 -0.343 -0.328 -0.213 -0.092 -0.031  0.305  0.370  0.745  0.760  0.818  0.696  0.800  0.850  0.850  0.915  0.962  0.963  0.983  1.000  0.981  0.966  0.951  0.974  0.987  0.980  0.971  0.990  0.967  0.930  0.837  0.752  0.618  0.438  0.340  0.174  0.082  0.215  0.432  0.602  0.786  0.837  0.888  0.906  0.829  0.817  0.831  0.763  0.708  0.736  0.700  0.611  0.619  0.636  0.559  0.555  0.538  0.603  0.610  0.590  0.482  0.458  0.389  0.413  0.473  0.377  0.453  0.603  0.656  0.773  0.858  0.828  0.828  0.621
  0.510  0.351  0.507  0.418  0.209 -0.046 -0.143 -0.320 -0.404 -0.476 -0.523 -0.366 -0.280  0.037  0.180  0.483  0.431  0.810  0.373  0.445  0.347  0.441  0.611  0.652  0.684  0.650  0.719  0.207 -0.275 -0.378 -0.339 -0.605 -0.826 -0.796 -0.733 -0.905 -0.892 -0.728 -0.824 -0.895 -0.734 -0.686 -0.384 -0.112 -0.047  0.180  0.140 -0.101 -0.108 -0.286 -0.239 -0.070  0.078  0.141  0.467  0.486  0.812  0.767  0.844  0.716  0.712  0.764  0.772  0.878  0.920  0.898  0.941  0.981  1.000  0.996  0.990  0.986  0.973  0.946  0.953  0.976  0.994  0.960  0.913  0.859  0.755  0.600  0.511  0.355  0.264  0.387  0.589  0.735  0.884  0.921  0.959  0.958  0.895  0.883  0.911  0.864  0.812  0.838  0.819  0.743  0.746  0.766  0.704  0.701  0.687  0.741  0.743  0.720  0.630  0.613  0.554  0.578  0.631  0.542  0.603  0.729  0.757  0.828  0.884  0.793  0.741  0.492
  0.466  0.305  0.477  0.406  0.187 -0.064 -0.177 -0.356 -0.449 -0.503 -0.539 -0.377 -0.279  0.030  0.149  0.494  0.453  0.797  0.342  0.431  0.323  0.423  0.593  0.621  0.650  0.592  0.661  0.129 -0.328 -0.376 -0.287 -0.560 -0.810 -0.773 -0.690 -0.884 -0.900 -0.715 -0.802 -0.898 -0.746 -0.724 -0.437 -0.173 -0.122  0.107  0.077 -0.164 -0.155 -0.318 -0.258 -0.062  0.105  0.181  0.518  0.546  0.846  0.792  0.870  0.751  0.701  0.749  0.763  0.880  0.910  0.873  0.926  0.966  0.996  1.000  0.989  0.972  0.951  0.916  0.925  0.954  0.988  0.944  0.911  0.873  0.783  0.638  0.560  0.409  0.322  0.447  0.640  0.780  0.913  0.946  0.968  0.951  0.885  0.872  0.911  0.873  0.815  0.844  0.837  0.762  0.760  0.787  0.734  0.736  0.728  0.781  0.788  0.769  0.684  0.666  0.606  0.621  0.666  0.575  0.624  0.739  0.753  0.806  0.856  0.741  0.682  0.420
  0.405  0.241  0.407  0.303  0.083 -0.174 -0.263 -0.432 -0.502 -0.579 -0.625 -0.480 -0.396 -0.089  0.058  0.384  0.383  0.843  0.454  0.542  0.447  0.540  0.696  0.721  0.744  0.669  0.683  0.151 -0.365 -0.481 -0.383 -0.645 -0.866 -0.781 -0.697 -0.892 -0.862 -0.652 -0.766 -0.852 -0.661 -0.635 -0.322 -0.052 -0.024  0.211  0.197 -0.043 -0.023 -0.190 -0.134  0.048  0.191  0.236  0.529  0.492  0.797  0.711  0.801  0.660  0.622  0.678  0.684  0.812  0.861  0.839  0.889  0.951  0.990  0.989  1.000  0.987  0.958  0.922  0.942  0.958  0.993  0.975  0.954  0.910  0.820  0.678  0.590  0.440  0.346  0.453  0.647  0.775  0.906  0.936  0.981  0.983  0.940  0.930  0.955  0.919  0.878  0.900  0.881  0.819  0.822  0.837  0.780  0.772  0.753  0.794  0.785  0.755  0.679  0.670  0.623  0.657  0.711  0.635  0.695  0.808  0.830  0.878  0.912  0.795  0.703  0.443
  0.503  0.348  0.482  0.352  0.155 -0.106 -0.168 -0.332 -0.390 -0.496 -0.561 -0.425 -0.364 -0.045  0.138  0.375  0.332  0.831  0.466  0.523  0.448  0.532  0.690  0.741  0.770  0.751  0.777  0.293 -0.251 -0.461 -0.470 -0.714 -0.880 -0.827 -0.783 -0.929 -0.854 -0.697 -0.820 -0.856 -0.659 -0.582 -0.247  0.032  0.096  0.321  0.284  0.048  0.031 -0.165 -0.138 -0.009  0.099  0.123  0.404  0.367  0.723  0.666  0.751  0.601  0.658  0.718  0.714  0.815  0.882  0.888  0.916  0.974  0.986  0.972  0.987  1.000  0.990  0.970  0.983  0.987  0.989  0.983  0.929  0.853  0.736  0.573  0.469  0.308  0.209  0.314  0.525  0.669  0.832  0.873  0.943  0.973  0.930  0.923  0.926  0.873  0.840  0.859  0.818  0.750  0.763  0.767  0.695  0.679  0.650  0.695  0.680  0.645  0.558  0.549  0.499  0.545  0.613  0.537  0.618  0.752  0.801  0.887  0.937  0.870  0.803  0.575
  0.605  0.462  0.573  0.442  0.265  0.007 -0.041 -0.206 -0.264 -0.381 -0.455 -0.318 -0.269  0.057  0.252  0.423  0.323  0.783  0.405  0.438  0.374  0.452  0.616  0.690  0.727  0.763  0.831  0.394 -0.134 -0.379 -0.484 -0.716 -0.850 -0.853 -0.841 -0.943 -0.860 -0.761 -0.872 -0.873 -0.697 -0.581 -0.247  0.032  0.138  0.350  0.284  0.054  0.001 -0.215 -0.210 -0.118 -0.028 -0.004  0.288  0.289  0.679  0.668  0.736  0.593  0.724  0.783  0.773  0.845  0.913  0.935  0.948  0.987  0.973  0.951  0.958  0.990  1.000  0.993  0.994  0.995  0.967  0.958  0.871  0.773  0.637  0.456  0.346  0.179  0.079  0.192  0.414  0.575  0.762  0.813  0.891  0.932  0.879  0.871  0.867  0.797  0.762  0.782  0.731  0.653  0.669  0.672  0.590  0.574  0.543  0.597  0.587  0.554  0.455  0.440  0.382  0.427  0.499  0.417  0.506  0.658  0.723  0.842  0.912  0.888  0.861  0.662
  0.674  0.541  0.628  0.488  0.330  0.077  0.044 -0.116 -0.170 -0.298 -0.381 -0.251 -0.214  0.112  0.325  0.433  0.302  0.753  0.390  0.397  0.346  0.414  0.578  0.670  0.712  0.791  0.878  0.486 -0.035 -0.328 -0.508 -0.726 -0.822 -0.853 -0.872 -0.937 -0.834 -0.779 -0.889 -0.857 -0.690 -0.542 -0.206  0.072  0.204  0.403  0.319  0.098  0.018 -0.212 -0.226 -0.170 -0.103 -0.088  0.195  0.207  0.621  0.637  0.698  0.555  0.744  0.804  0.790  0.839  0.914  0.953  0.950  0.980  0.946  0.916  0.922  0.970  0.993  1.000  0.994  0.990  0.939  0.935  0.825  0.709  0.557  0.366  0.250  0.079 -0.020  0.093  0.320  0.490  0.694  0.751  0.839  0.896  0.841  0.834  0.817  0.737  0.705  0.724  0.661  0.579  0.599  0.596  0.506  0.488  0.454  0.512  0.500  0.469  0.362  0.345  0.285  0.333  0.411  0.330  0.428  0.591  0.673  0.815  0.898  0.911  0.907  0.735
  0.605  0.464  0.559  0.405  0.236 -0.022 -0.053 -0.208 -0.252 -0.385 -0.467 -0.347 -0.309  0.015  0.235  0.367  0.283  0.802  0.471  0.489  0.437  0.505  0.660  0.741  0.777  0.823  0.867  0.452 -0.103 -0.410 -0.541 -0.762 -0.859 -0.842 -0.848 -0.935 -0.816 -0.722 -0.851 -0.831 -0.637 -0.504 -0.156  0.126  0.228  0.436  0.374  0.149  0.092 -0.132 -0.137 -0.070 -0.004 -0.001  0.258  0.225  0.625  0.603  0.678  0.524  0.680  0.744  0.732  0.800  0.883  0.920  0.923  0.971  0.953  0.925  0.942  0.983  0.994  0.994  1.000  0.993  0.957  0.965  0.875  0.767  0.624  0.442  0.323  0.155  0.054  0.155  0.380  0.536  0.729  0.779  0.873  0.933  0.892  0.886  0.867  0.795  0.772  0.787  0.724  0.651  0.672  0.665  0.578  0.556  0.518  0.566  0.546  0.508  0.411  0.400  0.349  0.406  0.487  0.414  0.514  0.668  0.746  0.872  0.938  0.929  0.893  0.707
  0.620  0.472  0.584  0.458  0.279  0.021 -0.036 -0.202 -0.265 -0.376 -0.447 -0.310 -0.255  0.073  0.266  0.447  0.358  0.800  0.413  0.442  0.372  0.449  0.615  0.689  0.729  0.764  0.839  0.397 -0.123 -0.359 -0.456 -0.694 -0.833 -0.832 -0.825 -0.932 -0.853 -0.755 -0.867 -0.872 -0.699 -0.585 -0.254  0.027  0.131  0.342  0.277  0.046 -0.005 -0.218 -0.210 -0.114 -0.018  0.013  0.308  0.312  0.697  0.682  0.754  0.612  0.727  0.786  0.783  0.856  0.923  0.940  0.953  0.990  0.976  0.954  0.958  0.987  0.995  0.990  0.993  1.000  0.975  0.963  0.877  0.783  0.646  0.467  0.357  0.189  0.093  0.209  0.431  0.591  0.777  0.825  0.898  0.936  0.880  0.871  0.869  0.801  0.764  0.784  0.735  0.656  0.670  0.674  0.593  0.579  0.550  0.606  0.598  0.568  0.468  0.451  0.393  0.435  0.506  0.423  0.511  0.662  0.726  0.843  0.916  0.889  0.862  0.659
  0.467  0.303  0.457  0.353  0.140 -0.118 -0.207 -0.377 -0.450 -0.528 -0.579 -0.435 -0.353 -0.037  0.118  0.423  0.411  0.851  0.453  0.524  0.429  0.518  0.678  0.715  0.744  0.693  0.727  0.211 -0.301 -0.437 -0.375 -0.639 -0.847 -0.778 -0.716 -0.896 -0.858 -0.673 -0.788 -0.859 -0.674 -0.630 -0.315 -0.040  0.005  0.234  0.209 -0.031 -0.026 -0.202 -0.153  0.013  0.151  0.200  0.498  0.475  0.794  0.721  0.810  0.670  0.654  0.711  0.719  0.836  0.889  0.871  0.912  0.967  0.994  0.988  0.993  0.989  0.967  0.939  0.957  0.975  1.000  0.981  0.945  0.892  0.791  0.642  0.548  0.394  0.302  0.414  0.615  0.750  0.893  0.925  0.972  0.979  0.931  0.920  0.940  0.899  0.856  0.878  0.854  0.787  0.792  0.805  0.743  0.735  0.715  0.762  0.755  0.726  0.645  0.633  0.582  0.615  0.673  0.593  0.659  0.780  0.811  0.874  0.919  0.819  0.744  0.492
  0.413  0.250  0.381  0.231  0.030 -0.229 -0.280 -0.431 -0.471 -0.583 -0.650 -0.535 -0.477 -0.168  0.030  0.279  0.314  0.894  0.595  0.651  0.579  0.653  0.791  0.832  0.855  0.801  0.770  0.281 -0.297 -0.544 -0.502 -0.743 -0.892 -0.769 -0.723 -0.888 -0.780 -0.583 -0.734 -0.777 -0.545 -0.482 -0.136  0.143  0.167  0.393  0.384  0.152  0.161 -0.023  0.013  0.141  0.235  0.240  0.470  0.366  0.696  0.589  0.691  0.526  0.545  0.612  0.610  0.731  0.813  0.821  0.850  0.930  0.960  0.944  0.975  0.983  0.958  0.935  0.965  0.963  0.981  1.000  0.969  0.901  0.796  0.649  0.540  0.388  0.290  0.376  0.578  0.698  0.843  0.873  0.952  0.992  0.974  0.968  0.962  0.921  0.904  0.914  0.870  0.819  0.833  0.827  0.759  0.736  0.700  0.731  0.702  0.660  0.590  0.589  0.554  0.613  0.686  0.628  0.711  0.832  0.881  0.948  0.977  0.891  0.782  0.549
  0.193  0.021  0.185  0.049 -0.176 -0.420 -0.489 -0.627 -0.663 -0.748 -0.792 -0.688 -0.613 -0.337 -0.175  0.175  0.311  0.914  0.658  0.755  0.668  0.747  0.862  0.859  0.867  0.717  0.615  0.081 -0.482 -0.647 -0.438 -0.685 -0.879 -0.667 -0.563 -0.796 -0.713 -0.423 -0.582 -0.687 -0.436 -0.447 -0.127  0.131  0.077  0.312  0.355  0.129  0.204  0.068  0.142  0.327  0.445  0.451  0.644  0.482  0.726  0.548  0.665  0.502  0.387  0.452  0.459  0.624  0.697  0.677  0.732  0.837  0.913  0.911  0.954  0.929  0.871  0.825  0.875  0.877  0.945  0.969  1.000  0.976  0.916  0.811  0.721  0.593  0.503  0.568  0.736  0.816  0.905  0.914  0.973  0.989  0.992  0.987  0.997  0.987  0.976  0.983  0.962  0.934  0.940  0.937  0.892  0.872  0.840  0.853  0.818  0.774  0.733  0.742  0.725  0.782  0.841  0.798  0.859  0.939  0.955  0.957  0.946  0.788  0.618  0.351
  0.046 -0.128  0.066 -0.031 -0.270 -0.491 -0.590 -0.725 -0.773 -0.816 -0.831 -0.724 -0.622 -0.379 -0.270  0.180  0.382  0.893  0.629  0.754  0.643  0.729  0.831  0.793  0.794  0.577  0.462 -0.103 -0.594 -0.629 -0.284 -0.544 -0.798 -0.546 -0.399 -0.685 -0.660 -0.316 -0.459 -0.623 -0.390 -0.470 -0.198  0.031 -0.074  0.159  0.232  0.017  0.139  0.054  0.166  0.406  0.564  0.598  0.787  0.627  0.785  0.573  0.689  0.548  0.303  0.361  0.382  0.574  0.622  0.565  0.645  0.752  0.859  0.873  0.910  0.853  0.773  0.709  0.767  0.783  0.892  0.901  0.976  1.000  0.979  0.912  0.848  0.743  0.669  0.729  0.863  0.913  0.950  0.942  0.965  0.943  0.948  0.941  0.976  0.993  0.973  0.981  0.991  0.974  0.968  0.977  0.956  0.947  0.929  0.934  0.907  0.874  0.852  0.862  0.851  0.890  0.929  0.890  0.921  0.965  0.946  0.895  0.863  0.647  0.450  0.157
 -0.134 -0.301 -0.089 -0.156 -0.399 -0.589 -0.704 -0.821 -0.869 -0.878 -0.868 -0.772 -0.658 -0.463 -0.403  0.108  0.369  0.825  0.597  0.750  0.631  0.717  0.797  0.724  0.712  0.430  0.280 -0.284 -0.705 -0.640 -0.177 -0.425 -0.711 -0.413 -0.226 -0.551 -0.566 -0.174 -0.303 -0.514 -0.296 -0.438 -0.216 -0.026 -0.185  0.037  0.146 -0.048  0.120  0.086  0.224  0.503  0.678  0.719  0.878  0.699  0.768  0.519  0.637  0.516  0.166  0.215  0.245  0.459  0.488  0.406  0.504  0.618  0.755  0.783  0.820  0.736  0.637  0.557  0.624  0.646  0.791  0.796  0.916  0.979  1.000  0.975  0.937  0.861  0.800  0.844  0.936  0.950  0.935  0.911  0.907  0.859  0.876  0.868  0.920  0.963  0.944  0.951  0.984  0.985  0.971  0.986  0.988  0.987  0.978  0.970  0.945  0.916  0.920  0.935  0.936  0.963  0.983  0.955  0.960  0.965  0.914  0.811  0.752  0.488  0.262 -0.041
 -0.325 -0.476 -0.262 -0.302 -0.532 -0.676 -0.795 -0.885 -0.925 -0.901 -0.869 -0.794 -0.675 -0.541 -0.527  0.018  0.348  0.735  0.574  0.740  0.618  0.697  0.743  0.637  0.614  0.281  0.093 -0.436 -0.770 -0.622 -0.059 -0.284 -0.578 -0.236 -0.022 -0.369 -0.413  0.011 -0.105 -0.349 -0.148 -0.345 -0.184 -0.044 -0.256 -0.058  0.083 -0.077  0.132  0.154  0.314  0.611  0.789  0.834  0.936  0.734  0.703  0.423  0.535  0.438 -0.005  0.035  0.071  0.297  0.310  0.209  0.320  0.438  0.600  0.638  0.678  0.573  0.456  0.366  0.442  0.467  0.642  0.649  0.811  0.912  0.975  1.000  0.987  0.949  0.908  0.926  0.968  0.938  0.867  0.825  0.797  0.729  0.762  0.755  0.817  0.886  0.873  0.876  0.930  0.952  0.931  0.948  0.974  0.978  0.977  0.954  0.928  0.904  0.936  0.957  0.975  0.993  0.994  0.986  0.965  0.928  0.849  0.698  0.610  0.313  0.061 -0.233
 -0.406 -0.541 -0.316 -0.322 -0.549 -0.664 -0.801 -0.881 -0.931 -0.875 -0.821 -0.748 -0.617 -0.520 -0.552  0.022  0.359  0.641  0.479  0.658  0.529  0.608  0.644  0.520  0.493  0.137 -0.042 -0.551 -0.797 -0.556  0.060 -0.155 -0.472 -0.134  0.099 -0.261 -0.353  0.076 -0.014 -0.285 -0.120 -0.354 -0.245 -0.138 -0.367 -0.186 -0.035 -0.175  0.051  0.109  0.282  0.600  0.795  0.857  0.956  0.780  0.689  0.410  0.513  0.443 -0.059 -0.030  0.013  0.240  0.230  0.110  0.231  0.340  0.511  0.560  0.590  0.469  0.346  0.250  0.323  0.357  0.548  0.540  0.721  0.848  0.937  0.987  1.000  0.982  0.953  0.966  0.978  0.931  0.829  0.779  0.725  0.632  0.661  0.653  0.731  0.813  0.793  0.799  0.872  0.900  0.871  0.898  0.940  0.953  0.965  0.941  0.924  0.910  0.952  0.971  0.990  0.991  0.974  0.967  0.924  0.863  0.762  0.583  0.487  0.170 -0.077 -0.366
 -0.538 -0.652 -0.439 -0.423 -0.625 -0.694 -0.825 -0.879 -0.919 -0.839 -0.770 -0.718 -0.591 -0.549 -0.617 -0.050  0.322  0.529  0.430  0.609  0.486  0.554  0.561  0.418  0.383  0.006 -0.192 -0.641 -0.802 -0.506  0.154 -0.029 -0.335  0.017  0.257 -0.099 -0.209  0.220  0.146 -0.136  0.005 -0.260 -0.207 -0.147 -0.403 -0.253 -0.086 -0.190  0.054  0.154  0.334  0.647  0.835  0.897  0.946  0.762  0.597  0.310  0.402  0.357 -0.195 -0.177 -0.131  0.094  0.072 -0.057  0.068  0.174  0.355  0.409  0.440  0.308  0.179  0.079  0.155  0.189  0.394  0.388  0.593  0.743  0.861  0.949  0.982  1.000  0.990  0.979  0.946  0.866  0.725  0.663  0.592  0.488  0.528  0.521  0.603  0.702  0.688  0.690  0.775  0.819  0.787  0.813  0.871  0.888  0.909  0.873  0.855  0.846  0.909  0.932  0.962  0.956  0.925  0.933  0.872  0.781  0.663  0.455  0.342  0.017 -0.235 -0.499
 -0.584 -0.687 -0.487 -0.446 -0.628 -0.667 -0.798 -0.841 -0.881 -0.783 -0.704 -0.660 -0.531 -0.519 -0.611 -0.046  0.340  0.461  0.380  0.550  0.427  0.488  0.482  0.332  0.297 -0.081 -0.269 -0.679 -0.773 -0.431  0.244  0.076 -0.231  0.112  0.352  0.003 -0.126  0.289  0.231 -0.055  0.059 -0.219 -0.207 -0.175 -0.438 -0.311 -0.142 -0.224  0.025  0.150  0.334  0.643  0.832  0.907  0.935  0.768  0.559  0.279  0.358  0.335 -0.246 -0.235 -0.184  0.032 -0.002 -0.139 -0.014  0.082  0.264  0.322  0.346  0.209  0.079 -0.020  0.054  0.093  0.302  0.290  0.503  0.669  0.800  0.908  0.953  0.990  1.000  0.981  0.923  0.826  0.663  0.594  0.507  0.393  0.432  0.423  0.511  0.618  0.602  0.603  0.698  0.747  0.711  0.740  0.806  0.831  0.857  0.818  0.805  0.803  0.875  0.896  0.931  0.915  0.875  0.888  0.815  0.708  0.581  0.360  0.246 -0.080 -0.322 -0.571
 -0.454 -0.574 -0.353 -0.293 -0.496 -0.564 -0.725 -0.799 -0.867 -0.760 -0.681 -0.603 -0.454 -0.401 -0.499  0.109  0.445  0.511  0.320  0.496  0.353  0.429  0.457  0.317  0.293 -0.066 -0.194 -0.659 -0.761 -0.379  0.279  0.074 -0.281  0.015  0.256 -0.103 -0.268  0.135  0.092 -0.206 -0.108 -0.378 -0.350 -0.291 -0.521 -0.373 -0.226 -0.337 -0.104 -0.001  0.189  0.525  0.749  0.857  0.963  0.859  0.690  0.438  0.514  0.491 -0.081 -0.071 -0.014  0.201  0.156  0.005  0.136  0.215  0.387  0.447  0.453  0.314  0.192  0.093  0.155  0.209  0.414  0.376  0.568  0.729  0.844  0.926  0.966  0.979  0.981  1.000  0.970  0.903  0.764  0.704  0.604  0.475  0.486  0.472  0.575  0.672  0.633  0.645  0.745  0.773  0.732  0.775  0.835  0.867  0.899  0.877  0.881  0.885  0.937  0.948  0.964  0.935  0.893  0.883  0.809  0.722  0.595  0.392  0.301 -0.027 -0.243 -0.520
 -0.278 -0.427 -0.195 -0.171 -0.401 -0.527 -0.689 -0.796 -0.872 -0.801 -0.745 -0.642 -0.493 -0.366 -0.410  0.195  0.489  0.664  0.398  0.570  0.421  0.510  0.574  0.462  0.448  0.122  0.017 -0.519 -0.741 -0.447  0.143 -0.102 -0.462 -0.184  0.041 -0.318 -0.449 -0.050 -0.118 -0.395 -0.261 -0.484 -0.379 -0.257 -0.449 -0.262 -0.138 -0.296 -0.089 -0.045  0.133  0.467  0.694  0.799  0.965  0.865  0.799  0.559  0.649  0.591  0.092  0.117  0.169  0.386  0.361  0.225  0.349  0.432  0.589  0.640  0.647  0.525  0.414  0.320  0.380  0.431  0.615  0.578  0.736  0.863  0.936  0.968  0.978  0.946  0.923  0.970  1.000  0.976  0.891  0.847  0.773  0.664  0.662  0.647  0.741  0.814  0.771  0.786  0.867  0.874  0.839  0.880  0.918  0.941  0.961  0.954  0.956  0.953  0.977  0.984  0.985  0.969  0.948  0.919  0.873  0.829  0.727  0.566  0.498  0.187 -0.022 -0.326
 -0.087 -0.248 -0.010  0.005 -0.240 -0.406 -0.578 -0.715 -0.811 -0.758 -0.715 -0.582 -0.430 -0.248 -0.267  0.325  0.536  0.721  0.363  0.529  0.375  0.476  0.578  0.493  0.491  0.213  0.166 -0.409 -0.683 -0.423  0.081 -0.192 -0.562 -0.344 -0.139 -0.482 -0.613 -0.249 -0.315 -0.571 -0.439 -0.619 -0.472 -0.308 -0.444 -0.234 -0.146 -0.337 -0.169 -0.172 -0.009  0.321  0.560  0.677  0.916  0.868  0.887  0.690  0.779  0.709  0.281  0.311  0.361  0.564  0.544  0.416  0.533  0.602  0.735  0.780  0.775  0.669  0.575  0.490  0.536  0.591  0.750  0.698  0.816  0.913  0.950  0.938  0.931  0.866  0.826  0.903  0.976  1.000  0.965  0.938  0.874  0.771  0.744  0.727  0.821  0.870  0.813  0.836  0.906  0.888  0.856  0.901  0.920  0.944  0.964  0.976  0.987  0.984  0.978  0.976  0.956  0.939  0.928  0.875  0.845  0.839  0.754  0.637  0.600  0.315  0.142 -0.176
  0.142 -0.030  0.192  0.171 -0.076 -0.287 -0.444 -0.606 -0.705 -0.693 -0.683 -0.532 -0.394 -0.148 -0.109  0.413  0.537  0.802  0.387  0.527  0.383  0.488  0.623  0.581  0.593  0.391  0.388 -0.200 -0.569 -0.427 -0.067 -0.355 -0.694 -0.535 -0.373 -0.673 -0.760 -0.450 -0.531 -0.734 -0.584 -0.689 -0.474 -0.258 -0.324 -0.096 -0.051 -0.274 -0.163 -0.233 -0.104  0.187  0.409  0.515  0.805  0.783  0.918  0.767  0.859  0.763  0.469  0.508  0.547  0.725  0.726  0.630  0.725  0.786  0.884  0.913  0.906  0.832  0.762  0.694  0.729  0.777  0.893  0.843  0.905  0.950  0.935  0.867  0.829  0.725  0.663  0.764  0.891  0.965  1.000  0.995  0.963  0.891  0.847  0.831  0.906  0.922  0.862  0.888  0.929  0.887  0.866  0.905  0.895  0.910  0.919  0.948  0.958  0.948  0.909  0.900  0.863  0.859  0.872  0.801  0.803  0.847  0.800  0.748  0.746  0.516  0.380  0.068
  0.217  0.047  0.264  0.235 -0.012 -0.234 -0.387 -0.556 -0.657 -0.658 -0.655 -0.498 -0.366 -0.104 -0.052  0.441  0.522  0.800  0.363  0.498  0.359  0.466  0.613  0.585  0.600  0.427  0.444 -0.142 -0.529 -0.418 -0.112 -0.400 -0.728 -0.600 -0.451 -0.732 -0.810 -0.525 -0.605 -0.789 -0.641 -0.721 -0.490 -0.262 -0.300 -0.069 -0.041 -0.271 -0.181 -0.273 -0.157  0.120  0.336  0.438  0.749  0.744  0.917  0.788  0.879  0.777  0.533  0.573  0.608  0.775  0.780  0.693  0.782  0.837  0.921  0.946  0.936  0.873  0.813  0.751  0.779  0.825  0.925  0.873  0.914  0.942  0.911  0.825  0.779  0.663  0.594  0.704  0.847  0.938  0.995  1.000  0.978  0.914  0.862  0.846  0.917  0.921  0.858  0.886  0.919  0.868  0.849  0.889  0.870  0.882  0.889  0.926  0.937  0.926  0.874  0.863  0.819  0.817  0.835  0.757  0.768  0.829  0.792  0.762  0.772  0.564  0.445  0.139
  0.267  0.095  0.286  0.201 -0.037 -0.282 -0.394 -0.557 -0.631 -0.680 -0.706 -0.565 -0.463 -0.178 -0.064  0.347  0.422  0.863  0.488  0.602  0.489  0.586  0.729  0.723  0.738  0.595  0.573  0.005 -0.484 -0.522 -0.297 -0.571 -0.834 -0.688 -0.568 -0.816 -0.815 -0.543 -0.659 -0.794 -0.598 -0.628 -0.340 -0.086 -0.111  0.127  0.149 -0.087 -0.020 -0.149 -0.061  0.167  0.336  0.393  0.669  0.605  0.842  0.706  0.808  0.674  0.523  0.577  0.595  0.755  0.793  0.744  0.813  0.888  0.959  0.968  0.981  0.943  0.891  0.839  0.873  0.898  0.972  0.952  0.973  0.965  0.907  0.797  0.725  0.592  0.507  0.604  0.773  0.874  0.963  0.978  1.000  0.978  0.945  0.934  0.974  0.963  0.921  0.942  0.943  0.895  0.891  0.910  0.872  0.868  0.855  0.887  0.878  0.851  0.794  0.790  0.752  0.779  0.821  0.752  0.793  0.876  0.872  0.874  0.884  0.712  0.582  0.294
  0.321  0.154  0.309  0.173 -0.046 -0.302 -0.371 -0.521 -0.567 -0.661 -0.714 -0.596 -0.525 -0.228 -0.056  0.255  0.319  0.893  0.590  0.674  0.590  0.673  0.807  0.826  0.841  0.741  0.688  0.164 -0.401 -0.586 -0.461 -0.710 -0.896 -0.743 -0.662 -0.864 -0.783 -0.542 -0.689 -0.768 -0.535 -0.511 -0.179  0.092  0.084  0.320  0.332  0.098  0.137 -0.025  0.031  0.197  0.313  0.324  0.557  0.442  0.734  0.601  0.709  0.549  0.501  0.565  0.569  0.711  0.782  0.772  0.818  0.906  0.958  0.951  0.983  0.973  0.932  0.896  0.933  0.936  0.979  0.992  0.989  0.943  0.859  0.729  0.632  0.488  0.393  0.475  0.664  0.771  0.891  0.914  0.978  1.000  0.985  0.979  0.987  0.959  0.939  0.951  0.922  0.877  0.886  0.886  0.829  0.811  0.779  0.806  0.778  0.737  0.676  0.679  0.648  0.701  0.764  0.707  0.777  0.880  0.909  0.945  0.958  0.834  0.701  0.446
  0.209  0.044  0.187  0.022 -0.189 -0.436 -0.479 -0.607 -0.624 -0.735 -0.793 -0.704 -0.650 -0.374 -0.182  0.105  0.230  0.908  0.703  0.785  0.718  0.789  0.896  0.905  0.911  0.783  0.660  0.158 -0.442 -0.687 -0.534 -0.760 -0.907 -0.692 -0.608 -0.812 -0.685 -0.414 -0.588 -0.660 -0.391 -0.374 -0.032  0.229  0.184  0.415  0.453  0.233  0.292  0.140  0.194  0.343  0.428  0.404  0.569  0.376  0.646  0.471  0.591  0.415  0.360  0.430  0.428  0.582  0.672  0.675  0.717  0.829  0.895  0.885  0.940  0.930  0.879  0.841  0.892  0.880  0.931  0.974  0.992  0.948  0.876  0.762  0.661  0.528  0.432  0.486  0.662  0.744  0.847  0.862  0.945  0.985  1.000  0.999  0.990  0.972  0.974  0.976  0.938  0.913  0.927  0.913  0.859  0.830  0.787  0.796  0.750  0.699  0.657  0.670  0.658  0.729  0.800  0.764  0.840  0.929  0.963  0.983  0.971  0.841  0.669  0.424
  0.195  0.033  0.172  0.000 -0.208 -0.455 -0.491 -0.614 -0.626 -0.742 -0.802 -0.719 -0.670 -0.398 -0.203  0.071  0.196  0.898  0.711  0.795  0.733  0.802  0.905  0.914  0.918  0.789  0.654  0.160 -0.448 -0.709 -0.560 -0.779 -0.915 -0.693 -0.610 -0.811 -0.675 -0.402 -0.580 -0.647 -0.372 -0.353 -0.009  0.251  0.204  0.434  0.475  0.257  0.316  0.163  0.213  0.356  0.433  0.399  0.553  0.348  0.620  0.441  0.564  0.386  0.340  0.411  0.406  0.560  0.652  0.661  0.701  0.817  0.883  0.872  0.930  0.923  0.871  0.834  0.886  0.871  0.920  0.968  0.987  0.941  0.868  0.755  0.653  0.521  0.423  0.472  0.647  0.727  0.831  0.846  0.934  0.979  0.999  1.000  0.987  0.968  0.975  0.975  0.934  0.912  0.928  0.911  0.856  0.825  0.780  0.787  0.737  0.683  0.643  0.658  0.648  0.724  0.795  0.763  0.840  0.929  0.965  0.985  0.970  0.843  0.667  0.426
  0.171  0.002  0.173  0.038 -0.191 -0.436 -0.508 -0.645 -0.682 -0.765 -0.806 -0.701 -0.626 -0.355 -0.201  0.155  0.282  0.892  0.637  0.746  0.660  0.743  0.858  0.850  0.853  0.694  0.586  0.046 -0.516 -0.668 -0.447 -0.690 -0.890 -0.676 -0.562 -0.801 -0.725 -0.427 -0.583 -0.694 -0.444 -0.463 -0.144  0.111  0.053  0.291  0.338  0.112  0.190  0.057  0.132  0.325  0.445  0.447  0.645  0.481  0.720  0.541  0.661  0.500  0.379  0.443  0.450  0.618  0.687  0.665  0.724  0.831  0.911  0.911  0.955  0.926  0.867  0.817  0.867  0.869  0.940  0.962  0.997  0.976  0.920  0.817  0.731  0.603  0.511  0.575  0.741  0.821  0.906  0.917  0.974  0.987  0.990  0.987  1.000  0.991  0.980  0.988  0.969  0.941  0.948  0.946  0.903  0.884  0.853  0.865  0.830  0.786  0.745  0.756  0.738  0.794  0.850  0.806  0.864  0.942  0.953  0.950  0.935  0.771  0.597  0.327
  0.056 -0.114  0.071 -0.049 -0.285 -0.515 -0.598 -0.727 -0.763 -0.826 -0.853 -0.753 -0.668 -0.421 -0.293  0.115  0.296  0.885  0.651  0.777  0.681  0.765  0.866  0.835  0.832  0.626  0.490 -0.063 -0.595 -0.689 -0.381 -0.625 -0.850 -0.596 -0.456 -0.726 -0.670 -0.333 -0.487 -0.630 -0.380 -0.440 -0.146  0.090 -0.007  0.229  0.301  0.084  0.195  0.094  0.190  0.411  0.546  0.554  0.731  0.547  0.731  0.520  0.643  0.490  0.293  0.354  0.367  0.554  0.615  0.575  0.648  0.763  0.864  0.873  0.919  0.873  0.797  0.737  0.795  0.801  0.899  0.921  0.987  0.993  0.963  0.886  0.813  0.702  0.618  0.672  0.814  0.870  0.922  0.921  0.963  0.959  0.972  0.968  0.991  1.000  0.990  0.996  0.993  0.977  0.978  0.979  0.951  0.934  0.908  0.911  0.876  0.834  0.810  0.824  0.815  0.866  0.912  0.877  0.919  0.972  0.964  0.926  0.892  0.693  0.492  0.209
 -0.000 -0.165  0.000 -0.148 -0.371 -0.594 -0.649 -0.759 -0.770 -0.854 -0.890 -0.816 -0.750 -0.517 -0.365 -0.004  0.205  0.883  0.731  0.848  0.772  0.844  0.924  0.894  0.885  0.676  0.491 -0.028 -0.593 -0.758 -0.463 -0.683 -0.861 -0.571 -0.441 -0.696 -0.594 -0.252 -0.427 -0.550 -0.272 -0.322 -0.016  0.215  0.102  0.330  0.414  0.210  0.324  0.222  0.307  0.499  0.599  0.573  0.695  0.454  0.637  0.404  0.535  0.368  0.197  0.263  0.268  0.456  0.534  0.513  0.577  0.708  0.812  0.815  0.878  0.840  0.762  0.705  0.772  0.764  0.856  0.904  0.976  0.973  0.944  0.873  0.793  0.688  0.602  0.633  0.771  0.813  0.862  0.858  0.921  0.939  0.974  0.975  0.980  0.990  1.000  0.998  0.981  0.978  0.986  0.974  0.943  0.917  0.880  0.871  0.820  0.768  0.755  0.777  0.781  0.849  0.904  0.885  0.937  0.986  0.989  0.951  0.903  0.715  0.493  0.229
  0.026 -0.141  0.034 -0.103 -0.333 -0.561 -0.628 -0.746 -0.768 -0.844 -0.877 -0.792 -0.718 -0.478 -0.337  0.042  0.231  0.878  0.690  0.814  0.730  0.808  0.899  0.869  0.861  0.654  0.490 -0.046 -0.600 -0.736 -0.439 -0.668 -0.865 -0.593 -0.457 -0.718 -0.637 -0.296 -0.462 -0.593 -0.327 -0.380 -0.078  0.157  0.053  0.286  0.364  0.153  0.265  0.161  0.249  0.455  0.569  0.555  0.704  0.488  0.675  0.453  0.582  0.421  0.243  0.306  0.314  0.502  0.572  0.544  0.612  0.736  0.838  0.844  0.900  0.859  0.782  0.724  0.787  0.784  0.878  0.914  0.983  0.981  0.951  0.876  0.799  0.690  0.603  0.645  0.786  0.836  0.888  0.886  0.942  0.951  0.976  0.975  0.988  0.996  0.998  1.000  0.988  0.979  0.985  0.979  0.948  0.926  0.893  0.890  0.846  0.797  0.778  0.797  0.794  0.855  0.907  0.880  0.928  0.980  0.978  0.942  0.899  0.707  0.495  0.223
 -0.040 -0.208 -0.008 -0.109 -0.351 -0.566 -0.662 -0.785 -0.824 -0.866 -0.878 -0.781 -0.685 -0.462 -0.365  0.087  0.296  0.850  0.625  0.771  0.668  0.754  0.846  0.794  0.784  0.540  0.389 -0.173 -0.667 -0.696 -0.317 -0.558 -0.808 -0.531 -0.366 -0.662 -0.635 -0.268 -0.412 -0.586 -0.345 -0.442 -0.176  0.041 -0.085  0.148  0.239  0.030  0.168  0.095  0.208  0.458  0.606  0.622  0.790  0.601  0.737  0.507  0.632  0.490  0.230  0.286  0.304  0.506  0.553  0.497  0.582  0.700  0.819  0.837  0.881  0.818  0.731  0.661  0.724  0.735  0.854  0.870  0.962  0.991  0.984  0.930  0.872  0.775  0.698  0.745  0.867  0.906  0.929  0.919  0.943  0.922  0.938  0.934  0.969  0.993  0.981  0.988  1.000  0.992  0.987  0.995  0.980  0.968  0.948  0.945  0.912  0.873  0.862  0.878  0.874  0.916  0.951  0.920  0.946  0.978  0.950  0.883  0.834  0.605  0.388  0.096
 -0.149 -0.312 -0.119 -0.226 -0.460 -0.657 -0.741 -0.845 -0.868 -0.908 -0.916 -0.840 -0.752 -0.556 -0.463 -0.013  0.246  0.833  0.676  0.824  0.728  0.807  0.875  0.810  0.792  0.520  0.322 -0.218 -0.705 -0.740 -0.319 -0.543 -0.776 -0.455 -0.281 -0.584 -0.541 -0.151 -0.306 -0.485 -0.230 -0.346 -0.093  0.106 -0.053  0.170  0.283  0.091  0.250  0.198  0.316  0.561  0.695  0.694  0.812  0.578  0.675  0.414  0.544  0.401  0.110  0.167  0.184  0.395  0.447  0.392  0.479  0.611  0.743  0.762  0.819  0.750  0.653  0.579  0.651  0.656  0.787  0.819  0.934  0.974  0.985  0.952  0.900  0.819  0.747  0.773  0.874  0.888  0.887  0.868  0.895  0.877  0.913  0.912  0.941  0.977  0.978  0.979  0.992  1.000  0.997  0.997  0.989  0.974  0.951  0.935  0.892  0.849  0.855  0.879  0.889  0.938  0.972  0.956  0.978  0.992  0.958  0.870  0.801  0.559  0.316  0.031
 -0.137 -0.298 -0.116 -0.239 -0.467 -0.669 -0.738 -0.838 -0.851 -0.906 -0.923 -0.855 -0.777 -0.578 -0.467 -0.049  0.200  0.836  0.702  0.845  0.759  0.835  0.901  0.843  0.823  0.564  0.354 -0.175 -0.690 -0.771 -0.382 -0.596 -0.806 -0.486 -0.320 -0.608 -0.542 -0.159 -0.323 -0.484 -0.218 -0.317 -0.048  0.157  0.005  0.230  0.339  0.147  0.296  0.231  0.338  0.566  0.683  0.666  0.772  0.522  0.638  0.380  0.513  0.361  0.104  0.163  0.175  0.382  0.444  0.402  0.482  0.619  0.746  0.760  0.822  0.763  0.669  0.599  0.672  0.670  0.792  0.833  0.940  0.968  0.971  0.931  0.871  0.787  0.711  0.732  0.839  0.856  0.866  0.849  0.891  0.886  0.927  0.928  0.948  0.978  0.986  0.985  0.987  0.997  1.000  0.994  0.979  0.959  0.930  0.912  0.863  0.813  0.817  0.844  0.856  0.914  0.955  0.942  0.974  0.994  0.971  0.893  0.824  0.597  0.353  0.078
 -0.129 -0.292 -0.093 -0.191 -0.429 -0.631 -0.723 -0.833 -0.863 -0.899 -0.905 -0.821 -0.727 -0.527 -0.442  0.020  0.255  0.821  0.633  0.790  0.690  0.774  0.851  0.786  0.769  0.500  0.318 -0.235 -0.716 -0.728 -0.309 -0.538 -0.787 -0.486 -0.304 -0.610 -0.585 -0.196 -0.342 -0.526 -0.282 -0.399 -0.148  0.054 -0.096  0.132  0.240  0.042  0.198  0.143  0.262  0.518  0.662  0.669  0.810  0.597  0.700  0.452  0.580  0.441  0.150  0.204  0.224  0.434  0.479  0.420  0.510  0.636  0.766  0.787  0.837  0.767  0.672  0.596  0.665  0.674  0.805  0.827  0.937  0.977  0.986  0.948  0.898  0.813  0.740  0.775  0.880  0.901  0.905  0.889  0.910  0.886  0.913  0.911  0.946  0.979  0.974  0.979  0.995  0.997  0.994  1.000  0.992  0.979  0.958  0.946  0.910  0.867  0.866  0.890  0.893  0.937  0.968  0.945  0.965  0.982  0.946  0.860  0.796  0.553  0.318  0.027
 -0.220 -0.376 -0.163 -0.238 -0.479 -0.663 -0.770 -0.871 -0.906 -0.918 -0.907 -0.826 -0.723 -0.550 -0.499  0.000  0.267  0.775  0.598  0.768  0.660  0.745  0.811  0.727  0.704  0.403  0.212 -0.338 -0.765 -0.709 -0.224 -0.449 -0.719 -0.400 -0.198 -0.524 -0.529 -0.120 -0.253 -0.465 -0.236 -0.390 -0.173  0.004 -0.174  0.044  0.169 -0.014  0.166  0.143  0.278  0.556  0.713  0.731  0.860  0.648  0.698  0.434  0.560  0.434  0.086  0.134  0.160  0.380  0.410  0.333  0.434  0.559  0.704  0.734  0.780  0.695  0.590  0.506  0.578  0.593  0.743  0.759  0.892  0.956  0.988  0.974  0.940  0.871  0.806  0.835  0.918  0.920  0.895  0.870  0.872  0.829  0.859  0.856  0.903  0.951  0.943  0.948  0.980  0.989  0.979  0.992  1.000  0.990  0.976  0.959  0.928  0.891  0.903  0.927  0.935  0.969  0.987  0.969  0.972  0.967  0.912  0.797  0.721  0.452  0.206 -0.088
 -0.213 -0.373 -0.155 -0.210 -0.453 -0.628 -0.748 -0.855 -0.901 -0.897 -0.877 -0.788 -0.672 -0.501 -0.467  0.055  0.311  0.752  0.541  0.717  0.599  0.690  0.761  0.672  0.651  0.345  0.179 -0.377 -0.765 -0.658 -0.160 -0.396 -0.687 -0.382 -0.167 -0.506 -0.547 -0.136 -0.252 -0.482 -0.275 -0.445 -0.245 -0.072 -0.250 -0.025  0.097 -0.091  0.095  0.079  0.222  0.521  0.694  0.729  0.881  0.699  0.734  0.481  0.600  0.491  0.111  0.155  0.186  0.405  0.424  0.335  0.441  0.555  0.701  0.736  0.772  0.679  0.574  0.488  0.556  0.579  0.735  0.736  0.872  0.947  0.987  0.978  0.953  0.888  0.831  0.867  0.941  0.944  0.910  0.882  0.868  0.811  0.830  0.825  0.884  0.934  0.917  0.926  0.968  0.974  0.959  0.979  0.990  1.000  0.992  0.979  0.954  0.922  0.932  0.953  0.957  0.980  0.989  0.964  0.955  0.944  0.878  0.757  0.684  0.406  0.171 -0.132
 -0.217 -0.370 -0.138 -0.171 -0.418 -0.583 -0.722 -0.833 -0.895 -0.868 -0.837 -0.736 -0.609 -0.446 -0.440  0.111  0.358  0.717  0.473  0.657  0.527  0.622  0.697  0.602  0.582  0.271  0.130 -0.431 -0.768 -0.596 -0.075 -0.317 -0.633 -0.342 -0.123 -0.473 -0.549 -0.143 -0.241 -0.489 -0.307 -0.493 -0.321 -0.157 -0.329 -0.112  0.005 -0.179  0.008  0.005  0.158  0.474  0.671  0.728  0.902  0.755  0.767  0.526  0.637  0.545  0.131  0.166  0.203  0.421  0.425  0.321  0.434  0.538  0.687  0.728  0.753  0.650  0.543  0.454  0.518  0.550  0.715  0.700  0.840  0.929  0.978  0.977  0.965  0.909  0.857  0.899  0.961  0.964  0.919  0.889  0.855  0.779  0.787  0.780  0.853  0.908  0.880  0.893  0.948  0.951  0.930  0.958  0.976  0.992  1.000  0.993  0.975  0.952  0.963  0.977  0.976  0.984  0.982  0.951  0.930  0.912  0.832  0.701  0.632  0.343  0.121 -0.186
 -0.123 -0.278 -0.040 -0.065 -0.317 -0.493 -0.645 -0.772 -0.850 -0.820 -0.790 -0.671 -0.537 -0.353 -0.348  0.206  0.413  0.726  0.423  0.602  0.465  0.566  0.660  0.575  0.564  0.277  0.179 -0.395 -0.726 -0.540 -0.053 -0.311 -0.642 -0.388 -0.178 -0.523 -0.618 -0.234 -0.321 -0.566 -0.401 -0.572 -0.395 -0.219 -0.362 -0.141 -0.043 -0.239 -0.070 -0.088  0.062  0.381  0.594  0.668  0.885  0.782  0.821  0.606  0.712  0.624  0.232  0.265  0.302  0.511  0.509  0.402  0.514  0.603  0.741  0.781  0.794  0.695  0.597  0.512  0.566  0.606  0.762  0.731  0.853  0.934  0.970  0.954  0.941  0.873  0.818  0.877  0.954  0.976  0.948  0.926  0.887  0.806  0.796  0.787  0.865  0.911  0.871  0.890  0.945  0.935  0.912  0.946  0.959  0.979  0.993  1.000  0.990  0.973  0.970  0.975  0.962  0.962  0.960  0.914  0.894  0.891  0.813  0.700  0.648  0.370  0.173 -0.139
 -0.088 -0.240  0.008  0.014 -0.241 -0.414 -0.587 -0.722 -0.819 -0.770 -0.728 -0.595 -0.448 -0.265 -0.288  0.290  0.468  0.684  0.326  0.510  0.361  0.468  0.574  0.489  0.481  0.202  0.147 -0.431 -0.713 -0.460  0.032 -0.234 -0.596 -0.382 -0.167 -0.513 -0.649 -0.281 -0.343 -0.601 -0.469 -0.649 -0.495 -0.329 -0.459 -0.243 -0.154 -0.349 -0.183 -0.193 -0.037  0.298  0.532  0.633  0.885  0.834  0.863  0.671  0.768  0.697  0.287  0.315  0.361  0.563  0.543  0.421  0.538  0.610  0.743  0.788  0.785  0.680  0.587  0.500  0.546  0.598  0.755  0.702  0.818  0.907  0.945  0.928  0.924  0.855  0.805  0.881  0.956  0.987  0.958  0.937  0.878  0.778  0.750  0.737  0.830  0.876  0.820  0.846  0.912  0.892  0.863  0.910  0.928  0.954  0.975  0.990  1.000  0.993  0.981  0.980  0.956  0.939  0.928  0.871  0.841  0.838  0.750  0.637  0.597  0.315  0.141 -0.175
 -0.069 -0.216  0.038  0.064 -0.189 -0.352 -0.539 -0.677 -0.787 -0.721 -0.668 -0.527 -0.370 -0.195 -0.238  0.354  0.527  0.654  0.267  0.446  0.288  0.395  0.504  0.417  0.414  0.141  0.119 -0.451 -0.680 -0.377  0.119 -0.151 -0.528 -0.333 -0.124 -0.469 -0.634 -0.281 -0.326 -0.592 -0.487 -0.675 -0.547 -0.392 -0.517 -0.312 -0.230 -0.417 -0.253 -0.251 -0.089  0.251  0.500  0.624  0.890  0.874  0.886  0.708  0.793  0.738  0.309  0.332  0.384  0.579  0.546  0.413  0.531  0.590  0.720  0.769  0.755  0.645  0.554  0.469  0.508  0.568  0.726  0.660  0.774  0.874  0.916  0.904  0.910  0.846  0.803  0.885  0.953  0.984  0.948  0.926  0.851  0.737  0.699  0.683  0.786  0.834  0.768  0.797  0.873  0.849  0.813  0.867  0.891  0.922  0.952  0.973  0.993  1.000  0.988  0.977  0.948  0.918  0.899  0.836  0.797  0.789  0.694  0.577  0.544  0.261  0.105 -0.209
 -0.200 -0.343 -0.090 -0.061 -0.308 -0.447 -0.629 -0.748 -0.843 -0.766 -0.705 -0.584 -0.428 -0.288 -0.345  0.260  0.491  0.624  0.301  0.487  0.332  0.432  0.515  0.410  0.398  0.087  0.021 -0.528 -0.732 -0.408  0.152 -0.100 -0.472 -0.228 -0.006 -0.366 -0.528 -0.146 -0.197 -0.478 -0.367 -0.585 -0.481 -0.352 -0.517 -0.325 -0.216 -0.383 -0.192 -0.159  0.015  0.361  0.602  0.715  0.931  0.875  0.832  0.622  0.710  0.660  0.179  0.201  0.254  0.461  0.427  0.288  0.412  0.482  0.630  0.684  0.679  0.558  0.455  0.362  0.411  0.468  0.645  0.590  0.733  0.852  0.920  0.936  0.952  0.909  0.875  0.937  0.977  0.978  0.909  0.874  0.794  0.676  0.657  0.643  0.745  0.810  0.755  0.778  0.862  0.855  0.817  0.866  0.903  0.932  0.963  0.970  0.981  0.988  1.000  0.995  0.981  0.953  0.927  0.881  0.830  0.797  0.689  0.542  0.487  0.182 -0.002 -0.310
 -0.256 -0.399 -0.151 -0.131 -0.376 -0.513 -0.685 -0.795 -0.879 -0.810 -0.750 -0.640 -0.491 -0.359 -0.412  0.190  0.439  0.626  0.339  0.532  0.384  0.482  0.556  0.444  0.426  0.100  0.001 -0.548 -0.772 -0.469  0.110 -0.133 -0.496 -0.230  0.003 -0.361 -0.507 -0.107 -0.168 -0.449 -0.321 -0.545 -0.435 -0.308 -0.490 -0.295 -0.173 -0.338 -0.136 -0.099  0.074  0.419  0.649  0.746  0.938  0.851  0.800  0.571  0.667  0.609  0.125  0.148  0.199  0.414  0.386  0.251  0.377  0.458  0.613  0.666  0.670  0.549  0.440  0.345  0.400  0.451  0.633  0.589  0.742  0.862  0.935  0.957  0.971  0.932  0.896  0.948  0.984  0.976  0.900  0.863  0.790  0.679  0.670  0.658  0.756  0.824  0.777  0.797  0.878  0.879  0.844  0.890  0.927  0.953  0.977  0.975  0.980  0.977  0.995  1.000  0.993  0.973  0.949  0.911  0.863  0.824  0.717  0.562  0.495  0.184 -0.019 -0.327
 -0.343 -0.483 -0.244 -0.233 -0.470 -0.594 -0.752 -0.846 -0.914 -0.846 -0.787 -0.696 -0.555 -0.444 -0.492  0.100  0.394  0.622  0.399  0.589  0.450  0.539  0.593  0.472  0.448  0.101 -0.040 -0.568 -0.797 -0.513  0.093 -0.135 -0.477 -0.174  0.064 -0.302 -0.426 -0.008 -0.081 -0.362 -0.218 -0.452 -0.347 -0.233 -0.441 -0.253 -0.114 -0.266 -0.049  0.002  0.177  0.513  0.727  0.806  0.952  0.820  0.743  0.488  0.587  0.524  0.025  0.051  0.098  0.320  0.299  0.169  0.294  0.389  0.554  0.606  0.623  0.499  0.382  0.285  0.349  0.393  0.582  0.554  0.725  0.851  0.936  0.975  0.990  0.962  0.931  0.964  0.985  0.956  0.863  0.819  0.752  0.648  0.658  0.648  0.738  0.815  0.781  0.794  0.874  0.889  0.856  0.893  0.935  0.957  0.976  0.962  0.956  0.948  0.981  0.993  1.000  0.989  0.966  0.943  0.894  0.841  0.733  0.562  0.479  0.161 -0.065 -0.365
 -0.349 -0.496 -0.271 -0.299 -0.533 -0.672 -0.802 -0.891 -0.936 -0.900 -0.859 -0.782 -0.658 -0.535 -0.544  0.013  0.326  0.683  0.514  0.695  0.572  0.655  0.701  0.588  0.561  0.217  0.032 -0.496 -0.801 -0.613 -0.032 -0.252 -0.557 -0.221  0.006 -0.349 -0.417  0.012 -0.091 -0.349 -0.162 -0.374 -0.230 -0.099 -0.314 -0.118  0.027 -0.130  0.084  0.116  0.279  0.591  0.775  0.822  0.934  0.745  0.698  0.423  0.534  0.446 -0.012  0.023  0.061  0.288  0.291  0.182  0.298  0.413  0.578  0.621  0.657  0.545  0.427  0.333  0.406  0.435  0.615  0.613  0.782  0.890  0.963  0.993  0.991  0.956  0.915  0.935  0.969  0.939  0.859  0.817  0.779  0.701  0.729  0.724  0.794  0.866  0.849  0.855  0.916  0.938  0.914  0.937  0.969  0.980  0.984  0.962  0.939  0.918  0.953  0.973  0.989  1.000  0.993  0.981  0.949  0.905  0.815  0.655  0.563  0.258  0.008 -0.287
 -0.297 -0.451 -0.238 -0.296 -0.530 -0.688 -0.801 -0.893 -0.928 -0.918 -0.894 -0.821 -0.708 -0.562 -0.533 -0.009  0.302  0.748  0.593  0.762  0.648  0.728  0.778  0.679  0.654  0.329  0.130 -0.403 -0.775 -0.668 -0.132 -0.354 -0.632 -0.289 -0.079 -0.420 -0.445 -0.022 -0.147 -0.380 -0.164 -0.347 -0.164 -0.010 -0.214 -0.008  0.131 -0.037  0.163  0.169  0.319  0.608  0.774  0.802  0.907  0.692  0.689  0.410  0.529  0.420  0.012  0.055  0.086  0.311  0.333  0.243  0.349  0.473  0.631  0.666  0.711  0.613  0.499  0.411  0.487  0.506  0.673  0.686  0.841  0.929  0.983  0.994  0.974  0.925  0.875  0.893  0.948  0.928  0.872  0.835  0.821  0.764  0.800  0.795  0.850  0.912  0.904  0.907  0.951  0.972  0.955  0.968  0.987  0.989  0.982  0.960  0.928  0.899  0.927  0.949  0.966  0.993  1.000  0.990  0.977  0.949  0.878  0.738  0.651  0.364  0.109 -0.184
 -0.393 -0.538 -0.341 -0.412 -0.630 -0.769 -0.859 -0.929 -0.942 -0.938 -0.916 -0.868 -0.769 -0.652 -0.617 -0.122  0.234  0.723  0.652  0.813  0.713  0.781  0.805  0.698  0.666  0.326  0.081 -0.412 -0.782 -0.707 -0.155 -0.351 -0.596 -0.216 -0.008 -0.340 -0.336  0.097 -0.040 -0.264 -0.034 -0.222 -0.048  0.086 -0.145  0.046  0.202  0.055  0.268  0.290  0.438  0.706  0.846  0.851  0.894  0.630  0.597  0.294  0.414  0.302 -0.111 -0.066 -0.040  0.187  0.219  0.138  0.240  0.377  0.542  0.575  0.635  0.537  0.417  0.330  0.414  0.423  0.593  0.628  0.798  0.890  0.955  0.986  0.967  0.933  0.888  0.883  0.919  0.875  0.801  0.757  0.752  0.707  0.764  0.763  0.806  0.877  0.885  0.880  0.920  0.956  0.942  0.945  0.969  0.964  0.951  0.914  0.871  0.836  0.881  0.911  0.943  0.981  0.990  1.000  0.987  0.944  0.875  0.722  0.616  0.330  0.053 -0.220
 -0.312 -0.462 -0.283 -0.391 -0.607 -0.768 -0.834 -0.908 -0.908 -0.941 -0.940 -0.896 -0.814 -0.669 -0.585 -0.142  0.197  0.790  0.734  0.876  0.791  0.853  0.884  0.799  0.771  0.463  0.209 -0.284 -0.732 -0.762 -0.281 -0.477 -0.684 -0.306 -0.123 -0.431 -0.374  0.042 -0.120 -0.308 -0.046 -0.192  0.029  0.191 -0.018  0.181  0.325  0.166  0.356  0.343  0.470  0.704  0.819  0.801  0.839  0.549  0.576  0.276  0.404  0.268 -0.071 -0.017  0.000  0.220  0.275  0.219  0.306  0.453  0.603  0.624  0.695  0.618  0.506  0.428  0.514  0.511  0.659  0.711  0.859  0.921  0.960  0.965  0.924  0.872  0.815  0.809  0.873  0.845  0.803  0.768  0.793  0.777  0.840  0.840  0.864  0.919  0.937  0.928  0.946  0.978  0.974  0.965  0.972  0.955  0.930  0.894  0.841  0.797  0.830  0.863  0.894  0.949  0.977  0.987  1.000  0.980  0.938  0.815  0.718  0.461  0.185 -0.080
 -0.138 -0.299 -0.128 -0.261 -0.482 -0.680 -0.739 -0.834 -0.840 -0.903 -0.924 -0.862 -0.789 -0.591 -0.465 -0.063  0.215  0.863  0.755  0.880  0.798  0.866  0.924  0.870  0.853  0.599  0.380 -0.133 -0.654 -0.766 -0.385 -0.598 -0.789 -0.454 -0.302 -0.583 -0.496 -0.117 -0.291 -0.443 -0.167 -0.259  0.013  0.217  0.058  0.276  0.388  0.202  0.351  0.288  0.393  0.604  0.712  0.690  0.773  0.505  0.620  0.352  0.483  0.327  0.077  0.140  0.150  0.355  0.425  0.389  0.463  0.603  0.729  0.739  0.808  0.752  0.658  0.591  0.668  0.662  0.780  0.832  0.939  0.965  0.965  0.928  0.863  0.781  0.708  0.722  0.829  0.839  0.847  0.829  0.876  0.880  0.929  0.929  0.942  0.972  0.986  0.980  0.978  0.992  0.994  0.982  0.967  0.944  0.912  0.891  0.838  0.789  0.797  0.824  0.841  0.905  0.949  0.944  0.980  1.000  0.983  0.907  0.837  0.617  0.367  0.100
 -0.033 -0.194 -0.055 -0.223 -0.426 -0.639 -0.665 -0.760 -0.749 -0.848 -0.895 -0.842 -0.792 -0.571 -0.394 -0.077  0.171  0.899  0.817  0.909  0.847  0.904  0.966  0.940  0.930  0.729  0.514  0.034 -0.547 -0.778 -0.504 -0.706 -0.840 -0.526 -0.415 -0.649 -0.503 -0.167 -0.360 -0.460 -0.163 -0.199  0.113  0.338  0.213  0.428  0.518  0.328  0.442  0.341  0.416  0.574  0.644  0.598  0.666  0.382  0.561  0.314  0.443  0.268  0.120  0.191  0.190  0.372  0.466  0.462  0.514  0.656  0.757  0.753  0.830  0.801  0.723  0.673  0.746  0.726  0.811  0.881  0.955  0.946  0.914  0.849  0.762  0.663  0.581  0.595  0.727  0.754  0.800  0.792  0.872  0.909  0.963  0.965  0.953  0.964  0.989  0.978  0.950  0.958  0.971  0.946  0.912  0.878  0.832  0.813  0.750  0.694  0.689  0.717  0.733  0.815  0.878  0.875  0.938  0.983  1.000  0.965  0.909  0.737  0.503  0.261
  0.198  0.041  0.145 -0.053 -0.235 -0.472 -0.472 -0.580 -0.567 -0.707 -0.783 -0.723 -0.696 -0.432 -0.202  0.001  0.150  0.909  0.796  0.846  0.805  0.856  0.940  0.963  0.969  0.866  0.707  0.267 -0.364 -0.717 -0.623 -0.819 -0.896 -0.660 -0.611 -0.775 -0.582 -0.335 -0.533 -0.561 -0.266 -0.216  0.139  0.396  0.350  0.563  0.602  0.400  0.445  0.284  0.316  0.409  0.446  0.387  0.486  0.241  0.524  0.341  0.461  0.272  0.278  0.355  0.341  0.481  0.594  0.626  0.649  0.773  0.828  0.806  0.878  0.887  0.842  0.815  0.872  0.843  0.874  0.948  0.957  0.895  0.811  0.698  0.583  0.455  0.360  0.392  0.566  0.637  0.748  0.762  0.874  0.945  0.983  0.985  0.950  0.926  0.951  0.942  0.883  0.870  0.893  0.860  0.797  0.757  0.701  0.700  0.637  0.577  0.542  0.562  0.562  0.655  0.738  0.722  0.815  0.907  0.965  1.000  0.983  0.888  0.709  0.500
  0.366  0.212  0.305  0.114 -0.061 -0.308 -0.313 -0.440 -0.444 -0.587 -0.672 -0.592 -0.563 -0.270 -0.027  0.141  0.224  0.912  0.728  0.752  0.707  0.759  0.868  0.918  0.939  0.898  0.810  0.381 -0.239 -0.604 -0.603 -0.812 -0.886 -0.721 -0.705 -0.837 -0.653 -0.465 -0.649 -0.651 -0.383 -0.292  0.071  0.344  0.353  0.563  0.563  0.352  0.356  0.167  0.184  0.256  0.299  0.261  0.409  0.230  0.565  0.435  0.539  0.356  0.425  0.501  0.487  0.599  0.710  0.748  0.759  0.858  0.884  0.856  0.912  0.937  0.912  0.898  0.938  0.916  0.919  0.977  0.946  0.863  0.752  0.610  0.487  0.342  0.246  0.301  0.498  0.600  0.746  0.772  0.884  0.958  0.971  0.970  0.935  0.892  0.903  0.899  0.834  0.801  0.824  0.796  0.721  0.684  0.632  0.648  0.597  0.544  0.487  0.495  0.479  0.563  0.651  0.616  0.718  0.837  0.909  0.983  1.000  0.941  0.812  0.614
  0.563  0.443  0.462  0.242  0.132 -0.100 -0.049 -0.159 -0.142 -0.326 -0.442 -0.384 -0.402 -0.110  0.181  0.144  0.117  0.789  0.654  0.608  0.607  0.633  0.739  0.844  0.878  0.970  0.935  0.653  0.050 -0.465 -0.703 -0.857 -0.810 -0.746 -0.820 -0.831 -0.583 -0.536 -0.711 -0.608 -0.366 -0.174  0.195  0.461  0.555  0.722  0.665  0.483  0.402  0.167  0.120  0.074  0.044 -0.025  0.095 -0.047  0.364  0.321  0.399  0.220  0.488  0.563  0.530  0.569  0.700  0.792  0.756  0.828  0.793  0.741  0.795  0.870  0.888  0.911  0.929  0.889  0.819  0.891  0.788  0.647  0.488  0.313  0.170  0.017 -0.080 -0.027  0.187  0.315  0.516  0.564  0.712  0.834  0.841  0.843  0.771  0.693  0.715  0.707  0.605  0.559  0.597  0.553  0.452  0.406  0.343  0.370  0.315  0.261  0.182  0.184  0.161  0.258  0.364  0.330  0.461  0.617  0.737  0.888  0.941  1.000  0.947  0.837
  0.779  0.691  0.677  0.489  0.420  0.209  0.259  0.142  0.138 -0.036 -0.157 -0.082 -0.107  0.186  0.463  0.328  0.168  0.638  0.428  0.337  0.344  0.364  0.491  0.633  0.687  0.889  0.978  0.788  0.293 -0.201 -0.606 -0.743 -0.669 -0.747 -0.879 -0.810 -0.597 -0.679 -0.804 -0.651 -0.491 -0.241  0.088  0.338  0.524  0.654  0.533  0.368  0.215 -0.040 -0.121 -0.218 -0.255 -0.291 -0.119 -0.131  0.318  0.385  0.421  0.279  0.655  0.716  0.681  0.656  0.769  0.870  0.811  0.828  0.741  0.682  0.703  0.803  0.861  0.907  0.893  0.862  0.744  0.782  0.618  0.450  0.262  0.061 -0.077 -0.235 -0.322 -0.243 -0.022  0.142  0.380  0.445  0.582  0.701  0.669  0.667  0.597  0.492  0.493  0.495  0.388  0.316  0.353  0.318  0.206  0.171  0.121  0.173  0.141  0.105 -0.002 -0.019 -0.065  0.008  0.109  0.053  0.185  0.367  0.503  0.709  0.812  0.947  1.000  0.944
  0.795  0.765  0.679  0.484  0.492  0.337  0.441  0.369  0.396  0.209  0.078  0.109  0.037  0.268  0.552  0.229  0.021  0.417  0.329  0.178  0.232  0.216  0.306  0.474  0.530  0.819  0.922  0.922  0.528 -0.047 -0.608 -0.660 -0.465 -0.604 -0.806 -0.629 -0.373 -0.571 -0.676 -0.443 -0.326 -0.022  0.255  0.448  0.674  0.732  0.584  0.484  0.279  0.031 -0.098 -0.304 -0.415 -0.485 -0.399 -0.398  0.036  0.161  0.164  0.046  0.549  0.601  0.550  0.461  0.581  0.722  0.624  0.621  0.492  0.420  0.443  0.575  0.662  0.735  0.707  0.659  0.492  0.549  0.351  0.157 -0.041 -0.233 -0.366 -0.499 -0.571 -0.520 -0.326 -0.176  0.068  0.139  0.294  0.446  0.424  0.426  0.327  0.209  0.229  0.223  0.096  0.031  0.078  0.027 -0.088 -0.132 -0.186 -0.139 -0.175 -0.209 -0.310 -0.327 -0.365 -0.287 -0.184 -0.220 -0.080  0.100  0.261  0.500  0.614  0.837  0.944  1.000
