  1.000  0.978  0.965  0.919  0.896  0.759  0.658  0.526  0.285  0.232  0.316  0.495  0.442  0.626  0.754  0.540  0.139  0.214 -0.383 -0.327 -0.363 -0.275 -0.056  0.081  0.165  0.460  0.823  0.856  0.456  0.200 -0.243 -0.458 -0.445 -0.773 -0.876 -0.803 -0.831 -0.949 -0.932 -0.859 -0.877 -0.759 -0.622 -0.423 -0.115  0.142 -0.086 -0.293 -0.454 -0.670 -0.738 -0.703 -0.725 -0.700 -0.280  0.012  0.397  0.587  0.736  0.723  0.592  0.573  0.605  0.585  0.542  0.574  0.598  0.592  0.546  0.533  0.494  0.548  0.604  0.679  0.670  0.713  0.663  0.586  0.425  0.347  0.190 -0.012 -0.087 -0.289 -0.342 -0.046  0.189  0.362  0.526  0.546  0.514  0.514  0.379  0.364  0.388  0.290  0.191  0.237  0.216  0.086  0.072  0.122  0.047  0.140  0.155  0.245  0.313  0.322  0.181  0.152  0.047  0.024  0.030 -0.131 -0.102  0.079  0.128  0.327  0.514  0.672  0.774  0.772
  0.978  1.000  0.980  0.938  0.925  0.796  0.702  0.571  0.337  0.286  0.365  0.540  0.488  0.664  0.788  0.565  0.161  0.188 -0.426 -0.372 -0.413 -0.326 -0.106  0.034  0.121  0.425  0.820  0.881  0.510  0.252 -0.203 -0.416 -0.399 -0.740 -0.858 -0.778 -0.818 -0.952 -0.925 -0.852 -0.885 -0.772 -0.646 -0.464 -0.157  0.091 -0.135 -0.329 -0.487 -0.699 -0.771 -0.740 -0.758 -0.722 -0.300  0.016  0.393  0.588  0.735  0.720  0.588  0.571  0.607  0.582  0.542  0.580  0.600  0.593  0.536  0.513  0.469  0.532  0.582  0.660  0.646  0.693  0.640  0.557  0.393  0.318  0.161 -0.040 -0.110 -0.309 -0.357 -0.057  0.173  0.346  0.509  0.527  0.487  0.483  0.341  0.323  0.350  0.253  0.148  0.195  0.178  0.045  0.028  0.080  0.006  0.104  0.124  0.216  0.288  0.299  0.158  0.128  0.019 -0.010 -0.006 -0.169 -0.142  0.039  0.085  0.286  0.481  0.642  0.749  0.745
  0.965  0.980  1.000  0.967  0.919  0.786  0.665  0.503  0.255  0.243  0.330  0.526  0.501  0.702  0.826  0.663  0.288  0.302 -0.386 -0.332 -0.403 -0.303 -0.069  0.058  0.157  0.428  0.848  0.831  0.484  0.290 -0.115 -0.373 -0.411 -0.737 -0.828 -0.796 -0.870 -0.969 -0.941 -0.902 -0.932 -0.850 -0.730 -0.553 -0.275  0.003 -0.201 -0.417 -0.547 -0.744 -0.788 -0.718 -0.698 -0.628 -0.166  0.158  0.519  0.693  0.818  0.805  0.639  0.623  0.664  0.649  0.602  0.635  0.666  0.663  0.617  0.597  0.554  0.601  0.644  0.708  0.690  0.737  0.700  0.609  0.465  0.412  0.268  0.079  0.021 -0.178 -0.223  0.084  0.301  0.463  0.604  0.620  0.569  0.546  0.402  0.378  0.420  0.334  0.218  0.266  0.264  0.131  0.104  0.164  0.101  0.205  0.234  0.327  0.404  0.419  0.285  0.254  0.142  0.102  0.100 -0.065 -0.047  0.126  0.153  0.332  0.522  0.653  0.767  0.754
  0.919  0.938  0.967  1.000  0.968  0.879  0.744  0.582  0.334  0.378  0.472  0.663  0.661  0.834  0.916  0.781  0.437  0.275 -0.504 -0.457 -0.554 -0.453 -0.217 -0.104  0.007  0.260  0.761  0.785  0.594  0.474  0.087 -0.181 -0.249 -0.603 -0.709 -0.690 -0.830 -0.953 -0.888 -0.875 -0.954 -0.899 -0.838 -0.688 -0.423 -0.184 -0.397 -0.590 -0.709 -0.864 -0.886 -0.802 -0.735 -0.606 -0.124  0.264  0.573  0.761  0.845  0.813  0.668  0.654  0.685  0.668  0.621  0.645  0.663  0.647  0.595  0.556  0.500  0.539  0.574  0.631  0.600  0.649  0.627  0.506  0.371  0.346  0.221  0.056  0.036 -0.137 -0.162  0.142  0.315  0.462  0.582  0.590  0.505  0.452  0.289  0.256  0.321  0.245  0.109  0.160  0.180  0.044  0.002  0.074  0.028  0.146  0.197  0.295  0.393  0.423  0.292  0.258  0.130  0.063  0.049 -0.116 -0.116  0.039  0.038  0.197  0.396  0.525  0.690  0.693
  0.896  0.925  0.919  0.968  1.000  0.960  0.875  0.758  0.542  0.563  0.645  0.795  0.766  0.875  0.931  0.716  0.349  0.053 -0.676 -0.634 -0.696 -0.616 -0.409 -0.289 -0.189  0.104  0.640  0.834  0.738  0.568  0.115 -0.082 -0.082 -0.484 -0.645 -0.558 -0.697 -0.900 -0.807 -0.757 -0.882 -0.803 -0.785 -0.657 -0.356 -0.189 -0.440 -0.582 -0.742 -0.887 -0.939 -0.908 -0.865 -0.744 -0.315  0.111  0.403  0.637  0.725  0.677  0.549  0.527  0.548  0.519  0.472  0.496  0.501  0.474  0.408  0.359  0.295  0.346  0.388  0.461  0.428  0.485  0.448  0.318  0.159  0.126 -0.005 -0.168 -0.175 -0.324 -0.336 -0.048  0.105  0.256  0.388  0.396  0.301  0.251  0.080  0.050  0.108  0.023 -0.110 -0.059 -0.045 -0.181 -0.219 -0.150 -0.198 -0.082 -0.029  0.073  0.180  0.216  0.079  0.042 -0.093 -0.164 -0.179 -0.338 -0.338 -0.187 -0.180 -0.006  0.208  0.380  0.560  0.580
  0.759  0.796  0.786  0.879  0.960  1.000  0.960  0.878  0.713  0.760  0.823  0.927  0.901  0.933  0.936  0.706  0.382 -0.136 -0.839 -0.811 -0.861 -0.803 -0.635 -0.534 -0.442 -0.162  0.426  0.760  0.874  0.742  0.298  0.164  0.188 -0.236 -0.435 -0.317 -0.501 -0.763 -0.627 -0.578 -0.765 -0.703 -0.769 -0.696 -0.410 -0.335 -0.590 -0.669 -0.833 -0.924 -0.974 -0.973 -0.910 -0.755 -0.389  0.080  0.290  0.548  0.599  0.529  0.403  0.375  0.382  0.347  0.300  0.314  0.306  0.268  0.198  0.137  0.068  0.111  0.150  0.221  0.179  0.242  0.210  0.064 -0.089 -0.101 -0.209 -0.333 -0.299 -0.395 -0.377 -0.130 -0.044  0.083  0.189  0.191  0.070 -0.000 -0.178 -0.210 -0.143 -0.217 -0.354 -0.304 -0.277 -0.403 -0.448 -0.377 -0.407 -0.292 -0.224 -0.123 -0.003  0.047 -0.079 -0.117 -0.257 -0.347 -0.371 -0.511 -0.527 -0.408 -0.420 -0.268 -0.055  0.127  0.333  0.369
  0.658  0.702  0.665  0.744  0.875  0.960  1.000  0.964  0.865  0.871  0.901  0.950  0.897  0.864  0.849  0.553  0.241 -0.356 -0.925 -0.905 -0.907 -0.879 -0.761 -0.663 -0.595 -0.299  0.265  0.741  0.933  0.751  0.283  0.242  0.338 -0.091 -0.327 -0.147 -0.308 -0.626 -0.476 -0.393 -0.606 -0.526 -0.626 -0.583 -0.292 -0.290 -0.552 -0.577 -0.766 -0.841 -0.919 -0.978 -0.948 -0.823 -0.554 -0.098  0.075  0.357  0.410  0.332  0.195  0.159  0.159  0.117  0.069  0.084  0.071  0.032 -0.041 -0.096 -0.161 -0.111 -0.067  0.012 -0.025  0.042 -0.002 -0.138 -0.300 -0.321 -0.426 -0.536 -0.495 -0.558 -0.526 -0.322 -0.264 -0.146 -0.039 -0.037 -0.152 -0.210 -0.377 -0.403 -0.351 -0.427 -0.545 -0.501 -0.484 -0.597 -0.632 -0.573 -0.603 -0.502 -0.442 -0.348 -0.233 -0.184 -0.303 -0.339 -0.468 -0.551 -0.573 -0.691 -0.704 -0.601 -0.601 -0.447 -0.241 -0.034  0.153  0.196
  0.526  0.571  0.503  0.582  0.758  0.878  0.964  1.000  0.951  0.919  0.936  0.924  0.842  0.743  0.708  0.364  0.071 -0.549 -0.949 -0.937 -0.894 -0.896 -0.830 -0.737 -0.695 -0.396  0.099  0.687  0.926  0.703  0.232  0.281  0.447  0.036 -0.223  0.010 -0.110 -0.465 -0.314 -0.197 -0.420 -0.322 -0.444 -0.427 -0.139 -0.215 -0.476 -0.441 -0.648 -0.707 -0.810 -0.925 -0.935 -0.852 -0.694 -0.281 -0.145  0.142  0.199  0.115  0.026 -0.007 -0.019 -0.068 -0.104 -0.090 -0.117 -0.160 -0.238 -0.295 -0.357 -0.302 -0.254 -0.169 -0.200 -0.137 -0.194 -0.312 -0.476 -0.511 -0.610 -0.703 -0.662 -0.693 -0.654 -0.502 -0.467 -0.362 -0.254 -0.250 -0.350 -0.388 -0.533 -0.550 -0.519 -0.595 -0.687 -0.650 -0.647 -0.742 -0.763 -0.721 -0.751 -0.671 -0.622 -0.541 -0.438 -0.393 -0.501 -0.533 -0.647 -0.716 -0.732 -0.824 -0.833 -0.747 -0.733 -0.581 -0.395 -0.174 -0.011  0.039
  0.285  0.337  0.255  0.334  0.542  0.713  0.865  0.951  1.000  0.952  0.927  0.849  0.761  0.589  0.521  0.172 -0.041 -0.725 -0.933 -0.938 -0.860 -0.896 -0.900 -0.832 -0.819 -0.558 -0.141  0.533  0.888  0.675  0.265  0.410  0.622  0.267 -0.001  0.259  0.161 -0.211 -0.055  0.071 -0.165 -0.075 -0.242 -0.277 -0.041 -0.208 -0.431 -0.329 -0.524 -0.536 -0.646 -0.805 -0.834 -0.773 -0.752 -0.398 -0.351 -0.082 -0.048 -0.137 -0.198 -0.234 -0.257 -0.310 -0.340 -0.331 -0.367 -0.413 -0.485 -0.537 -0.590 -0.539 -0.496 -0.420 -0.446 -0.387 -0.444 -0.540 -0.684 -0.712 -0.783 -0.832 -0.774 -0.750 -0.692 -0.619 -0.642 -0.572 -0.491 -0.490 -0.581 -0.611 -0.726 -0.735 -0.719 -0.779 -0.842 -0.817 -0.818 -0.883 -0.894 -0.868 -0.887 -0.832 -0.791 -0.729 -0.641 -0.598 -0.678 -0.703 -0.792 -0.852 -0.868 -0.918 -0.930 -0.885 -0.871 -0.750 -0.601 -0.390 -0.256 -0.200
  0.232  0.286  0.243  0.378  0.563  0.760  0.871  0.919  0.952  1.000  0.984  0.927  0.889  0.724  0.622  0.367  0.212 -0.609 -0.965 -0.977 -0.953 -0.974 -0.960 -0.917 -0.881 -0.674 -0.175  0.434  0.932  0.849  0.513  0.599  0.726  0.372  0.123  0.318  0.133 -0.214 -0.030  0.038 -0.229 -0.193 -0.409 -0.471 -0.281 -0.446 -0.651 -0.553 -0.705 -0.667 -0.728 -0.832 -0.785 -0.642 -0.562 -0.154 -0.167  0.084  0.061 -0.036 -0.101 -0.136 -0.162 -0.209 -0.243 -0.246 -0.283 -0.338 -0.405 -0.470 -0.530 -0.499 -0.472 -0.417 -0.457 -0.397 -0.426 -0.552 -0.667 -0.649 -0.690 -0.708 -0.609 -0.565 -0.490 -0.411 -0.481 -0.435 -0.394 -0.402 -0.531 -0.604 -0.735 -0.758 -0.709 -0.749 -0.839 -0.810 -0.778 -0.844 -0.878 -0.834 -0.828 -0.756 -0.688 -0.623 -0.515 -0.456 -0.526 -0.553 -0.657 -0.749 -0.780 -0.832 -0.867 -0.845 -0.872 -0.792 -0.640 -0.465 -0.282 -0.219
  0.316  0.365  0.330  0.472  0.645  0.823  0.901  0.936  0.927  0.984  1.000  0.964  0.928  0.787  0.695  0.443  0.260 -0.544 -0.974 -0.979 -0.971 -0.979 -0.938 -0.887 -0.840 -0.620 -0.090  0.489  0.948  0.866  0.509  0.559  0.666  0.292  0.046  0.230  0.035 -0.306 -0.123 -0.060 -0.324 -0.287 -0.487 -0.533 -0.325 -0.457 -0.675 -0.601 -0.757 -0.735 -0.792 -0.879 -0.822 -0.669 -0.538 -0.106 -0.088  0.170  0.155  0.056 -0.015 -0.046 -0.067 -0.111 -0.146 -0.149 -0.184 -0.237 -0.307 -0.376 -0.443 -0.412 -0.383 -0.324 -0.368 -0.307 -0.335 -0.471 -0.591 -0.575 -0.625 -0.659 -0.564 -0.539 -0.472 -0.364 -0.414 -0.356 -0.307 -0.315 -0.447 -0.523 -0.665 -0.691 -0.636 -0.680 -0.782 -0.749 -0.714 -0.791 -0.829 -0.779 -0.777 -0.695 -0.623 -0.551 -0.437 -0.376 -0.455 -0.487 -0.600 -0.696 -0.728 -0.796 -0.830 -0.794 -0.823 -0.733 -0.569 -0.393 -0.200 -0.143
  0.495  0.540  0.526  0.663  0.795  0.927  0.950  0.924  0.849  0.927  0.964  1.000  0.979  0.909  0.844  0.619  0.387 -0.359 -0.954 -0.948 -0.978 -0.954 -0.855 -0.789 -0.716 -0.479  0.116  0.590  0.958  0.888  0.504  0.464  0.517  0.112 -0.117  0.028 -0.191 -0.503 -0.327 -0.284 -0.532 -0.498 -0.662 -0.667 -0.433 -0.481 -0.714 -0.706 -0.860 -0.871 -0.913 -0.951 -0.870 -0.688 -0.440  0.034  0.117  0.378  0.374  0.284  0.178  0.144  0.133  0.095  0.049  0.049  0.027 -0.024 -0.093 -0.162 -0.232 -0.201 -0.172 -0.112 -0.158 -0.093 -0.115 -0.266 -0.397 -0.378 -0.446 -0.510 -0.426 -0.445 -0.391 -0.221 -0.229 -0.148 -0.085 -0.091 -0.233 -0.321 -0.486 -0.520 -0.449 -0.502 -0.628 -0.586 -0.544 -0.645 -0.693 -0.628 -0.633 -0.530 -0.450 -0.363 -0.239 -0.176 -0.273 -0.310 -0.440 -0.544 -0.578 -0.678 -0.712 -0.647 -0.681 -0.573 -0.382 -0.208  0.008  0.059
  0.442  0.488  0.501  0.661  0.766  0.901  0.897  0.842  0.761  0.889  0.928  0.979  1.000  0.949  0.872  0.731  0.555 -0.229 -0.904 -0.902 -0.971 -0.936 -0.826 -0.780 -0.694 -0.511  0.109  0.492  0.924  0.949  0.642  0.553  0.536  0.158 -0.039  0.044 -0.225 -0.491 -0.310 -0.314 -0.565 -0.572 -0.755 -0.779 -0.591 -0.624 -0.825 -0.827 -0.936 -0.915 -0.918 -0.908 -0.776 -0.547 -0.262  0.221  0.263  0.494  0.452  0.363  0.239  0.207  0.198  0.169  0.122  0.115  0.096  0.048 -0.011 -0.081 -0.150 -0.136 -0.120 -0.079 -0.134 -0.072 -0.071 -0.234 -0.334 -0.283 -0.326 -0.367 -0.262 -0.270 -0.209 -0.040 -0.076 -0.016  0.014  0.002 -0.157 -0.271 -0.438 -0.480 -0.389 -0.423 -0.562 -0.520 -0.457 -0.553 -0.616 -0.541 -0.529 -0.419 -0.325 -0.240 -0.109 -0.040 -0.126 -0.162 -0.295 -0.414 -0.457 -0.554 -0.600 -0.554 -0.615 -0.543 -0.362 -0.225  0.009  0.056
  0.626  0.664  0.702  0.834  0.875  0.933  0.864  0.743  0.589  0.724  0.787  0.909  0.949  1.000  0.974  0.880  0.661  0.044 -0.775 -0.759 -0.870 -0.798 -0.623 -0.559 -0.447 -0.257  0.380  0.586  0.844  0.871  0.559  0.359  0.276 -0.101 -0.258 -0.234 -0.503 -0.704 -0.552 -0.580 -0.782 -0.792 -0.903 -0.871 -0.670 -0.583 -0.782 -0.870 -0.963 -0.990 -0.976 -0.905 -0.756 -0.518 -0.109  0.378  0.505  0.716  0.697  0.627  0.464  0.435  0.441  0.421  0.368  0.367  0.367  0.328  0.276  0.215  0.149  0.163  0.179  0.217  0.164  0.225  0.232  0.068 -0.035  0.011 -0.053 -0.131 -0.055 -0.123 -0.087  0.149  0.176  0.261  0.308  0.299  0.147  0.032 -0.148 -0.195 -0.095 -0.137 -0.293 -0.245 -0.180 -0.297 -0.365 -0.280 -0.279 -0.154 -0.061  0.035  0.166  0.228  0.126  0.089 -0.053 -0.170 -0.209 -0.339 -0.379 -0.297 -0.356 -0.266 -0.069  0.050  0.282  0.312
  0.754  0.788  0.826  0.916  0.931  0.936  0.849  0.708  0.521  0.622  0.695  0.844  0.872  0.974  1.000  0.885  0.615  0.142 -0.697 -0.672 -0.782 -0.697 -0.492 -0.406 -0.289 -0.064  0.554  0.700  0.798  0.761  0.408  0.173  0.093 -0.288 -0.437 -0.415 -0.646 -0.826 -0.703 -0.716 -0.879 -0.866 -0.916 -0.843 -0.611 -0.456 -0.663 -0.797 -0.902 -0.980 -0.980 -0.901 -0.778 -0.570 -0.116  0.355  0.557  0.768  0.788  0.730  0.547  0.519  0.537  0.517  0.461  0.471  0.481  0.451  0.400  0.349  0.286  0.310  0.335  0.380  0.333  0.396  0.392  0.240  0.121  0.142  0.052 -0.063 -0.022 -0.133 -0.117  0.156  0.240  0.351  0.426  0.424  0.291  0.194  0.013 -0.031  0.059  0.003 -0.152 -0.101 -0.050 -0.179 -0.241 -0.157 -0.174 -0.047  0.034  0.135  0.258  0.312  0.194  0.157  0.014 -0.088 -0.119 -0.268 -0.293 -0.180 -0.218 -0.098  0.109  0.236  0.443  0.457
  0.540  0.565  0.663  0.781  0.716  0.706  0.553  0.364  0.172  0.367  0.443  0.619  0.731  0.880  0.885  1.000  0.893  0.483 -0.409 -0.391 -0.581 -0.474 -0.266 -0.237 -0.107 -0.048  0.503  0.362  0.531  0.717  0.607  0.276  0.035 -0.210 -0.244 -0.382 -0.676 -0.699 -0.597 -0.720 -0.840 -0.922 -0.984 -0.953 -0.864 -0.677 -0.771 -0.922 -0.901 -0.904 -0.813 -0.625 -0.408 -0.132  0.350  0.746  0.844  0.938  0.876  0.838  0.647  0.632  0.650  0.658  0.613  0.605  0.625  0.608  0.592  0.550  0.502  0.484  0.473  0.468  0.412  0.453  0.503  0.355  0.326  0.414  0.390  0.340  0.412  0.331  0.349  0.584  0.608  0.657  0.652  0.637  0.494  0.358  0.206  0.151  0.271  0.264  0.107  0.151  0.240  0.139  0.056  0.149  0.170  0.291  0.387  0.466  0.579  0.633  0.562  0.533  0.409  0.294  0.252  0.129  0.082  0.142  0.050  0.072  0.221  0.233  0.438  0.437
  0.139  0.161  0.288  0.437  0.349  0.382  0.241  0.071 -0.041  0.212  0.260  0.387  0.555  0.661  0.615  0.893  1.000  0.549 -0.193 -0.198 -0.411 -0.326 -0.188 -0.228 -0.117 -0.223  0.200 -0.057  0.304  0.671  0.805  0.504  0.187  0.097  0.140 -0.088 -0.413 -0.340 -0.243 -0.440 -0.547 -0.711 -0.834 -0.887 -0.957 -0.844 -0.821 -0.909 -0.784 -0.681 -0.528 -0.303 -0.033  0.274  0.635  0.919  0.840  0.830  0.677  0.649  0.475  0.469  0.480  0.506  0.475  0.451  0.469  0.462  0.478  0.444  0.414  0.358  0.315  0.264  0.205  0.225  0.316  0.189  0.250  0.395  0.453  0.499  0.614  0.616  0.658  0.781  0.696  0.661  0.565  0.537  0.394  0.236  0.135  0.080  0.209  0.255  0.126  0.152  0.268  0.220  0.131  0.213  0.277  0.367  0.469  0.512  0.602  0.657  0.651  0.634  0.548  0.430  0.379  0.319  0.250  0.226  0.091  0.006  0.072 -0.014  0.166  0.159
  0.214  0.188  0.302  0.275  0.053 -0.136 -0.356 -0.549 -0.725 -0.609 -0.544 -0.359 -0.229  0.044  0.142  0.483  0.549  1.000  0.587  0.607  0.424  0.531  0.694  0.682  0.760  0.617  0.601 -0.096 -0.431 -0.205  0.019 -0.344 -0.663 -0.530 -0.330 -0.630 -0.697 -0.389 -0.480 -0.646 -0.492 -0.589 -0.437 -0.353 -0.455 -0.151 -0.037 -0.248 -0.084 -0.120  0.013  0.269  0.404  0.500  0.828  0.771  0.869  0.712  0.684  0.739  0.672  0.692  0.724  0.768  0.771  0.765  0.806  0.838  0.888  0.911  0.930  0.891  0.857  0.799  0.788  0.765  0.833  0.831  0.914  0.968  0.984  0.957  0.921  0.810  0.753  0.876  0.967  0.966  0.930  0.923  0.926  0.882  0.878  0.854  0.907  0.937  0.890  0.900  0.942  0.919  0.883  0.919  0.929  0.963  0.978  0.983  0.975  0.964  0.966  0.971  0.964  0.957  0.952  0.897  0.892  0.924  0.875  0.821  0.805  0.657  0.657  0.603
 -0.383 -0.426 -0.386 -0.504 -0.676 -0.839 -0.925 -0.949 -0.933 -0.965 -0.974 -0.954 -0.904 -0.775 -0.697 -0.409 -0.193  0.587  1.000  0.994  0.967  0.975  0.935  0.875  0.835  0.593  0.068 -0.532 -0.949 -0.827 -0.436 -0.501 -0.631 -0.241  0.008 -0.198 -0.022  0.331  0.151  0.070  0.329  0.276  0.460  0.487  0.258  0.374  0.606  0.547  0.724  0.727  0.800  0.901  0.866  0.733  0.605  0.175  0.131 -0.139 -0.142 -0.051  0.054  0.091  0.104  0.147  0.193  0.190  0.214  0.262  0.331  0.392  0.457  0.423  0.387  0.320  0.357  0.293  0.329  0.461  0.595  0.592  0.654  0.701  0.617  0.603  0.539  0.425  0.458  0.388  0.327  0.330  0.455  0.521  0.664  0.687  0.639  0.691  0.789  0.756  0.729  0.810  0.843  0.796  0.801  0.721  0.656  0.581  0.469  0.412  0.497  0.530  0.642  0.731  0.760  0.831  0.860  0.813  0.831  0.725  0.555  0.366  0.180  0.125
 -0.327 -0.372 -0.332 -0.457 -0.634 -0.811 -0.905 -0.937 -0.938 -0.977 -0.979 -0.948 -0.902 -0.759 -0.672 -0.391 -0.198  0.607  0.994  1.000  0.972  0.986  0.957  0.904  0.865  0.631  0.111 -0.503 -0.954 -0.843 -0.468 -0.546 -0.680 -0.302 -0.048 -0.255 -0.075  0.281  0.099  0.020  0.285  0.237  0.435  0.474  0.259  0.394  0.619  0.546  0.719  0.707  0.776  0.883  0.844  0.707  0.600  0.176  0.155 -0.112 -0.105 -0.011  0.085  0.122  0.139  0.184  0.228  0.227  0.254  0.305  0.374  0.436  0.499  0.467  0.434  0.370  0.407  0.343  0.377  0.507  0.636  0.628  0.682  0.719  0.629  0.602  0.532  0.432  0.480  0.420  0.366  0.371  0.497  0.566  0.705  0.728  0.680  0.728  0.823  0.791  0.763  0.838  0.872  0.826  0.827  0.750  0.683  0.612  0.502  0.443  0.522  0.553  0.662  0.753  0.783  0.847  0.878  0.840  0.861  0.763  0.599  0.414  0.229  0.172
 -0.363 -0.413 -0.403 -0.554 -0.696 -0.861 -0.907 -0.894 -0.860 -0.953 -0.971 -0.978 -0.971 -0.870 -0.782 -0.581 -0.411  0.424  0.967  0.972  1.000  0.990  0.923  0.877  0.813  0.613  0.029 -0.477 -0.957 -0.933 -0.604 -0.599 -0.649 -0.271 -0.045 -0.185  0.054  0.367  0.178  0.148  0.416  0.406  0.610  0.652  0.461  0.554  0.762  0.720  0.854  0.826  0.857  0.902  0.805  0.609  0.414 -0.049 -0.063 -0.310 -0.274 -0.180 -0.065 -0.030 -0.018  0.018  0.064  0.067  0.090  0.141  0.205  0.274  0.342  0.321  0.300  0.250  0.299  0.235  0.248  0.400  0.509  0.472  0.514  0.544  0.438  0.421  0.350  0.219  0.274  0.220  0.187  0.196  0.347  0.445  0.600  0.634  0.560  0.597  0.717  0.680  0.629  0.713  0.765  0.702  0.691  0.596  0.511  0.433  0.309  0.242  0.321  0.355  0.478  0.590  0.629  0.707  0.750  0.715  0.763  0.686  0.514  0.358  0.141  0.089
 -0.275 -0.326 -0.303 -0.453 -0.616 -0.803 -0.879 -0.896 -0.896 -0.974 -0.979 -0.954 -0.936 -0.798 -0.697 -0.474 -0.326  0.531  0.975  0.986  0.990  1.000  0.965  0.926  0.876  0.681  0.137 -0.427 -0.947 -0.910 -0.590 -0.638 -0.723 -0.361 -0.126 -0.291 -0.071  0.260  0.068  0.024  0.299  0.283  0.503  0.563  0.383  0.521  0.723  0.647  0.787  0.745  0.787  0.862  0.783  0.607  0.479  0.043  0.060 -0.186 -0.147 -0.051  0.050  0.084  0.101  0.140  0.183  0.186  0.213  0.264  0.329  0.397  0.462  0.440  0.419  0.368  0.413  0.351  0.369  0.510  0.617  0.584  0.618  0.634  0.524  0.484  0.406  0.310  0.386  0.342  0.314  0.323  0.466  0.556  0.698  0.727  0.663  0.697  0.802  0.770  0.725  0.797  0.841  0.788  0.775  0.692  0.613  0.543  0.427  0.362  0.431  0.462  0.574  0.679  0.717  0.777  0.819  0.798  0.841  0.771  0.613  0.454  0.251  0.194
 -0.056 -0.106 -0.069 -0.217 -0.409 -0.635 -0.761 -0.830 -0.900 -0.960 -0.938 -0.855 -0.826 -0.623 -0.492 -0.266 -0.188  0.694  0.935  0.957  0.923  0.965  1.000  0.986  0.967  0.815  0.372 -0.260 -0.868 -0.841 -0.585 -0.727 -0.855 -0.554 -0.322 -0.512 -0.323  0.013 -0.177 -0.232  0.045  0.035  0.288  0.391  0.260  0.481  0.648  0.508  0.637  0.555  0.603  0.721  0.666  0.522  0.530  0.168  0.267  0.046  0.105  0.200  0.272  0.305  0.330  0.369  0.403  0.410  0.444  0.494  0.552  0.613  0.669  0.654  0.637  0.593  0.631  0.577  0.596  0.714  0.798  0.762  0.769  0.743  0.622  0.531  0.440  0.423  0.550  0.540  0.537  0.548  0.675  0.752  0.859  0.879  0.832  0.852  0.924  0.905  0.865  0.905  0.938  0.903  0.880  0.825  0.757  0.709  0.610  0.550  0.590  0.615  0.699  0.792  0.827  0.845  0.889  0.907  0.948  0.908  0.792  0.649  0.477  0.415
  0.081  0.034  0.058 -0.104 -0.289 -0.534 -0.663 -0.737 -0.832 -0.917 -0.887 -0.789 -0.780 -0.559 -0.406 -0.237 -0.228  0.682  0.875  0.904  0.877  0.926  0.986  1.000  0.989  0.896  0.491 -0.106 -0.793 -0.837 -0.667 -0.821 -0.921 -0.669 -0.465 -0.624 -0.418 -0.114 -0.306 -0.333 -0.057 -0.036  0.243  0.379  0.304  0.554  0.681  0.517  0.611  0.488  0.513  0.617  0.540  0.382  0.432  0.104  0.269  0.083  0.176  0.268  0.337  0.367  0.395  0.426  0.456  0.470  0.504  0.550  0.597  0.657  0.708  0.707  0.702  0.674  0.714  0.668  0.671  0.784  0.836  0.778  0.754  0.692  0.553  0.430  0.329  0.353  0.521  0.542  0.574  0.589  0.719  0.806  0.896  0.917  0.865  0.865  0.929  0.915  0.865  0.886  0.923  0.890  0.850  0.805  0.733  0.698  0.605  0.544  0.560  0.582  0.654  0.749  0.788  0.785  0.837  0.887  0.945  0.946  0.859  0.751  0.584  0.524
  0.165  0.121  0.157  0.007 -0.189 -0.442 -0.595 -0.695 -0.819 -0.881 -0.840 -0.716 -0.694 -0.447 -0.289 -0.107 -0.117  0.760  0.835  0.865  0.813  0.876  0.967  0.989  1.000  0.918  0.580 -0.044 -0.730 -0.757 -0.607 -0.809 -0.939 -0.719 -0.519 -0.696 -0.523 -0.220 -0.402 -0.444 -0.178 -0.164  0.115  0.260  0.200  0.481  0.594  0.406  0.500  0.372  0.408  0.537  0.485  0.360  0.478  0.199  0.386  0.212  0.302  0.390  0.438  0.467  0.498  0.529  0.554  0.568  0.604  0.649  0.693  0.747  0.792  0.791  0.786  0.758  0.791  0.751  0.759  0.854  0.900  0.849  0.819  0.746  0.611  0.472  0.371  0.430  0.609  0.640  0.676  0.690  0.804  0.874  0.945  0.959  0.921  0.918  0.962  0.954  0.913  0.919  0.946  0.925  0.886  0.857  0.796  0.772  0.693  0.637  0.642  0.660  0.716  0.798  0.833  0.810  0.859  0.921  0.970  0.978  0.913  0.808  0.666  0.605
  0.460  0.425  0.428  0.260  0.104 -0.162 -0.299 -0.396 -0.558 -0.674 -0.620 -0.479 -0.511 -0.257 -0.064 -0.048 -0.223  0.617  0.593  0.631  0.613  0.681  0.815  0.896  0.918  1.000  0.785  0.332 -0.464 -0.668 -0.743 -0.937 -0.973 -0.896 -0.790 -0.863 -0.664 -0.478 -0.644 -0.610 -0.378 -0.289  0.020  0.223  0.304  0.618  0.623  0.404  0.395  0.186  0.158  0.231  0.126 -0.025  0.164 -0.007  0.314  0.245  0.410  0.479  0.517  0.534  0.568  0.575  0.586  0.615  0.648  0.677  0.690  0.734  0.762  0.798  0.822  0.837  0.873  0.856  0.824  0.901  0.862  0.761  0.661  0.512  0.347  0.153  0.043  0.183  0.441  0.540  0.654  0.678  0.788  0.878  0.903  0.918  0.870  0.820  0.842  0.847  0.782  0.746  0.780  0.765  0.690  0.686  0.621  0.629  0.571  0.518  0.467  0.476  0.499  0.580  0.621  0.551  0.617  0.746  0.834  0.937  0.947  0.938  0.820  0.767
  0.823  0.820  0.848  0.761  0.640  0.426  0.265  0.099 -0.141 -0.175 -0.090  0.116  0.109  0.380  0.554  0.503  0.200  0.601  0.068  0.111  0.029  0.137  0.372  0.491  0.580  0.785  1.000  0.712  0.113 -0.079 -0.352 -0.656 -0.736 -0.902 -0.908 -0.956 -0.935 -0.892 -0.954 -0.936 -0.844 -0.766 -0.545 -0.341 -0.135  0.219  0.105 -0.158 -0.227 -0.444 -0.465 -0.357 -0.366 -0.361  0.071  0.219  0.605  0.676  0.825  0.845  0.755  0.751  0.788  0.783  0.757  0.786  0.820  0.825  0.806  0.813  0.800  0.844  0.877  0.916  0.917  0.943  0.915  0.887  0.785  0.716  0.579  0.387  0.277  0.049 -0.031  0.252  0.514  0.662  0.800  0.817  0.827  0.840  0.750  0.735  0.751  0.677  0.600  0.635  0.613  0.505  0.494  0.533  0.462  0.536  0.532  0.600  0.628  0.618  0.504  0.489  0.421  0.425  0.440  0.293  0.331  0.506  0.554  0.712  0.848  0.916  0.936  0.896
  0.856  0.881  0.831  0.785  0.834  0.760  0.741  0.687  0.533  0.434  0.489  0.590  0.492  0.586  0.700  0.362 -0.057 -0.096 -0.532 -0.503 -0.477 -0.427 -0.260 -0.106 -0.044  0.332  0.712  1.000  0.648  0.261 -0.276 -0.372 -0.228 -0.588 -0.787 -0.604 -0.584 -0.819 -0.785 -0.643 -0.704 -0.542 -0.444 -0.284  0.062  0.224 -0.030 -0.164 -0.385 -0.598 -0.719 -0.785 -0.867 -0.883 -0.581 -0.275  0.097  0.339  0.519  0.482  0.411  0.383  0.399  0.353  0.315  0.351  0.354  0.326  0.256  0.232  0.189  0.271  0.339  0.433  0.428  0.488  0.405  0.342  0.146  0.038 -0.139 -0.344 -0.422 -0.598 -0.633 -0.370 -0.148  0.032  0.221  0.243  0.220  0.245  0.112  0.104  0.102 -0.012 -0.093 -0.052 -0.095 -0.220 -0.218 -0.184 -0.270 -0.189 -0.185 -0.095 -0.032 -0.020 -0.168 -0.195 -0.295 -0.309 -0.298 -0.445 -0.406 -0.222 -0.144  0.089  0.291  0.509  0.578  0.578
  0.456  0.510  0.484  0.594  0.738  0.874  0.933  0.926  0.888  0.932  0.948  0.958  0.924  0.844  0.798  0.531  0.304 -0.431 -0.949 -0.954 -0.957 -0.947 -0.868 -0.793 -0.730 -0.464  0.113  0.648  1.000  0.857  0.445  0.443  0.545  0.147 -0.110  0.068 -0.119 -0.456 -0.287 -0.218 -0.465 -0.414 -0.572 -0.584 -0.341 -0.400 -0.631 -0.611 -0.782 -0.804 -0.867 -0.939 -0.888 -0.734 -0.530 -0.073  0.016  0.286  0.302  0.210  0.087  0.048  0.039 -0.008 -0.056 -0.050 -0.069 -0.119 -0.189 -0.249 -0.313 -0.274 -0.239 -0.173 -0.213 -0.141 -0.176 -0.312 -0.452 -0.450 -0.527 -0.597 -0.526 -0.543 -0.485 -0.327 -0.328 -0.244 -0.171 -0.175 -0.304 -0.376 -0.535 -0.564 -0.507 -0.566 -0.680 -0.642 -0.613 -0.709 -0.748 -0.692 -0.704 -0.610 -0.540 -0.455 -0.339 -0.279 -0.378 -0.411 -0.535 -0.629 -0.658 -0.752 -0.777 -0.708 -0.725 -0.603 -0.412 -0.223 -0.038  0.001
  0.200  0.252  0.290  0.474  0.568  0.742  0.751  0.703  0.675  0.849  0.866  0.888  0.949  0.871  0.761  0.717  0.671 -0.205 -0.827 -0.843 -0.933 -0.910 -0.841 -0.837 -0.757 -0.668 -0.079  0.261  0.857  1.000  0.832  0.757  0.691  0.390  0.224  0.254 -0.056 -0.282 -0.090 -0.144 -0.406 -0.471 -0.709 -0.797 -0.705 -0.786 -0.918 -0.879 -0.927 -0.833 -0.796 -0.763 -0.584 -0.315 -0.092  0.354  0.280  0.458  0.353  0.265  0.120  0.090  0.078  0.059  0.015 -0.002 -0.018 -0.062 -0.102 -0.169 -0.230 -0.240 -0.245 -0.232 -0.291 -0.236 -0.208 -0.368 -0.415 -0.321 -0.314 -0.292 -0.150 -0.103 -0.020  0.088 -0.025 -0.019 -0.049 -0.070 -0.241 -0.379 -0.525 -0.571 -0.467 -0.468 -0.599 -0.566 -0.480 -0.547 -0.620 -0.546 -0.504 -0.406 -0.302 -0.234 -0.108 -0.033 -0.081 -0.111 -0.229 -0.360 -0.412 -0.474 -0.538 -0.545 -0.639 -0.633 -0.492 -0.413 -0.186 -0.145
 -0.243 -0.203 -0.115  0.087  0.115  0.298  0.283  0.232  0.265  0.513  0.509  0.504  0.642  0.559  0.408  0.607  0.805  0.019 -0.436 -0.468 -0.604 -0.590 -0.585 -0.667 -0.607 -0.743 -0.352 -0.276  0.445  0.832  1.000  0.914  0.715  0.634  0.607  0.485  0.151  0.104  0.261  0.101 -0.103 -0.275 -0.544 -0.715 -0.830 -0.949 -0.916 -0.837 -0.735 -0.528 -0.401 -0.290 -0.042  0.254  0.367  0.639  0.377  0.395  0.188  0.129  0.004 -0.008 -0.023 -0.009 -0.032 -0.068 -0.077 -0.101 -0.094 -0.143 -0.178 -0.239 -0.286 -0.336 -0.396 -0.375 -0.291 -0.416 -0.341 -0.179 -0.073  0.057  0.234  0.359  0.453  0.439  0.220  0.128 -0.014 -0.049 -0.207 -0.366 -0.440 -0.486 -0.372 -0.306 -0.401 -0.389 -0.271 -0.275 -0.355 -0.293 -0.202 -0.143 -0.037 -0.018  0.072  0.140  0.173  0.159  0.094 -0.032 -0.091 -0.082 -0.168 -0.269 -0.415 -0.545 -0.517 -0.582 -0.401 -0.378
 -0.458 -0.416 -0.373 -0.181 -0.082  0.164  0.242  0.281  0.410  0.599  0.559  0.464  0.553  0.359  0.173  0.276  0.504 -0.344 -0.501 -0.546 -0.599 -0.638 -0.727 -0.821 -0.809 -0.937 -0.656 -0.372  0.443  0.757  0.914  1.000  0.924  0.870  0.802  0.778  0.511  0.393  0.558  0.457  0.231  0.089 -0.222 -0.435 -0.561 -0.808 -0.774 -0.600 -0.534 -0.301 -0.220 -0.211 -0.032  0.192  0.108  0.310 -0.023  0.008 -0.194 -0.260 -0.333 -0.347 -0.375 -0.372 -0.387 -0.422 -0.445 -0.474 -0.474 -0.520 -0.549 -0.602 -0.642 -0.680 -0.727 -0.709 -0.648 -0.743 -0.674 -0.534 -0.417 -0.257 -0.075  0.107  0.219  0.112 -0.154 -0.267 -0.411 -0.443 -0.576 -0.702 -0.741 -0.770 -0.691 -0.625 -0.674 -0.676 -0.582 -0.553 -0.610 -0.576 -0.485 -0.462 -0.377 -0.378 -0.309 -0.248 -0.193 -0.202 -0.237 -0.341 -0.392 -0.337 -0.416 -0.549 -0.670 -0.805 -0.810 -0.850 -0.710 -0.672
 -0.445 -0.399 -0.411 -0.249 -0.082  0.188  0.338  0.447  0.622  0.726  0.666  0.517  0.536  0.276  0.093  0.035  0.187 -0.663 -0.631 -0.680 -0.649 -0.723 -0.855 -0.921 -0.939 -0.973 -0.736 -0.228  0.545  0.691  0.715  0.924  1.000  0.900  0.756  0.860  0.678  0.454  0.620  0.610  0.368  0.298 -0.007 -0.208 -0.263 -0.577 -0.597 -0.378 -0.395 -0.199 -0.190 -0.287 -0.200 -0.059 -0.252 -0.064 -0.360 -0.268 -0.412 -0.490 -0.516 -0.537 -0.573 -0.592 -0.605 -0.631 -0.667 -0.705 -0.726 -0.773 -0.803 -0.826 -0.843 -0.849 -0.882 -0.856 -0.837 -0.910 -0.893 -0.806 -0.724 -0.591 -0.435 -0.249 -0.138 -0.267 -0.509 -0.595 -0.690 -0.712 -0.819 -0.901 -0.933 -0.947 -0.906 -0.868 -0.891 -0.895 -0.839 -0.809 -0.840 -0.827 -0.761 -0.754 -0.693 -0.694 -0.635 -0.581 -0.543 -0.551 -0.578 -0.657 -0.696 -0.633 -0.693 -0.806 -0.881 -0.960 -0.952 -0.919 -0.809 -0.758
 -0.773 -0.740 -0.737 -0.603 -0.484 -0.236 -0.091  0.036  0.267  0.372  0.292  0.112  0.158 -0.101 -0.288 -0.210  0.097 -0.530 -0.241 -0.302 -0.271 -0.361 -0.554 -0.669 -0.719 -0.896 -0.902 -0.588  0.147  0.390  0.634  0.870  0.900  1.000  0.955  0.977  0.854  0.767  0.874  0.821  0.663  0.549  0.270  0.033 -0.161 -0.495 -0.393 -0.148 -0.074  0.170  0.219  0.147  0.228  0.324 -0.001 -0.011 -0.406 -0.440 -0.618 -0.664 -0.637 -0.644 -0.682 -0.681 -0.671 -0.705 -0.737 -0.757 -0.745 -0.768 -0.769 -0.817 -0.857 -0.900 -0.919 -0.923 -0.881 -0.898 -0.803 -0.699 -0.562 -0.369 -0.221  0.005  0.108 -0.122 -0.406 -0.553 -0.704 -0.730 -0.791 -0.853 -0.811 -0.815 -0.794 -0.717 -0.688 -0.713 -0.659 -0.576 -0.593 -0.606 -0.521 -0.559 -0.521 -0.566 -0.556 -0.521 -0.425 -0.417 -0.387 -0.433 -0.465 -0.344 -0.402 -0.571 -0.651 -0.809 -0.895 -0.957 -0.926 -0.892
 -0.876 -0.858 -0.828 -0.709 -0.645 -0.435 -0.327 -0.223 -0.001  0.123  0.046 -0.117 -0.039 -0.258 -0.437 -0.244  0.140 -0.330  0.008 -0.048 -0.045 -0.126 -0.322 -0.465 -0.519 -0.790 -0.908 -0.787 -0.110  0.224  0.607  0.802  0.756  0.955  1.000  0.938  0.824  0.850  0.921  0.820  0.721  0.569  0.321  0.081 -0.191 -0.490 -0.319 -0.092  0.049  0.311  0.399  0.380  0.483  0.574  0.241  0.135 -0.295 -0.410 -0.614 -0.634 -0.604 -0.599 -0.631 -0.611 -0.592 -0.630 -0.652 -0.655 -0.620 -0.629 -0.616 -0.684 -0.740 -0.809 -0.824 -0.847 -0.782 -0.777 -0.632 -0.510 -0.342 -0.123  0.019  0.249  0.340  0.082 -0.213 -0.388 -0.574 -0.602 -0.645 -0.707 -0.632 -0.635 -0.612 -0.512 -0.467 -0.499 -0.439 -0.334 -0.351 -0.369 -0.272 -0.326 -0.295 -0.358 -0.370 -0.346 -0.221 -0.207 -0.152 -0.186 -0.216 -0.077 -0.136 -0.329 -0.423 -0.628 -0.762 -0.892 -0.891 -0.871
 -0.803 -0.778 -0.796 -0.690 -0.558 -0.317 -0.147  0.010  0.259  0.318  0.230  0.028  0.044 -0.234 -0.415 -0.382 -0.088 -0.630 -0.198 -0.255 -0.185 -0.291 -0.512 -0.624 -0.696 -0.863 -0.956 -0.604  0.068  0.254  0.485  0.778  0.860  0.977  0.938  1.000  0.935  0.842  0.931  0.911  0.775  0.688  0.431  0.204  0.017 -0.339 -0.238  0.024  0.079  0.306  0.329  0.218  0.251  0.289 -0.106 -0.175 -0.562 -0.599 -0.754 -0.792 -0.738 -0.742 -0.780 -0.781 -0.766 -0.795 -0.829 -0.845 -0.834 -0.850 -0.845 -0.886 -0.919 -0.954 -0.962 -0.971 -0.944 -0.937 -0.849 -0.770 -0.640 -0.451 -0.324 -0.095  0.000 -0.257 -0.530 -0.673 -0.810 -0.831 -0.866 -0.899 -0.835 -0.828 -0.830 -0.760 -0.705 -0.735 -0.702 -0.608 -0.609 -0.637 -0.562 -0.619 -0.600 -0.654 -0.662 -0.638 -0.537 -0.527 -0.478 -0.503 -0.525 -0.391 -0.436 -0.605 -0.663 -0.809 -0.913 -0.965 -0.967 -0.932
 -0.831 -0.818 -0.870 -0.830 -0.697 -0.501 -0.308 -0.110  0.161  0.133  0.035 -0.191 -0.225 -0.503 -0.646 -0.676 -0.413 -0.697 -0.022 -0.075  0.054 -0.071 -0.323 -0.418 -0.523 -0.664 -0.935 -0.584 -0.119 -0.056  0.151  0.511  0.678  0.854  0.824  0.935  1.000  0.922  0.954  0.992  0.925  0.891  0.711  0.520  0.347 -0.006  0.103  0.367  0.394  0.572  0.551  0.385  0.325  0.250 -0.243 -0.438 -0.774 -0.831 -0.925 -0.943 -0.823 -0.822 -0.860 -0.867 -0.839 -0.858 -0.893 -0.903 -0.892 -0.891 -0.870 -0.892 -0.913 -0.935 -0.920 -0.940 -0.941 -0.881 -0.807 -0.780 -0.674 -0.510 -0.437 -0.229 -0.159 -0.447 -0.668 -0.796 -0.898 -0.908 -0.882 -0.855 -0.751 -0.725 -0.773 -0.718 -0.616 -0.656 -0.666 -0.556 -0.524 -0.582 -0.533 -0.622 -0.643 -0.713 -0.761 -0.762 -0.659 -0.640 -0.557 -0.533 -0.535 -0.385 -0.402 -0.553 -0.561 -0.679 -0.811 -0.850 -0.928 -0.900
 -0.949 -0.952 -0.969 -0.953 -0.900 -0.763 -0.626 -0.465 -0.211 -0.214 -0.306 -0.503 -0.491 -0.704 -0.826 -0.699 -0.340 -0.389  0.331  0.281  0.367  0.260  0.013 -0.114 -0.220 -0.478 -0.892 -0.819 -0.456 -0.282  0.104  0.393  0.454  0.767  0.850  0.842  0.922  1.000  0.979  0.951  0.970  0.887  0.759  0.569  0.296  0.005  0.207  0.437  0.554  0.749  0.781  0.692  0.662  0.582  0.095 -0.225 -0.593 -0.759 -0.880 -0.864 -0.737 -0.722 -0.751 -0.734 -0.694 -0.718 -0.739 -0.728 -0.686 -0.666 -0.625 -0.672 -0.713 -0.770 -0.750 -0.794 -0.765 -0.675 -0.537 -0.488 -0.345 -0.155 -0.095  0.110  0.160 -0.155 -0.378 -0.539 -0.682 -0.696 -0.644 -0.616 -0.471 -0.445 -0.490 -0.406 -0.287 -0.335 -0.336 -0.201 -0.171 -0.234 -0.172 -0.278 -0.309 -0.402 -0.479 -0.494 -0.357 -0.329 -0.216 -0.175 -0.174 -0.004 -0.022 -0.198 -0.222 -0.397 -0.588 -0.717 -0.838 -0.831
 -0.932 -0.925 -0.941 -0.888 -0.807 -0.627 -0.476 -0.314 -0.055 -0.030 -0.123 -0.327 -0.310 -0.552 -0.703 -0.597 -0.243 -0.480  0.151  0.099  0.178  0.068 -0.177 -0.306 -0.402 -0.644 -0.954 -0.785 -0.287 -0.090  0.261  0.558  0.620  0.874  0.921  0.931  0.954  0.979  1.000  0.968  0.930  0.838  0.655  0.443  0.187 -0.138  0.037  0.287  0.391  0.608  0.642  0.548  0.545  0.511  0.044 -0.195 -0.588 -0.717 -0.859 -0.862 -0.761 -0.752 -0.784 -0.772 -0.739 -0.766 -0.792 -0.789 -0.756 -0.748 -0.719 -0.768 -0.809 -0.862 -0.853 -0.887 -0.855 -0.794 -0.665 -0.600 -0.453 -0.253 -0.164  0.059  0.127 -0.178 -0.431 -0.594 -0.744 -0.761 -0.741 -0.738 -0.617 -0.598 -0.627 -0.542 -0.444 -0.487 -0.473 -0.347 -0.329 -0.380 -0.309 -0.401 -0.412 -0.496 -0.549 -0.550 -0.419 -0.397 -0.303 -0.287 -0.295 -0.132 -0.163 -0.345 -0.385 -0.561 -0.729 -0.838 -0.917 -0.899
 -0.859 -0.852 -0.902 -0.875 -0.757 -0.578 -0.393 -0.197  0.071  0.038 -0.060 -0.284 -0.314 -0.580 -0.716 -0.720 -0.440 -0.646  0.070  0.020  0.148  0.024 -0.232 -0.333 -0.444 -0.610 -0.936 -0.643 -0.218 -0.144  0.101  0.457  0.610  0.821  0.820  0.911  0.992  0.951  0.968  1.000  0.958  0.921  0.758  0.569  0.377  0.032  0.162  0.423  0.466  0.643  0.628  0.472  0.408  0.318 -0.187 -0.425 -0.765 -0.849 -0.943 -0.950 -0.824 -0.819 -0.854 -0.856 -0.823 -0.842 -0.875 -0.877 -0.860 -0.851 -0.825 -0.851 -0.874 -0.903 -0.885 -0.912 -0.909 -0.837 -0.750 -0.724 -0.611 -0.443 -0.378 -0.171 -0.108 -0.408 -0.625 -0.759 -0.867 -0.877 -0.838 -0.805 -0.686 -0.658 -0.710 -0.650 -0.539 -0.582 -0.594 -0.476 -0.441 -0.503 -0.454 -0.551 -0.578 -0.656 -0.715 -0.722 -0.610 -0.588 -0.494 -0.462 -0.460 -0.303 -0.318 -0.474 -0.481 -0.609 -0.759 -0.815 -0.911 -0.888
 -0.877 -0.885 -0.932 -0.954 -0.882 -0.765 -0.606 -0.420 -0.165 -0.229 -0.324 -0.532 -0.565 -0.782 -0.879 -0.840 -0.547 -0.492  0.329  0.285  0.416  0.299  0.045 -0.057 -0.178 -0.378 -0.844 -0.704 -0.465 -0.406 -0.103  0.231  0.368  0.663  0.721  0.775  0.925  0.970  0.930  0.958  1.000  0.969  0.882  0.725  0.502  0.212  0.383  0.610  0.680  0.828  0.817  0.679  0.584  0.439 -0.084 -0.433 -0.741 -0.882 -0.951 -0.931 -0.777 -0.763 -0.792 -0.785 -0.741 -0.757 -0.781 -0.770 -0.738 -0.711 -0.668 -0.695 -0.720 -0.757 -0.725 -0.768 -0.766 -0.655 -0.550 -0.542 -0.431 -0.274 -0.248 -0.066 -0.031 -0.340 -0.518 -0.652 -0.754 -0.759 -0.679 -0.616 -0.463 -0.426 -0.499 -0.437 -0.299 -0.349 -0.378 -0.247 -0.198 -0.274 -0.235 -0.351 -0.403 -0.496 -0.585 -0.612 -0.489 -0.460 -0.340 -0.276 -0.262 -0.097 -0.096 -0.246 -0.233 -0.366 -0.550 -0.638 -0.790 -0.782
 -0.759 -0.772 -0.850 -0.899 -0.803 -0.703 -0.526 -0.322 -0.075 -0.193 -0.287 -0.498 -0.572 -0.792 -0.866 -0.922 -0.711 -0.589  0.276  0.237  0.406  0.283  0.035 -0.036 -0.164 -0.289 -0.766 -0.542 -0.414 -0.471 -0.275  0.089  0.298  0.549  0.569  0.688  0.891  0.887  0.838  0.921  0.969  1.000  0.947  0.830  0.674  0.385  0.506  0.725  0.740  0.838  0.784  0.601  0.451  0.255 -0.274 -0.619 -0.853 -0.953 -0.970 -0.952 -0.767 -0.758 -0.790 -0.796 -0.751 -0.760 -0.791 -0.786 -0.767 -0.739 -0.697 -0.702 -0.709 -0.723 -0.684 -0.721 -0.746 -0.626 -0.562 -0.595 -0.521 -0.404 -0.409 -0.256 -0.233 -0.520 -0.648 -0.747 -0.801 -0.799 -0.700 -0.610 -0.463 -0.418 -0.511 -0.475 -0.330 -0.377 -0.431 -0.314 -0.250 -0.333 -0.318 -0.436 -0.502 -0.587 -0.681 -0.714 -0.615 -0.588 -0.470 -0.389 -0.366 -0.216 -0.198 -0.314 -0.268 -0.349 -0.510 -0.545 -0.707 -0.691
 -0.622 -0.646 -0.730 -0.838 -0.785 -0.769 -0.626 -0.444 -0.242 -0.409 -0.487 -0.662 -0.755 -0.903 -0.916 -0.984 -0.834 -0.437  0.460  0.435  0.610  0.503  0.288  0.243  0.115  0.020 -0.545 -0.444 -0.572 -0.709 -0.544 -0.222 -0.007  0.270  0.321  0.431  0.711  0.759  0.655  0.758  0.882  0.947  1.000  0.954  0.823  0.625  0.745  0.899  0.904  0.930  0.859  0.685  0.488  0.229 -0.262 -0.673 -0.807 -0.927 -0.887 -0.845 -0.643 -0.627 -0.647 -0.651 -0.604 -0.602 -0.621 -0.607 -0.586 -0.544 -0.492 -0.484 -0.482 -0.488 -0.434 -0.477 -0.517 -0.367 -0.319 -0.390 -0.349 -0.280 -0.341 -0.246 -0.259 -0.510 -0.556 -0.623 -0.638 -0.626 -0.487 -0.361 -0.201 -0.149 -0.263 -0.244 -0.086 -0.132 -0.212 -0.103 -0.025 -0.116 -0.127 -0.251 -0.342 -0.428 -0.543 -0.595 -0.511 -0.481 -0.351 -0.240 -0.202 -0.069 -0.028 -0.104 -0.025 -0.070 -0.233 -0.267 -0.471 -0.470
 -0.423 -0.464 -0.553 -0.688 -0.657 -0.696 -0.583 -0.427 -0.277 -0.471 -0.533 -0.667 -0.779 -0.871 -0.843 -0.953 -0.887 -0.353  0.487  0.474  0.652  0.563  0.391  0.379  0.260  0.223 -0.341 -0.284 -0.584 -0.797 -0.715 -0.435 -0.208  0.033  0.081  0.204  0.520  0.569  0.443  0.569  0.725  0.830  0.954  1.000  0.922  0.802  0.869  0.956  0.925  0.884  0.793  0.623  0.395  0.106 -0.313 -0.717 -0.748 -0.847 -0.759 -0.710 -0.491 -0.475 -0.488 -0.499 -0.459 -0.450 -0.464 -0.453 -0.439 -0.393 -0.342 -0.318 -0.304 -0.295 -0.232 -0.273 -0.328 -0.175 -0.160 -0.264 -0.262 -0.244 -0.342 -0.301 -0.337 -0.535 -0.511 -0.535 -0.504 -0.483 -0.330 -0.184 -0.037  0.018 -0.105 -0.110  0.042  0.003 -0.095 -0.008  0.078 -0.012 -0.048 -0.163 -0.265 -0.339 -0.455 -0.516 -0.460 -0.431 -0.311 -0.187 -0.139 -0.037  0.020 -0.011  0.093  0.095 -0.041 -0.045 -0.242 -0.232
 -0.115 -0.157 -0.275 -0.423 -0.356 -0.410 -0.292 -0.139 -0.041 -0.281 -0.325 -0.433 -0.591 -0.670 -0.611 -0.864 -0.957 -0.455  0.258  0.259  0.461  0.383  0.260  0.304  0.200  0.304 -0.135  0.062 -0.341 -0.705 -0.830 -0.561 -0.263 -0.161 -0.191  0.017  0.347  0.296  0.187  0.377  0.502  0.674  0.823  0.922  1.000  0.911  0.867  0.924  0.798  0.679  0.536  0.327  0.059 -0.246 -0.577 -0.872 -0.773 -0.773 -0.619 -0.584 -0.384 -0.381 -0.394 -0.422 -0.394 -0.373 -0.391 -0.391 -0.402 -0.364 -0.330 -0.278 -0.233 -0.186 -0.125 -0.146 -0.233 -0.103 -0.163 -0.311 -0.372 -0.426 -0.550 -0.564 -0.613 -0.725 -0.626 -0.585 -0.482 -0.453 -0.307 -0.149 -0.048  0.007 -0.122 -0.169 -0.041 -0.067 -0.183 -0.139 -0.049 -0.131 -0.198 -0.287 -0.390 -0.431 -0.525 -0.582 -0.579 -0.561 -0.475 -0.354 -0.302 -0.248 -0.177 -0.145 -0.009  0.080  0.015  0.101 -0.068 -0.053
  0.142  0.091  0.003 -0.184 -0.189 -0.335 -0.290 -0.215 -0.208 -0.446 -0.457 -0.481 -0.624 -0.583 -0.456 -0.677 -0.844 -0.151  0.374  0.394  0.554  0.521  0.481  0.554  0.481  0.618  0.219  0.224 -0.400 -0.786 -0.949 -0.808 -0.577 -0.495 -0.490 -0.339 -0.006  0.005 -0.138  0.032  0.212  0.385  0.625  0.802  0.911  1.000  0.945  0.877  0.755  0.562  0.430  0.287  0.030 -0.268 -0.440 -0.714 -0.495 -0.502 -0.310 -0.256 -0.120 -0.117 -0.107 -0.128 -0.115 -0.086 -0.077 -0.065 -0.070 -0.019  0.016  0.072  0.121  0.170  0.234  0.219  0.134  0.262  0.187  0.026 -0.070 -0.180 -0.342 -0.435 -0.512 -0.536 -0.350 -0.271 -0.138 -0.103  0.051  0.210  0.290  0.338  0.218  0.156  0.260  0.244  0.126  0.140  0.223  0.155  0.069  0.002 -0.104 -0.128 -0.217 -0.281 -0.308 -0.291 -0.221 -0.097 -0.040 -0.031  0.052  0.135  0.279  0.403  0.368  0.443  0.269  0.263
 -0.086 -0.135 -0.201 -0.397 -0.440 -0.590 -0.552 -0.476 -0.431 -0.651 -0.675 -0.714 -0.825 -0.782 -0.663 -0.771 -0.821 -0.037  0.606  0.619  0.762  0.723  0.648  0.681  0.594  0.623  0.105 -0.030 -0.631 -0.918 -0.916 -0.774 -0.597 -0.393 -0.319 -0.238  0.103  0.207  0.037  0.162  0.383  0.506  0.745  0.869  0.867  0.945  1.000  0.949  0.905  0.760  0.664  0.554  0.318  0.017 -0.224 -0.605 -0.470 -0.563 -0.410 -0.338 -0.203 -0.189 -0.177 -0.180 -0.156 -0.132 -0.115 -0.088 -0.070 -0.006  0.046  0.080  0.108  0.128  0.196  0.164  0.101  0.257  0.242  0.109  0.057 -0.004 -0.158 -0.219 -0.294 -0.379 -0.237 -0.206 -0.125 -0.095  0.075  0.233  0.355  0.405  0.284  0.253  0.382  0.353  0.244  0.293  0.376  0.298  0.233  0.142  0.030 -0.021 -0.135 -0.206 -0.192 -0.165 -0.063  0.071  0.129  0.175  0.252  0.292  0.419  0.478  0.384  0.382  0.161  0.136
 -0.293 -0.329 -0.417 -0.590 -0.582 -0.669 -0.577 -0.441 -0.329 -0.553 -0.601 -0.706 -0.827 -0.870 -0.797 -0.922 -0.909 -0.248  0.547  0.546  0.720  0.647  0.508  0.517  0.406  0.404 -0.158 -0.164 -0.611 -0.879 -0.837 -0.600 -0.378 -0.148 -0.092  0.024  0.367  0.437  0.287  0.423  0.610  0.725  0.899  0.956  0.924  0.877  0.949  1.000  0.959  0.871  0.768  0.610  0.366  0.056 -0.309 -0.716 -0.675 -0.772 -0.648 -0.588 -0.413 -0.396 -0.397 -0.404 -0.366 -0.345 -0.347 -0.322 -0.308 -0.252 -0.201 -0.170 -0.146 -0.130 -0.065 -0.103 -0.166 -0.005 -0.004 -0.127 -0.150 -0.167 -0.295 -0.297 -0.352 -0.507 -0.429 -0.430 -0.376 -0.351 -0.182 -0.023  0.120  0.175  0.046  0.029  0.178  0.142  0.034  0.108  0.197  0.107  0.057 -0.053 -0.164 -0.231 -0.351 -0.419 -0.379 -0.351 -0.233 -0.099 -0.045  0.037  0.106  0.105  0.226  0.256  0.133  0.129 -0.099 -0.119
 -0.454 -0.487 -0.547 -0.709 -0.742 -0.833 -0.766 -0.648 -0.524 -0.705 -0.757 -0.860 -0.936 -0.963 -0.902 -0.901 -0.784 -0.084  0.724  0.719  0.854  0.787  0.637  0.611  0.500  0.395 -0.227 -0.385 -0.782 -0.927 -0.735 -0.534 -0.395 -0.074  0.049  0.079  0.394  0.554  0.391  0.466  0.680  0.740  0.904  0.925  0.798  0.755  0.905  0.959  1.000  0.960  0.903  0.800  0.602  0.320 -0.056 -0.522 -0.554 -0.725 -0.649 -0.577 -0.409 -0.383 -0.381 -0.372 -0.325 -0.311 -0.309 -0.272 -0.237 -0.175 -0.114 -0.104 -0.103 -0.117 -0.055 -0.108 -0.141  0.027  0.084 -0.002  0.017  0.044 -0.066 -0.043 -0.095 -0.286 -0.250 -0.292 -0.288 -0.271 -0.103  0.039  0.205  0.256  0.140  0.154  0.309  0.265  0.177  0.274  0.353  0.265  0.237  0.118  0.012 -0.072 -0.203 -0.273 -0.199 -0.165 -0.030  0.100  0.149  0.253  0.310  0.273  0.365  0.333  0.167  0.094 -0.146 -0.177
 -0.670 -0.699 -0.744 -0.864 -0.887 -0.924 -0.841 -0.707 -0.536 -0.667 -0.735 -0.871 -0.915 -0.990 -0.980 -0.904 -0.681 -0.120  0.727  0.707  0.826  0.745  0.555  0.488  0.372  0.186 -0.444 -0.598 -0.804 -0.833 -0.528 -0.301 -0.199  0.170  0.311  0.306  0.572  0.749  0.608  0.643  0.828  0.838  0.930  0.884  0.679  0.562  0.760  0.871  0.960  1.000  0.978  0.889  0.736  0.498  0.061 -0.418 -0.565 -0.769 -0.756 -0.692 -0.514 -0.485 -0.495 -0.479 -0.424 -0.424 -0.429 -0.395 -0.349 -0.294 -0.230 -0.242 -0.259 -0.295 -0.242 -0.301 -0.311 -0.149 -0.049 -0.093 -0.026  0.061 -0.006  0.075  0.047 -0.202 -0.245 -0.335 -0.386 -0.378 -0.230 -0.115  0.065  0.112  0.011  0.054  0.212  0.162  0.098  0.218  0.287  0.200  0.201  0.074 -0.017 -0.114 -0.244 -0.304 -0.198 -0.161 -0.018  0.097  0.134  0.271  0.308  0.219  0.277  0.185 -0.013 -0.126 -0.354 -0.378
 -0.738 -0.771 -0.788 -0.886 -0.939 -0.974 -0.919 -0.810 -0.646 -0.728 -0.792 -0.913 -0.918 -0.976 -0.980 -0.813 -0.528  0.013  0.800  0.776  0.857  0.787  0.603  0.513  0.408  0.158 -0.465 -0.719 -0.867 -0.796 -0.401 -0.220 -0.190  0.219  0.399  0.329  0.551  0.781  0.642  0.628  0.817  0.784  0.859  0.793  0.536  0.430  0.664  0.768  0.903  0.978  1.000  0.959  0.855  0.660  0.250 -0.234 -0.428 -0.670 -0.696 -0.628 -0.462 -0.431 -0.440 -0.412 -0.357 -0.364 -0.365 -0.328 -0.270 -0.215 -0.148 -0.179 -0.211 -0.266 -0.221 -0.286 -0.272 -0.118  0.017  0.005  0.100  0.214  0.167  0.262  0.239 -0.018 -0.091 -0.205 -0.291 -0.289 -0.154 -0.063  0.120  0.160  0.077  0.140  0.290  0.239  0.195  0.323  0.379  0.300  0.319  0.195  0.116  0.014 -0.112 -0.168 -0.046 -0.008  0.136  0.238  0.268  0.411  0.435  0.324  0.355  0.224  0.010 -0.146 -0.360 -0.388
 -0.703 -0.740 -0.718 -0.802 -0.908 -0.973 -0.978 -0.925 -0.805 -0.832 -0.879 -0.951 -0.908 -0.905 -0.901 -0.625 -0.303  0.269  0.901  0.883  0.902  0.862  0.721  0.617  0.537  0.231 -0.357 -0.785 -0.939 -0.763 -0.290 -0.211 -0.287  0.147  0.380  0.218  0.385  0.692  0.548  0.472  0.679  0.601  0.685  0.623  0.327  0.287  0.554  0.610  0.800  0.889  0.959  1.000  0.959  0.819  0.505  0.035 -0.164 -0.445 -0.503 -0.425 -0.293 -0.258 -0.259 -0.216 -0.164 -0.177 -0.167 -0.122 -0.050  0.007  0.074  0.025 -0.020 -0.097 -0.060 -0.131 -0.089  0.050  0.216  0.236  0.348  0.470  0.434  0.515  0.486  0.259  0.184  0.059 -0.053 -0.056  0.062  0.124  0.299  0.328  0.272  0.350  0.478  0.431  0.412  0.534  0.572  0.508  0.541  0.432  0.368  0.269  0.150  0.099  0.226  0.263  0.399  0.485  0.508  0.638  0.651  0.536  0.537  0.376  0.159 -0.043 -0.237 -0.275
 -0.725 -0.758 -0.698 -0.735 -0.865 -0.910 -0.948 -0.935 -0.834 -0.785 -0.822 -0.870 -0.776 -0.756 -0.778 -0.408 -0.033  0.404  0.866  0.844  0.805  0.783  0.666  0.540  0.485  0.126 -0.366 -0.867 -0.888 -0.584 -0.042 -0.032 -0.200  0.228  0.483  0.251  0.325  0.662  0.545  0.408  0.584  0.451  0.488  0.395  0.059  0.030  0.318  0.366  0.602  0.736  0.855  0.959  1.000  0.947  0.706  0.296  0.047 -0.250 -0.363 -0.292 -0.204 -0.168 -0.169 -0.116 -0.069 -0.091 -0.077 -0.033  0.048  0.095  0.155  0.086  0.025 -0.071 -0.051 -0.120 -0.049  0.058  0.253  0.321  0.462  0.612  0.615  0.712  0.699  0.486  0.369  0.221  0.069  0.056  0.135  0.151  0.307  0.322  0.301  0.400  0.497  0.455  0.471  0.588  0.602  0.559  0.615  0.526  0.491  0.397  0.301  0.265  0.400  0.434  0.552  0.606  0.613  0.737  0.728  0.592  0.550  0.349  0.138 -0.101 -0.248 -0.287
 -0.700 -0.722 -0.628 -0.606 -0.744 -0.755 -0.823 -0.852 -0.773 -0.642 -0.669 -0.688 -0.547 -0.518 -0.570 -0.132  0.274  0.500  0.733  0.707  0.609  0.607  0.522  0.382  0.360 -0.025 -0.361 -0.883 -0.734 -0.315  0.254  0.192 -0.059  0.324  0.574  0.289  0.250  0.582  0.511  0.318  0.439  0.255  0.229  0.106 -0.246 -0.268  0.017  0.056  0.320  0.498  0.660  0.819  0.947  1.000  0.855  0.555  0.264 -0.021 -0.188 -0.133 -0.098 -0.067 -0.068 -0.010  0.026 -0.006  0.010  0.047  0.129  0.161  0.208  0.122  0.048 -0.061 -0.062 -0.122 -0.023  0.037  0.246  0.363  0.524  0.695  0.746  0.856  0.865  0.682  0.523  0.361  0.177  0.155  0.180  0.143  0.262  0.259  0.280  0.393  0.448  0.415  0.468  0.571  0.556  0.539  0.619  0.559  0.560  0.481  0.419  0.404  0.538  0.564  0.652  0.663  0.652  0.761  0.726  0.577  0.490  0.262  0.076 -0.178 -0.257 -0.291
 -0.280 -0.300 -0.166 -0.124 -0.315 -0.389 -0.554 -0.694 -0.752 -0.562 -0.538 -0.440 -0.262 -0.109 -0.116  0.350  0.635  0.828  0.605  0.600  0.414  0.479  0.530  0.432  0.478  0.164  0.071 -0.581 -0.530 -0.092  0.367  0.108 -0.252 -0.001  0.241 -0.106 -0.243  0.095  0.044 -0.187 -0.084 -0.274 -0.262 -0.313 -0.577 -0.440 -0.224 -0.309 -0.056  0.061  0.250  0.505  0.706  0.855  1.000  0.875  0.721  0.489  0.338  0.387  0.333  0.359  0.374  0.435  0.448  0.420  0.451  0.484  0.556  0.575  0.602  0.520  0.452  0.351  0.331  0.291  0.401  0.400  0.572  0.701  0.819  0.921  0.968  0.990  0.983  0.957  0.876  0.771  0.623  0.600  0.577  0.495  0.537  0.512  0.580  0.671  0.650  0.641  0.721  0.760  0.712  0.739  0.807  0.809  0.843  0.810  0.795  0.796  0.874  0.886  0.913  0.885  0.863  0.889  0.847  0.765  0.658  0.479  0.380  0.150  0.154  0.113
  0.012  0.016  0.158  0.264  0.111  0.080 -0.098 -0.281 -0.398 -0.154 -0.106  0.034  0.221  0.378  0.355  0.746  0.919  0.771  0.175  0.176 -0.049  0.043  0.168  0.104  0.199 -0.007  0.219 -0.275 -0.073  0.354  0.639  0.310 -0.064 -0.011  0.135 -0.175 -0.438 -0.225 -0.195 -0.425 -0.433 -0.619 -0.673 -0.717 -0.872 -0.714 -0.605 -0.716 -0.522 -0.418 -0.234  0.035  0.296  0.555  0.875  1.000  0.904  0.790  0.634  0.642  0.509  0.518  0.533  0.579  0.566  0.539  0.566  0.578  0.621  0.609  0.602  0.532  0.475  0.398  0.352  0.345  0.452  0.371  0.485  0.632  0.715  0.779  0.865  0.861  0.876  0.959  0.886  0.824  0.703  0.677  0.579  0.443  0.396  0.349  0.462  0.529  0.435  0.449  0.557  0.539  0.461  0.527  0.594  0.656  0.733  0.748  0.798  0.831  0.857  0.852  0.808  0.723  0.682  0.647  0.588  0.545  0.414  0.285  0.286  0.128  0.244  0.219
  0.397  0.393  0.519  0.573  0.403  0.290  0.075 -0.145 -0.351 -0.167 -0.088  0.117  0.263  0.505  0.557  0.844  0.840  0.869  0.131  0.155 -0.063  0.060  0.267  0.269  0.386  0.314  0.605  0.097  0.016  0.280  0.377 -0.023 -0.360 -0.406 -0.295 -0.562 -0.774 -0.593 -0.588 -0.765 -0.741 -0.853 -0.807 -0.748 -0.773 -0.495 -0.470 -0.675 -0.554 -0.565 -0.428 -0.164  0.047  0.264  0.721  0.904  1.000  0.951  0.888  0.900  0.752  0.756  0.782  0.815  0.792  0.781  0.816  0.826  0.852  0.843  0.829  0.792  0.762  0.719  0.681  0.687  0.762  0.678  0.720  0.809  0.815  0.781  0.806  0.703  0.682  0.877  0.933  0.951  0.917  0.903  0.822  0.715  0.630  0.585  0.687  0.706  0.592  0.621  0.700  0.634  0.565  0.638  0.661  0.747  0.811  0.856  0.914  0.938  0.905  0.893  0.822  0.752  0.724  0.628  0.595  0.638  0.552  0.520  0.586  0.496  0.613  0.581
  0.587  0.588  0.693  0.761  0.637  0.548  0.357  0.142 -0.082  0.084  0.170  0.378  0.494  0.716  0.768  0.938  0.830  0.712 -0.139 -0.112 -0.310 -0.186  0.046  0.083  0.212  0.245  0.676  0.339  0.286  0.458  0.395  0.008 -0.268 -0.440 -0.410 -0.599 -0.831 -0.759 -0.717 -0.849 -0.882 -0.953 -0.927 -0.847 -0.773 -0.502 -0.563 -0.772 -0.725 -0.769 -0.670 -0.445 -0.250 -0.021  0.489  0.790  0.951  1.000  0.968  0.954  0.780  0.771  0.792  0.809  0.772  0.763  0.792  0.787  0.790  0.770  0.740  0.721  0.712  0.697  0.654  0.682  0.735  0.621  0.605  0.674  0.640  0.567  0.594  0.471  0.457  0.705  0.788  0.846  0.856  0.845  0.741  0.629  0.501  0.452  0.558  0.549  0.408  0.449  0.522  0.425  0.352  0.437  0.444  0.554  0.628  0.699  0.785  0.821  0.749  0.727  0.624  0.538  0.508  0.380  0.349  0.429  0.355  0.381  0.508  0.493  0.652  0.636
  0.736  0.735  0.818  0.845  0.725  0.599  0.410  0.199 -0.048  0.061  0.155  0.374  0.452  0.697  0.788  0.876  0.677  0.684 -0.142 -0.105 -0.274 -0.147  0.105  0.176  0.302  0.410  0.825  0.519  0.302  0.353  0.188 -0.194 -0.412 -0.618 -0.614 -0.754 -0.925 -0.880 -0.859 -0.943 -0.951 -0.970 -0.887 -0.759 -0.619 -0.310 -0.410 -0.648 -0.649 -0.756 -0.696 -0.503 -0.363 -0.188  0.338  0.634  0.888  0.968  1.000  0.990  0.827  0.816  0.841  0.849  0.810  0.812  0.842  0.837  0.829  0.814  0.784  0.787  0.795  0.802  0.769  0.801  0.828  0.728  0.673  0.699  0.623  0.499  0.487  0.319  0.285  0.569  0.719  0.817  0.876  0.875  0.794  0.714  0.582  0.539  0.624  0.588  0.454  0.498  0.545  0.432  0.374  0.451  0.431  0.541  0.597  0.677  0.756  0.783  0.685  0.662  0.556  0.490  0.473  0.324  0.314  0.435  0.397  0.477  0.627  0.653  0.788  0.767
  0.723  0.720  0.805  0.813  0.677  0.529  0.332  0.115 -0.137 -0.036  0.056  0.284  0.363  0.627  0.730  0.838  0.649  0.739 -0.051 -0.011 -0.180 -0.051  0.200  0.268  0.390  0.479  0.845  0.482  0.210  0.265  0.129 -0.260 -0.490 -0.664 -0.634 -0.792 -0.943 -0.864 -0.862 -0.950 -0.931 -0.952 -0.845 -0.710 -0.584 -0.256 -0.338 -0.588 -0.577 -0.692 -0.628 -0.425 -0.292 -0.133  0.387  0.642  0.900  0.954  0.990  1.000  0.830  0.820  0.851  0.865  0.828  0.831  0.868  0.870  0.869  0.861  0.837  0.837  0.844  0.846  0.817  0.844  0.873  0.785  0.739  0.763  0.689  0.566  0.542  0.368  0.326  0.605  0.764  0.859  0.915  0.915  0.847  0.775  0.655  0.615  0.695  0.662  0.536  0.577  0.620  0.513  0.459  0.532  0.511  0.613  0.662  0.736  0.805  0.825  0.733  0.713  0.617  0.561  0.547  0.403  0.397  0.517  0.483  0.558  0.694  0.705  0.821  0.793
  0.592  0.588  0.639  0.668  0.549  0.403  0.195  0.026 -0.198 -0.101 -0.015  0.178  0.239  0.464  0.547  0.647  0.475  0.672  0.054  0.085 -0.065  0.050  0.272  0.337  0.438  0.517  0.755  0.411  0.087  0.120  0.004 -0.333 -0.516 -0.637 -0.604 -0.738 -0.823 -0.737 -0.761 -0.824 -0.777 -0.767 -0.643 -0.491 -0.384 -0.120 -0.203 -0.413 -0.409 -0.514 -0.462 -0.293 -0.204 -0.098  0.333  0.509  0.752  0.780  0.827  0.830  1.000  0.991  0.979  0.965  0.960  0.948  0.928  0.888  0.864  0.822  0.795  0.817  0.818  0.816  0.790  0.800  0.816  0.756  0.710  0.709  0.636  0.518  0.476  0.315  0.262  0.499  0.659  0.754  0.828  0.828  0.787  0.744  0.652  0.625  0.679  0.643  0.549  0.583  0.606  0.514  0.479  0.534  0.505  0.585  0.615  0.675  0.719  0.729  0.647  0.633  0.561  0.529  0.522  0.396  0.400  0.513  0.498  0.575  0.687  0.713  0.828  0.839
  0.573  0.571  0.623  0.654  0.527  0.375  0.159 -0.007 -0.234 -0.136 -0.046  0.144  0.207  0.435  0.519  0.632  0.469  0.692  0.091  0.122 -0.030  0.084  0.305  0.367  0.467  0.534  0.751  0.383  0.048  0.090 -0.008 -0.347 -0.537 -0.644 -0.599 -0.742 -0.822 -0.722 -0.752 -0.819 -0.763 -0.758 -0.627 -0.475 -0.381 -0.117 -0.189 -0.396 -0.383 -0.485 -0.431 -0.258 -0.168 -0.067  0.359  0.518  0.756  0.771  0.816  0.820  0.991  1.000  0.991  0.981  0.978  0.967  0.948  0.909  0.886  0.844  0.815  0.837  0.834  0.830  0.805  0.810  0.827  0.770  0.730  0.730  0.661  0.545  0.501  0.339  0.284  0.516  0.676  0.768  0.838  0.839  0.802  0.762  0.676  0.650  0.703  0.670  0.579  0.612  0.634  0.546  0.512  0.566  0.537  0.615  0.644  0.700  0.740  0.747  0.671  0.658  0.589  0.559  0.553  0.429  0.433  0.544  0.529  0.600  0.702  0.719  0.828  0.837
  0.605  0.607  0.664  0.685  0.548  0.382  0.159 -0.019 -0.257 -0.162 -0.067  0.133  0.198  0.441  0.537  0.650  0.480  0.724  0.104  0.139 -0.018  0.101  0.330  0.395  0.498  0.568  0.788  0.399  0.039  0.078 -0.023 -0.375 -0.573 -0.682 -0.631 -0.780 -0.860 -0.751 -0.784 -0.854 -0.792 -0.790 -0.647 -0.488 -0.394 -0.107 -0.177 -0.397 -0.381 -0.495 -0.440 -0.259 -0.169 -0.068  0.374  0.533  0.782  0.792  0.841  0.851  0.979  0.991  1.000  0.992  0.983  0.982  0.973  0.943  0.920  0.880  0.850  0.872  0.869  0.866  0.842  0.848  0.865  0.807  0.767  0.766  0.694  0.573  0.524  0.354  0.295  0.537  0.705  0.801  0.871  0.874  0.839  0.799  0.712  0.685  0.739  0.705  0.612  0.646  0.669  0.578  0.543  0.598  0.568  0.648  0.677  0.734  0.773  0.779  0.701  0.688  0.618  0.588  0.582  0.455  0.460  0.576  0.561  0.634  0.738  0.748  0.852  0.853
  0.585  0.582  0.649  0.668  0.519  0.347  0.117 -0.068 -0.310 -0.209 -0.111  0.095  0.169  0.421  0.517  0.658  0.506  0.768  0.147  0.184  0.018  0.140  0.369  0.426  0.529  0.575  0.783  0.353 -0.008  0.059 -0.009 -0.372 -0.592 -0.681 -0.611 -0.781 -0.867 -0.734 -0.772 -0.856 -0.785 -0.796 -0.651 -0.499 -0.422 -0.128 -0.180 -0.404 -0.372 -0.479 -0.412 -0.216 -0.116 -0.010  0.435  0.579  0.815  0.809  0.849  0.865  0.965  0.981  0.992  1.000  0.991  0.983  0.981  0.959  0.943  0.909  0.882  0.895  0.888  0.879  0.854  0.856  0.880  0.824  0.798  0.805  0.743  0.630  0.585  0.417  0.357  0.593  0.755  0.842  0.900  0.901  0.868  0.824  0.743  0.715  0.773  0.745  0.654  0.687  0.714  0.628  0.591  0.646  0.621  0.698  0.728  0.781  0.818  0.823  0.753  0.740  0.674  0.644  0.637  0.515  0.517  0.625  0.604  0.663  0.756  0.748  0.845  0.840
  0.542  0.542  0.602  0.621  0.472  0.300  0.069 -0.104 -0.340 -0.243 -0.146  0.049  0.122  0.368  0.461  0.613  0.475  0.771  0.193  0.228  0.064  0.183  0.403  0.456  0.554  0.586  0.757  0.315 -0.056  0.015 -0.032 -0.387 -0.605 -0.671 -0.592 -0.766 -0.839 -0.694 -0.739 -0.823 -0.741 -0.751 -0.604 -0.459 -0.394 -0.115 -0.156 -0.366 -0.325 -0.424 -0.357 -0.164 -0.069  0.026  0.448  0.566  0.792  0.772  0.810  0.828  0.960  0.978  0.983  0.991  1.000  0.992  0.981  0.960  0.944  0.906  0.882  0.896  0.887  0.875  0.850  0.846  0.871  0.822  0.803  0.808  0.751  0.643  0.595  0.432  0.368  0.591  0.751  0.832  0.888  0.889  0.863  0.825  0.754  0.729  0.781  0.757  0.674  0.704  0.728  0.649  0.615  0.666  0.642  0.712  0.737  0.785  0.815  0.817  0.753  0.741  0.683  0.659  0.655  0.539  0.543  0.645  0.626  0.679  0.760  0.746  0.834  0.829
  0.574  0.580  0.635  0.645  0.496  0.314  0.084 -0.090 -0.331 -0.246 -0.149  0.049  0.115  0.367  0.471  0.605  0.451  0.765  0.190  0.227  0.067  0.186  0.410  0.470  0.568  0.615  0.786  0.351 -0.050 -0.002 -0.068 -0.422 -0.631 -0.705 -0.630 -0.795 -0.858 -0.718 -0.766 -0.842 -0.757 -0.760 -0.602 -0.450 -0.373 -0.086 -0.132 -0.345 -0.311 -0.424 -0.364 -0.177 -0.091 -0.006  0.420  0.539  0.781  0.763  0.812  0.831  0.948  0.967  0.982  0.983  0.992  1.000  0.991  0.974  0.953  0.915  0.890  0.911  0.903  0.896  0.872  0.870  0.889  0.841  0.815  0.812  0.747  0.631  0.574  0.403  0.335  0.567  0.739  0.828  0.892  0.894  0.872  0.840  0.768  0.744  0.793  0.764  0.681  0.712  0.732  0.649  0.618  0.668  0.639  0.710  0.733  0.782  0.810  0.810  0.742  0.730  0.671  0.650  0.647  0.527  0.535  0.645  0.632  0.695  0.779  0.770  0.852  0.842
  0.598  0.600  0.666  0.663  0.501  0.306  0.071 -0.117 -0.367 -0.283 -0.184  0.027  0.096  0.367  0.481  0.625  0.469  0.806  0.214  0.254  0.090  0.213  0.444  0.504  0.604  0.648  0.820  0.354 -0.069 -0.018 -0.077 -0.445 -0.667 -0.737 -0.652 -0.829 -0.893 -0.739 -0.792 -0.875 -0.781 -0.791 -0.621 -0.464 -0.391 -0.077 -0.115 -0.347 -0.309 -0.429 -0.365 -0.167 -0.077  0.010  0.451  0.566  0.816  0.792  0.842  0.868  0.928  0.948  0.973  0.981  0.981  0.991  1.000  0.992  0.977  0.950  0.926  0.942  0.935  0.927  0.905  0.904  0.925  0.878  0.856  0.856  0.790  0.671  0.612  0.434  0.364  0.602  0.780  0.869  0.929  0.933  0.912  0.879  0.807  0.782  0.834  0.806  0.721  0.753  0.774  0.691  0.657  0.709  0.680  0.753  0.774  0.824  0.852  0.850  0.783  0.771  0.712  0.690  0.688  0.566  0.574  0.686  0.673  0.733  0.817  0.797  0.872  0.853
  0.592  0.593  0.663  0.647  0.474  0.268  0.032 -0.160 -0.413 -0.338 -0.237 -0.024  0.048  0.328  0.451  0.608  0.462  0.838  0.262  0.305  0.141  0.264  0.494  0.550  0.649  0.677  0.825  0.326 -0.119 -0.062 -0.101 -0.474 -0.705 -0.757 -0.655 -0.845 -0.903 -0.728 -0.789 -0.877 -0.770 -0.786 -0.607 -0.453 -0.391 -0.065 -0.088 -0.322 -0.272 -0.395 -0.328 -0.122 -0.033  0.047  0.484  0.578  0.826  0.787  0.837  0.870  0.888  0.909  0.943  0.959  0.960  0.974  0.992  1.000  0.992  0.973  0.953  0.964  0.955  0.946  0.926  0.922  0.945  0.903  0.890  0.890  0.829  0.713  0.649  0.469  0.396  0.629  0.809  0.894  0.948  0.952  0.939  0.909  0.844  0.820  0.870  0.846  0.766  0.796  0.817  0.738  0.706  0.756  0.727  0.796  0.815  0.860  0.883  0.878  0.816  0.805  0.751  0.734  0.733  0.614  0.623  0.733  0.719  0.773  0.845  0.811  0.870  0.839
  0.546  0.536  0.617  0.595  0.408  0.198 -0.041 -0.238 -0.485 -0.405 -0.307 -0.093 -0.011  0.276  0.400  0.592  0.478  0.888  0.331  0.374  0.205  0.329  0.552  0.597  0.693  0.690  0.806  0.256 -0.189 -0.102 -0.094 -0.474 -0.726 -0.745 -0.620 -0.834 -0.892 -0.686 -0.756 -0.860 -0.738 -0.767 -0.586 -0.439 -0.402 -0.070 -0.070 -0.308 -0.237 -0.349 -0.270 -0.050  0.048  0.129  0.556  0.621  0.852  0.790  0.829  0.869  0.864  0.886  0.920  0.943  0.944  0.953  0.977  0.992  1.000  0.991  0.978  0.977  0.966  0.947  0.929  0.920  0.952  0.918  0.922  0.931  0.882  0.778  0.716  0.543  0.468  0.687  0.858  0.930  0.970  0.973  0.965  0.933  0.879  0.855  0.906  0.890  0.816  0.843  0.867  0.796  0.764  0.812  0.789  0.852  0.870  0.909  0.926  0.919  0.866  0.858  0.812  0.797  0.797  0.687  0.694  0.792  0.773  0.809  0.865  0.809  0.855  0.818
  0.533  0.513  0.597  0.556  0.359  0.137 -0.096 -0.295 -0.537 -0.470 -0.376 -0.162 -0.081  0.215  0.349  0.550  0.444  0.911  0.392  0.436  0.274  0.397  0.613  0.657  0.747  0.734  0.813  0.232 -0.249 -0.169 -0.143 -0.520 -0.773 -0.768 -0.629 -0.850 -0.891 -0.666 -0.748 -0.851 -0.711 -0.739 -0.544 -0.393 -0.364 -0.019 -0.006 -0.252 -0.175 -0.294 -0.215  0.007  0.095  0.161  0.575  0.609  0.843  0.770  0.814  0.861  0.822  0.844  0.880  0.909  0.906  0.915  0.950  0.973  0.991  1.000  0.994  0.988  0.980  0.958  0.946  0.934  0.967  0.944  0.954  0.959  0.912  0.808  0.738  0.563  0.484  0.695  0.871  0.940  0.978  0.982  0.986  0.961  0.917  0.896  0.940  0.927  0.860  0.885  0.905  0.839  0.811  0.854  0.830  0.887  0.897  0.932  0.941  0.928  0.881  0.874  0.837  0.831  0.833  0.728  0.739  0.836  0.822  0.854  0.900  0.835  0.860  0.815
  0.494  0.469  0.554  0.500  0.295  0.068 -0.161 -0.357 -0.590 -0.530 -0.443 -0.232 -0.150  0.149  0.286  0.502  0.414  0.930  0.457  0.499  0.342  0.462  0.669  0.708  0.792  0.762  0.800  0.189 -0.313 -0.230 -0.178 -0.549 -0.803 -0.769 -0.616 -0.845 -0.870 -0.625 -0.719 -0.825 -0.668 -0.697 -0.492 -0.342 -0.330  0.016  0.046 -0.201 -0.114 -0.230 -0.148  0.074  0.155  0.208  0.602  0.602  0.829  0.740  0.784  0.837  0.795  0.815  0.850  0.882  0.882  0.890  0.926  0.953  0.978  0.994  1.000  0.992  0.981  0.955  0.947  0.932  0.966  0.956  0.974  0.978  0.936  0.837  0.762  0.589  0.507  0.705  0.881  0.943  0.977  0.981  0.994  0.976  0.943  0.924  0.964  0.954  0.896  0.918  0.934  0.876  0.851  0.890  0.866  0.915  0.919  0.947  0.948  0.932  0.891  0.887  0.859  0.861  0.866  0.769  0.782  0.875  0.863  0.888  0.921  0.846  0.854  0.806
  0.548  0.532  0.601  0.539  0.346  0.111 -0.111 -0.302 -0.539 -0.499 -0.412 -0.201 -0.136  0.163  0.310  0.484  0.358  0.891  0.423  0.467  0.321  0.440  0.654  0.707  0.791  0.798  0.844  0.271 -0.274 -0.240 -0.239 -0.602 -0.826 -0.817 -0.684 -0.886 -0.892 -0.672 -0.768 -0.851 -0.695 -0.702 -0.484 -0.318 -0.278  0.072  0.080 -0.170 -0.104 -0.242 -0.179  0.025  0.086  0.122  0.520  0.532  0.792  0.721  0.787  0.837  0.817  0.837  0.872  0.895  0.896  0.911  0.942  0.964  0.977  0.988  0.992  1.000  0.993  0.978  0.972  0.960  0.981  0.972  0.970  0.958  0.898  0.780  0.692  0.505  0.419  0.632  0.830  0.909  0.964  0.971  0.989  0.981  0.942  0.925  0.958  0.936  0.878  0.902  0.909  0.843  0.823  0.860  0.826  0.877  0.877  0.909  0.910  0.892  0.839  0.835  0.803  0.810  0.818  0.712  0.732  0.841  0.843  0.891  0.939  0.887  0.896  0.851
  0.604  0.582  0.644  0.574  0.388  0.150 -0.067 -0.254 -0.496 -0.472 -0.383 -0.172 -0.120  0.179  0.335  0.473  0.315  0.857  0.387  0.434  0.300  0.419  0.637  0.702  0.786  0.822  0.877  0.339 -0.239 -0.245 -0.286 -0.642 -0.843 -0.857 -0.740 -0.919 -0.913 -0.713 -0.809 -0.874 -0.720 -0.709 -0.482 -0.304 -0.233  0.121  0.108 -0.146 -0.103 -0.259 -0.211 -0.020  0.025  0.048  0.452  0.475  0.762  0.712  0.795  0.844  0.818  0.834  0.869  0.888  0.887  0.903  0.935  0.955  0.966  0.980  0.981  0.993  1.000  0.992  0.987  0.978  0.991  0.982  0.963  0.939  0.864  0.732  0.635  0.438  0.348  0.573  0.788  0.880  0.951  0.962  0.983  0.982  0.938  0.923  0.950  0.919  0.861  0.886  0.886  0.813  0.796  0.833  0.790  0.844  0.840  0.878  0.880  0.861  0.798  0.792  0.757  0.766  0.777  0.664  0.689  0.811  0.823  0.891  0.949  0.917  0.924  0.880
  0.679  0.660  0.708  0.631  0.461  0.221  0.012 -0.169 -0.420 -0.417 -0.324 -0.112 -0.079  0.217  0.380  0.468  0.264  0.799  0.320  0.370  0.250  0.368  0.593  0.674  0.758  0.837  0.916  0.433 -0.173 -0.232 -0.336 -0.680 -0.849 -0.900 -0.809 -0.954 -0.935 -0.770 -0.862 -0.903 -0.757 -0.723 -0.488 -0.295 -0.186  0.170  0.128 -0.130 -0.117 -0.295 -0.266 -0.097 -0.071 -0.061  0.351  0.398  0.719  0.697  0.802  0.846  0.816  0.830  0.866  0.879  0.875  0.896  0.927  0.946  0.947  0.958  0.955  0.978  0.992  1.000  0.996  0.993  0.993  0.981  0.939  0.898  0.805  0.652  0.547  0.336  0.244  0.486  0.722  0.832  0.925  0.938  0.961  0.969  0.914  0.901  0.923  0.878  0.817  0.845  0.837  0.754  0.741  0.777  0.725  0.783  0.777  0.821  0.828  0.808  0.731  0.723  0.680  0.692  0.706  0.581  0.612  0.752  0.776  0.870  0.947  0.941  0.952  0.911
  0.670  0.646  0.690  0.600  0.428  0.179 -0.025 -0.200 -0.446 -0.457 -0.368 -0.158 -0.134  0.164  0.333  0.412  0.205  0.788  0.357  0.407  0.299  0.413  0.631  0.714  0.791  0.873  0.917  0.428 -0.213 -0.291 -0.396 -0.727 -0.882 -0.919 -0.824 -0.962 -0.920 -0.750 -0.853 -0.885 -0.725 -0.684 -0.434 -0.232 -0.125  0.234  0.196 -0.065 -0.055 -0.242 -0.221 -0.060 -0.051 -0.062  0.331  0.352  0.681  0.654  0.769  0.817  0.790  0.805  0.842  0.854  0.850  0.872  0.905  0.926  0.929  0.946  0.947  0.972  0.987  0.996  1.000  0.996  0.991  0.989  0.946  0.897  0.800  0.644  0.529  0.316  0.220  0.454  0.698  0.810  0.908  0.923  0.957  0.975  0.929  0.919  0.933  0.886  0.834  0.860  0.844  0.765  0.758  0.789  0.732  0.783  0.770  0.811  0.809  0.785  0.710  0.703  0.668  0.689  0.706  0.586  0.622  0.763  0.796  0.894  0.965  0.959  0.955  0.913
  0.713  0.693  0.737  0.649  0.485  0.242  0.042 -0.137 -0.387 -0.397 -0.307 -0.093 -0.072  0.225  0.396  0.453  0.225  0.765  0.293  0.343  0.235  0.351  0.577  0.668  0.751  0.856  0.943  0.488 -0.141 -0.236 -0.375 -0.709 -0.856 -0.923 -0.847 -0.971 -0.940 -0.794 -0.887 -0.912 -0.768 -0.721 -0.477 -0.273 -0.146  0.219  0.164 -0.103 -0.108 -0.301 -0.286 -0.131 -0.120 -0.122  0.291  0.345  0.687  0.682  0.801  0.844  0.800  0.810  0.848  0.856  0.846  0.870  0.904  0.922  0.920  0.934  0.932  0.960  0.978  0.993  0.996  1.000  0.992  0.981  0.925  0.874  0.769  0.604  0.492  0.273  0.181  0.430  0.679  0.799  0.905  0.920  0.946  0.960  0.902  0.890  0.907  0.854  0.794  0.822  0.807  0.720  0.710  0.745  0.685  0.744  0.735  0.783  0.790  0.769  0.684  0.676  0.631  0.646  0.662  0.534  0.570  0.719  0.753  0.863  0.950  0.959  0.966  0.925
  0.663  0.640  0.700  0.627  0.448  0.210 -0.002 -0.194 -0.444 -0.426 -0.335 -0.115 -0.071  0.232  0.392  0.503  0.316  0.833  0.329  0.377  0.248  0.369  0.596  0.671  0.759  0.824  0.915  0.405 -0.176 -0.208 -0.291 -0.648 -0.837 -0.881 -0.782 -0.944 -0.941 -0.765 -0.855 -0.909 -0.766 -0.746 -0.517 -0.328 -0.233  0.134  0.101 -0.166 -0.141 -0.311 -0.272 -0.089 -0.049 -0.023  0.401  0.452  0.762  0.735  0.828  0.873  0.816  0.827  0.865  0.880  0.871  0.889  0.925  0.945  0.952  0.967  0.966  0.981  0.991  0.993  0.991  0.992  1.000  0.985  0.951  0.920  0.834  0.689  0.591  0.384  0.297  0.537  0.763  0.867  0.949  0.961  0.977  0.976  0.921  0.904  0.932  0.893  0.828  0.855  0.853  0.772  0.754  0.793  0.746  0.806  0.804  0.849  0.858  0.841  0.767  0.759  0.716  0.723  0.734  0.611  0.638  0.772  0.788  0.872  0.948  0.931  0.946  0.902
  0.586  0.557  0.609  0.506  0.318  0.064 -0.138 -0.312 -0.540 -0.552 -0.471 -0.266 -0.234  0.068  0.240  0.355  0.189  0.831  0.461  0.507  0.400  0.510  0.714  0.784  0.854  0.901  0.887  0.342 -0.312 -0.368 -0.416 -0.743 -0.910 -0.898 -0.777 -0.937 -0.881 -0.675 -0.794 -0.837 -0.655 -0.626 -0.367 -0.175 -0.103  0.262  0.257 -0.005  0.027 -0.149 -0.118  0.050  0.058  0.037  0.400  0.371  0.678  0.621  0.728  0.785  0.756  0.770  0.807  0.824  0.822  0.841  0.878  0.903  0.918  0.944  0.956  0.972  0.982  0.981  0.989  0.981  0.985  1.000  0.976  0.932  0.848  0.707  0.589  0.385  0.289  0.498  0.732  0.828  0.911  0.925  0.970  0.993  0.966  0.957  0.966  0.929  0.890  0.910  0.893  0.828  0.824  0.848  0.796  0.836  0.816  0.847  0.833  0.804  0.742  0.740  0.720  0.750  0.769  0.664  0.701  0.829  0.861  0.940  0.988  0.958  0.930  0.880
  0.425  0.393  0.465  0.371  0.159 -0.089 -0.300 -0.476 -0.684 -0.667 -0.591 -0.397 -0.334 -0.035  0.121  0.326  0.250  0.914  0.595  0.636  0.509  0.617  0.798  0.836  0.900  0.862  0.785  0.146 -0.452 -0.415 -0.341 -0.674 -0.893 -0.803 -0.632 -0.849 -0.807 -0.537 -0.665 -0.750 -0.550 -0.562 -0.319 -0.160 -0.163  0.187  0.242 -0.004  0.084 -0.049  0.017  0.216  0.253  0.246  0.572  0.485  0.720  0.605  0.673  0.739  0.710  0.730  0.767  0.798  0.803  0.815  0.856  0.890  0.922  0.954  0.974  0.970  0.963  0.939  0.946  0.925  0.951  0.976  1.000  0.983  0.937  0.837  0.735  0.561  0.469  0.635  0.827  0.885  0.925  0.933  0.981  0.993  0.991  0.982  0.997  0.986  0.958  0.971  0.968  0.926  0.917  0.938  0.905  0.932  0.914  0.928  0.903  0.872  0.840  0.844  0.842  0.871  0.887  0.808  0.835  0.927  0.938  0.964  0.972  0.887  0.843  0.786
  0.347  0.318  0.412  0.346  0.126 -0.101 -0.321 -0.511 -0.712 -0.649 -0.575 -0.378 -0.283  0.011  0.142  0.414  0.395  0.968  0.592  0.628  0.472  0.584  0.762  0.778  0.849  0.761  0.716  0.038 -0.450 -0.321 -0.179 -0.534 -0.806 -0.699 -0.510 -0.770 -0.780 -0.488 -0.600 -0.724 -0.542 -0.595 -0.390 -0.264 -0.311  0.026  0.109 -0.127 -0.002 -0.093  0.005  0.236  0.321  0.363  0.701  0.632  0.809  0.674  0.699  0.763  0.709  0.730  0.766  0.805  0.808  0.812  0.856  0.890  0.931  0.959  0.978  0.958  0.939  0.898  0.897  0.874  0.920  0.932  0.983  1.000  0.982  0.913  0.841  0.691  0.612  0.765  0.915  0.947  0.952  0.954  0.980  0.965  0.960  0.944  0.977  0.985  0.947  0.959  0.978  0.943  0.920  0.950  0.937  0.968  0.966  0.977  0.961  0.939  0.922  0.925  0.920  0.932  0.938  0.867  0.879  0.945  0.927  0.917  0.915  0.800  0.777  0.720
  0.190  0.161  0.268  0.221 -0.005 -0.209 -0.426 -0.610 -0.783 -0.690 -0.625 -0.446 -0.326 -0.053  0.052  0.390  0.453  0.984  0.654  0.682  0.514  0.618  0.769  0.754  0.819  0.661  0.579 -0.139 -0.527 -0.314 -0.073 -0.417 -0.724 -0.562 -0.342 -0.640 -0.674 -0.345 -0.453 -0.611 -0.431 -0.521 -0.349 -0.262 -0.372 -0.070  0.057 -0.150  0.017 -0.026  0.100  0.348  0.462  0.524  0.819  0.715  0.815  0.640  0.623  0.689  0.636  0.661  0.694  0.743  0.751  0.747  0.790  0.829  0.882  0.912  0.936  0.898  0.864  0.805  0.800  0.769  0.834  0.848  0.937  0.982  1.000  0.973  0.925  0.812  0.744  0.852  0.952  0.949  0.913  0.909  0.930  0.901  0.914  0.896  0.937  0.968  0.938  0.944  0.977  0.963  0.936  0.963  0.970  0.991  0.995  0.992  0.970  0.950  0.960  0.968  0.975  0.981  0.982  0.936  0.936  0.965  0.926  0.868  0.834  0.678  0.653  0.596
 -0.012 -0.040  0.079  0.056 -0.168 -0.333 -0.536 -0.703 -0.832 -0.708 -0.659 -0.510 -0.367 -0.131 -0.063  0.340  0.499  0.957  0.701  0.719  0.544  0.634  0.743  0.692  0.746  0.512  0.387 -0.344 -0.597 -0.292  0.057 -0.257 -0.591 -0.369 -0.123 -0.451 -0.510 -0.155 -0.253 -0.443 -0.274 -0.404 -0.280 -0.244 -0.426 -0.180 -0.004 -0.167  0.044  0.061  0.214  0.470  0.612  0.695  0.921  0.779  0.781  0.567  0.499  0.566  0.518  0.545  0.573  0.630  0.643  0.631  0.671  0.713  0.778  0.808  0.837  0.780  0.732  0.652  0.644  0.604  0.689  0.707  0.837  0.913  0.973  1.000  0.982  0.920  0.869  0.917  0.950  0.904  0.821  0.810  0.824  0.780  0.815  0.796  0.844  0.901  0.882  0.880  0.928  0.941  0.908  0.932  0.962  0.970  0.980  0.960  0.932  0.916  0.958  0.970  0.993  0.993  0.987  0.974  0.961  0.944  0.880  0.770  0.697  0.501  0.473  0.417
 -0.087 -0.110  0.021  0.036 -0.175 -0.299 -0.495 -0.662 -0.774 -0.609 -0.564 -0.426 -0.262 -0.055 -0.022  0.412  0.614  0.921  0.617  0.629  0.438  0.524  0.622  0.553  0.611  0.347  0.277 -0.422 -0.526 -0.150  0.234 -0.075 -0.435 -0.221  0.019 -0.324 -0.437 -0.095 -0.164 -0.378 -0.248 -0.409 -0.341 -0.342 -0.550 -0.342 -0.158 -0.295 -0.066 -0.006  0.167  0.434  0.615  0.746  0.968  0.865  0.806  0.594  0.487  0.542  0.476  0.501  0.524  0.585  0.595  0.574  0.612  0.649  0.716  0.738  0.762  0.692  0.635  0.547  0.529  0.492  0.591  0.589  0.735  0.841  0.925  0.982  1.000  0.970  0.939  0.969  0.953  0.884  0.772  0.755  0.743  0.672  0.699  0.674  0.739  0.810  0.779  0.778  0.846  0.863  0.818  0.850  0.898  0.913  0.940  0.920  0.906  0.901  0.954  0.964  0.979  0.959  0.942  0.938  0.909  0.867  0.777  0.638  0.565  0.357  0.358  0.310
 -0.289 -0.309 -0.178 -0.137 -0.324 -0.395 -0.558 -0.693 -0.750 -0.565 -0.539 -0.445 -0.270 -0.123 -0.133  0.331  0.616  0.810  0.603  0.602  0.421  0.484  0.531  0.430  0.472  0.153  0.049 -0.598 -0.543 -0.103  0.359  0.107 -0.249  0.005  0.249 -0.095 -0.229  0.110  0.059 -0.171 -0.066 -0.256 -0.246 -0.301 -0.564 -0.435 -0.219 -0.297 -0.043  0.075  0.262  0.515  0.712  0.856  0.990  0.861  0.703  0.471  0.319  0.368  0.315  0.339  0.354  0.417  0.432  0.403  0.434  0.469  0.543  0.563  0.589  0.505  0.438  0.336  0.316  0.273  0.384  0.385  0.561  0.691  0.812  0.920  0.970  1.000  0.990  0.953  0.867  0.759  0.607  0.584  0.564  0.483  0.528  0.503  0.570  0.663  0.646  0.636  0.716  0.758  0.711  0.736  0.806  0.806  0.838  0.803  0.786  0.786  0.867  0.880  0.909  0.883  0.861  0.891  0.849  0.762  0.654  0.471  0.367  0.135  0.137  0.097
 -0.342 -0.357 -0.223 -0.162 -0.336 -0.377 -0.526 -0.654 -0.692 -0.490 -0.472 -0.391 -0.209 -0.087 -0.117  0.349  0.658  0.753  0.539  0.532  0.350  0.406  0.440  0.329  0.371  0.043 -0.031 -0.633 -0.485 -0.020  0.453  0.219 -0.138  0.108  0.340  0.000 -0.159  0.160  0.127 -0.108 -0.031 -0.233 -0.259 -0.337 -0.613 -0.512 -0.294 -0.352 -0.095  0.047  0.239  0.486  0.699  0.865  0.983  0.876  0.682  0.457  0.285  0.326  0.262  0.284  0.295  0.357  0.368  0.335  0.364  0.396  0.468  0.484  0.507  0.419  0.348  0.244  0.220  0.181  0.297  0.289  0.469  0.612  0.744  0.869  0.939  0.990  1.000  0.946  0.828  0.708  0.542  0.516  0.481  0.388  0.429  0.402  0.475  0.574  0.553  0.543  0.630  0.676  0.624  0.652  0.730  0.732  0.773  0.737  0.728  0.734  0.821  0.833  0.859  0.822  0.795  0.833  0.783  0.682  0.564  0.368  0.265  0.032  0.048  0.013
 -0.046 -0.057  0.084  0.142 -0.048 -0.130 -0.322 -0.502 -0.619 -0.411 -0.364 -0.221 -0.040  0.149  0.156  0.584  0.781  0.876  0.425  0.432  0.219  0.310  0.423  0.353  0.430  0.183  0.252 -0.370 -0.327  0.088  0.439  0.112 -0.267 -0.122  0.082 -0.257 -0.447 -0.155 -0.178 -0.408 -0.340 -0.520 -0.510 -0.535 -0.725 -0.536 -0.379 -0.507 -0.286 -0.202 -0.018  0.259  0.486  0.682  0.957  0.959  0.877  0.705  0.569  0.605  0.499  0.516  0.537  0.593  0.591  0.567  0.602  0.629  0.687  0.695  0.705  0.632  0.573  0.486  0.454  0.430  0.537  0.498  0.635  0.765  0.852  0.917  0.969  0.953  0.946  1.000  0.953  0.883  0.761  0.738  0.683  0.579  0.571  0.535  0.625  0.698  0.636  0.642  0.731  0.733  0.671  0.719  0.780  0.817  0.869  0.865  0.881  0.894  0.937  0.940  0.928  0.876  0.847  0.829  0.784  0.739  0.626  0.486  0.445  0.252  0.307  0.268
  0.189  0.173  0.301  0.315  0.105 -0.044 -0.264 -0.467 -0.642 -0.481 -0.414 -0.229 -0.076  0.176  0.240  0.608  0.696  0.967  0.458  0.480  0.274  0.386  0.550  0.521  0.609  0.441  0.514 -0.148 -0.328 -0.025  0.220 -0.154 -0.509 -0.406 -0.213 -0.530 -0.668 -0.378 -0.431 -0.625 -0.518 -0.648 -0.556 -0.511 -0.626 -0.350 -0.237 -0.429 -0.250 -0.245 -0.091  0.184  0.369  0.523  0.876  0.886  0.933  0.788  0.719  0.764  0.659  0.676  0.705  0.755  0.751  0.739  0.780  0.809  0.858  0.871  0.881  0.830  0.788  0.722  0.698  0.679  0.763  0.732  0.827  0.915  0.952  0.950  0.953  0.867  0.828  0.953  1.000  0.981  0.916  0.902  0.869  0.791  0.769  0.736  0.813  0.856  0.788  0.801  0.868  0.843  0.790  0.839  0.868  0.916  0.953  0.964  0.977  0.980  0.988  0.989  0.967  0.931  0.914  0.860  0.836  0.847  0.768  0.689  0.682  0.526  0.567  0.519
  0.362  0.346  0.463  0.462  0.256  0.083 -0.146 -0.362 -0.572 -0.435 -0.356 -0.148 -0.016  0.261  0.351  0.657  0.661  0.966  0.388  0.420  0.220  0.342  0.540  0.542  0.640  0.540  0.662  0.032 -0.244 -0.019  0.128 -0.267 -0.595 -0.553 -0.388 -0.673 -0.796 -0.539 -0.594 -0.759 -0.652 -0.747 -0.623 -0.535 -0.585 -0.271 -0.206 -0.430 -0.292 -0.335 -0.205  0.059  0.221  0.361  0.771  0.824  0.951  0.846  0.817  0.859  0.754  0.768  0.801  0.842  0.832  0.828  0.869  0.894  0.930  0.940  0.943  0.909  0.880  0.832  0.810  0.799  0.867  0.828  0.885  0.947  0.949  0.904  0.884  0.759  0.708  0.883  0.981  1.000  0.975  0.968  0.937  0.869  0.825  0.793  0.866  0.885  0.806  0.827  0.882  0.833  0.783  0.837  0.847  0.907  0.942  0.968  0.989  0.991  0.971  0.967  0.929  0.896  0.883  0.800  0.786  0.836  0.776  0.743  0.770  0.654  0.705  0.659
  0.526  0.509  0.604  0.582  0.388  0.189 -0.039 -0.254 -0.491 -0.394 -0.307 -0.085  0.014  0.308  0.426  0.652  0.565  0.930  0.327  0.366  0.187  0.314  0.537  0.574  0.676  0.654  0.800  0.221 -0.171 -0.049 -0.014 -0.411 -0.690 -0.704 -0.574 -0.810 -0.898 -0.682 -0.744 -0.867 -0.754 -0.801 -0.638 -0.504 -0.482 -0.138 -0.125 -0.376 -0.288 -0.386 -0.291 -0.053  0.069  0.177  0.623  0.703  0.917  0.856  0.876  0.915  0.828  0.838  0.871  0.900  0.888  0.892  0.929  0.948  0.970  0.978  0.977  0.964  0.951  0.925  0.908  0.905  0.949  0.911  0.925  0.952  0.913  0.821  0.772  0.607  0.542  0.761  0.916  0.975  1.000  0.999  0.978  0.930  0.870  0.841  0.902  0.895  0.811  0.838  0.873  0.804  0.763  0.816  0.802  0.870  0.895  0.935  0.959  0.957  0.907  0.900  0.851  0.828  0.823  0.714  0.715  0.805  0.773  0.794  0.854  0.787  0.839  0.798
  0.546  0.527  0.620  0.590  0.396  0.191 -0.037 -0.250 -0.490 -0.402 -0.315 -0.091  0.002  0.299  0.424  0.637  0.537  0.923  0.330  0.371  0.196  0.323  0.548  0.589  0.690  0.678  0.817  0.243 -0.175 -0.070 -0.049 -0.443 -0.712 -0.730 -0.602 -0.831 -0.908 -0.696 -0.761 -0.877 -0.759 -0.799 -0.626 -0.483 -0.453 -0.103 -0.095 -0.351 -0.271 -0.378 -0.289 -0.056  0.056  0.155  0.600  0.677  0.903  0.845  0.875  0.915  0.828  0.839  0.874  0.901  0.889  0.894  0.933  0.952  0.973  0.982  0.981  0.971  0.962  0.938  0.923  0.920  0.961  0.925  0.933  0.954  0.909  0.810  0.755  0.584  0.516  0.738  0.902  0.968  0.999  1.000  0.984  0.941  0.882  0.854  0.911  0.900  0.819  0.846  0.877  0.806  0.767  0.819  0.801  0.868  0.890  0.931  0.953  0.948  0.896  0.888  0.840  0.821  0.817  0.707  0.711  0.807  0.780  0.809  0.870  0.808  0.855  0.814
  0.514  0.487  0.569  0.505  0.301  0.070 -0.152 -0.350 -0.581 -0.531 -0.447 -0.233 -0.157  0.147  0.291  0.494  0.394  0.926  0.455  0.497  0.347  0.466  0.675  0.719  0.804  0.788  0.827  0.220 -0.304 -0.241 -0.207 -0.576 -0.819 -0.791 -0.645 -0.866 -0.882 -0.644 -0.741 -0.838 -0.679 -0.700 -0.487 -0.330 -0.307  0.051  0.075 -0.182 -0.103 -0.230 -0.154  0.062  0.135  0.180  0.577  0.579  0.822  0.741  0.794  0.847  0.787  0.802  0.839  0.868  0.863  0.872  0.912  0.939  0.965  0.986  0.994  0.989  0.983  0.961  0.957  0.946  0.977  0.970  0.981  0.980  0.930  0.824  0.743  0.564  0.481  0.683  0.869  0.937  0.978  0.984  1.000  0.985  0.951  0.932  0.968  0.954  0.897  0.919  0.931  0.871  0.848  0.885  0.857  0.907  0.908  0.938  0.938  0.920  0.874  0.871  0.843  0.849  0.855  0.755  0.772  0.872  0.866  0.900  0.939  0.871  0.874  0.825
  0.514  0.483  0.546  0.452  0.251 -0.000 -0.210 -0.388 -0.611 -0.604 -0.523 -0.321 -0.271  0.032  0.194  0.358  0.236  0.882  0.521  0.566  0.445  0.556  0.752  0.806  0.874  0.878  0.840  0.245 -0.376 -0.379 -0.366 -0.702 -0.901 -0.853 -0.707 -0.899 -0.855 -0.616 -0.738 -0.805 -0.616 -0.610 -0.361 -0.184 -0.149  0.210  0.233 -0.023  0.039 -0.115 -0.063  0.124  0.151  0.143  0.495  0.443  0.715  0.629  0.714  0.775  0.744  0.762  0.799  0.824  0.825  0.840  0.879  0.909  0.933  0.961  0.976  0.981  0.982  0.969  0.975  0.960  0.976  0.993  0.993  0.965  0.901  0.780  0.672  0.483  0.388  0.579  0.791  0.869  0.930  0.941  0.985  1.000  0.983  0.973  0.987  0.964  0.928  0.945  0.937  0.882  0.874  0.898  0.857  0.892  0.875  0.898  0.881  0.852  0.805  0.805  0.792  0.819  0.835  0.741  0.772  0.882  0.901  0.953  0.982  0.924  0.892  0.840
  0.379  0.341  0.402  0.289  0.080 -0.178 -0.377 -0.533 -0.726 -0.735 -0.665 -0.486 -0.438 -0.148  0.013  0.206  0.135  0.878  0.664  0.705  0.600  0.698  0.859  0.896  0.945  0.903  0.750  0.112 -0.535 -0.525 -0.440 -0.741 -0.933 -0.811 -0.632 -0.835 -0.751 -0.471 -0.617 -0.686 -0.463 -0.463 -0.201 -0.037 -0.048  0.290  0.355  0.120  0.205  0.065  0.120  0.299  0.307  0.262  0.537  0.396  0.630  0.501  0.582  0.655  0.652  0.676  0.712  0.743  0.754  0.768  0.807  0.844  0.879  0.917  0.943  0.942  0.938  0.914  0.929  0.902  0.921  0.966  0.991  0.960  0.914  0.815  0.699  0.528  0.429  0.571  0.769  0.825  0.870  0.882  0.951  0.983  1.000  0.998  0.996  0.985  0.977  0.985  0.968  0.938  0.940  0.949  0.911  0.923  0.892  0.896  0.855  0.816  0.791  0.799  0.812  0.858  0.880  0.813  0.848  0.937  0.962  0.989  0.978  0.892  0.820  0.763
  0.364  0.323  0.378  0.256  0.050 -0.210 -0.403 -0.550 -0.735 -0.758 -0.691 -0.520 -0.480 -0.195 -0.031  0.151  0.080  0.854  0.687  0.728  0.634  0.727  0.879  0.917  0.959  0.918  0.735  0.104 -0.564 -0.571 -0.486 -0.770 -0.947 -0.815 -0.635 -0.828 -0.725 -0.445 -0.598 -0.658 -0.426 -0.418 -0.149  0.018  0.007  0.338  0.405  0.175  0.256  0.112  0.160  0.328  0.322  0.259  0.512  0.349  0.585  0.452  0.539  0.615  0.625  0.650  0.685  0.715  0.729  0.744  0.782  0.820  0.855  0.896  0.924  0.925  0.923  0.901  0.919  0.890  0.904  0.957  0.982  0.944  0.896  0.796  0.674  0.503  0.402  0.535  0.736  0.793  0.841  0.854  0.932  0.973  0.998  1.000  0.991  0.978  0.978  0.985  0.962  0.935  0.943  0.947  0.906  0.912  0.874  0.875  0.827  0.785  0.762  0.771  0.790  0.844  0.869  0.806  0.845  0.934  0.965  0.995  0.977  0.892  0.809  0.752
  0.388  0.350  0.420  0.321  0.108 -0.143 -0.351 -0.519 -0.719 -0.709 -0.636 -0.449 -0.389 -0.095  0.059  0.271  0.209  0.907  0.639  0.680  0.560  0.663  0.832  0.865  0.921  0.870  0.751  0.102 -0.507 -0.467 -0.372 -0.691 -0.906 -0.794 -0.612 -0.830 -0.773 -0.490 -0.627 -0.710 -0.499 -0.511 -0.263 -0.105 -0.122  0.218  0.284  0.046  0.140  0.011  0.077  0.272  0.301  0.280  0.580  0.462  0.687  0.558  0.624  0.695  0.679  0.703  0.739  0.773  0.781  0.793  0.834  0.870  0.906  0.940  0.964  0.958  0.950  0.923  0.933  0.907  0.932  0.966  0.997  0.977  0.937  0.844  0.739  0.570  0.475  0.625  0.813  0.866  0.902  0.911  0.968  0.987  0.996  0.991  1.000  0.992  0.974  0.985  0.978  0.944  0.939  0.955  0.923  0.942  0.918  0.926  0.893  0.858  0.834  0.840  0.846  0.882  0.900  0.829  0.858  0.942  0.955  0.975  0.968  0.876  0.821  0.764
  0.290  0.253  0.334  0.245  0.023 -0.217 -0.427 -0.595 -0.779 -0.749 -0.680 -0.502 -0.423 -0.137  0.003  0.264  0.255  0.937  0.691  0.728  0.597  0.697  0.852  0.865  0.918  0.820  0.677 -0.012 -0.566 -0.468 -0.306 -0.625 -0.868 -0.717 -0.512 -0.760 -0.718 -0.406 -0.542 -0.650 -0.437 -0.475 -0.244 -0.110 -0.169  0.156  0.253  0.029  0.154  0.054  0.140  0.350  0.400  0.393  0.671  0.529  0.706  0.549  0.588  0.662  0.643  0.670  0.705  0.745  0.757  0.764  0.806  0.846  0.890  0.927  0.954  0.936  0.919  0.878  0.886  0.854  0.893  0.929  0.986  0.985  0.968  0.901  0.810  0.663  0.574  0.698  0.856  0.885  0.895  0.900  0.954  0.964  0.985  0.978  0.992  1.000  0.986  0.993  0.996  0.975  0.967  0.982  0.962  0.975  0.955  0.954  0.917  0.884  0.876  0.885  0.900  0.933  0.947  0.891  0.912  0.974  0.973  0.961  0.933  0.812  0.754  0.695
  0.191  0.148  0.218  0.109 -0.110 -0.354 -0.545 -0.687 -0.842 -0.839 -0.782 -0.628 -0.562 -0.293 -0.152  0.107  0.126  0.890  0.789  0.823  0.717  0.802  0.924  0.929  0.962  0.842  0.600 -0.093 -0.680 -0.599 -0.401 -0.674 -0.891 -0.688 -0.467 -0.705 -0.616 -0.287 -0.444 -0.539 -0.299 -0.330 -0.086  0.042 -0.041  0.260  0.382  0.178  0.309  0.212  0.290  0.478  0.497  0.448  0.650  0.435  0.592  0.408  0.454  0.536  0.549  0.579  0.612  0.654  0.674  0.681  0.721  0.766  0.816  0.860  0.896  0.878  0.861  0.817  0.834  0.794  0.828  0.890  0.958  0.947  0.938  0.882  0.779  0.646  0.553  0.636  0.788  0.806  0.811  0.819  0.897  0.928  0.977  0.978  0.974  0.986  1.000  0.998  0.989  0.987  0.991  0.991  0.970  0.962  0.926  0.910  0.852  0.809  0.817  0.831  0.868  0.921  0.941  0.907  0.936  0.985  0.996  0.974  0.917  0.784  0.690  0.629
  0.237  0.195  0.266  0.160 -0.059 -0.304 -0.501 -0.650 -0.817 -0.810 -0.749 -0.586 -0.520 -0.245 -0.101  0.151  0.152  0.900  0.756  0.791  0.680  0.770  0.905  0.915  0.954  0.847  0.635 -0.052 -0.642 -0.566 -0.389 -0.676 -0.895 -0.713 -0.499 -0.735 -0.656 -0.335 -0.487 -0.582 -0.349 -0.377 -0.132  0.003 -0.067  0.244  0.353  0.142  0.265  0.162  0.239  0.431  0.455  0.415  0.641  0.449  0.621  0.449  0.498  0.577  0.583  0.612  0.646  0.687  0.704  0.712  0.753  0.796  0.843  0.885  0.918  0.902  0.886  0.845  0.860  0.822  0.855  0.910  0.971  0.959  0.944  0.880  0.778  0.636  0.543  0.642  0.801  0.827  0.838  0.846  0.919  0.945  0.985  0.985  0.985  0.993  0.998  1.000  0.992  0.982  0.984  0.988  0.966  0.964  0.932  0.921  0.869  0.828  0.829  0.841  0.871  0.919  0.938  0.895  0.923  0.980  0.990  0.977  0.930  0.806  0.722  0.662
  0.216  0.178  0.264  0.180 -0.045 -0.277 -0.484 -0.647 -0.818 -0.778 -0.714 -0.544 -0.457 -0.180 -0.050  0.240  0.268  0.942  0.729  0.763  0.629  0.725  0.865  0.865  0.913  0.782  0.613 -0.095 -0.613 -0.480 -0.271 -0.582 -0.839 -0.659 -0.439 -0.702 -0.666 -0.336 -0.473 -0.594 -0.378 -0.431 -0.212 -0.095 -0.183  0.126  0.244  0.034  0.177  0.098  0.195  0.412  0.471  0.468  0.721  0.557  0.700  0.522  0.545  0.620  0.606  0.634  0.669  0.714  0.728  0.732  0.774  0.817  0.867  0.905  0.934  0.909  0.886  0.837  0.844  0.807  0.853  0.893  0.968  0.978  0.977  0.928  0.846  0.716  0.630  0.731  0.868  0.882  0.873  0.877  0.931  0.937  0.968  0.962  0.978  0.996  0.989  0.992  1.000  0.990  0.980  0.994  0.983  0.989  0.970  0.961  0.919  0.886  0.891  0.902  0.924  0.957  0.969  0.926  0.943  0.988  0.978  0.945  0.900  0.761  0.698  0.639
  0.086  0.045  0.131  0.044 -0.181 -0.403 -0.597 -0.742 -0.883 -0.844 -0.791 -0.645 -0.553 -0.297 -0.179  0.139  0.220  0.919  0.810  0.838  0.713  0.797  0.905  0.886  0.919  0.746  0.505 -0.220 -0.709 -0.547 -0.275 -0.553 -0.809 -0.576 -0.334 -0.608 -0.556 -0.201 -0.347 -0.476 -0.247 -0.314 -0.103 -0.008 -0.139  0.140  0.293  0.108  0.274  0.218  0.323  0.534  0.588  0.571  0.760  0.539  0.634  0.425  0.432  0.513  0.514  0.546  0.578  0.628  0.649  0.649  0.691  0.738  0.796  0.839  0.876  0.843  0.813  0.754  0.765  0.720  0.772  0.828  0.926  0.943  0.963  0.941  0.863  0.758  0.676  0.733  0.843  0.833  0.804  0.806  0.871  0.882  0.938  0.935  0.944  0.975  0.987  0.982  0.990  1.000  0.996  0.999  0.996  0.986  0.960  0.937  0.881  0.844  0.870  0.886  0.927  0.968  0.981  0.962  0.977  0.998  0.985  0.926  0.850  0.686  0.601  0.540
  0.072  0.028  0.104  0.002 -0.219 -0.448 -0.632 -0.763 -0.894 -0.878 -0.829 -0.693 -0.616 -0.365 -0.241  0.056  0.131  0.883  0.843  0.872  0.765  0.841  0.938  0.923  0.946  0.780  0.494 -0.218 -0.748 -0.620 -0.355 -0.610 -0.840 -0.593 -0.351 -0.609 -0.524 -0.171 -0.329 -0.441 -0.198 -0.250 -0.025  0.078 -0.049  0.223  0.376  0.197  0.353  0.287  0.379  0.572  0.602  0.556  0.712  0.461  0.565  0.352  0.374  0.459  0.479  0.512  0.543  0.591  0.615  0.618  0.657  0.706  0.764  0.811  0.851  0.823  0.796  0.741  0.758  0.710  0.754  0.824  0.917  0.920  0.936  0.908  0.818  0.711  0.624  0.671  0.790  0.783  0.763  0.767  0.848  0.874  0.940  0.943  0.939  0.967  0.991  0.984  0.980  0.996  1.000  0.995  0.987  0.967  0.931  0.903  0.838  0.794  0.822  0.839  0.889  0.942  0.961  0.947  0.970  0.993  0.993  0.941  0.857  0.698  0.595  0.533
  0.122  0.080  0.164  0.074 -0.150 -0.377 -0.573 -0.721 -0.868 -0.834 -0.779 -0.628 -0.541 -0.280 -0.157  0.149  0.213  0.919  0.796  0.826  0.702  0.788  0.903  0.890  0.925  0.765  0.533 -0.184 -0.692 -0.546 -0.293 -0.576 -0.827 -0.606 -0.369 -0.637 -0.582 -0.234 -0.380 -0.503 -0.274 -0.333 -0.116 -0.012 -0.131  0.155  0.298  0.107  0.265  0.200  0.300  0.508  0.559  0.539  0.739  0.527  0.638  0.437  0.451  0.532  0.534  0.566  0.598  0.646  0.666  0.668  0.709  0.756  0.812  0.854  0.890  0.860  0.833  0.777  0.789  0.745  0.793  0.848  0.938  0.950  0.963  0.932  0.850  0.736  0.652  0.719  0.839  0.837  0.816  0.819  0.885  0.898  0.949  0.947  0.955  0.982  0.991  0.988  0.994  0.999  0.995  1.000  0.993  0.986  0.959  0.939  0.885  0.847  0.868  0.882  0.920  0.962  0.976  0.950  0.968  0.996  0.987  0.937  0.867  0.712  0.629  0.569
  0.047  0.006  0.101  0.028 -0.198 -0.407 -0.603 -0.751 -0.887 -0.828 -0.777 -0.633 -0.529 -0.279 -0.174  0.170  0.277  0.929  0.801  0.827  0.691  0.775  0.880  0.850  0.886  0.690  0.462 -0.270 -0.704 -0.504 -0.202 -0.485 -0.761 -0.521 -0.272 -0.562 -0.533 -0.172 -0.309 -0.454 -0.235 -0.318 -0.127 -0.048 -0.198  0.069  0.233  0.057  0.237  0.201  0.319  0.541  0.615  0.619  0.807  0.594  0.661  0.444  0.431  0.511  0.505  0.537  0.568  0.621  0.642  0.639  0.680  0.727  0.789  0.830  0.866  0.826  0.790  0.725  0.732  0.685  0.746  0.796  0.905  0.937  0.970  0.962  0.898  0.806  0.730  0.780  0.868  0.847  0.802  0.801  0.857  0.857  0.911  0.906  0.923  0.962  0.970  0.966  0.983  0.996  0.987  0.993  1.000  0.991  0.972  0.947  0.895  0.861  0.895  0.910  0.950  0.983  0.992  0.977  0.986  0.994  0.969  0.893  0.811  0.635  0.560  0.500
  0.140  0.104  0.205  0.146 -0.082 -0.292 -0.502 -0.671 -0.832 -0.756 -0.695 -0.530 -0.419 -0.154 -0.047  0.291  0.367  0.963  0.721  0.750  0.596  0.692  0.825  0.805  0.857  0.686  0.536 -0.189 -0.610 -0.406 -0.143 -0.462 -0.754 -0.559 -0.326 -0.619 -0.622 -0.278 -0.401 -0.551 -0.351 -0.436 -0.251 -0.163 -0.287  0.002  0.142 -0.053  0.118  0.074  0.195  0.432  0.526  0.559  0.809  0.656  0.747  0.554  0.541  0.613  0.585  0.615  0.648  0.698  0.712  0.710  0.753  0.796  0.852  0.887  0.915  0.877  0.844  0.783  0.783  0.744  0.806  0.836  0.932  0.968  0.991  0.970  0.913  0.806  0.732  0.817  0.916  0.907  0.870  0.868  0.907  0.892  0.923  0.912  0.942  0.975  0.962  0.964  0.989  0.986  0.967  0.986  0.991  1.000  0.993  0.980  0.944  0.917  0.936  0.947  0.969  0.988  0.992  0.958  0.962  0.984  0.952  0.889  0.834  0.671  0.624  0.566
  0.155  0.124  0.234  0.197 -0.029 -0.224 -0.442 -0.622 -0.791 -0.688 -0.623 -0.450 -0.325 -0.061  0.034  0.387  0.469  0.978  0.656  0.683  0.511  0.613  0.757  0.733  0.796  0.621  0.532 -0.185 -0.540 -0.302 -0.037 -0.377 -0.693 -0.521 -0.295 -0.600 -0.643 -0.309 -0.412 -0.578 -0.403 -0.502 -0.342 -0.265 -0.390 -0.104  0.030 -0.164  0.012 -0.017  0.116  0.368  0.491  0.560  0.843  0.733  0.811  0.628  0.597  0.662  0.615  0.644  0.677  0.728  0.737  0.733  0.774  0.815  0.870  0.897  0.919  0.877  0.840  0.777  0.770  0.735  0.804  0.816  0.914  0.966  0.995  0.980  0.940  0.838  0.773  0.869  0.953  0.942  0.895  0.890  0.908  0.875  0.892  0.874  0.918  0.955  0.926  0.932  0.970  0.960  0.931  0.959  0.972  0.993  1.000  0.993  0.971  0.952  0.969  0.977  0.986  0.989  0.986  0.945  0.941  0.960  0.912  0.843  0.799  0.635  0.614  0.559
  0.245  0.216  0.327  0.295  0.073 -0.123 -0.348 -0.541 -0.729 -0.623 -0.551 -0.363 -0.240  0.035  0.135  0.466  0.512  0.983  0.581  0.612  0.433  0.543  0.709  0.698  0.772  0.629  0.600 -0.095 -0.455 -0.234 -0.018 -0.378 -0.694 -0.566 -0.358 -0.654 -0.713 -0.402 -0.496 -0.656 -0.496 -0.587 -0.428 -0.339 -0.431 -0.128 -0.021 -0.231 -0.072 -0.114  0.014  0.269  0.397  0.481  0.810  0.748  0.856  0.699  0.677  0.736  0.675  0.700  0.734  0.781  0.785  0.782  0.824  0.860  0.909  0.932  0.947  0.909  0.878  0.821  0.811  0.783  0.849  0.847  0.928  0.977  0.992  0.960  0.920  0.803  0.737  0.865  0.964  0.968  0.935  0.931  0.938  0.898  0.896  0.875  0.926  0.954  0.910  0.921  0.961  0.937  0.903  0.939  0.947  0.980  0.993  1.000  0.989  0.976  0.977  0.980  0.974  0.968  0.964  0.906  0.902  0.936  0.889  0.838  0.818  0.673  0.672  0.619
  0.313  0.288  0.404  0.393  0.180 -0.003 -0.233 -0.438 -0.641 -0.515 -0.437 -0.239 -0.109  0.166  0.258  0.579  0.602  0.975  0.469  0.502  0.309  0.427  0.610  0.605  0.693  0.571  0.628 -0.032 -0.339 -0.108  0.072 -0.309 -0.635 -0.556 -0.370 -0.662 -0.761 -0.479 -0.549 -0.715 -0.585 -0.681 -0.543 -0.455 -0.525 -0.217 -0.135 -0.351 -0.203 -0.244 -0.112  0.150  0.301  0.419  0.795  0.798  0.914  0.785  0.756  0.805  0.719  0.740  0.773  0.818  0.815  0.810  0.852  0.883  0.926  0.941  0.948  0.910  0.880  0.828  0.809  0.790  0.858  0.833  0.903  0.961  0.970  0.932  0.906  0.786  0.728  0.881  0.977  0.989  0.959  0.953  0.938  0.881  0.855  0.827  0.893  0.917  0.852  0.869  0.919  0.881  0.838  0.885  0.895  0.944  0.971  0.989  1.000  0.995  0.983  0.982  0.956  0.934  0.923  0.851  0.840  0.881  0.824  0.781  0.786  0.656  0.687  0.638
  0.322  0.299  0.419  0.423  0.216  0.047 -0.184 -0.393 -0.598 -0.456 -0.376 -0.176 -0.040  0.228  0.312  0.633  0.657  0.964  0.412  0.443  0.242  0.362  0.550  0.544  0.637  0.518  0.618 -0.020 -0.279 -0.033  0.140 -0.248 -0.581 -0.521 -0.346 -0.638 -0.762 -0.494 -0.550 -0.722 -0.612 -0.714 -0.595 -0.516 -0.582 -0.281 -0.206 -0.419 -0.273 -0.304 -0.168  0.099  0.265  0.404  0.796  0.831  0.938  0.821  0.783  0.825  0.729  0.747  0.779  0.823  0.817  0.810  0.850  0.878  0.919  0.928  0.932  0.892  0.861  0.808  0.785  0.769  0.841  0.804  0.872  0.939  0.950  0.916  0.901  0.786  0.734  0.894  0.980  0.991  0.957  0.948  0.920  0.852  0.816  0.785  0.858  0.884  0.809  0.828  0.886  0.844  0.794  0.847  0.861  0.917  0.952  0.976  0.995  1.000  0.986  0.980  0.946  0.912  0.897  0.821  0.805  0.844  0.779  0.734  0.748  0.622  0.669  0.623
  0.181  0.158  0.285  0.292  0.079 -0.079 -0.303 -0.501 -0.678 -0.526 -0.455 -0.273 -0.126  0.126  0.194  0.562  0.651  0.966  0.497  0.522  0.321  0.431  0.590  0.560  0.642  0.467  0.504 -0.168 -0.378 -0.081  0.173 -0.193 -0.543 -0.425 -0.221 -0.537 -0.659 -0.357 -0.419 -0.610 -0.489 -0.615 -0.511 -0.460 -0.579 -0.308 -0.192 -0.379 -0.199 -0.198 -0.046  0.226  0.400  0.538  0.874  0.857  0.905  0.749  0.685  0.733  0.647  0.671  0.701  0.753  0.753  0.742  0.783  0.816  0.866  0.881  0.891  0.839  0.798  0.731  0.710  0.684  0.767  0.742  0.840  0.922  0.960  0.958  0.954  0.867  0.821  0.937  0.988  0.971  0.907  0.896  0.874  0.805  0.791  0.762  0.834  0.876  0.817  0.829  0.891  0.870  0.822  0.868  0.895  0.936  0.969  0.977  0.983  0.986  1.000  0.997  0.981  0.950  0.934  0.883  0.861  0.871  0.796  0.715  0.696  0.536  0.566  0.517
  0.152  0.128  0.254  0.258  0.042 -0.117 -0.339 -0.533 -0.703 -0.553 -0.487 -0.310 -0.162  0.089  0.157  0.533  0.634  0.971  0.530  0.553  0.355  0.462  0.615  0.582  0.660  0.476  0.489 -0.195 -0.411 -0.111  0.159 -0.202 -0.551 -0.417 -0.207 -0.527 -0.640 -0.329 -0.397 -0.588 -0.460 -0.588 -0.481 -0.431 -0.561 -0.291 -0.165 -0.351 -0.165 -0.161 -0.008  0.263  0.434  0.564  0.886  0.852  0.893  0.727  0.662  0.713  0.633  0.658  0.688  0.740  0.741  0.730  0.771  0.805  0.858  0.874  0.887  0.835  0.792  0.723  0.703  0.676  0.759  0.740  0.844  0.925  0.968  0.970  0.964  0.880  0.833  0.940  0.989  0.967  0.900  0.888  0.871  0.805  0.799  0.771  0.840  0.885  0.831  0.841  0.902  0.886  0.839  0.882  0.910  0.947  0.977  0.980  0.982  0.980  0.997  1.000  0.988  0.962  0.947  0.900  0.880  0.886  0.812  0.726  0.699  0.533  0.556  0.506
  0.047  0.019  0.142  0.130 -0.093 -0.257 -0.468 -0.647 -0.792 -0.657 -0.600 -0.440 -0.295 -0.053  0.014  0.409  0.548  0.964  0.642  0.662  0.478  0.574  0.699  0.654  0.716  0.499  0.421 -0.295 -0.535 -0.229  0.094 -0.237 -0.578 -0.387 -0.152 -0.478 -0.557 -0.216 -0.303 -0.494 -0.340 -0.470 -0.351 -0.311 -0.475 -0.221 -0.063 -0.233 -0.030 -0.018  0.136  0.399  0.552  0.652  0.913  0.808  0.822  0.624  0.556  0.617  0.561  0.589  0.618  0.674  0.683  0.671  0.712  0.751  0.812  0.837  0.859  0.803  0.757  0.680  0.668  0.631  0.716  0.720  0.842  0.920  0.975  0.993  0.979  0.909  0.859  0.928  0.967  0.929  0.851  0.840  0.843  0.792  0.812  0.790  0.846  0.900  0.868  0.871  0.924  0.927  0.889  0.920  0.950  0.969  0.986  0.974  0.956  0.946  0.981  0.988  1.000  0.990  0.979  0.954  0.937  0.927  0.859  0.756  0.698  0.511  0.502  0.449
  0.024 -0.010  0.102  0.063 -0.164 -0.347 -0.551 -0.716 -0.852 -0.749 -0.696 -0.544 -0.414 -0.170 -0.088  0.294  0.430  0.957  0.731  0.753  0.590  0.679  0.792  0.749  0.798  0.580  0.425 -0.309 -0.629 -0.360 -0.032 -0.341 -0.657 -0.433 -0.186 -0.503 -0.533 -0.175 -0.287 -0.462 -0.276 -0.389 -0.240 -0.187 -0.354 -0.097  0.071 -0.099  0.100  0.097  0.238  0.485  0.606  0.663  0.885  0.723  0.752  0.538  0.490  0.561  0.529  0.559  0.588  0.644  0.659  0.650  0.690  0.734  0.797  0.831  0.861  0.810  0.766  0.692  0.689  0.646  0.723  0.750  0.871  0.932  0.981  0.993  0.959  0.883  0.822  0.876  0.931  0.896  0.828  0.821  0.849  0.819  0.858  0.844  0.882  0.933  0.921  0.919  0.957  0.968  0.942  0.962  0.983  0.988  0.989  0.968  0.934  0.912  0.950  0.962  0.990  1.000  0.998  0.981  0.974  0.968  0.917  0.820  0.746  0.558  0.517  0.460
  0.030 -0.006  0.100  0.049 -0.179 -0.371 -0.573 -0.732 -0.868 -0.780 -0.728 -0.578 -0.457 -0.209 -0.119  0.252  0.379  0.952  0.760  0.783  0.629  0.717  0.827  0.788  0.833  0.621  0.440 -0.298 -0.658 -0.412 -0.091 -0.392 -0.696 -0.465 -0.216 -0.525 -0.535 -0.174 -0.295 -0.460 -0.262 -0.366 -0.202 -0.139 -0.302 -0.040  0.129 -0.045  0.149  0.134  0.268  0.508  0.613  0.652  0.863  0.682  0.724  0.508  0.473  0.547  0.522  0.553  0.582  0.637  0.655  0.647  0.688  0.733  0.797  0.833  0.866  0.818  0.777  0.706  0.706  0.662  0.734  0.769  0.887  0.938  0.982  0.987  0.942  0.861  0.795  0.847  0.914  0.883  0.823  0.817  0.855  0.835  0.880  0.869  0.900  0.947  0.941  0.938  0.969  0.981  0.961  0.976  0.992  0.992  0.986  0.964  0.923  0.897  0.934  0.947  0.979  0.998  1.000  0.984  0.983  0.982  0.939  0.849  0.773  0.588  0.534  0.476
 -0.131 -0.169 -0.065 -0.116 -0.338 -0.511 -0.691 -0.824 -0.918 -0.832 -0.796 -0.678 -0.554 -0.339 -0.268  0.129  0.319  0.897  0.831  0.847  0.707  0.777  0.845  0.785  0.810  0.551  0.293 -0.445 -0.752 -0.474 -0.082 -0.337 -0.633 -0.344 -0.077 -0.391 -0.385 -0.004 -0.132 -0.303 -0.097 -0.216 -0.069 -0.037 -0.248 -0.031  0.175  0.037  0.253  0.271  0.411  0.638  0.737  0.761  0.889  0.647  0.628  0.380  0.324  0.403  0.396  0.429  0.455  0.515  0.539  0.527  0.566  0.614  0.687  0.728  0.769  0.712  0.664  0.581  0.586  0.534  0.611  0.664  0.808  0.867  0.936  0.974  0.938  0.891  0.833  0.829  0.860  0.800  0.714  0.707  0.755  0.741  0.813  0.806  0.829  0.891  0.907  0.895  0.926  0.962  0.947  0.950  0.977  0.958  0.945  0.906  0.851  0.821  0.883  0.900  0.954  0.981  0.984  1.000  0.995  0.963  0.917  0.795  0.684  0.474  0.396  0.338
 -0.102 -0.142 -0.047 -0.116 -0.338 -0.527 -0.704 -0.833 -0.930 -0.867 -0.830 -0.712 -0.600 -0.379 -0.293  0.082  0.250  0.892  0.860  0.878  0.750  0.819  0.889  0.837  0.859  0.617  0.331 -0.406 -0.777 -0.538 -0.168 -0.416 -0.693 -0.402 -0.136 -0.436 -0.402 -0.022 -0.163 -0.318 -0.096 -0.198 -0.028  0.020 -0.177  0.052  0.252  0.106  0.310  0.308  0.435  0.651  0.728  0.726  0.847  0.588  0.595  0.349  0.314  0.397  0.400  0.433  0.460  0.517  0.543  0.535  0.574  0.623  0.694  0.739  0.782  0.732  0.689  0.612  0.622  0.570  0.638  0.701  0.835  0.879  0.936  0.961  0.909  0.849  0.783  0.784  0.836  0.786  0.715  0.711  0.772  0.772  0.848  0.845  0.858  0.912  0.936  0.923  0.943  0.977  0.970  0.968  0.986  0.962  0.941  0.902  0.840  0.805  0.861  0.880  0.937  0.974  0.983  0.995  1.000  0.979  0.947  0.840  0.730  0.529  0.436  0.376
  0.079  0.039  0.126  0.039 -0.187 -0.408 -0.601 -0.747 -0.885 -0.845 -0.794 -0.647 -0.554 -0.297 -0.180  0.142  0.226  0.924  0.813  0.840  0.715  0.798  0.907  0.887  0.921  0.746  0.506 -0.222 -0.708 -0.545 -0.269 -0.549 -0.806 -0.571 -0.329 -0.605 -0.553 -0.198 -0.345 -0.474 -0.246 -0.314 -0.104 -0.011 -0.145  0.135  0.292  0.105  0.273  0.219  0.324  0.536  0.592  0.577  0.765  0.545  0.638  0.429  0.435  0.517  0.513  0.544  0.576  0.625  0.645  0.645  0.686  0.733  0.792  0.836  0.875  0.841  0.811  0.752  0.763  0.719  0.772  0.829  0.927  0.945  0.965  0.944  0.867  0.762  0.682  0.739  0.847  0.836  0.805  0.807  0.872  0.882  0.937  0.934  0.942  0.974  0.985  0.980  0.988  0.998  0.993  0.996  0.994  0.984  0.960  0.936  0.881  0.844  0.871  0.886  0.927  0.968  0.982  0.963  0.979  1.000  0.987  0.927  0.851  0.686  0.600  0.537
  0.128  0.085  0.153  0.038 -0.180 -0.420 -0.601 -0.733 -0.871 -0.872 -0.823 -0.681 -0.615 -0.356 -0.218  0.050  0.091  0.875  0.831  0.861  0.763  0.841  0.948  0.945  0.970  0.834  0.554 -0.144 -0.725 -0.639 -0.415 -0.670 -0.881 -0.651 -0.423 -0.663 -0.561 -0.222 -0.385 -0.481 -0.233 -0.268 -0.025  0.093 -0.009  0.279  0.419  0.226  0.365  0.277  0.355  0.537  0.550  0.490  0.658  0.414  0.552  0.355  0.397  0.483  0.498  0.529  0.561  0.604  0.626  0.632  0.673  0.719  0.773  0.822  0.863  0.843  0.823  0.776  0.796  0.753  0.788  0.861  0.938  0.927  0.926  0.880  0.777  0.654  0.564  0.626  0.768  0.776  0.773  0.780  0.866  0.901  0.962  0.965  0.955  0.973  0.996  0.990  0.978  0.985  0.993  0.987  0.969  0.952  0.912  0.889  0.824  0.779  0.796  0.812  0.859  0.917  0.939  0.917  0.947  0.987  1.000  0.968  0.898  0.755  0.646  0.582
  0.327  0.286  0.332  0.197 -0.006 -0.268 -0.447 -0.581 -0.750 -0.792 -0.733 -0.573 -0.543 -0.266 -0.098  0.072  0.006  0.821  0.725  0.763  0.686  0.771  0.908  0.946  0.978  0.937  0.712  0.089 -0.603 -0.633 -0.545 -0.805 -0.960 -0.809 -0.628 -0.809 -0.679 -0.397 -0.561 -0.609 -0.366 -0.349 -0.070  0.095  0.080  0.403  0.478  0.256  0.333  0.185  0.224  0.376  0.349  0.262  0.479  0.285  0.520  0.381  0.477  0.558  0.575  0.600  0.634  0.663  0.679  0.695  0.733  0.773  0.809  0.854  0.888  0.891  0.891  0.870  0.894  0.863  0.872  0.940  0.964  0.917  0.868  0.770  0.638  0.471  0.368  0.486  0.689  0.743  0.794  0.809  0.900  0.953  0.989  0.995  0.975  0.961  0.974  0.977  0.945  0.926  0.941  0.937  0.893  0.889  0.843  0.838  0.781  0.734  0.715  0.726  0.756  0.820  0.849  0.795  0.840  0.927  0.968  1.000  0.973  0.888  0.785  0.725
  0.514  0.481  0.522  0.396  0.208 -0.055 -0.241 -0.395 -0.601 -0.640 -0.569 -0.382 -0.362 -0.069  0.109  0.221  0.072  0.805  0.555  0.599  0.514  0.613  0.792  0.859  0.913  0.947  0.848  0.291 -0.412 -0.492 -0.517 -0.810 -0.952 -0.895 -0.762 -0.913 -0.811 -0.588 -0.729 -0.759 -0.550 -0.510 -0.233 -0.041  0.015  0.368  0.384  0.133  0.167 -0.013  0.010  0.159  0.138  0.076  0.380  0.286  0.586  0.508  0.627  0.694  0.687  0.702  0.738  0.756  0.760  0.779  0.817  0.845  0.865  0.900  0.921  0.939  0.949  0.947  0.965  0.950  0.948  0.988  0.972  0.915  0.834  0.697  0.565  0.367  0.265  0.445  0.682  0.770  0.854  0.870  0.939  0.982  0.978  0.977  0.968  0.933  0.917  0.930  0.900  0.850  0.857  0.867  0.811  0.834  0.799  0.818  0.786  0.748  0.696  0.699  0.698  0.746  0.773  0.684  0.730  0.851  0.898  0.973  1.000  0.962  0.899  0.845
  0.672  0.642  0.653  0.525  0.380  0.127 -0.034 -0.174 -0.390 -0.465 -0.393 -0.208 -0.225  0.050  0.236  0.233 -0.014  0.657  0.366  0.414  0.358  0.454  0.649  0.751  0.808  0.938  0.916  0.509 -0.223 -0.413 -0.582 -0.850 -0.919 -0.957 -0.892 -0.965 -0.850 -0.717 -0.838 -0.815 -0.638 -0.545 -0.267 -0.045  0.101  0.443  0.382  0.129  0.094 -0.126 -0.146 -0.043 -0.101 -0.178  0.150  0.128  0.496  0.493  0.653  0.705  0.713  0.719  0.748  0.748  0.746  0.770  0.797  0.811  0.809  0.835  0.846  0.887  0.917  0.941  0.959  0.959  0.931  0.958  0.887  0.800  0.678  0.501  0.357  0.135  0.032  0.252  0.526  0.654  0.787  0.808  0.871  0.924  0.892  0.892  0.876  0.812  0.784  0.806  0.761  0.686  0.698  0.712  0.635  0.671  0.635  0.673  0.656  0.622  0.536  0.533  0.511  0.558  0.588  0.474  0.529  0.686  0.755  0.888  0.962  1.000  0.960  0.924
  0.774  0.749  0.767  0.690  0.560  0.333  0.153 -0.011 -0.256 -0.282 -0.200  0.008  0.009  0.282  0.443  0.438  0.166  0.657  0.180  0.229  0.141  0.251  0.477  0.584  0.666  0.820  0.936  0.578 -0.038 -0.186 -0.401 -0.710 -0.809 -0.926 -0.891 -0.967 -0.928 -0.838 -0.917 -0.911 -0.790 -0.707 -0.471 -0.242 -0.068  0.269  0.161 -0.099 -0.146 -0.354 -0.360 -0.237 -0.248 -0.257  0.154  0.244  0.613  0.652  0.788  0.821  0.828  0.828  0.852  0.845  0.834  0.852  0.872  0.870  0.855  0.860  0.854  0.896  0.924  0.952  0.955  0.966  0.946  0.930  0.843  0.777  0.653  0.473  0.358  0.137  0.048  0.307  0.567  0.705  0.839  0.855  0.874  0.892  0.820  0.809  0.821  0.754  0.690  0.722  0.698  0.601  0.595  0.629  0.560  0.624  0.614  0.672  0.687  0.669  0.566  0.556  0.502  0.517  0.534  0.396  0.436  0.600  0.646  0.785  0.899  0.960  1.000  0.987
  0.772  0.745  0.754  0.693  0.580  0.369  0.196  0.039 -0.200 -0.219 -0.143  0.059  0.056  0.312  0.457  0.437  0.159  0.603  0.125  0.172  0.089  0.194  0.415  0.524  0.605  0.767  0.896  0.578  0.001 -0.145 -0.378 -0.672 -0.758 -0.892 -0.871 -0.932 -0.900 -0.831 -0.899 -0.888 -0.782 -0.691 -0.470 -0.232 -0.053  0.263  0.136 -0.119 -0.177 -0.378 -0.388 -0.275 -0.287 -0.291  0.113  0.219  0.581  0.636  0.767  0.793  0.839  0.837  0.853  0.840  0.829  0.842  0.853  0.839  0.818  0.815  0.806  0.851  0.880  0.911  0.913  0.925  0.902  0.880  0.786  0.720  0.596  0.417  0.310  0.097  0.013  0.268  0.519  0.659  0.798  0.814  0.825  0.840  0.763  0.752  0.764  0.695  0.629  0.662  0.639  0.540  0.533  0.569  0.500  0.566  0.559  0.619  0.638  0.623  0.517  0.506  0.449  0.460  0.476  0.338  0.376  0.537  0.582  0.725  0.845  0.924  0.987  1.000
