  1.000  0.990  0.974  0.955  0.943  0.899  0.865  0.838  0.789  0.736  0.664  0.572  0.501  0.489  0.413  0.071 -0.348 -0.519 -0.711 -0.667 -0.626 -0.598 -0.523 -0.468 -0.491 -0.312 -0.001  0.006  0.188  0.104 -0.295 -0.344 -0.346 -0.727 -0.719 -0.683 -0.710 -0.795 -0.777 -0.705 -0.711 -0.596 -0.518 -0.461 -0.237 -0.191 -0.334 -0.374 -0.514 -0.618 -0.702 -0.720 -0.744 -0.730 -0.570 -0.345 -0.171  0.069  0.223  0.246  0.543  0.606  0.640  0.555  0.538  0.594  0.521  0.442  0.288  0.288  0.190  0.271  0.406  0.383  0.298  0.327  0.197  0.031 -0.182 -0.278 -0.335 -0.446 -0.445 -0.466 -0.463 -0.380 -0.332 -0.138  0.021  0.080  0.041  0.016 -0.177 -0.198 -0.150 -0.245 -0.355 -0.309 -0.298 -0.408 -0.443 -0.381 -0.393 -0.344 -0.282 -0.189 -0.104 -0.055 -0.164 -0.219 -0.325 -0.403 -0.430 -0.526 -0.537 -0.464 -0.456 -0.301 -0.195  0.021  0.339  0.364
  0.990  1.000  0.988  0.971  0.960  0.919  0.889  0.863  0.816  0.761  0.684  0.583  0.513  0.497  0.417  0.069 -0.347 -0.521 -0.709 -0.667 -0.625 -0.599 -0.527 -0.470 -0.492 -0.310  0.000  0.023  0.205  0.110 -0.293 -0.338 -0.332 -0.716 -0.713 -0.672 -0.698 -0.787 -0.768 -0.695 -0.703 -0.588 -0.512 -0.456 -0.232 -0.190 -0.333 -0.369 -0.511 -0.613 -0.698 -0.718 -0.744 -0.730 -0.575 -0.351 -0.179  0.060  0.213  0.237  0.538  0.602  0.637  0.550  0.533  0.589  0.514  0.433  0.277  0.276  0.178  0.260  0.397  0.375  0.289  0.318  0.186  0.021 -0.193 -0.289 -0.346 -0.455 -0.455 -0.475 -0.469 -0.389 -0.342 -0.148  0.010  0.068  0.028  0.005 -0.187 -0.208 -0.162 -0.256 -0.365 -0.320 -0.310 -0.418 -0.453 -0.393 -0.404 -0.359 -0.293 -0.200 -0.116 -0.066 -0.174 -0.231 -0.335 -0.414 -0.440 -0.535 -0.546 -0.472 -0.463 -0.307 -0.201  0.020  0.341  0.374
  0.974  0.988  1.000  0.985  0.967  0.929  0.898  0.862  0.818  0.767  0.689  0.593  0.531  0.517  0.441  0.112 -0.298 -0.487 -0.698 -0.659 -0.630 -0.601 -0.527 -0.476 -0.495 -0.322  0.008  0.002  0.215  0.147 -0.244 -0.295 -0.304 -0.688 -0.681 -0.653 -0.700 -0.780 -0.758 -0.700 -0.712 -0.609 -0.539 -0.487 -0.272 -0.227 -0.365 -0.402 -0.535 -0.629 -0.703 -0.712 -0.726 -0.702 -0.534 -0.302 -0.132  0.106  0.253  0.276  0.544  0.612  0.648  0.570  0.548  0.594  0.527  0.443  0.295  0.298  0.198  0.271  0.403  0.371  0.288  0.322  0.205  0.033 -0.172 -0.259 -0.311 -0.418 -0.414 -0.431 -0.424 -0.343 -0.299 -0.105  0.046  0.103  0.055  0.020 -0.175 -0.199 -0.142 -0.231 -0.347 -0.299 -0.281 -0.391 -0.430 -0.364 -0.372 -0.323 -0.256 -0.165 -0.076 -0.025 -0.129 -0.187 -0.293 -0.376 -0.404 -0.503 -0.519 -0.449 -0.449 -0.305 -0.199  0.001  0.317  0.335
  0.955  0.971  0.985  1.000  0.987  0.953  0.918  0.881  0.829  0.796  0.737  0.657  0.603  0.594  0.523  0.196 -0.233 -0.454 -0.712 -0.681 -0.668 -0.637 -0.554 -0.502 -0.514 -0.332  0.058  0.023  0.287  0.227 -0.182 -0.246 -0.266 -0.676 -0.674 -0.659 -0.735 -0.815 -0.787 -0.744 -0.766 -0.667 -0.600 -0.542 -0.323 -0.276 -0.422 -0.463 -0.595 -0.688 -0.752 -0.751 -0.747 -0.702 -0.507 -0.249 -0.068  0.180  0.328  0.349  0.616  0.678  0.712  0.640  0.616  0.652  0.591  0.498  0.348  0.356  0.245  0.312  0.448  0.402  0.318  0.362  0.255  0.066 -0.146 -0.226 -0.278 -0.390 -0.383 -0.400 -0.390 -0.300 -0.255 -0.049  0.106  0.162  0.103  0.052 -0.161 -0.190 -0.119 -0.207 -0.338 -0.286 -0.258 -0.377 -0.421 -0.348 -0.355 -0.294 -0.218 -0.118 -0.023  0.033 -0.077 -0.140 -0.254 -0.348 -0.381 -0.490 -0.513 -0.442 -0.452 -0.308 -0.191 -0.002  0.333  0.332
  0.943  0.960  0.967  0.987  1.000  0.982  0.954  0.911  0.861  0.841  0.782  0.708  0.651  0.640  0.565  0.210 -0.236 -0.485 -0.751 -0.727 -0.713 -0.686 -0.603 -0.547 -0.556 -0.357  0.062  0.057  0.353  0.268 -0.173 -0.231 -0.229 -0.671 -0.685 -0.654 -0.735 -0.837 -0.802 -0.749 -0.783 -0.676 -0.613 -0.554 -0.319 -0.282 -0.441 -0.477 -0.622 -0.718 -0.786 -0.793 -0.790 -0.740 -0.541 -0.267 -0.084  0.177  0.328  0.350  0.651  0.707  0.741  0.661  0.632  0.669  0.601  0.497  0.335  0.344  0.224  0.292  0.441  0.393  0.303  0.351  0.237  0.037 -0.185 -0.265 -0.318 -0.431 -0.422 -0.436 -0.421 -0.328 -0.286 -0.073  0.087  0.143  0.076  0.021 -0.203 -0.234 -0.160 -0.250 -0.387 -0.333 -0.302 -0.424 -0.470 -0.394 -0.401 -0.334 -0.255 -0.149 -0.048  0.012 -0.106 -0.171 -0.288 -0.388 -0.424 -0.536 -0.562 -0.491 -0.500 -0.352 -0.226 -0.019  0.342  0.358
  0.899  0.919  0.929  0.953  0.982  1.000  0.981  0.940  0.911  0.908  0.850  0.779  0.725  0.706  0.626  0.256 -0.202 -0.502 -0.792 -0.778 -0.772 -0.749 -0.671 -0.616 -0.620 -0.414  0.048  0.063  0.434  0.351 -0.115 -0.161 -0.142 -0.628 -0.657 -0.612 -0.720 -0.843 -0.795 -0.743 -0.800 -0.694 -0.649 -0.594 -0.350 -0.328 -0.499 -0.526 -0.678 -0.766 -0.829 -0.839 -0.825 -0.757 -0.546 -0.249 -0.072  0.200  0.345  0.370  0.690  0.742  0.770  0.686  0.645  0.673  0.602  0.481  0.311  0.326  0.192  0.252  0.412  0.352  0.258  0.314  0.208 -0.011 -0.233 -0.300 -0.347 -0.455 -0.439 -0.443 -0.419 -0.326 -0.295 -0.076  0.076  0.132  0.047 -0.027 -0.262 -0.297 -0.211 -0.296 -0.442 -0.386 -0.343 -0.467 -0.517 -0.435 -0.434 -0.361 -0.275 -0.164 -0.054  0.010 -0.110 -0.178 -0.299 -0.410 -0.453 -0.567 -0.603 -0.540 -0.559 -0.418 -0.288 -0.077  0.314  0.344
  0.865  0.889  0.898  0.918  0.954  0.981  1.000  0.970  0.940  0.929  0.870  0.794  0.748  0.721  0.642  0.280 -0.164 -0.479 -0.775 -0.767 -0.768 -0.747 -0.673 -0.621 -0.621 -0.422  0.048  0.061  0.459  0.386 -0.071 -0.111 -0.090 -0.580 -0.610 -0.564 -0.688 -0.813 -0.759 -0.715 -0.782 -0.684 -0.649 -0.601 -0.366 -0.355 -0.519 -0.540 -0.685 -0.761 -0.816 -0.824 -0.804 -0.729 -0.517 -0.219 -0.051  0.216  0.352  0.378  0.693  0.735  0.760  0.680  0.635  0.655  0.588  0.463  0.298  0.316  0.180  0.231  0.389  0.322  0.232  0.293  0.197 -0.023 -0.237 -0.294 -0.336 -0.438 -0.419 -0.419 -0.390 -0.300 -0.275 -0.062  0.081  0.135  0.043 -0.039 -0.272 -0.307 -0.216 -0.297 -0.442 -0.386 -0.338 -0.459 -0.509 -0.426 -0.423 -0.349 -0.255 -0.145 -0.038  0.024 -0.095 -0.162 -0.281 -0.393 -0.438 -0.551 -0.591 -0.533 -0.558 -0.427 -0.298 -0.099  0.291  0.325
  0.838  0.863  0.862  0.881  0.911  0.940  0.970  1.000  0.980  0.954  0.911  0.828  0.773  0.737  0.652  0.278 -0.169 -0.492 -0.782 -0.778 -0.777 -0.759 -0.687 -0.633 -0.632 -0.426  0.046  0.076  0.483  0.398 -0.068 -0.102 -0.069 -0.573 -0.609 -0.554 -0.680 -0.814 -0.757 -0.709 -0.782 -0.681 -0.651 -0.602 -0.362 -0.355 -0.524 -0.543 -0.694 -0.770 -0.828 -0.842 -0.817 -0.739 -0.530 -0.230 -0.065  0.204  0.337  0.364  0.717  0.744  0.761  0.676  0.630  0.653  0.581  0.452  0.281  0.299  0.159  0.210  0.375  0.309  0.217  0.279  0.179 -0.042 -0.259 -0.315 -0.357 -0.457 -0.438 -0.436 -0.405 -0.316 -0.293 -0.081  0.062  0.116  0.022 -0.060 -0.293 -0.327 -0.239 -0.320 -0.463 -0.408 -0.362 -0.481 -0.529 -0.449 -0.442 -0.373 -0.269 -0.156 -0.054  0.007 -0.115 -0.183 -0.301 -0.414 -0.459 -0.571 -0.610 -0.554 -0.576 -0.444 -0.313 -0.105  0.293  0.337
  0.789  0.816  0.818  0.829  0.861  0.911  0.940  0.980  1.000  0.978  0.923  0.834  0.786  0.743  0.648  0.285 -0.150 -0.497 -0.788 -0.785 -0.789 -0.773 -0.710 -0.663 -0.663 -0.473 -0.004  0.032  0.483  0.425 -0.028 -0.050 -0.015 -0.528 -0.563 -0.503 -0.647 -0.784 -0.718 -0.678 -0.762 -0.673 -0.660 -0.619 -0.387 -0.391 -0.556 -0.567 -0.712 -0.777 -0.828 -0.839 -0.804 -0.719 -0.510 -0.209 -0.059  0.204  0.325  0.356  0.691  0.719  0.731  0.649  0.594  0.608  0.540  0.404  0.238  0.260  0.118  0.158  0.322  0.248  0.157  0.222  0.135 -0.090 -0.291 -0.334 -0.364 -0.453 -0.428 -0.418 -0.381 -0.298 -0.287 -0.084  0.043  0.095 -0.010 -0.104 -0.332 -0.366 -0.272 -0.343 -0.485 -0.430 -0.376 -0.489 -0.539 -0.458 -0.441 -0.377 -0.273 -0.162 -0.057  0.005 -0.111 -0.177 -0.291 -0.406 -0.456 -0.564 -0.611 -0.566 -0.599 -0.484 -0.362 -0.168  0.227  0.286
  0.736  0.761  0.767  0.796  0.841  0.908  0.929  0.954  0.978  1.000  0.968  0.906  0.864  0.821  0.734  0.373 -0.073 -0.478 -0.813 -0.826 -0.848 -0.834 -0.769 -0.726 -0.716 -0.522  0.014  0.043  0.584  0.537  0.063  0.042  0.081 -0.472 -0.522 -0.461 -0.643 -0.795 -0.714 -0.686 -0.794 -0.712 -0.715 -0.675 -0.440 -0.454 -0.630 -0.637 -0.781 -0.838 -0.879 -0.883 -0.827 -0.715 -0.482 -0.150 -0.002  0.272  0.385  0.416  0.758  0.781  0.783  0.704  0.637  0.635  0.571  0.417  0.247  0.278  0.120  0.149  0.320  0.227  0.134  0.212  0.141 -0.107 -0.307 -0.333 -0.356 -0.441 -0.407 -0.388 -0.344 -0.257 -0.255 -0.044  0.075  0.124 -0.002 -0.121 -0.367 -0.407 -0.293 -0.357 -0.515 -0.456 -0.386 -0.504 -0.561 -0.470 -0.447 -0.368 -0.258 -0.142 -0.024  0.043 -0.075 -0.145 -0.265 -0.394 -0.451 -0.566 -0.626 -0.588 -0.637 -0.533 -0.402 -0.218  0.205  0.256
  0.664  0.684  0.689  0.737  0.782  0.850  0.870  0.911  0.923  0.968  1.000  0.972  0.926  0.881  0.817  0.455  0.005 -0.443 -0.813 -0.846 -0.885 -0.875 -0.807 -0.763 -0.741 -0.533  0.065  0.090  0.694  0.639  0.144  0.122  0.173 -0.407 -0.479 -0.414 -0.622 -0.792 -0.702 -0.679 -0.806 -0.723 -0.740 -0.697 -0.459 -0.484 -0.671 -0.677 -0.822 -0.873 -0.906 -0.912 -0.838 -0.702 -0.452 -0.096  0.052  0.334  0.441  0.468  0.849  0.853  0.836  0.759  0.685  0.671  0.608  0.439  0.263  0.300  0.128  0.151  0.328  0.224  0.130  0.220  0.158 -0.105 -0.310 -0.323 -0.344 -0.428 -0.387 -0.363 -0.312 -0.221 -0.224 -0.007  0.111  0.154  0.012 -0.123 -0.383 -0.430 -0.303 -0.363 -0.534 -0.472 -0.390 -0.513 -0.573 -0.475 -0.447 -0.357 -0.238 -0.119  0.005  0.072 -0.047 -0.119 -0.245 -0.385 -0.447 -0.568 -0.635 -0.600 -0.657 -0.558 -0.414 -0.234  0.215  0.244
  0.572  0.583  0.593  0.657  0.708  0.779  0.794  0.828  0.834  0.906  0.972  1.000  0.973  0.936  0.891  0.577  0.143 -0.345 -0.771 -0.820 -0.892 -0.880 -0.808 -0.773 -0.739 -0.546  0.111  0.078  0.765  0.754  0.281  0.248  0.276 -0.304 -0.381 -0.340 -0.595 -0.755 -0.655 -0.666 -0.808 -0.748 -0.783 -0.742 -0.527 -0.553 -0.735 -0.742 -0.867 -0.900 -0.908 -0.893 -0.789 -0.621 -0.343  0.033  0.172  0.447  0.535  0.560  0.898  0.891  0.859  0.805  0.721  0.680  0.636  0.459  0.299  0.346  0.167  0.168  0.335  0.208  0.121  0.225  0.199 -0.079 -0.263 -0.249 -0.259 -0.335 -0.286 -0.254 -0.197 -0.104 -0.116  0.098  0.198  0.233  0.072 -0.092 -0.361 -0.414 -0.263 -0.308 -0.494 -0.428 -0.327 -0.450 -0.517 -0.409 -0.373 -0.270 -0.148 -0.030  0.102  0.170  0.056 -0.016 -0.143 -0.295 -0.362 -0.489 -0.570 -0.546 -0.625 -0.552 -0.405 -0.275  0.168  0.160
  0.501  0.513  0.531  0.603  0.651  0.725  0.748  0.773  0.786  0.864  0.926  0.973  1.000  0.975  0.934  0.720  0.324 -0.177 -0.671 -0.723 -0.841 -0.818 -0.735 -0.721 -0.679 -0.538  0.155 -0.018  0.737  0.837  0.444  0.383  0.332 -0.208 -0.252 -0.276 -0.598 -0.699 -0.593 -0.671 -0.815 -0.809 -0.857 -0.827 -0.661 -0.676 -0.824 -0.837 -0.916 -0.917 -0.878 -0.817 -0.668 -0.466 -0.153  0.229  0.360  0.607  0.666  0.692  0.879  0.877  0.843  0.836  0.746  0.668  0.667  0.496  0.378  0.440  0.265  0.227  0.364  0.204  0.138  0.255  0.290  0.007 -0.133 -0.086 -0.078 -0.146 -0.090 -0.057  0.002  0.096  0.079  0.282  0.353  0.382  0.205  0.009 -0.258 -0.315 -0.134 -0.158 -0.357 -0.285 -0.162 -0.284 -0.361 -0.241 -0.195 -0.084  0.041  0.155  0.286  0.350  0.247  0.179  0.055 -0.102 -0.176 -0.310 -0.405 -0.394 -0.505 -0.475 -0.342 -0.308  0.086  0.023
  0.489  0.497  0.517  0.594  0.640  0.706  0.721  0.737  0.743  0.821  0.881  0.936  0.975  1.000  0.976  0.786  0.390 -0.061 -0.593 -0.640 -0.771 -0.738 -0.631 -0.608 -0.561 -0.407  0.311  0.054  0.736  0.827  0.448  0.339  0.246 -0.244 -0.284 -0.357 -0.668 -0.730 -0.647 -0.744 -0.858 -0.855 -0.873 -0.819 -0.658 -0.643 -0.793 -0.828 -0.900 -0.914 -0.862 -0.787 -0.626 -0.419 -0.088  0.290  0.452  0.691  0.766  0.783  0.899  0.913  0.898  0.911  0.843  0.765  0.778  0.631  0.529  0.583  0.422  0.387  0.510  0.351  0.294  0.409  0.448  0.175  0.025  0.055  0.044 -0.046 -0.005  0.009  0.056  0.168  0.178  0.393  0.487  0.516  0.359  0.175 -0.098 -0.158  0.023 -0.011 -0.218 -0.144 -0.027 -0.162 -0.241 -0.119 -0.085  0.026  0.145  0.266  0.391  0.457  0.347  0.274  0.146 -0.005 -0.072 -0.218 -0.303 -0.271 -0.375 -0.327 -0.183 -0.171  0.194  0.083
  0.413  0.417  0.441  0.523  0.565  0.626  0.642  0.652  0.648  0.734  0.817  0.891  0.934  0.976  1.000  0.833  0.475  0.052 -0.485 -0.547 -0.689 -0.658 -0.544 -0.517 -0.460 -0.296  0.433  0.154  0.788  0.849  0.493  0.365  0.272 -0.168 -0.229 -0.320 -0.618 -0.671 -0.601 -0.706 -0.810 -0.811 -0.822 -0.759 -0.615 -0.593 -0.737 -0.779 -0.841 -0.854 -0.790 -0.714 -0.548 -0.336 -0.012  0.350  0.515  0.734  0.806  0.812  0.895  0.908  0.893  0.919  0.863  0.782  0.801  0.669  0.581  0.630  0.480  0.443  0.552  0.398  0.352  0.466  0.513  0.259  0.112  0.142  0.121  0.029  0.061  0.069  0.113  0.228  0.248  0.456  0.553  0.574  0.427  0.252 -0.011 -0.075  0.102  0.070 -0.135 -0.064  0.049 -0.084 -0.161 -0.043 -0.016  0.096  0.209  0.322  0.440  0.498  0.394  0.327  0.202  0.058 -0.002 -0.146 -0.223 -0.185 -0.282 -0.232 -0.081 -0.086  0.253  0.105
  0.071  0.069  0.112  0.196  0.210  0.256  0.280  0.278  0.285  0.373  0.455  0.577  0.720  0.786  0.833  1.000  0.858  0.511 -0.061 -0.120 -0.352 -0.304 -0.196 -0.233 -0.167 -0.191  0.431 -0.142  0.512  0.858  0.825  0.660  0.386  0.181  0.219 -0.022 -0.420 -0.304 -0.236 -0.495 -0.578 -0.729 -0.778 -0.761 -0.799 -0.750 -0.765 -0.814 -0.732 -0.651 -0.477 -0.299 -0.051  0.200  0.528  0.806  0.891  0.969  0.936  0.940  0.607  0.620  0.592  0.740  0.680  0.515  0.645  0.564  0.619  0.693  0.598  0.463  0.457  0.256  0.281  0.398  0.603  0.406  0.428  0.546  0.583  0.543  0.587  0.603  0.638  0.723  0.719  0.832  0.817  0.809  0.660  0.442  0.260  0.204  0.414  0.452  0.271  0.336  0.481  0.391  0.311  0.426  0.474  0.577  0.667  0.731  0.813  0.845  0.806  0.768  0.688  0.570  0.511  0.390  0.292  0.282  0.123  0.036  0.107 -0.165 -0.058 -0.322
 -0.348 -0.347 -0.298 -0.233 -0.236 -0.202 -0.164 -0.169 -0.150 -0.073  0.005  0.143  0.324  0.390  0.475  0.858  1.000  0.812  0.406  0.335  0.097  0.129  0.185  0.113  0.183  0.036  0.389 -0.177  0.281  0.678  0.923  0.790  0.508  0.582  0.636  0.370  0.022  0.209  0.253 -0.044 -0.100 -0.327 -0.408 -0.436 -0.629 -0.593 -0.496 -0.522 -0.344 -0.199  0.020  0.210  0.447  0.658  0.859  0.964  0.937  0.852  0.729  0.720  0.172  0.165  0.129  0.326  0.285  0.099  0.270  0.256  0.412  0.479  0.460  0.287  0.187  0.018  0.098  0.184  0.457  0.387  0.546  0.710  0.779  0.809  0.846  0.869  0.894  0.921  0.892  0.873  0.760  0.720  0.614  0.433  0.391  0.355  0.517  0.610  0.514  0.546  0.669  0.655  0.602  0.668  0.717  0.778  0.824  0.818  0.836  0.835  0.873  0.872  0.864  0.809  0.773  0.722  0.642  0.589  0.439  0.260  0.253 -0.148 -0.270 -0.541
 -0.519 -0.521 -0.487 -0.454 -0.485 -0.502 -0.479 -0.492 -0.497 -0.478 -0.443 -0.345 -0.177 -0.061  0.052  0.511  0.812  1.000  0.816  0.788  0.620  0.656  0.717  0.667  0.716  0.556  0.578  0.003 -0.126  0.148  0.564  0.386  0.082  0.494  0.575  0.264  0.145  0.431  0.375  0.122  0.205  0.005  0.022  0.025 -0.217 -0.122  0.029 -0.031  0.166  0.266  0.459  0.616  0.772  0.864  0.920  0.819  0.802  0.599  0.502  0.465 -0.205 -0.185 -0.169  0.037  0.093 -0.024  0.147  0.266  0.480  0.492  0.584  0.461  0.287  0.224  0.343  0.357  0.575  0.671  0.846  0.925  0.939  0.948  0.921  0.885  0.856  0.869  0.911  0.826  0.746  0.700  0.735  0.702  0.781  0.771  0.821  0.887  0.886  0.884  0.912  0.932  0.922  0.926  0.922  0.917  0.898  0.854  0.789  0.752  0.816  0.843  0.883  0.920  0.939  0.936  0.935  0.930  0.873  0.748  0.705  0.313 -0.027 -0.324
 -0.711 -0.709 -0.698 -0.712 -0.751 -0.792 -0.775 -0.782 -0.788 -0.813 -0.813 -0.771 -0.671 -0.593 -0.485 -0.061  0.406  0.816  1.000  0.988  0.944  0.944  0.925  0.889  0.908  0.734  0.349  0.119 -0.413 -0.337  0.169  0.096 -0.038  0.561  0.607  0.432  0.544  0.772  0.674  0.556  0.683  0.547  0.574  0.553  0.286  0.342  0.530  0.509  0.686  0.766  0.876  0.934  0.951  0.898  0.732  0.429  0.327  0.033 -0.077 -0.122 -0.653 -0.653 -0.628 -0.493 -0.400 -0.434 -0.327 -0.149  0.061  0.029  0.193  0.132 -0.062 -0.005  0.116  0.059  0.184  0.425  0.628  0.660  0.663  0.719  0.667  0.628  0.580  0.528  0.560  0.372  0.270  0.214  0.340  0.436  0.656  0.680  0.600  0.665  0.788  0.739  0.682  0.776  0.819  0.743  0.714  0.642  0.564  0.462  0.333  0.271  0.380  0.438  0.544  0.663  0.721  0.807  0.865  0.851  0.884  0.780  0.678  0.404 -0.053 -0.203
 -0.667 -0.667 -0.659 -0.681 -0.727 -0.778 -0.767 -0.778 -0.785 -0.826 -0.846 -0.820 -0.723 -0.640 -0.547 -0.120  0.335  0.788  0.988  1.000  0.968  0.975  0.962  0.925  0.932  0.747  0.319  0.061 -0.529 -0.434  0.086  0.004 -0.156  0.466  0.539  0.351  0.484  0.736  0.629  0.514  0.663  0.530  0.575  0.559  0.297  0.368  0.561  0.530  0.706  0.773  0.876  0.937  0.945  0.874  0.704  0.389  0.297  0.003 -0.096 -0.140 -0.692 -0.680 -0.645 -0.508 -0.407 -0.430 -0.320 -0.129  0.086  0.050  0.225  0.170 -0.029  0.036  0.158  0.091  0.206  0.457  0.657  0.674  0.672  0.719  0.662  0.613  0.556  0.506  0.549  0.363  0.270  0.221  0.362  0.473  0.697  0.726  0.638  0.695  0.824  0.776  0.709  0.801  0.846  0.768  0.734  0.655  0.569  0.469  0.335  0.270  0.375  0.436  0.543  0.669  0.731  0.816  0.881  0.875  0.914  0.820  0.710  0.437 -0.039 -0.190
 -0.626 -0.625 -0.630 -0.668 -0.713 -0.772 -0.768 -0.777 -0.789 -0.848 -0.885 -0.892 -0.841 -0.771 -0.689 -0.352  0.097  0.620  0.944  0.968  1.000  0.995  0.964  0.948  0.940  0.797  0.258  0.162 -0.587 -0.620 -0.148 -0.196 -0.271  0.363  0.410  0.292  0.531  0.734  0.608  0.573  0.741  0.667  0.734  0.727  0.504  0.564  0.737  0.715  0.849  0.880  0.928  0.935  0.877  0.747  0.508  0.146  0.056 -0.232 -0.304 -0.349 -0.767 -0.756 -0.710 -0.623 -0.505 -0.477 -0.413 -0.209 -0.028 -0.086  0.102  0.095 -0.086  0.031  0.138  0.045  0.089  0.374  0.538  0.511  0.488  0.530  0.458  0.401  0.336  0.276  0.329  0.137  0.071  0.028  0.205  0.374  0.623  0.662  0.522  0.557  0.720  0.658  0.554  0.655  0.718  0.616  0.566  0.466  0.364  0.260  0.113  0.045  0.147  0.210  0.325  0.473  0.550  0.655  0.746  0.755  0.841  0.793  0.684  0.513  0.049 -0.032
 -0.598 -0.599 -0.601 -0.637 -0.686 -0.749 -0.747 -0.759 -0.773 -0.834 -0.875 -0.880 -0.818 -0.738 -0.658 -0.304  0.129  0.656  0.944  0.975  0.995  1.000  0.983  0.964  0.956  0.807  0.293  0.129 -0.612 -0.612 -0.132 -0.202 -0.317  0.321  0.386  0.237  0.461  0.690  0.561  0.506  0.684  0.601  0.678  0.676  0.453  0.529  0.703  0.670  0.810  0.839  0.896  0.920  0.876  0.755  0.540  0.190  0.115 -0.169 -0.234 -0.280 -0.740 -0.720 -0.670 -0.569 -0.447 -0.427 -0.350 -0.141  0.048 -0.008  0.181  0.167 -0.018  0.089  0.199  0.109  0.163  0.441  0.604  0.576  0.550  0.582  0.508  0.445  0.376  0.326  0.387  0.206  0.147  0.106  0.283  0.445  0.683  0.720  0.591  0.623  0.775  0.719  0.619  0.711  0.770  0.675  0.625  0.528  0.429  0.330  0.185  0.118  0.214  0.276  0.385  0.530  0.604  0.699  0.788  0.803  0.882  0.835  0.728  0.537  0.067 -0.041
 -0.523 -0.527 -0.527 -0.554 -0.603 -0.671 -0.673 -0.687 -0.710 -0.769 -0.807 -0.808 -0.735 -0.631 -0.544 -0.196  0.185  0.717  0.925  0.962  0.964  0.983  1.000  0.989  0.984  0.858  0.427  0.158 -0.584 -0.570 -0.118 -0.237 -0.404  0.221  0.297  0.102  0.307  0.567  0.428  0.350  0.547  0.464  0.568  0.590  0.387  0.491  0.649  0.592  0.727  0.740  0.808  0.850  0.829  0.727  0.561  0.246  0.217 -0.044 -0.085 -0.134 -0.631 -0.596 -0.534 -0.418 -0.284 -0.266 -0.178  0.037  0.226  0.170  0.353  0.341  0.158  0.252  0.362  0.280  0.337  0.594  0.731  0.687  0.644  0.646  0.563  0.484  0.409  0.384  0.470  0.325  0.297  0.262  0.442  0.598  0.803  0.833  0.721  0.738  0.864  0.818  0.721  0.788  0.838  0.758  0.702  0.615  0.524  0.443  0.306  0.243  0.319  0.372  0.463  0.598  0.671  0.741  0.831  0.867  0.943  0.919  0.834  0.631  0.177  0.018
 -0.468 -0.470 -0.476 -0.502 -0.547 -0.616 -0.621 -0.633 -0.663 -0.726 -0.763 -0.773 -0.721 -0.608 -0.517 -0.233  0.113  0.667  0.889  0.925  0.948  0.964  0.989  1.000  0.995  0.919  0.500  0.278 -0.533 -0.603 -0.210 -0.338 -0.472  0.138  0.190  0.013  0.261  0.497  0.345  0.301  0.510  0.463  0.591  0.631  0.465  0.574  0.705  0.642  0.747  0.733  0.779  0.797  0.755  0.639  0.464  0.153  0.152 -0.089 -0.100 -0.154 -0.579 -0.540 -0.468 -0.374 -0.225 -0.184 -0.117  0.102  0.266  0.197  0.380  0.394  0.229  0.342  0.442  0.355  0.372  0.632  0.727  0.653  0.586  0.568  0.474  0.383  0.303  0.289  0.394  0.269  0.276  0.246  0.442  0.623  0.816  0.845  0.717  0.713  0.837  0.792  0.678  0.734  0.788  0.704  0.635  0.546  0.456  0.385  0.248  0.187  0.249  0.296  0.379  0.516  0.595  0.660  0.764  0.822  0.921  0.939  0.875  0.729  0.306  0.156
 -0.491 -0.492 -0.495 -0.514 -0.556 -0.620 -0.621 -0.632 -0.663 -0.716 -0.741 -0.739 -0.679 -0.561 -0.460 -0.167  0.183  0.716  0.908  0.932  0.940  0.956  0.984  0.995  1.000  0.929  0.550  0.311 -0.466 -0.534 -0.145 -0.280 -0.417  0.186  0.227  0.042  0.270  0.504  0.355  0.299  0.499  0.446  0.567  0.609  0.437  0.545  0.675  0.611  0.721  0.714  0.771  0.795  0.767  0.667  0.505  0.207  0.207 -0.034 -0.049 -0.106 -0.541 -0.506 -0.437 -0.336 -0.190 -0.158 -0.087  0.128  0.294  0.228  0.405  0.413  0.247  0.351  0.453  0.373  0.401  0.654  0.751  0.685  0.619  0.601  0.509  0.420  0.344  0.333  0.437  0.315  0.320  0.287  0.474  0.644  0.829  0.853  0.735  0.735  0.851  0.807  0.701  0.754  0.804  0.725  0.658  0.575  0.490  0.422  0.287  0.229  0.291  0.335  0.415  0.546  0.623  0.683  0.783  0.839  0.932  0.945  0.888  0.730  0.314  0.149
 -0.312 -0.310 -0.322 -0.332 -0.357 -0.414 -0.422 -0.426 -0.473 -0.522 -0.533 -0.546 -0.538 -0.407 -0.296 -0.191  0.036  0.556  0.734  0.747  0.797  0.807  0.858  0.919  0.929  1.000  0.725  0.609 -0.240 -0.513 -0.319 -0.470 -0.517 -0.020 -0.052 -0.181  0.117  0.270  0.104  0.128  0.335  0.374  0.540  0.629  0.567  0.676  0.722  0.647  0.672  0.601  0.603  0.572  0.505  0.392  0.239 -0.009  0.065 -0.096 -0.036 -0.101 -0.321 -0.280 -0.193 -0.152  0.016  0.098  0.110  0.311  0.399  0.310  0.462  0.533  0.429  0.563  0.630  0.550  0.483  0.710  0.691  0.559  0.439  0.371  0.259  0.150  0.072  0.095  0.236  0.183  0.277  0.258  0.460  0.667  0.796  0.811  0.672  0.622  0.715  0.676  0.544  0.560  0.611  0.535  0.445  0.369  0.300  0.266  0.146  0.104  0.121  0.144  0.191  0.308  0.393  0.429  0.551  0.656  0.795  0.908  0.917  0.910  0.620  0.482
 -0.001  0.000  0.008  0.058  0.062  0.048  0.048  0.046 -0.004  0.014  0.065  0.111  0.155  0.311  0.433  0.431  0.389  0.578  0.349  0.319  0.258  0.293  0.427  0.500  0.550  0.725  1.000  0.660  0.318  0.126  0.064 -0.175 -0.303 -0.144 -0.209 -0.407 -0.347 -0.230 -0.337 -0.399 -0.275 -0.244 -0.095  0.035  0.074  0.197  0.140  0.036  0.021 -0.053 -0.001  0.031  0.092  0.143  0.238  0.267  0.456  0.460  0.567  0.510  0.339  0.389  0.461  0.526  0.643  0.657  0.689  0.785  0.811  0.765  0.801  0.838  0.813  0.823  0.856  0.864  0.842  0.871  0.753  0.653  0.527  0.396  0.315  0.218  0.175  0.280  0.427  0.527  0.682  0.680  0.764  0.829  0.760  0.728  0.730  0.661  0.599  0.614  0.574  0.492  0.484  0.500  0.434  0.447  0.460  0.510  0.483  0.484  0.427  0.400  0.354  0.360  0.396  0.325  0.381  0.507  0.563  0.701  0.815  0.791  0.755  0.507
  0.006  0.023  0.002  0.023  0.057  0.063  0.061  0.076  0.032  0.043  0.090  0.078 -0.018  0.054  0.154 -0.142 -0.177  0.003  0.119  0.061  0.162  0.129  0.158  0.278  0.311  0.609  0.660  1.000  0.493 -0.098 -0.360 -0.412 -0.168 -0.118 -0.339 -0.236  0.038 -0.104 -0.202 -0.022  0.047  0.236  0.353  0.461  0.605  0.612  0.486  0.463  0.324  0.202  0.105 -0.040 -0.154 -0.226 -0.335 -0.387 -0.271 -0.233 -0.102 -0.155  0.191  0.189  0.251  0.142  0.250  0.372  0.252  0.307  0.202  0.117  0.142  0.287  0.352  0.479  0.450  0.413  0.212  0.293  0.096 -0.059 -0.201 -0.288 -0.367 -0.432 -0.456 -0.408 -0.305 -0.244 -0.073 -0.074  0.037  0.199  0.189  0.176  0.061 -0.032 -0.008 -0.033 -0.140 -0.172 -0.139 -0.185 -0.267 -0.290 -0.295 -0.268 -0.304 -0.295 -0.343 -0.367 -0.386 -0.350 -0.296 -0.294 -0.198 -0.085  0.070  0.282  0.403  0.687  0.780  0.811
  0.188  0.205  0.215  0.287  0.353  0.434  0.459  0.483  0.483  0.584  0.694  0.765  0.737  0.736  0.788  0.512  0.281 -0.126 -0.413 -0.529 -0.587 -0.612 -0.584 -0.533 -0.466 -0.240  0.318  0.493  1.000  0.772  0.364  0.364  0.539  0.119 -0.081  0.017 -0.143 -0.362 -0.292 -0.262 -0.410 -0.336 -0.392 -0.354 -0.204 -0.272 -0.431 -0.408 -0.515 -0.525 -0.528 -0.567 -0.503 -0.359 -0.208  0.055  0.130  0.310  0.358  0.355  0.709  0.668  0.637  0.571  0.515  0.485  0.419  0.276  0.137  0.159  0.021  0.037  0.173  0.098  0.035  0.120  0.084 -0.096 -0.249 -0.226 -0.250 -0.287 -0.254 -0.219 -0.159 -0.097 -0.117  0.020  0.091  0.092 -0.033 -0.142 -0.325 -0.377 -0.285 -0.307 -0.435 -0.404 -0.334 -0.410 -0.453 -0.391 -0.376 -0.290 -0.197 -0.122 -0.032  0.023 -0.044 -0.102 -0.187 -0.296 -0.335 -0.410 -0.457 -0.443 -0.475 -0.412 -0.267 -0.122  0.234  0.248
  0.104  0.110  0.147  0.227  0.268  0.351  0.386  0.398  0.425  0.537  0.639  0.754  0.837  0.827  0.849  0.858  0.678  0.148 -0.337 -0.434 -0.620 -0.612 -0.570 -0.603 -0.534 -0.513  0.126 -0.098  0.772  1.000  0.815  0.781  0.710  0.305  0.254  0.192 -0.213 -0.275 -0.150 -0.314 -0.498 -0.595 -0.721 -0.742 -0.725 -0.772 -0.833 -0.816 -0.793 -0.701 -0.583 -0.478 -0.278 -0.033  0.247  0.567  0.588  0.721  0.672  0.693  0.663  0.630  0.564  0.624  0.508  0.358  0.416  0.251  0.222  0.307  0.156  0.043  0.108 -0.085 -0.105  0.023  0.178 -0.063 -0.067  0.078  0.143  0.150  0.230  0.297  0.372  0.423  0.352  0.458  0.414  0.407  0.201 -0.044 -0.237 -0.293 -0.090 -0.041 -0.214 -0.157  0.003 -0.066 -0.145 -0.035  0.034  0.148  0.256  0.318  0.431  0.480  0.445  0.399  0.319  0.177  0.100  0.003 -0.116 -0.168 -0.326 -0.422 -0.342 -0.480 -0.225 -0.328
 -0.295 -0.293 -0.244 -0.182 -0.173 -0.115 -0.071 -0.068 -0.028  0.063  0.144  0.281  0.444  0.448  0.493  0.825  0.923  0.564  0.169  0.086 -0.148 -0.132 -0.118 -0.210 -0.145 -0.319  0.064 -0.360  0.364  0.815  1.000  0.955  0.746  0.658  0.703  0.525  0.104  0.205  0.310  0.033 -0.105 -0.335 -0.488 -0.561 -0.738 -0.763 -0.677 -0.659 -0.495 -0.318 -0.115  0.061  0.297  0.526  0.736  0.895  0.813  0.769  0.613  0.628  0.208  0.175  0.102  0.265  0.163 -0.040  0.110  0.025  0.143  0.236  0.170 -0.020 -0.081 -0.278 -0.224 -0.119  0.163  0.035  0.209  0.422  0.537  0.609  0.687  0.757  0.813  0.814  0.723  0.698  0.538  0.500  0.329  0.090  0.030 -0.006  0.183  0.300  0.194  0.230  0.389  0.388  0.326  0.404  0.484  0.562  0.625  0.618  0.670  0.681  0.725  0.721  0.710  0.625  0.564  0.520  0.403  0.303  0.117 -0.107 -0.128 -0.499 -0.527 -0.706
 -0.344 -0.338 -0.295 -0.246 -0.231 -0.161 -0.111 -0.102 -0.050  0.042  0.122  0.248  0.383  0.339  0.365  0.660  0.790  0.386  0.096  0.004 -0.196 -0.202 -0.237 -0.338 -0.280 -0.470 -0.175 -0.412  0.364  0.781  0.955  1.000  0.888  0.756  0.779  0.696  0.293  0.320  0.451  0.224  0.043 -0.171 -0.369 -0.475 -0.653 -0.730 -0.640 -0.582 -0.431 -0.238 -0.064  0.074  0.271  0.474  0.624  0.760  0.617  0.568  0.386  0.411  0.109  0.049 -0.044  0.080 -0.049 -0.243 -0.122 -0.235 -0.139 -0.043 -0.117 -0.302 -0.347 -0.527 -0.486 -0.388 -0.124 -0.245 -0.052  0.180  0.321  0.433  0.529  0.627  0.698  0.665  0.532  0.472  0.275  0.233  0.047 -0.191 -0.222 -0.250 -0.080  0.053 -0.023 -0.000  0.159  0.187  0.135  0.197  0.289  0.359  0.417  0.392  0.445  0.456  0.518  0.522  0.528  0.447  0.383  0.369  0.247  0.114 -0.068 -0.315 -0.358 -0.681 -0.687 -0.771
 -0.346 -0.332 -0.304 -0.266 -0.229 -0.142 -0.090 -0.069 -0.015  0.081  0.173  0.276  0.332  0.246  0.272  0.386  0.508  0.082 -0.038 -0.156 -0.271 -0.317 -0.404 -0.472 -0.417 -0.517 -0.303 -0.168  0.539  0.710  0.746  0.888  1.000  0.789  0.704  0.793  0.505  0.373  0.509  0.419  0.202  0.085 -0.132 -0.242 -0.353 -0.496 -0.459 -0.356 -0.282 -0.119 -0.027  0.007  0.112  0.258  0.303  0.409  0.235  0.215  0.052  0.077  0.083 -0.008 -0.109 -0.084 -0.217 -0.352 -0.319 -0.461 -0.445 -0.371 -0.459 -0.580 -0.568 -0.687 -0.682 -0.603 -0.442 -0.543 -0.407 -0.207 -0.082  0.049  0.144  0.259  0.344  0.285  0.131  0.061 -0.119 -0.160 -0.336 -0.523 -0.533 -0.555 -0.445 -0.330 -0.367 -0.364 -0.239 -0.190 -0.221 -0.190 -0.108 -0.052  0.001 -0.032  0.020  0.037  0.098  0.100  0.115  0.045 -0.009  0.011 -0.089 -0.224 -0.350 -0.547 -0.573 -0.714 -0.628 -0.567
 -0.727 -0.716 -0.688 -0.676 -0.671 -0.628 -0.580 -0.573 -0.528 -0.472 -0.407 -0.304 -0.208 -0.244 -0.168  0.181  0.582  0.494  0.561  0.466  0.363  0.321  0.221  0.138  0.186 -0.020 -0.144 -0.118  0.119  0.305  0.658  0.756  0.789  1.000  0.959  0.949  0.806  0.824  0.877  0.751  0.648  0.474  0.304  0.190 -0.067 -0.162 -0.009  0.072  0.240  0.422  0.551  0.603  0.677  0.745  0.652  0.532  0.305  0.102 -0.106 -0.109 -0.406 -0.483 -0.553 -0.462 -0.519 -0.642 -0.559 -0.566 -0.428 -0.387 -0.354 -0.485 -0.595 -0.646 -0.571 -0.550 -0.351 -0.274 -0.029  0.156  0.269  0.424  0.475  0.551  0.591  0.497  0.379  0.190 -0.032 -0.099 -0.163 -0.249 -0.105 -0.101 -0.073  0.065  0.126  0.093  0.155  0.266  0.271  0.243  0.295  0.289  0.275  0.177  0.138  0.111  0.237  0.279  0.365  0.387  0.380  0.463  0.418  0.289  0.210 -0.022 -0.121 -0.391 -0.610 -0.619
 -0.719 -0.713 -0.681 -0.674 -0.685 -0.657 -0.610 -0.609 -0.563 -0.522 -0.479 -0.381 -0.252 -0.284 -0.229  0.219  0.636  0.575  0.607  0.539  0.410  0.386  0.297  0.190  0.227 -0.052 -0.209 -0.339 -0.081  0.254  0.703  0.779  0.704  0.959  1.000  0.924  0.733  0.832  0.889  0.705  0.620  0.393  0.225  0.098 -0.202 -0.270 -0.076 -0.008  0.202  0.404  0.564  0.663  0.767  0.842  0.778  0.651  0.419  0.193 -0.035 -0.031 -0.476 -0.539 -0.608 -0.474 -0.536 -0.683 -0.558 -0.550 -0.368 -0.315 -0.270 -0.433 -0.575 -0.649 -0.556 -0.535 -0.287 -0.210  0.081  0.285  0.417  0.576  0.631  0.705  0.737  0.642  0.523  0.322  0.076  0.010 -0.056 -0.161 -0.008  0.000  0.048  0.200  0.258  0.232  0.307  0.419  0.420  0.399  0.459  0.452  0.434  0.330  0.288  0.254  0.387  0.437  0.528  0.553  0.541  0.619  0.563  0.424  0.318  0.048 -0.080 -0.437 -0.719 -0.770
 -0.683 -0.672 -0.653 -0.659 -0.654 -0.612 -0.564 -0.554 -0.503 -0.461 -0.414 -0.340 -0.276 -0.357 -0.320 -0.022  0.370  0.264  0.432  0.351  0.292  0.237  0.102  0.013  0.042 -0.181 -0.407 -0.236  0.017  0.192  0.525  0.696  0.793  0.949  0.924  1.000  0.883  0.849  0.924  0.851  0.725  0.573  0.379  0.239 -0.001 -0.129  0.023  0.131  0.278  0.460  0.550  0.568  0.598  0.627  0.488  0.349  0.086 -0.107 -0.322 -0.311 -0.495 -0.584 -0.666 -0.615 -0.693 -0.795 -0.741 -0.769 -0.657 -0.614 -0.588 -0.706 -0.796 -0.828 -0.770 -0.761 -0.593 -0.513 -0.264 -0.079  0.052  0.231  0.295  0.389  0.436  0.317  0.170 -0.037 -0.278 -0.340 -0.409 -0.486 -0.322 -0.307 -0.300 -0.159 -0.072 -0.112 -0.057  0.072  0.088  0.047  0.107  0.091  0.070 -0.038 -0.073 -0.101  0.031  0.079  0.175  0.203  0.193  0.297  0.250  0.100  0.029 -0.210 -0.331 -0.542 -0.735 -0.656
 -0.710 -0.698 -0.700 -0.735 -0.735 -0.720 -0.688 -0.680 -0.647 -0.643 -0.622 -0.595 -0.598 -0.668 -0.618 -0.420  0.022  0.145  0.544  0.484  0.531  0.461  0.307  0.261  0.270  0.117 -0.347  0.038 -0.143 -0.213  0.104  0.293  0.505  0.806  0.733  0.883  1.000  0.929  0.935  0.988  0.940  0.884  0.758  0.650  0.450  0.329  0.464  0.568  0.661  0.775  0.785  0.714  0.628  0.542  0.261 -0.009 -0.260 -0.485 -0.649 -0.656 -0.699 -0.780 -0.827 -0.839 -0.853 -0.863 -0.872 -0.833 -0.748 -0.758 -0.674 -0.707 -0.797 -0.720 -0.669 -0.719 -0.669 -0.483 -0.285 -0.193 -0.119  0.042  0.060  0.118  0.135  0.003 -0.099 -0.332 -0.517 -0.574 -0.543 -0.487 -0.253 -0.219 -0.320 -0.221 -0.060 -0.129 -0.161 -0.011  0.044 -0.051 -0.035 -0.099 -0.164 -0.289 -0.372 -0.414 -0.281 -0.222 -0.100 -0.011  0.020  0.164  0.185  0.078  0.107 -0.042 -0.164 -0.232 -0.480 -0.332
 -0.795 -0.787 -0.780 -0.815 -0.837 -0.843 -0.813 -0.814 -0.784 -0.795 -0.792 -0.755 -0.699 -0.730 -0.671 -0.304  0.209  0.431  0.772  0.736  0.734  0.690  0.567  0.497  0.504  0.270 -0.230 -0.104 -0.362 -0.275  0.205  0.320  0.373  0.824  0.832  0.849  0.929  1.000  0.982  0.939  0.944  0.813  0.713  0.606  0.329  0.263  0.461  0.531  0.695  0.831  0.900  0.899  0.864  0.792  0.542  0.234 -0.008 -0.295 -0.481 -0.495 -0.806 -0.863 -0.895 -0.830 -0.822 -0.864 -0.805 -0.715 -0.550 -0.555 -0.433 -0.507 -0.661 -0.606 -0.515 -0.568 -0.446 -0.229  0.031  0.138  0.218  0.371  0.378  0.415  0.412  0.287  0.208 -0.046 -0.251 -0.314 -0.261 -0.210  0.049  0.086  0.001  0.115  0.277  0.212  0.185  0.337  0.387  0.297  0.311  0.239  0.162  0.026 -0.079 -0.137  0.012  0.083  0.216  0.322  0.358  0.497  0.518  0.415  0.422  0.235  0.083 -0.127 -0.508 -0.466
 -0.777 -0.768 -0.758 -0.787 -0.802 -0.795 -0.759 -0.757 -0.718 -0.714 -0.702 -0.655 -0.593 -0.647 -0.601 -0.236  0.253  0.375  0.674  0.629  0.608  0.561  0.428  0.345  0.355  0.104 -0.337 -0.202 -0.292 -0.150  0.310  0.451  0.509  0.877  0.889  0.924  0.935  0.982  1.000  0.941  0.902  0.754  0.617  0.491  0.212  0.125  0.320  0.405  0.573  0.732  0.810  0.820  0.806  0.763  0.542  0.279  0.017 -0.250 -0.455 -0.458 -0.748 -0.816 -0.868 -0.803 -0.826 -0.891 -0.828 -0.775 -0.618 -0.605 -0.510 -0.605 -0.745 -0.719 -0.635 -0.671 -0.525 -0.347 -0.075  0.065  0.169  0.339  0.367  0.426  0.439  0.309  0.202 -0.048 -0.277 -0.341 -0.328 -0.321 -0.082 -0.049 -0.105  0.024  0.168  0.110  0.111  0.262  0.303  0.226  0.258  0.202  0.139  0.007 -0.079 -0.129  0.021  0.088  0.215  0.299  0.319  0.452  0.449  0.324  0.301  0.084 -0.070 -0.294 -0.631 -0.572
 -0.705 -0.695 -0.700 -0.744 -0.749 -0.743 -0.715 -0.709 -0.678 -0.686 -0.679 -0.666 -0.671 -0.744 -0.706 -0.495 -0.044  0.122  0.556  0.514  0.573  0.506  0.350  0.301  0.299  0.128 -0.399 -0.022 -0.262 -0.314  0.033  0.224  0.419  0.751  0.705  0.851  0.988  0.939  0.941  1.000  0.967  0.910  0.794  0.682  0.477  0.364  0.510  0.611  0.707  0.817  0.819  0.748  0.651  0.544  0.247 -0.047 -0.301 -0.536 -0.699 -0.705 -0.765 -0.841 -0.884 -0.895 -0.903 -0.904 -0.911 -0.859 -0.766 -0.779 -0.683 -0.713 -0.811 -0.724 -0.670 -0.730 -0.685 -0.483 -0.277 -0.193 -0.118  0.043  0.057  0.110  0.120 -0.018 -0.116 -0.358 -0.544 -0.599 -0.553 -0.483 -0.233 -0.193 -0.306 -0.209 -0.035 -0.106 -0.148  0.008  0.068 -0.033 -0.020 -0.093 -0.168 -0.298 -0.389 -0.436 -0.300 -0.235 -0.107 -0.007  0.027  0.179  0.205  0.100  0.135 -0.014 -0.150 -0.219 -0.495 -0.340
 -0.711 -0.703 -0.712 -0.766 -0.783 -0.800 -0.782 -0.782 -0.762 -0.794 -0.806 -0.808 -0.815 -0.858 -0.810 -0.578 -0.100  0.205  0.683  0.663  0.741  0.684  0.547  0.510  0.499  0.335 -0.275  0.047 -0.410 -0.498 -0.105  0.043  0.202  0.648  0.620  0.725  0.940  0.944  0.902  0.967  1.000  0.954  0.890  0.803  0.593  0.518  0.675  0.750  0.849  0.931  0.926  0.853  0.735  0.592  0.267 -0.084 -0.309 -0.574 -0.712 -0.729 -0.850 -0.906 -0.923 -0.925 -0.892 -0.867 -0.869 -0.766 -0.653 -0.687 -0.553 -0.562 -0.685 -0.565 -0.498 -0.582 -0.559 -0.307 -0.110 -0.067 -0.021  0.116  0.102  0.126  0.111 -0.018 -0.077 -0.325 -0.481 -0.533 -0.434 -0.312 -0.036  0.011 -0.135 -0.057  0.138  0.061 -0.015  0.140  0.211  0.095  0.087 -0.007 -0.101 -0.235 -0.352 -0.410 -0.275 -0.205 -0.069  0.060  0.113  0.269  0.325  0.249  0.316  0.201  0.061 -0.007 -0.352 -0.230
 -0.596 -0.588 -0.609 -0.667 -0.676 -0.694 -0.684 -0.681 -0.673 -0.712 -0.723 -0.748 -0.809 -0.855 -0.811 -0.729 -0.327  0.005  0.547  0.530  0.667  0.601  0.464  0.463  0.446  0.374 -0.244  0.236 -0.336 -0.595 -0.335 -0.171  0.085  0.474  0.393  0.573  0.884  0.813  0.754  0.910  0.954  1.000  0.969  0.913  0.784  0.698  0.795  0.872  0.901  0.928  0.859  0.725  0.546  0.362  0.004 -0.343 -0.530 -0.746 -0.829 -0.850 -0.771 -0.827 -0.832 -0.895 -0.844 -0.765 -0.825 -0.725 -0.674 -0.732 -0.605 -0.554 -0.632 -0.468 -0.430 -0.529 -0.597 -0.343 -0.227 -0.242 -0.234 -0.125 -0.154 -0.144 -0.163 -0.282 -0.319 -0.532 -0.628 -0.668 -0.543 -0.372 -0.114 -0.065 -0.250 -0.210 -0.009 -0.090 -0.199 -0.058  0.023 -0.103 -0.130 -0.232 -0.328 -0.446 -0.559 -0.611 -0.503 -0.442 -0.319 -0.186 -0.123  0.032  0.112  0.068  0.184  0.146  0.040  0.109 -0.157  0.020
 -0.518 -0.512 -0.539 -0.600 -0.613 -0.649 -0.649 -0.651 -0.660 -0.715 -0.740 -0.783 -0.857 -0.873 -0.822 -0.778 -0.408  0.022  0.574  0.575  0.734  0.678  0.568  0.591  0.567  0.540 -0.095  0.353 -0.392 -0.721 -0.488 -0.369 -0.132  0.304  0.225  0.379  0.758  0.713  0.617  0.794  0.890  0.969  1.000  0.980  0.882  0.833  0.913  0.960  0.967  0.950  0.862  0.717  0.517  0.306 -0.058 -0.423 -0.558 -0.765 -0.803 -0.834 -0.752 -0.786 -0.764 -0.833 -0.745 -0.634 -0.703 -0.569 -0.526 -0.604 -0.459 -0.375 -0.453 -0.261 -0.224 -0.338 -0.448 -0.171 -0.099 -0.166 -0.196 -0.125 -0.181 -0.202 -0.240 -0.338 -0.332 -0.521 -0.564 -0.596 -0.428 -0.211  0.042  0.091 -0.118 -0.109  0.095  0.013 -0.126 -0.002  0.086 -0.047 -0.098 -0.209 -0.314 -0.421 -0.546 -0.599 -0.509 -0.452 -0.337 -0.190 -0.112  0.033  0.140  0.134  0.284  0.303  0.215  0.324  0.046  0.197
 -0.461 -0.456 -0.487 -0.542 -0.554 -0.594 -0.601 -0.602 -0.619 -0.675 -0.697 -0.742 -0.827 -0.819 -0.759 -0.761 -0.436  0.025  0.553  0.559  0.727  0.676  0.590  0.631  0.609  0.629  0.035  0.461 -0.354 -0.742 -0.561 -0.475 -0.242  0.190  0.098  0.239  0.650  0.606  0.491  0.682  0.803  0.913  0.980  1.000  0.937  0.912  0.958  0.982  0.963  0.912  0.810  0.655  0.450  0.235 -0.114 -0.465 -0.556 -0.741 -0.744 -0.782 -0.670 -0.693 -0.655 -0.732 -0.625 -0.495 -0.574 -0.429 -0.402 -0.491 -0.344 -0.239 -0.305 -0.102 -0.072 -0.189 -0.328 -0.054 -0.025 -0.125 -0.183 -0.142 -0.213 -0.253 -0.300 -0.377 -0.342 -0.500 -0.501 -0.527 -0.341 -0.104  0.128  0.174 -0.042 -0.057  0.136  0.058 -0.095  0.009  0.097 -0.032 -0.097 -0.209 -0.312 -0.403 -0.528 -0.577 -0.506 -0.457 -0.355 -0.209 -0.125  0.005  0.125  0.148  0.316  0.378  0.315  0.459  0.203  0.332
 -0.237 -0.232 -0.272 -0.323 -0.319 -0.350 -0.366 -0.362 -0.387 -0.440 -0.459 -0.527 -0.661 -0.658 -0.615 -0.799 -0.629 -0.217  0.286  0.297  0.504  0.453  0.387  0.465  0.437  0.567  0.074  0.605 -0.204 -0.725 -0.738 -0.653 -0.353 -0.067 -0.202 -0.001  0.450  0.329  0.212  0.477  0.593  0.784  0.882  0.937  1.000  0.971  0.931  0.948  0.840  0.727  0.570  0.371  0.137 -0.086 -0.408 -0.689 -0.714 -0.805 -0.739 -0.775 -0.449 -0.467 -0.419 -0.555 -0.443 -0.271 -0.404 -0.287 -0.339 -0.440 -0.329 -0.171 -0.171  0.046  0.036 -0.077 -0.300 -0.074 -0.149 -0.302 -0.396 -0.399 -0.478 -0.528 -0.574 -0.622 -0.564 -0.650 -0.576 -0.581 -0.397 -0.144  0.023  0.061 -0.160 -0.221 -0.056 -0.124 -0.289 -0.223 -0.139 -0.256 -0.333 -0.434 -0.519 -0.572 -0.671 -0.704 -0.679 -0.650 -0.583 -0.460 -0.379 -0.276 -0.148 -0.089  0.106  0.253  0.242  0.525  0.409  0.579
 -0.191 -0.190 -0.227 -0.276 -0.282 -0.328 -0.355 -0.355 -0.391 -0.454 -0.484 -0.553 -0.676 -0.643 -0.593 -0.750 -0.593 -0.122  0.342  0.368  0.564  0.529  0.491  0.574  0.545  0.676  0.197  0.612 -0.272 -0.772 -0.763 -0.730 -0.496 -0.162 -0.270 -0.129  0.329  0.263  0.125  0.364  0.518  0.698  0.833  0.912  0.971  1.000  0.963  0.941  0.842  0.711  0.564  0.386  0.166 -0.056 -0.353 -0.636 -0.625 -0.719 -0.634 -0.677 -0.435 -0.429 -0.364 -0.477 -0.343 -0.169 -0.284 -0.141 -0.175 -0.282 -0.157  0.002 -0.014  0.203  0.203  0.086 -0.132  0.102  0.018 -0.155 -0.267 -0.295 -0.388 -0.460 -0.520 -0.549 -0.462 -0.532 -0.434 -0.435 -0.231  0.034  0.193  0.230  0.011 -0.062  0.094  0.031 -0.142 -0.090 -0.008 -0.121 -0.211 -0.311 -0.402 -0.448 -0.551 -0.586 -0.569 -0.543 -0.483 -0.354 -0.267 -0.179 -0.042  0.040  0.239  0.404  0.399  0.655  0.508  0.621
 -0.334 -0.333 -0.365 -0.422 -0.441 -0.499 -0.519 -0.524 -0.556 -0.630 -0.671 -0.735 -0.824 -0.793 -0.737 -0.765 -0.496  0.029  0.530  0.561  0.737  0.703  0.649  0.705  0.675  0.722  0.140  0.486 -0.431 -0.833 -0.677 -0.640 -0.459 -0.009 -0.076  0.023  0.464  0.461  0.320  0.510  0.675  0.795  0.913  0.958  0.931  0.963  1.000  0.984  0.949  0.858  0.746  0.600  0.393  0.166 -0.160 -0.504 -0.541 -0.706 -0.669 -0.712 -0.624 -0.621 -0.560 -0.633 -0.499 -0.350 -0.428 -0.259 -0.235 -0.335 -0.180 -0.055 -0.120  0.092  0.120 -0.004 -0.167  0.108  0.100 -0.039 -0.125 -0.122 -0.212 -0.278 -0.342 -0.396 -0.323 -0.449 -0.403 -0.418 -0.205  0.056  0.268  0.314  0.092  0.050  0.232  0.161 -0.008  0.073  0.161  0.035 -0.048 -0.161 -0.267 -0.342 -0.468 -0.517 -0.467 -0.423 -0.335 -0.185 -0.094  0.017  0.152  0.208  0.392  0.499  0.451  0.613  0.356  0.449
 -0.374 -0.369 -0.402 -0.463 -0.477 -0.526 -0.540 -0.543 -0.567 -0.637 -0.677 -0.742 -0.837 -0.828 -0.779 -0.814 -0.522 -0.031  0.509  0.530  0.715  0.670  0.592  0.642  0.611  0.647  0.036  0.463 -0.408 -0.816 -0.659 -0.582 -0.356  0.072 -0.008  0.131  0.568  0.531  0.405  0.611  0.750  0.872  0.960  0.982  0.948  0.941  0.984  1.000  0.964  0.891  0.774  0.615  0.396  0.164 -0.185 -0.538 -0.608 -0.778 -0.759 -0.797 -0.666 -0.677 -0.628 -0.715 -0.597 -0.450 -0.538 -0.384 -0.368 -0.463 -0.314 -0.193 -0.252 -0.038 -0.014 -0.138 -0.300 -0.025 -0.017 -0.140 -0.211 -0.186 -0.265 -0.315 -0.369 -0.439 -0.390 -0.534 -0.512 -0.531 -0.331 -0.076  0.149  0.197 -0.028 -0.059  0.135  0.059 -0.106 -0.010  0.080 -0.051 -0.125 -0.240 -0.345 -0.430 -0.555 -0.604 -0.544 -0.496 -0.399 -0.249 -0.162 -0.036  0.092  0.130  0.310  0.398  0.339  0.513  0.266  0.401
 -0.514 -0.511 -0.535 -0.595 -0.622 -0.678 -0.685 -0.694 -0.712 -0.781 -0.822 -0.867 -0.916 -0.900 -0.841 -0.732 -0.344  0.166  0.686  0.706  0.849  0.810  0.727  0.747  0.721  0.672  0.021  0.324 -0.515 -0.793 -0.495 -0.431 -0.282  0.240  0.202  0.278  0.661  0.695  0.573  0.707  0.849  0.901  0.967  0.963  0.840  0.842  0.949  0.964  1.000  0.974  0.906  0.794  0.613  0.400  0.055 -0.330 -0.440 -0.671 -0.701 -0.740 -0.791 -0.802 -0.761 -0.794 -0.682 -0.575 -0.615 -0.444 -0.366 -0.448 -0.278 -0.203 -0.311 -0.121 -0.066 -0.186 -0.276  0.021  0.105  0.026 -0.016  0.036 -0.035 -0.078 -0.134 -0.219 -0.184 -0.371 -0.403 -0.434 -0.241 -0.011  0.248  0.299  0.091  0.094  0.297  0.218  0.071  0.187  0.274  0.143  0.081 -0.036 -0.149 -0.256 -0.394 -0.453 -0.364 -0.304 -0.187 -0.029  0.057  0.193  0.310  0.321  0.471  0.494  0.400  0.454  0.111  0.198
 -0.618 -0.613 -0.629 -0.688 -0.718 -0.766 -0.761 -0.770 -0.777 -0.838 -0.873 -0.900 -0.917 -0.914 -0.854 -0.651 -0.199  0.266  0.766  0.773  0.880  0.839  0.740  0.733  0.714  0.601 -0.053  0.202 -0.525 -0.701 -0.318 -0.238 -0.119  0.422  0.404  0.460  0.775  0.831  0.732  0.817  0.931  0.928  0.950  0.912  0.727  0.711  0.858  0.891  0.974  1.000  0.972  0.890  0.740  0.553  0.215 -0.175 -0.330 -0.596 -0.676 -0.709 -0.857 -0.880 -0.857 -0.859 -0.769 -0.701 -0.710 -0.549 -0.436 -0.500 -0.331 -0.297 -0.430 -0.269 -0.197 -0.306 -0.335 -0.041  0.105  0.076  0.068  0.154  0.100  0.077  0.032 -0.070 -0.066 -0.286 -0.373 -0.415 -0.249 -0.058  0.220  0.270  0.086  0.123  0.327  0.248  0.127  0.262  0.344  0.216  0.173  0.062 -0.049 -0.172 -0.310 -0.375 -0.261 -0.194 -0.064  0.090  0.167  0.312  0.408  0.387  0.503  0.462  0.343  0.314 -0.070  0.005
 -0.702 -0.698 -0.703 -0.752 -0.786 -0.829 -0.816 -0.828 -0.828 -0.879 -0.906 -0.908 -0.878 -0.862 -0.790 -0.477  0.020  0.459  0.876  0.876  0.928  0.896  0.808  0.779  0.771  0.603 -0.001  0.105 -0.528 -0.583 -0.115 -0.064 -0.027  0.551  0.564  0.550  0.785  0.900  0.810  0.819  0.926  0.859  0.862  0.810  0.570  0.564  0.746  0.774  0.906  0.972  1.000  0.969  0.873  0.729  0.433  0.055 -0.114 -0.409 -0.524 -0.557 -0.861 -0.884 -0.868 -0.817 -0.738 -0.715 -0.677 -0.513 -0.353 -0.401 -0.230 -0.242 -0.406 -0.283 -0.189 -0.281 -0.240  0.045  0.241  0.253  0.267  0.363  0.318  0.301  0.259  0.159  0.155 -0.079 -0.200 -0.252 -0.107  0.044  0.322  0.367  0.219  0.281  0.469  0.396  0.303  0.439  0.510  0.395  0.365  0.264  0.160  0.031 -0.107 -0.175 -0.048  0.023  0.156  0.303  0.371  0.508  0.586  0.548  0.627  0.535  0.403  0.266 -0.168 -0.155
 -0.720 -0.718 -0.712 -0.751 -0.793 -0.839 -0.824 -0.842 -0.839 -0.883 -0.912 -0.893 -0.817 -0.787 -0.714 -0.299  0.210  0.616  0.934  0.937  0.935  0.920  0.850  0.797  0.795  0.572  0.031 -0.040 -0.567 -0.478  0.061  0.074  0.007  0.603  0.663  0.568  0.714  0.899  0.820  0.748  0.853  0.725  0.717  0.655  0.371  0.386  0.600  0.615  0.794  0.890  0.969  1.000  0.961  0.859  0.622  0.272  0.103 -0.208 -0.347 -0.377 -0.841 -0.855 -0.842 -0.739 -0.670 -0.690 -0.604 -0.441 -0.239 -0.267 -0.098 -0.154 -0.346 -0.267 -0.154 -0.229 -0.119  0.144  0.381  0.429  0.462  0.562  0.527  0.512  0.471  0.378  0.370  0.136 -0.011 -0.066  0.056  0.162  0.427  0.467  0.361  0.443  0.607  0.545  0.481  0.611  0.666  0.571  0.553  0.466  0.370  0.243  0.111  0.043  0.175  0.247  0.377  0.510  0.568  0.689  0.745  0.696  0.733  0.598  0.454  0.211 -0.261 -0.314
 -0.744 -0.744 -0.726 -0.747 -0.790 -0.825 -0.804 -0.817 -0.804 -0.827 -0.838 -0.789 -0.668 -0.626 -0.548 -0.051  0.447  0.772  0.951  0.945  0.877  0.876  0.829  0.755  0.767  0.505  0.092 -0.154 -0.503 -0.278  0.297  0.271  0.112  0.677  0.767  0.598  0.628  0.864  0.806  0.651  0.735  0.546  0.517  0.450  0.137  0.166  0.393  0.396  0.613  0.740  0.873  0.961  1.000  0.965  0.809  0.516  0.354  0.045 -0.118 -0.144 -0.738 -0.748 -0.748 -0.595 -0.546 -0.617 -0.486 -0.338 -0.105 -0.110  0.041 -0.063 -0.269 -0.247 -0.122 -0.167  0.014  0.233  0.502  0.592  0.647  0.747  0.727  0.720  0.688  0.609  0.592  0.372  0.202  0.143  0.224  0.268  0.501  0.530  0.480  0.582  0.705  0.659  0.637  0.752  0.787  0.720  0.720  0.655  0.579  0.461  0.344  0.281  0.414  0.481  0.598  0.706  0.746  0.843  0.869  0.807  0.794  0.615  0.473  0.130 -0.343 -0.466
 -0.730 -0.730 -0.702 -0.702 -0.740 -0.757 -0.729 -0.739 -0.719 -0.715 -0.702 -0.621 -0.466 -0.419 -0.336  0.200  0.658  0.864  0.898  0.874  0.747  0.755  0.727  0.639  0.667  0.392  0.143 -0.226 -0.359 -0.033  0.526  0.474  0.258  0.745  0.842  0.627  0.542  0.792  0.763  0.544  0.592  0.362  0.306  0.235 -0.086 -0.056  0.166  0.164  0.400  0.553  0.729  0.859  0.965  1.000  0.928  0.715  0.563  0.279  0.100  0.079 -0.578 -0.591 -0.607 -0.421 -0.399 -0.516 -0.354 -0.240  0.002  0.021  0.140 -0.003 -0.205 -0.240 -0.112 -0.124  0.113  0.272  0.551  0.683  0.757  0.855  0.854  0.860  0.843  0.780  0.750  0.556  0.372  0.310  0.342  0.319  0.503  0.517  0.526  0.643  0.720  0.690  0.713  0.808  0.821  0.785  0.804  0.768  0.718  0.616  0.525  0.472  0.597  0.654  0.751  0.824  0.844  0.912  0.906  0.831  0.770  0.558  0.432  0.021 -0.409 -0.585
 -0.570 -0.575 -0.534 -0.507 -0.541 -0.546 -0.517 -0.530 -0.510 -0.482 -0.452 -0.343 -0.153 -0.088 -0.012  0.528  0.859  0.920  0.732  0.704  0.508  0.540  0.561  0.464  0.505  0.239  0.238 -0.335 -0.208  0.247  0.736  0.624  0.303  0.652  0.778  0.488  0.261  0.542  0.542  0.247  0.267  0.004 -0.058 -0.114 -0.408 -0.353 -0.160 -0.185  0.055  0.215  0.433  0.622  0.809  0.928  1.000  0.920  0.823  0.608  0.443  0.430 -0.292 -0.291 -0.312 -0.089 -0.093 -0.258 -0.061  0.012  0.248  0.295  0.364  0.187  0.004 -0.104  0.016  0.048  0.335  0.396  0.652  0.809  0.890  0.958  0.974  0.983  0.977  0.955  0.930  0.806  0.639  0.588  0.561  0.457  0.548  0.542  0.632  0.746  0.744  0.746  0.820  0.867  0.847  0.862  0.898  0.904  0.892  0.829  0.783  0.747  0.839  0.875  0.929  0.948  0.942  0.952  0.908  0.840  0.722  0.502  0.411 -0.059 -0.402 -0.659
 -0.345 -0.351 -0.302 -0.249 -0.267 -0.249 -0.219 -0.230 -0.209 -0.150 -0.096  0.033  0.229  0.290  0.350  0.806  0.964  0.819  0.429  0.389  0.146  0.190  0.246  0.153  0.207 -0.009  0.267 -0.387  0.055  0.567  0.895  0.760  0.409  0.532  0.651  0.349 -0.009  0.234  0.279 -0.047 -0.084 -0.343 -0.423 -0.465 -0.689 -0.636 -0.504 -0.538 -0.330 -0.175  0.055  0.272  0.516  0.715  0.920  1.000  0.958  0.851  0.712  0.711  0.063  0.067  0.032  0.254  0.209  0.014  0.211  0.213  0.400  0.474  0.471  0.279  0.153 -0.022  0.069  0.147  0.449  0.389  0.588  0.762  0.849  0.888  0.929  0.951  0.968  0.985  0.952  0.914  0.777  0.740  0.640  0.455  0.433  0.405  0.571  0.674  0.589  0.622  0.748  0.743  0.691  0.757  0.812  0.865  0.899  0.883  0.895  0.886  0.935  0.944  0.946  0.900  0.862  0.816  0.731  0.667  0.502  0.294  0.253 -0.202 -0.383 -0.668
 -0.171 -0.179 -0.132 -0.068 -0.084 -0.072 -0.051 -0.065 -0.059 -0.002  0.052  0.172  0.360  0.452  0.515  0.891  0.937  0.802  0.327  0.297  0.056  0.115  0.217  0.152  0.207  0.065  0.456 -0.271  0.130  0.588  0.813  0.617  0.235  0.305  0.419  0.086 -0.260 -0.008  0.017 -0.301 -0.309 -0.530 -0.558 -0.556 -0.714 -0.625 -0.541 -0.608 -0.440 -0.330 -0.114  0.103  0.354  0.563  0.823  0.958  1.000  0.949  0.871  0.864  0.256  0.283  0.270  0.485  0.463  0.287  0.474  0.480  0.637  0.701  0.685  0.521  0.420  0.244  0.322  0.406  0.669  0.578  0.703  0.830  0.877  0.861  0.884  0.879  0.886  0.943  0.955  0.983  0.918  0.895  0.808  0.634  0.554  0.517  0.691  0.756  0.635  0.682  0.799  0.752  0.691  0.774  0.813  0.877  0.924  0.942  0.968  0.969  0.977  0.969  0.939  0.878  0.842  0.759  0.684  0.665  0.514  0.373  0.378 -0.030 -0.147 -0.475
  0.069  0.060  0.106  0.180  0.177  0.200  0.216  0.204  0.204  0.272  0.334  0.447  0.607  0.691  0.734  0.969  0.852  0.599  0.033  0.003 -0.232 -0.169 -0.044 -0.089 -0.034 -0.096  0.460 -0.233  0.310  0.721  0.769  0.568  0.215  0.102  0.193 -0.107 -0.485 -0.295 -0.250 -0.536 -0.574 -0.746 -0.765 -0.741 -0.805 -0.719 -0.706 -0.778 -0.671 -0.596 -0.409 -0.208  0.045  0.279  0.608  0.851  0.949  1.000  0.971  0.972  0.521  0.554  0.541  0.719  0.679  0.515  0.671  0.627  0.717  0.787  0.719  0.579  0.540  0.346  0.386  0.492  0.712  0.542  0.584  0.689  0.720  0.669  0.700  0.697  0.715  0.803  0.821  0.926  0.914  0.909  0.788  0.588  0.425  0.376  0.579  0.613  0.442  0.508  0.641  0.551  0.474  0.586  0.627  0.718  0.793  0.851  0.918  0.940  0.905  0.874  0.802  0.701  0.649  0.528  0.440  0.440  0.284  0.195  0.248 -0.072 -0.039 -0.350
  0.223  0.213  0.253  0.328  0.328  0.345  0.352  0.337  0.325  0.385  0.441  0.535  0.666  0.766  0.806  0.936  0.729  0.502 -0.077 -0.096 -0.304 -0.234 -0.085 -0.100 -0.049 -0.036  0.567 -0.102  0.358  0.672  0.613  0.386  0.052 -0.106 -0.035 -0.322 -0.649 -0.481 -0.455 -0.699 -0.712 -0.829 -0.803 -0.744 -0.739 -0.634 -0.669 -0.759 -0.701 -0.676 -0.524 -0.347 -0.118  0.100  0.443  0.712  0.871  0.971  1.000  0.996  0.643  0.692  0.699  0.847  0.828  0.700  0.826  0.787  0.835  0.889  0.814  0.715  0.708  0.533  0.554  0.654  0.814  0.631  0.601  0.653  0.647  0.554  0.567  0.543  0.552  0.666  0.718  0.872  0.924  0.933  0.833  0.663  0.464  0.411  0.600  0.597  0.411  0.482  0.595  0.477  0.400  0.516  0.538  0.631  0.710  0.794  0.868  0.898  0.831  0.787  0.692  0.587  0.541  0.400  0.329  0.368  0.242  0.222  0.311  0.075  0.170 -0.138
  0.246  0.237  0.276  0.349  0.350  0.370  0.378  0.364  0.356  0.416  0.468  0.560  0.692  0.783  0.812  0.940  0.720  0.465 -0.122 -0.140 -0.349 -0.280 -0.134 -0.154 -0.106 -0.101  0.510 -0.155  0.355  0.693  0.628  0.411  0.077 -0.109 -0.031 -0.311 -0.656 -0.495 -0.458 -0.705 -0.729 -0.850 -0.834 -0.782 -0.775 -0.677 -0.712 -0.797 -0.740 -0.709 -0.557 -0.377 -0.144  0.079  0.430  0.711  0.864  0.972  0.996  1.000  0.653  0.700  0.701  0.849  0.819  0.685  0.812  0.761  0.806  0.866  0.783  0.678  0.676  0.492  0.510  0.614  0.780  0.584  0.558  0.619  0.622  0.534  0.554  0.536  0.549  0.661  0.704  0.859  0.904  0.916  0.803  0.620  0.415  0.362  0.560  0.560  0.370  0.444  0.564  0.446  0.367  0.487  0.516  0.612  0.694  0.779  0.860  0.892  0.825  0.780  0.684  0.572  0.520  0.378  0.300  0.331  0.195  0.166  0.252  0.013  0.122 -0.177
  0.543  0.538  0.544  0.616  0.651  0.690  0.693  0.717  0.691  0.758  0.849  0.898  0.879  0.899  0.895  0.607  0.172 -0.205 -0.653 -0.692 -0.767 -0.740 -0.631 -0.579 -0.541 -0.321  0.339  0.191  0.709  0.663  0.208  0.109  0.083 -0.406 -0.476 -0.495 -0.699 -0.806 -0.748 -0.765 -0.850 -0.771 -0.752 -0.670 -0.449 -0.435 -0.624 -0.666 -0.791 -0.857 -0.861 -0.841 -0.738 -0.578 -0.292  0.063  0.256  0.521  0.643  0.653  1.000  0.978  0.940  0.904  0.858  0.833  0.799  0.665  0.520  0.551  0.396  0.416  0.564  0.454  0.377  0.472  0.431  0.181 -0.032 -0.058 -0.105 -0.220 -0.198 -0.201 -0.165 -0.048 -0.012  0.222  0.368  0.406  0.286  0.159 -0.113 -0.168 -0.031 -0.100 -0.289 -0.221 -0.143 -0.285 -0.347 -0.242 -0.230 -0.128 -0.015  0.113  0.224  0.284  0.157  0.085 -0.049 -0.186 -0.238 -0.380 -0.436 -0.373 -0.428 -0.312 -0.147 -0.026  0.375  0.290
  0.606  0.602  0.612  0.678  0.707  0.742  0.735  0.744  0.719  0.781  0.853  0.891  0.877  0.913  0.908  0.620  0.165 -0.185 -0.653 -0.680 -0.756 -0.720 -0.596 -0.540 -0.506 -0.280  0.389  0.189  0.668  0.630  0.175  0.049 -0.008 -0.483 -0.539 -0.584 -0.780 -0.863 -0.816 -0.841 -0.906 -0.827 -0.786 -0.693 -0.467 -0.429 -0.621 -0.677 -0.802 -0.880 -0.884 -0.855 -0.748 -0.591 -0.291  0.067  0.283  0.554  0.692  0.700  0.978  1.000  0.979  0.952  0.917  0.895  0.866  0.743  0.602  0.629  0.479  0.504  0.648  0.539  0.464  0.557  0.512  0.261  0.038 -0.002 -0.059 -0.190 -0.176 -0.190 -0.162 -0.034  0.018  0.265  0.428  0.471  0.361  0.241 -0.040 -0.095  0.043 -0.035 -0.231 -0.160 -0.085 -0.237 -0.303 -0.192 -0.185 -0.085  0.020  0.153  0.269  0.330  0.198  0.122 -0.018 -0.153 -0.203 -0.354 -0.405 -0.329 -0.381 -0.250 -0.081  0.037  0.433  0.324
  0.640  0.637  0.648  0.712  0.741  0.770  0.760  0.761  0.731  0.783  0.836  0.859  0.843  0.898  0.893  0.592  0.129 -0.169 -0.628 -0.645 -0.710 -0.670 -0.534 -0.468 -0.437 -0.193  0.461  0.251  0.637  0.564  0.102 -0.044 -0.109 -0.553 -0.608 -0.666 -0.827 -0.895 -0.868 -0.884 -0.923 -0.832 -0.764 -0.655 -0.419 -0.364 -0.560 -0.628 -0.761 -0.857 -0.868 -0.842 -0.748 -0.607 -0.312  0.032  0.270  0.541  0.699  0.701  0.940  0.979  1.000  0.970  0.954  0.948  0.915  0.812  0.669  0.686  0.549  0.588  0.730  0.635  0.562  0.645  0.582  0.345  0.105  0.040 -0.035 -0.183 -0.182 -0.211 -0.193 -0.057  0.016  0.272  0.458  0.503  0.416  0.321  0.042 -0.014  0.111  0.020 -0.173 -0.103 -0.044 -0.202 -0.266 -0.160 -0.164 -0.071  0.027  0.163  0.274  0.336  0.196  0.119 -0.022 -0.149 -0.191 -0.344 -0.381 -0.287 -0.322 -0.167  0.010  0.144  0.526  0.407
  0.555  0.550  0.570  0.640  0.661  0.686  0.680  0.676  0.649  0.704  0.759  0.805  0.836  0.911  0.919  0.740  0.326  0.037 -0.493 -0.508 -0.623 -0.569 -0.418 -0.374 -0.336 -0.152  0.526  0.142  0.571  0.624  0.265  0.080 -0.084 -0.462 -0.474 -0.615 -0.839 -0.830 -0.803 -0.895 -0.925 -0.895 -0.833 -0.732 -0.555 -0.477 -0.633 -0.715 -0.794 -0.859 -0.817 -0.739 -0.595 -0.421 -0.089  0.254  0.485  0.719  0.847  0.849  0.904  0.952  0.970  1.000  0.983  0.936  0.955  0.867  0.779  0.808  0.683  0.680  0.782  0.655  0.608  0.701  0.706  0.471  0.282  0.249  0.190  0.049  0.053  0.021  0.036  0.175  0.248  0.490  0.647  0.685  0.590  0.464  0.192  0.135  0.289  0.218  0.015  0.090  0.170  0.013 -0.059  0.058  0.061  0.160  0.257  0.386  0.492  0.547  0.421  0.350  0.213  0.086  0.040 -0.121 -0.171 -0.086 -0.153 -0.043  0.116  0.137  0.450  0.258
  0.538  0.533  0.548  0.616  0.632  0.645  0.635  0.630  0.594  0.637  0.685  0.721  0.746  0.843  0.863  0.680  0.285  0.093 -0.400 -0.407 -0.505 -0.447 -0.284 -0.225 -0.190  0.016  0.643  0.250  0.515  0.508  0.163 -0.049 -0.217 -0.519 -0.536 -0.693 -0.853 -0.822 -0.826 -0.903 -0.892 -0.844 -0.745 -0.625 -0.443 -0.343 -0.499 -0.597 -0.682 -0.769 -0.738 -0.670 -0.546 -0.399 -0.093  0.209  0.463  0.679  0.828  0.819  0.858  0.917  0.954  0.983  1.000  0.976  0.990  0.937  0.855  0.866  0.766  0.784  0.875  0.776  0.736  0.813  0.793  0.595  0.390  0.323  0.238  0.078  0.060  0.006  0.005  0.152  0.254  0.494  0.679  0.717  0.662  0.579  0.324  0.270  0.396  0.309  0.121  0.191  0.243  0.084  0.022  0.126  0.110  0.195  0.280  0.407  0.494  0.543  0.412  0.344  0.213  0.106  0.075 -0.081 -0.107  0.002 -0.036  0.107  0.271  0.311  0.584  0.376
  0.594  0.589  0.594  0.652  0.669  0.673  0.655  0.653  0.608  0.635  0.671  0.680  0.668  0.765  0.782  0.515  0.099 -0.024 -0.434 -0.430 -0.477 -0.427 -0.266 -0.184 -0.158  0.098  0.657  0.372  0.485  0.358 -0.040 -0.243 -0.352 -0.642 -0.683 -0.795 -0.863 -0.864 -0.891 -0.904 -0.867 -0.765 -0.634 -0.495 -0.271 -0.169 -0.350 -0.450 -0.575 -0.701 -0.715 -0.690 -0.617 -0.516 -0.258  0.014  0.287  0.515  0.700  0.685  0.833  0.895  0.948  0.936  0.976  1.000  0.976  0.940  0.827  0.816  0.728  0.790  0.899  0.844  0.790  0.846  0.760  0.589  0.340  0.226  0.112 -0.065 -0.100 -0.168 -0.180 -0.032  0.091  0.339  0.561  0.606  0.587  0.557  0.312  0.264  0.348  0.235  0.068  0.130  0.146 -0.013 -0.061  0.025 -0.010  0.059  0.134  0.264  0.340  0.388  0.247  0.177  0.047 -0.043 -0.060 -0.207 -0.207 -0.075 -0.069  0.127  0.302  0.430  0.719  0.552
  0.521  0.514  0.527  0.591  0.601  0.602  0.588  0.581  0.540  0.571  0.608  0.636  0.667  0.778  0.801  0.645  0.270  0.147 -0.327 -0.320 -0.413 -0.350 -0.178 -0.117 -0.087  0.110  0.689  0.252  0.419  0.416  0.110 -0.122 -0.319 -0.559 -0.558 -0.741 -0.872 -0.805 -0.828 -0.911 -0.869 -0.825 -0.703 -0.574 -0.404 -0.284 -0.428 -0.538 -0.615 -0.710 -0.677 -0.604 -0.486 -0.354 -0.061  0.211  0.474  0.671  0.826  0.812  0.799  0.866  0.915  0.955  0.990  0.976  1.000  0.974  0.909  0.912  0.833  0.855  0.929  0.842  0.811  0.876  0.854  0.681  0.481  0.400  0.305  0.136  0.106  0.039  0.026  0.174  0.294  0.527  0.719  0.758  0.728  0.667  0.428  0.378  0.491  0.399  0.222  0.289  0.326  0.170  0.113  0.209  0.184  0.259  0.334  0.458  0.531  0.573  0.445  0.380  0.255  0.163  0.141 -0.013 -0.027  0.093  0.067  0.217  0.374  0.399  0.628  0.401
  0.442  0.433  0.443  0.498  0.497  0.481  0.463  0.452  0.404  0.417  0.439  0.459  0.496  0.631  0.669  0.564  0.256  0.266 -0.149 -0.129 -0.209 -0.141  0.037  0.102  0.128  0.311  0.785  0.307  0.276  0.251  0.025 -0.235 -0.461 -0.566 -0.550 -0.769 -0.833 -0.715 -0.775 -0.859 -0.766 -0.725 -0.569 -0.429 -0.287 -0.141 -0.259 -0.384 -0.444 -0.549 -0.513 -0.441 -0.338 -0.240  0.012  0.213  0.480  0.627  0.787  0.761  0.665  0.743  0.812  0.867  0.937  0.940  0.974  1.000  0.967  0.953  0.915  0.947  0.986  0.930  0.918  0.960  0.933  0.819  0.634  0.528  0.415  0.239  0.186  0.097  0.063  0.210  0.355  0.564  0.764  0.799  0.817  0.803  0.606  0.564  0.643  0.546  0.399  0.455  0.463  0.318  0.274  0.351  0.308  0.361  0.414  0.524  0.566  0.595  0.478  0.424  0.316  0.256  0.252  0.113  0.125  0.261  0.261  0.423  0.565  0.570  0.707  0.453
  0.288  0.277  0.295  0.348  0.335  0.311  0.298  0.281  0.238  0.247  0.263  0.299  0.378  0.529  0.581  0.619  0.412  0.480  0.061  0.086 -0.028  0.048  0.226  0.266  0.294  0.399  0.811  0.202  0.137  0.222  0.143 -0.139 -0.445 -0.428 -0.368 -0.657 -0.748 -0.550 -0.618 -0.766 -0.653 -0.674 -0.526 -0.402 -0.339 -0.175 -0.235 -0.368 -0.366 -0.436 -0.353 -0.239 -0.105  0.002  0.248  0.400  0.637  0.717  0.835  0.806  0.520  0.602  0.669  0.779  0.855  0.827  0.909  0.967  1.000  0.993  0.986  0.979  0.964  0.895  0.916  0.955  0.991  0.913  0.799  0.723  0.630  0.473  0.419  0.327  0.286  0.421  0.563  0.729  0.885  0.908  0.936  0.914  0.759  0.721  0.807  0.737  0.605  0.657  0.672  0.546  0.503  0.575  0.537  0.582  0.621  0.708  0.730  0.745  0.655  0.615  0.530  0.487  0.487  0.360  0.369  0.489  0.470  0.579  0.686  0.577  0.601  0.293
  0.288  0.276  0.298  0.356  0.344  0.326  0.316  0.299  0.260  0.278  0.300  0.346  0.440  0.583  0.630  0.693  0.479  0.492  0.029  0.050 -0.086 -0.008  0.170  0.197  0.228  0.310  0.765  0.117  0.159  0.307  0.236 -0.043 -0.371 -0.387 -0.315 -0.614 -0.758 -0.555 -0.605 -0.779 -0.687 -0.732 -0.604 -0.491 -0.440 -0.282 -0.335 -0.463 -0.448 -0.500 -0.401 -0.267 -0.110  0.021  0.295  0.474  0.701  0.787  0.889  0.866  0.551  0.629  0.686  0.808  0.866  0.816  0.912  0.953  0.993  1.000  0.980  0.952  0.936  0.841  0.863  0.915  0.980  0.877  0.781  0.730  0.654  0.506  0.465  0.385  0.352  0.485  0.613  0.779  0.917  0.939  0.941  0.887  0.720  0.679  0.790  0.732  0.585  0.644  0.679  0.552  0.501  0.584  0.558  0.614  0.662  0.750  0.783  0.800  0.713  0.672  0.583  0.527  0.517  0.383  0.375  0.481  0.437  0.520  0.624  0.481  0.517  0.200
  0.190  0.178  0.198  0.245  0.224  0.192  0.180  0.159  0.118  0.120  0.128  0.167  0.265  0.422  0.480  0.598  0.460  0.584  0.193  0.225  0.102  0.181  0.353  0.380  0.405  0.462  0.801  0.142  0.021  0.156  0.170 -0.117 -0.459 -0.354 -0.270 -0.588 -0.674 -0.433 -0.510 -0.683 -0.553 -0.605 -0.459 -0.344 -0.329 -0.157 -0.180 -0.314 -0.278 -0.331 -0.230 -0.098  0.041  0.140  0.364  0.471  0.685  0.719  0.814  0.783  0.396  0.479  0.549  0.683  0.766  0.728  0.833  0.915  0.986  0.980  1.000  0.976  0.927  0.860  0.899  0.929  0.994  0.948  0.877  0.814  0.731  0.588  0.531  0.437  0.389  0.511  0.652  0.784  0.915  0.932  0.973  0.958  0.838  0.807  0.886  0.830  0.717  0.764  0.775  0.665  0.628  0.690  0.652  0.686  0.712  0.782  0.786  0.791  0.721  0.692  0.625  0.599  0.605  0.492  0.504  0.614  0.592  0.673  0.754  0.590  0.537  0.211
  0.271  0.260  0.271  0.312  0.292  0.252  0.231  0.210  0.158  0.149  0.151  0.168  0.227  0.387  0.443  0.463  0.287  0.461  0.132  0.170  0.095  0.167  0.341  0.394  0.413  0.533  0.838  0.287  0.037  0.043 -0.020 -0.302 -0.580 -0.485 -0.433 -0.706 -0.707 -0.507 -0.605 -0.713 -0.562 -0.554 -0.375 -0.239 -0.171  0.002 -0.055 -0.193 -0.203 -0.297 -0.242 -0.154 -0.063 -0.003  0.187  0.279  0.521  0.579  0.715  0.678  0.416  0.504  0.588  0.680  0.784  0.790  0.855  0.947  0.979  0.952  0.976  1.000  0.975  0.948  0.970  0.983  0.979  0.949  0.823  0.712  0.597  0.433  0.359  0.251  0.195  0.324  0.486  0.637  0.813  0.837  0.909  0.940  0.818  0.790  0.833  0.748  0.647  0.688  0.668  0.551  0.524  0.574  0.517  0.541  0.560  0.638  0.638  0.645  0.559  0.526  0.453  0.437  0.455  0.345  0.381  0.518  0.537  0.677  0.778  0.711  0.694  0.404
  0.406  0.397  0.403  0.448  0.441  0.412  0.389  0.375  0.322  0.320  0.328  0.335  0.364  0.510  0.552  0.457  0.187  0.287 -0.062 -0.029 -0.086 -0.018  0.158  0.229  0.247  0.429  0.813  0.352  0.173  0.108 -0.081 -0.347 -0.568 -0.595 -0.575 -0.796 -0.797 -0.661 -0.745 -0.811 -0.685 -0.632 -0.453 -0.305 -0.171 -0.014 -0.120 -0.252 -0.311 -0.430 -0.406 -0.346 -0.269 -0.205  0.004  0.153  0.420  0.540  0.708  0.676  0.564  0.648  0.730  0.782  0.875  0.899  0.929  0.986  0.964  0.936  0.927  0.975  1.000  0.972  0.966  0.988  0.940  0.868  0.685  0.556  0.430  0.250  0.182  0.078  0.032  0.173  0.334  0.526  0.734  0.769  0.823  0.848  0.683  0.648  0.697  0.592  0.470  0.518  0.500  0.364  0.332  0.391  0.336  0.370  0.407  0.506  0.528  0.550  0.439  0.391  0.297  0.260  0.270  0.145  0.177  0.324  0.350  0.527  0.660  0.676  0.764  0.514
  0.383  0.375  0.371  0.402  0.393  0.352  0.322  0.309  0.248  0.227  0.224  0.208  0.204  0.351  0.398  0.256  0.018  0.224 -0.005  0.036  0.031  0.089  0.252  0.342  0.351  0.563  0.823  0.479  0.098 -0.085 -0.278 -0.527 -0.687 -0.646 -0.649 -0.828 -0.720 -0.606 -0.719 -0.724 -0.565 -0.468 -0.261 -0.102  0.046  0.203  0.092 -0.038 -0.121 -0.269 -0.283 -0.267 -0.247 -0.240 -0.104 -0.022  0.244  0.346  0.533  0.492  0.454  0.539  0.635  0.655  0.776  0.844  0.842  0.930  0.895  0.841  0.860  0.948  0.972  1.000  0.990  0.983  0.879  0.861  0.657  0.487  0.336  0.152  0.064 -0.054 -0.114  0.017  0.196  0.370  0.601  0.636  0.736  0.825  0.698  0.673  0.668  0.545  0.462  0.495  0.436  0.313  0.301  0.333  0.257  0.268  0.284  0.372  0.371  0.384  0.277  0.236  0.156  0.150  0.179  0.077  0.141  0.305  0.378  0.594  0.723  0.809  0.868  0.658
  0.298  0.289  0.288  0.318  0.303  0.258  0.232  0.217  0.157  0.134  0.130  0.121  0.138  0.294  0.352  0.281  0.098  0.343  0.116  0.158  0.138  0.199  0.362  0.442  0.453  0.630  0.856  0.450  0.035 -0.105 -0.224 -0.486 -0.682 -0.571 -0.556 -0.770 -0.669 -0.515 -0.635 -0.670 -0.498 -0.430 -0.224 -0.072  0.036  0.203  0.120 -0.014 -0.066 -0.197 -0.189 -0.154 -0.122 -0.112  0.016  0.069  0.322  0.386  0.554  0.510  0.377  0.464  0.562  0.608  0.736  0.790  0.811  0.918  0.916  0.863  0.899  0.970  0.966  0.990  1.000  0.990  0.916  0.920  0.750  0.592  0.448  0.272  0.181  0.060 -0.005  0.121  0.301  0.452  0.664  0.692  0.801  0.891  0.786  0.764  0.759  0.649  0.575  0.605  0.546  0.434  0.424  0.451  0.376  0.381  0.388  0.465  0.451  0.456  0.362  0.329  0.261  0.266  0.299  0.204  0.269  0.428  0.496  0.689  0.802  0.834  0.833  0.593
  0.327  0.318  0.322  0.362  0.351  0.314  0.293  0.279  0.222  0.212  0.220  0.225  0.255  0.409  0.466  0.398  0.184  0.357  0.059  0.091  0.045  0.109  0.280  0.355  0.373  0.550  0.864  0.413  0.120  0.023 -0.119 -0.388 -0.603 -0.550 -0.535 -0.761 -0.719 -0.568 -0.671 -0.730 -0.582 -0.529 -0.338 -0.189 -0.077  0.086 -0.004 -0.138 -0.186 -0.306 -0.281 -0.229 -0.167 -0.124  0.048  0.147  0.406  0.492  0.654  0.614  0.472  0.557  0.645  0.701  0.813  0.846  0.876  0.960  0.955  0.915  0.929  0.983  0.988  0.983  0.990  1.000  0.948  0.916  0.745  0.607  0.472  0.295  0.215  0.103  0.048  0.182  0.353  0.521  0.728  0.756  0.837  0.891  0.758  0.728  0.753  0.648  0.550  0.588  0.552  0.429  0.407  0.451  0.387  0.408  0.430  0.516  0.519  0.530  0.430  0.391  0.311  0.295  0.317  0.207  0.255  0.406  0.451  0.631  0.754  0.764  0.799  0.542
  0.197  0.186  0.205  0.255  0.237  0.208  0.197  0.179  0.135  0.141  0.158  0.199  0.290  0.448  0.513  0.603  0.457  0.575  0.184  0.206  0.089  0.163  0.337  0.372  0.401  0.483  0.842  0.212  0.084  0.178  0.163 -0.124 -0.442 -0.351 -0.287 -0.593 -0.669 -0.446 -0.525 -0.685 -0.559 -0.597 -0.448 -0.328 -0.300 -0.132 -0.167 -0.300 -0.276 -0.335 -0.240 -0.119  0.014  0.113  0.335  0.449  0.669  0.712  0.814  0.780  0.431  0.512  0.582  0.706  0.793  0.760  0.854  0.933  0.991  0.980  0.994  0.979  0.940  0.879  0.916  0.948  1.000  0.953  0.865  0.795  0.704  0.556  0.496  0.401  0.355  0.481  0.625  0.765  0.906  0.922  0.964  0.954  0.828  0.794  0.870  0.809  0.693  0.739  0.747  0.634  0.598  0.659  0.619  0.654  0.682  0.755  0.761  0.768  0.693  0.661  0.590  0.562  0.570  0.455  0.471  0.587  0.572  0.667  0.760  0.618  0.585  0.261
  0.031  0.021  0.033  0.066  0.037 -0.011 -0.023 -0.042 -0.090 -0.107 -0.105 -0.079  0.007  0.175  0.259  0.406  0.387  0.671  0.425  0.457  0.374  0.441  0.594  0.632  0.654  0.710  0.871  0.293 -0.096 -0.063  0.035 -0.245 -0.543 -0.274 -0.210 -0.513 -0.483 -0.229 -0.347 -0.483 -0.307 -0.343 -0.171 -0.054 -0.074  0.102  0.108 -0.025  0.021 -0.041  0.045  0.144  0.233  0.272  0.396  0.389  0.578  0.542  0.631  0.584  0.181  0.261  0.345  0.471  0.595  0.589  0.681  0.819  0.913  0.877  0.948  0.949  0.868  0.861  0.920  0.916  0.953  1.000  0.946  0.855  0.751  0.617  0.535  0.423  0.358  0.460  0.618  0.698  0.828  0.832  0.936  0.994  0.950  0.931  0.947  0.889  0.834  0.857  0.821  0.743  0.732  0.755  0.696  0.694  0.688  0.728  0.689  0.675  0.629  0.617  0.583  0.605  0.639  0.564  0.615  0.735  0.762  0.858  0.920  0.772  0.616  0.304
 -0.182 -0.193 -0.172 -0.146 -0.185 -0.233 -0.237 -0.259 -0.291 -0.307 -0.310 -0.263 -0.133  0.025  0.112  0.428  0.546  0.846  0.628  0.657  0.538  0.604  0.731  0.727  0.751  0.691  0.753  0.096 -0.249 -0.067  0.209 -0.052 -0.407 -0.029  0.081 -0.264 -0.285  0.031 -0.075 -0.277 -0.110 -0.227 -0.099 -0.025 -0.149  0.018  0.100 -0.017  0.105  0.105  0.241  0.381  0.502  0.551  0.652  0.588  0.703  0.584  0.601  0.558 -0.032  0.038  0.105  0.282  0.390  0.340  0.481  0.634  0.799  0.781  0.877  0.823  0.685  0.657  0.750  0.745  0.865  0.946  1.000  0.969  0.911  0.828  0.761  0.668  0.606  0.674  0.799  0.808  0.854  0.842  0.934  0.965  0.981  0.970  0.997  0.988  0.959  0.974  0.957  0.918  0.909  0.923  0.883  0.873  0.852  0.856  0.798  0.769  0.768  0.776  0.776  0.815  0.846  0.799  0.833  0.909  0.902  0.906  0.911  0.633  0.356  0.025
 -0.278 -0.289 -0.259 -0.226 -0.265 -0.300 -0.294 -0.315 -0.334 -0.333 -0.323 -0.249 -0.086  0.055  0.142  0.546  0.710  0.925  0.660  0.674  0.511  0.576  0.687  0.653  0.685  0.559  0.653 -0.059 -0.226  0.078  0.422  0.180 -0.207  0.156  0.285 -0.079 -0.193  0.138  0.065 -0.193 -0.067 -0.242 -0.166 -0.125 -0.302 -0.155 -0.039 -0.140  0.026  0.076  0.253  0.429  0.592  0.683  0.809  0.762  0.830  0.689  0.653  0.619 -0.058 -0.002  0.040  0.249  0.323  0.226  0.400  0.528  0.723  0.730  0.814  0.712  0.556  0.487  0.592  0.607  0.795  0.855  0.969  1.000  0.983  0.935  0.893  0.827  0.781  0.833  0.920  0.902  0.889  0.866  0.916  0.891  0.912  0.899  0.963  0.990  0.953  0.970  0.991  0.967  0.947  0.973  0.957  0.959  0.948  0.939  0.890  0.860  0.881  0.895  0.903  0.927  0.943  0.899  0.904  0.941  0.888  0.822  0.804  0.438  0.143 -0.201
 -0.335 -0.346 -0.311 -0.278 -0.318 -0.347 -0.336 -0.357 -0.364 -0.356 -0.344 -0.259 -0.078  0.044  0.121  0.583  0.779  0.939  0.663  0.672  0.488  0.550  0.644  0.586  0.619  0.439  0.527 -0.201 -0.250  0.143  0.537  0.321 -0.082  0.269  0.417  0.052 -0.119  0.218  0.169 -0.118 -0.021 -0.234 -0.196 -0.183 -0.396 -0.267 -0.125 -0.211 -0.016  0.068  0.267  0.462  0.647  0.757  0.890  0.849  0.877  0.720  0.647  0.622 -0.105 -0.059 -0.035  0.190  0.238  0.112  0.305  0.415  0.630  0.654  0.731  0.597  0.430  0.336  0.448  0.472  0.704  0.751  0.911  0.983  1.000  0.981  0.958  0.913  0.877  0.913  0.969  0.928  0.870  0.841  0.862  0.802  0.832  0.820  0.905  0.959  0.921  0.940  0.984  0.974  0.950  0.980  0.983  0.991  0.982  0.962  0.918  0.888  0.926  0.945  0.962  0.979  0.984  0.947  0.931  0.938  0.854  0.736  0.695  0.277 -0.034 -0.370
 -0.446 -0.455 -0.418 -0.390 -0.431 -0.455 -0.438 -0.457 -0.453 -0.441 -0.428 -0.335 -0.146 -0.046  0.029  0.543  0.809  0.948  0.719  0.719  0.530  0.582  0.646  0.568  0.601  0.371  0.396 -0.288 -0.287  0.150  0.609  0.433  0.049  0.424  0.576  0.231  0.042  0.371  0.339  0.043  0.116 -0.125 -0.125 -0.142 -0.399 -0.295 -0.122 -0.186  0.036  0.154  0.363  0.562  0.747  0.855  0.958  0.888  0.861  0.669  0.554  0.534 -0.220 -0.190 -0.183  0.049  0.078 -0.065  0.136  0.239  0.473  0.506  0.588  0.433  0.250  0.152  0.272  0.295  0.556  0.617  0.828  0.935  0.981  1.000  0.992  0.967  0.940  0.949  0.972  0.890  0.782  0.743  0.750  0.676  0.741  0.734  0.818  0.899  0.882  0.892  0.946  0.964  0.943  0.964  0.980  0.983  0.968  0.927  0.877  0.842  0.906  0.935  0.972  0.995  0.997  0.984  0.958  0.932  0.834  0.668  0.598  0.144 -0.202 -0.510
 -0.445 -0.455 -0.414 -0.383 -0.422 -0.439 -0.419 -0.438 -0.428 -0.407 -0.387 -0.286 -0.090 -0.005  0.061  0.587  0.846  0.921  0.667  0.662  0.458  0.508  0.563  0.474  0.509  0.259  0.315 -0.367 -0.254  0.230  0.687  0.529  0.144  0.475  0.631  0.295  0.060  0.378  0.367  0.057  0.102 -0.154 -0.181 -0.213 -0.478 -0.388 -0.212 -0.265 -0.035  0.100  0.318  0.527  0.727  0.854  0.974  0.929  0.884  0.700  0.567  0.554 -0.198 -0.176 -0.182  0.053  0.060 -0.100  0.106  0.186  0.419  0.465  0.531  0.359  0.182  0.064  0.181  0.215  0.496  0.535  0.761  0.893  0.958  0.992  1.000  0.990  0.974  0.977  0.979  0.894  0.764  0.724  0.704  0.600  0.656  0.647  0.750  0.844  0.817  0.831  0.905  0.925  0.897  0.928  0.957  0.969  0.962  0.920  0.883  0.851  0.920  0.948  0.983  0.993  0.984  0.969  0.926  0.882  0.762  0.571  0.496  0.024 -0.302 -0.602
 -0.466 -0.475 -0.431 -0.400 -0.436 -0.443 -0.419 -0.436 -0.418 -0.388 -0.363 -0.254 -0.057  0.009  0.069  0.603  0.869  0.885  0.628  0.613  0.401  0.445  0.484  0.383  0.420  0.150  0.218 -0.432 -0.219  0.297  0.757  0.627  0.259  0.551  0.705  0.389  0.118  0.415  0.426  0.110  0.126 -0.144 -0.202 -0.253 -0.528 -0.460 -0.278 -0.315 -0.078  0.077  0.301  0.512  0.720  0.860  0.983  0.951  0.879  0.697  0.543  0.536 -0.201 -0.190 -0.211  0.021  0.006 -0.168  0.039  0.097  0.327  0.385  0.437  0.251  0.078 -0.054  0.060  0.103  0.401  0.423  0.668  0.827  0.913  0.967  0.990  1.000  0.994  0.986  0.963  0.868  0.711  0.668  0.623  0.494  0.549  0.540  0.656  0.765  0.736  0.751  0.841  0.869  0.838  0.872  0.914  0.933  0.931  0.884  0.856  0.827  0.904  0.933  0.970  0.971  0.954  0.943  0.885  0.820  0.683  0.464  0.380 -0.104 -0.413 -0.691
 -0.463 -0.469 -0.424 -0.390 -0.421 -0.419 -0.390 -0.405 -0.381 -0.344 -0.312 -0.197  0.002  0.056  0.113  0.638  0.894  0.856  0.580  0.556  0.336  0.376  0.409  0.303  0.344  0.072  0.175 -0.456 -0.159  0.372  0.813  0.698  0.344  0.591  0.737  0.436  0.135  0.412  0.439  0.120  0.111 -0.163 -0.240 -0.300 -0.574 -0.520 -0.342 -0.369 -0.134  0.032  0.259  0.471  0.688  0.843  0.977  0.968  0.886  0.715  0.552  0.549 -0.165 -0.162 -0.193  0.036  0.005 -0.180  0.026  0.063  0.286  0.352  0.389  0.195  0.032 -0.114 -0.005  0.048  0.355  0.358  0.606  0.781  0.877  0.940  0.974  0.994  1.000  0.988  0.950  0.857  0.690  0.646  0.580  0.430  0.475  0.462  0.592  0.708  0.670  0.687  0.791  0.819  0.783  0.823  0.874  0.901  0.907  0.862  0.844  0.819  0.896  0.923  0.957  0.946  0.922  0.909  0.840  0.764  0.613  0.382  0.300 -0.184 -0.466 -0.732
 -0.380 -0.389 -0.343 -0.300 -0.328 -0.326 -0.300 -0.316 -0.298 -0.257 -0.221 -0.104  0.096  0.168  0.228  0.723  0.921  0.869  0.528  0.506  0.276  0.326  0.384  0.289  0.333  0.095  0.280 -0.408 -0.097  0.423  0.814  0.665  0.285  0.497  0.642  0.317  0.003  0.287  0.309 -0.018 -0.018 -0.282 -0.338 -0.377 -0.622 -0.549 -0.396 -0.439 -0.219 -0.070  0.159  0.378  0.609  0.780  0.955  0.985  0.943  0.803  0.666  0.661 -0.048 -0.034 -0.057  0.175  0.152 -0.032  0.174  0.210  0.421  0.485  0.511  0.324  0.173  0.017  0.121  0.182  0.481  0.460  0.674  0.833  0.913  0.949  0.977  0.986  0.988  1.000  0.982  0.925  0.789  0.752  0.684  0.529  0.538  0.519  0.662  0.763  0.700  0.726  0.833  0.837  0.794  0.847  0.893  0.930  0.946  0.920  0.912  0.893  0.949  0.967  0.982  0.959  0.932  0.897  0.828  0.772  0.621  0.417  0.359 -0.114 -0.361 -0.658
 -0.332 -0.342 -0.299 -0.255 -0.286 -0.295 -0.275 -0.293 -0.287 -0.255 -0.224 -0.116  0.079  0.178  0.248  0.719  0.892  0.911  0.560  0.549  0.329  0.387  0.470  0.394  0.437  0.236  0.427 -0.305 -0.117  0.352  0.723  0.532  0.131  0.379  0.523  0.170 -0.099  0.208  0.202 -0.116 -0.077 -0.319 -0.332 -0.342 -0.564 -0.462 -0.323 -0.390 -0.184 -0.066  0.155  0.370  0.592  0.750  0.930  0.952  0.955  0.821  0.718  0.704 -0.012  0.018  0.016  0.248  0.254  0.091  0.294  0.355  0.563  0.613  0.652  0.486  0.334  0.196  0.301  0.353  0.625  0.618  0.799  0.920  0.969  0.972  0.979  0.963  0.950  0.982  1.000  0.965  0.872  0.839  0.803  0.679  0.680  0.659  0.788  0.865  0.799  0.827  0.913  0.902  0.861  0.913  0.940  0.972  0.984  0.968  0.952  0.932  0.972  0.986  0.994  0.979  0.963  0.917  0.867  0.842  0.715  0.554  0.514  0.063 -0.192 -0.520
 -0.138 -0.148 -0.105 -0.049 -0.073 -0.076 -0.062 -0.081 -0.084 -0.044 -0.007  0.098  0.282  0.393  0.456  0.832  0.873  0.826  0.372  0.363  0.137  0.206  0.325  0.269  0.315  0.183  0.527 -0.244  0.020  0.458  0.698  0.472  0.061  0.190  0.322 -0.037 -0.332 -0.046 -0.048 -0.358 -0.325 -0.532 -0.521 -0.500 -0.650 -0.532 -0.449 -0.534 -0.371 -0.286 -0.079  0.136  0.372  0.556  0.806  0.914  0.983  0.926  0.872  0.859  0.222  0.265  0.272  0.490  0.494  0.339  0.527  0.564  0.729  0.779  0.784  0.637  0.526  0.370  0.452  0.521  0.765  0.698  0.808  0.902  0.928  0.890  0.894  0.868  0.857  0.925  0.965  1.000  0.962  0.945  0.892  0.752  0.681  0.648  0.803  0.850  0.737  0.783  0.878  0.824  0.770  0.846  0.870  0.923  0.958  0.979  0.992  0.987  0.988  0.982  0.952  0.907  0.881  0.796  0.740  0.744  0.614  0.503  0.509  0.110 -0.040 -0.389
  0.021  0.010  0.046  0.106  0.087  0.076  0.081  0.062  0.043  0.075  0.111  0.198  0.353  0.487  0.553  0.817  0.760  0.746  0.270  0.270  0.071  0.147  0.297  0.276  0.320  0.277  0.682 -0.073  0.091  0.414  0.538  0.275 -0.119 -0.032  0.076 -0.278 -0.517 -0.251 -0.277 -0.544 -0.481 -0.628 -0.564 -0.501 -0.576 -0.434 -0.403 -0.512 -0.403 -0.373 -0.200 -0.011  0.202  0.372  0.639  0.777  0.918  0.914  0.924  0.904  0.368  0.428  0.458  0.647  0.679  0.561  0.719  0.764  0.885  0.917  0.915  0.813  0.734  0.601  0.664  0.728  0.906  0.828  0.854  0.889  0.870  0.782  0.764  0.711  0.690  0.789  0.872  0.962  1.000  0.997  0.968  0.863  0.750  0.712  0.853  0.857  0.726  0.778  0.850  0.763  0.709  0.790  0.791  0.846  0.887  0.937  0.956  0.959  0.924  0.903  0.848  0.798  0.780  0.672  0.636  0.686  0.591  0.559  0.608  0.299  0.213 -0.144
  0.080  0.068  0.103  0.162  0.143  0.132  0.135  0.116  0.095  0.124  0.154  0.233  0.382  0.516  0.574  0.809  0.720  0.700  0.214  0.221  0.028  0.106  0.262  0.246  0.287  0.258  0.680 -0.074  0.092  0.407  0.500  0.233 -0.160 -0.099  0.010 -0.340 -0.574 -0.314 -0.341 -0.599 -0.533 -0.668 -0.596 -0.527 -0.581 -0.435 -0.418 -0.531 -0.434 -0.415 -0.252 -0.066  0.143  0.310  0.588  0.740  0.895  0.909  0.933  0.916  0.406  0.471  0.503  0.685  0.717  0.606  0.758  0.799  0.908  0.939  0.932  0.837  0.769  0.636  0.692  0.756  0.922  0.832  0.842  0.866  0.841  0.743  0.724  0.668  0.646  0.752  0.839  0.945  0.997  1.000  0.971  0.867  0.741  0.702  0.844  0.839  0.702  0.757  0.828  0.732  0.676  0.761  0.761  0.818  0.861  0.919  0.943  0.950  0.905  0.880  0.818  0.764  0.745  0.629  0.594  0.651  0.558  0.541  0.598  0.308  0.245 -0.108
  0.041  0.028  0.055  0.103  0.076  0.047  0.043  0.022 -0.010 -0.002  0.012  0.072  0.205  0.359  0.427  0.660  0.614  0.735  0.340  0.362  0.205  0.283  0.442  0.442  0.474  0.460  0.764  0.037 -0.033  0.201  0.329  0.047 -0.336 -0.163 -0.056 -0.409 -0.543 -0.261 -0.328 -0.553 -0.434 -0.543 -0.428 -0.341 -0.397 -0.231 -0.205 -0.331 -0.241 -0.249 -0.107  0.056  0.224  0.342  0.561  0.640  0.808  0.788  0.833  0.803  0.286  0.361  0.416  0.590  0.662  0.587  0.728  0.817  0.936  0.941  0.973  0.909  0.823  0.736  0.801  0.837  0.964  0.936  0.934  0.916  0.862  0.750  0.704  0.623  0.580  0.684  0.803  0.892  0.968  0.971  1.000  0.960  0.873  0.844  0.938  0.915  0.813  0.855  0.884  0.797  0.759  0.819  0.795  0.827  0.847  0.895  0.889  0.884  0.843  0.826  0.778  0.759  0.762  0.663  0.662  0.744  0.694  0.713  0.764  0.504  0.377  0.024
  0.016  0.005  0.020  0.052  0.021 -0.027 -0.039 -0.060 -0.104 -0.121 -0.123 -0.092  0.009  0.175  0.252  0.442  0.433  0.702  0.436  0.473  0.374  0.445  0.598  0.623  0.644  0.667  0.829  0.199 -0.142 -0.044  0.090 -0.191 -0.523 -0.249 -0.161 -0.486 -0.487 -0.210 -0.321 -0.483 -0.312 -0.372 -0.211 -0.104 -0.144  0.034  0.056 -0.076 -0.011 -0.058  0.044  0.162  0.268  0.319  0.457  0.455  0.634  0.588  0.663  0.620  0.159  0.241  0.321  0.464  0.579  0.557  0.667  0.803  0.914  0.887  0.958  0.940  0.848  0.825  0.891  0.891  0.954  0.994  0.965  0.891  0.802  0.676  0.600  0.494  0.430  0.529  0.679  0.752  0.863  0.867  0.960  1.000  0.957  0.939  0.969  0.922  0.863  0.889  0.865  0.790  0.775  0.803  0.751  0.753  0.747  0.784  0.747  0.732  0.692  0.682  0.651  0.669  0.698  0.622  0.663  0.772  0.782  0.853  0.902  0.714  0.540  0.216
 -0.177 -0.187 -0.175 -0.161 -0.203 -0.262 -0.272 -0.293 -0.332 -0.367 -0.383 -0.361 -0.258 -0.098 -0.011  0.260  0.391  0.781  0.656  0.697  0.623  0.683  0.803  0.816  0.829  0.796  0.760  0.189 -0.325 -0.237  0.030 -0.222 -0.533 -0.105 -0.008 -0.322 -0.253  0.049 -0.082 -0.233 -0.036 -0.114  0.042  0.128  0.023  0.193  0.268  0.149  0.248  0.220  0.322  0.427  0.501  0.503  0.548  0.433  0.554  0.425  0.464  0.415 -0.113 -0.040  0.042  0.192  0.324  0.312  0.428  0.606  0.759  0.720  0.838  0.818  0.683  0.698  0.786  0.758  0.828  0.950  0.981  0.912  0.832  0.741  0.656  0.549  0.475  0.538  0.680  0.681  0.750  0.741  0.873  0.957  1.000  0.998  0.981  0.953  0.955  0.958  0.907  0.876  0.882  0.875  0.817  0.787  0.750  0.748  0.672  0.637  0.636  0.648  0.658  0.720  0.767  0.735  0.796  0.889  0.921  0.962  0.966  0.748  0.453  0.154
 -0.198 -0.208 -0.199 -0.190 -0.234 -0.297 -0.307 -0.327 -0.366 -0.407 -0.430 -0.414 -0.315 -0.158 -0.075  0.204  0.355  0.771  0.680  0.726  0.662  0.720  0.833  0.845  0.853  0.811  0.728  0.176 -0.377 -0.293 -0.006 -0.250 -0.555 -0.101  0.000 -0.307 -0.219  0.086 -0.049 -0.193  0.011 -0.065  0.091  0.174  0.061  0.230  0.314  0.197  0.299  0.270  0.367  0.467  0.530  0.517  0.542  0.405  0.517  0.376  0.411  0.362 -0.168 -0.095 -0.014  0.135  0.270  0.264  0.378  0.564  0.721  0.679  0.807  0.790  0.648  0.673  0.764  0.728  0.794  0.931  0.970  0.899  0.820  0.734  0.647  0.540  0.462  0.519  0.659  0.648  0.712  0.702  0.844  0.939  0.998  1.000  0.972  0.945  0.960  0.959  0.900  0.877  0.888  0.874  0.814  0.777  0.734  0.725  0.641  0.603  0.607  0.624  0.641  0.712  0.762  0.739  0.805  0.896  0.935  0.973  0.968  0.752  0.438  0.150
 -0.150 -0.162 -0.142 -0.119 -0.160 -0.211 -0.216 -0.239 -0.272 -0.293 -0.303 -0.263 -0.134  0.023  0.102  0.414  0.517  0.821  0.600  0.638  0.522  0.591  0.721  0.717  0.735  0.672  0.730  0.061 -0.285 -0.090  0.183 -0.080 -0.445 -0.073  0.048 -0.300 -0.320  0.001 -0.105 -0.306 -0.135 -0.250 -0.118 -0.042 -0.160  0.011  0.092 -0.028  0.091  0.086  0.219  0.361  0.480  0.526  0.632  0.571  0.691  0.579  0.600  0.560 -0.031  0.043  0.111  0.289  0.396  0.348  0.491  0.643  0.807  0.790  0.886  0.833  0.697  0.668  0.759  0.753  0.870  0.947  0.997  0.963  0.905  0.818  0.750  0.656  0.592  0.662  0.788  0.803  0.853  0.844  0.938  0.969  0.981  0.972  1.000  0.987  0.957  0.974  0.957  0.915  0.905  0.921  0.880  0.870  0.849  0.855  0.799  0.770  0.765  0.774  0.771  0.809  0.839  0.789  0.824  0.901  0.893  0.900  0.903  0.627  0.354  0.023
 -0.245 -0.256 -0.231 -0.207 -0.250 -0.296 -0.297 -0.320 -0.343 -0.357 -0.363 -0.308 -0.158 -0.011  0.070  0.452  0.610  0.887  0.665  0.695  0.557  0.623  0.738  0.713  0.735  0.622  0.661 -0.032 -0.307 -0.041  0.300  0.053 -0.330  0.065  0.200 -0.159 -0.221  0.115  0.024 -0.209 -0.057 -0.210 -0.109 -0.057 -0.221 -0.062  0.050 -0.059  0.094  0.123  0.281  0.443  0.582  0.643  0.746  0.674  0.756  0.613  0.597  0.560 -0.100 -0.035  0.020  0.218  0.309  0.235  0.399  0.546  0.737  0.732  0.830  0.748  0.592  0.545  0.649  0.648  0.809  0.889  0.988  0.990  0.959  0.899  0.844  0.765  0.708  0.763  0.865  0.850  0.857  0.839  0.915  0.922  0.953  0.945  0.987  1.000  0.976  0.990  0.990  0.965  0.953  0.969  0.942  0.933  0.911  0.902  0.843  0.811  0.827  0.842  0.853  0.890  0.915  0.875  0.896  0.948  0.916  0.875  0.856  0.521  0.211 -0.123
 -0.355 -0.365 -0.347 -0.338 -0.387 -0.442 -0.442 -0.463 -0.485 -0.515 -0.534 -0.494 -0.357 -0.218 -0.135  0.271  0.514  0.886  0.788  0.824  0.720  0.775  0.864  0.837  0.851  0.715  0.599 -0.008 -0.435 -0.214  0.194 -0.023 -0.367  0.126  0.258 -0.072 -0.060  0.277  0.168 -0.035  0.138 -0.009  0.095  0.136 -0.056  0.094  0.232  0.135  0.297  0.327  0.469  0.607  0.705  0.720  0.744  0.589  0.635  0.442  0.411  0.370 -0.289 -0.231 -0.173  0.015  0.121  0.068  0.222  0.399  0.605  0.585  0.717  0.647  0.470  0.462  0.575  0.550  0.693  0.834  0.959  0.953  0.921  0.882  0.817  0.736  0.670  0.700  0.799  0.737  0.726  0.702  0.813  0.863  0.955  0.960  0.957  0.976  1.000  0.996  0.968  0.973  0.980  0.967  0.931  0.896  0.850  0.817  0.729  0.684  0.722  0.752  0.791  0.862  0.902  0.896  0.937  0.983  0.979  0.933  0.886  0.563  0.183 -0.114
 -0.309 -0.320 -0.299 -0.286 -0.333 -0.386 -0.386 -0.408 -0.430 -0.456 -0.472 -0.428 -0.285 -0.144 -0.064  0.336  0.546  0.884  0.739  0.776  0.658  0.719  0.818  0.792  0.807  0.676  0.614 -0.033 -0.404 -0.157  0.230 -0.000 -0.364  0.093  0.232 -0.112 -0.129  0.212  0.110 -0.106  0.061 -0.090  0.013  0.058 -0.124  0.031  0.161  0.059  0.218  0.248  0.396  0.545  0.659  0.690  0.746  0.622  0.682  0.508  0.482  0.444 -0.221 -0.160 -0.103  0.090  0.191  0.130  0.289  0.455  0.657  0.644  0.764  0.688  0.518  0.495  0.605  0.588  0.739  0.857  0.974  0.970  0.940  0.892  0.831  0.751  0.687  0.726  0.827  0.783  0.778  0.757  0.855  0.889  0.958  0.959  0.974  0.990  0.996  1.000  0.982  0.976  0.976  0.974  0.942  0.917  0.879  0.855  0.778  0.737  0.766  0.791  0.820  0.878  0.912  0.893  0.926  0.974  0.958  0.913  0.875  0.545  0.188 -0.124
 -0.298 -0.310 -0.281 -0.258 -0.302 -0.343 -0.338 -0.362 -0.376 -0.386 -0.390 -0.327 -0.162 -0.027  0.049  0.481  0.669  0.912  0.682  0.709  0.554  0.619  0.721  0.678  0.701  0.544  0.574 -0.140 -0.334  0.003  0.389  0.159 -0.239  0.155  0.307 -0.057 -0.161  0.185  0.111 -0.148 -0.015 -0.199 -0.126 -0.095 -0.289 -0.142 -0.008 -0.106  0.071  0.127  0.303  0.481  0.637  0.713  0.820  0.748  0.799  0.641  0.595  0.564 -0.143 -0.085 -0.044  0.170  0.243  0.146  0.326  0.463  0.672  0.679  0.775  0.668  0.500  0.436  0.546  0.552  0.747  0.821  0.957  0.991  0.984  0.946  0.905  0.841  0.791  0.833  0.913  0.878  0.850  0.828  0.884  0.865  0.907  0.900  0.957  0.990  0.968  0.982  1.000  0.986  0.971  0.991  0.977  0.971  0.949  0.931  0.875  0.839  0.869  0.890  0.908  0.942  0.960  0.926  0.932  0.961  0.906  0.826  0.788  0.408  0.079 -0.253
 -0.408 -0.418 -0.391 -0.377 -0.424 -0.467 -0.459 -0.481 -0.489 -0.504 -0.513 -0.450 -0.284 -0.162 -0.084  0.391  0.655  0.932  0.776  0.801  0.655  0.711  0.788  0.734  0.754  0.560  0.492 -0.172 -0.410 -0.066  0.388  0.187 -0.190  0.266  0.419  0.072 -0.011  0.337  0.262  0.008  0.140 -0.058 -0.002  0.009 -0.223 -0.090  0.073 -0.010  0.187  0.262  0.439  0.611  0.752  0.808  0.867  0.743  0.752  0.551  0.477  0.446 -0.285 -0.237 -0.202  0.013  0.084 -0.013  0.170  0.318  0.546  0.552  0.665  0.551  0.364  0.313  0.434  0.429  0.634  0.743  0.918  0.967  0.974  0.964  0.925  0.869  0.819  0.837  0.902  0.824  0.763  0.732  0.797  0.790  0.876  0.877  0.915  0.965  0.973  0.976  0.986  1.000  0.995  0.997  0.986  0.966  0.930  0.890  0.818  0.774  0.827  0.860  0.901  0.953  0.976  0.968  0.978  0.988  0.938  0.830  0.765  0.366 -0.016 -0.324
 -0.443 -0.453 -0.430 -0.421 -0.470 -0.517 -0.509 -0.529 -0.539 -0.561 -0.573 -0.517 -0.361 -0.241 -0.161  0.311  0.602  0.922  0.819  0.846  0.718  0.770  0.838  0.788  0.804  0.611  0.484 -0.139 -0.453 -0.145  0.326  0.135 -0.221  0.271  0.420  0.088  0.044  0.387  0.303  0.068  0.211  0.023  0.086  0.097 -0.139 -0.008  0.161  0.080  0.274  0.344  0.510  0.666  0.787  0.821  0.847  0.691  0.691  0.474  0.400  0.367 -0.347 -0.303 -0.266 -0.059  0.022 -0.061  0.113  0.274  0.503  0.501  0.628  0.524  0.332  0.301  0.424  0.407  0.598  0.732  0.909  0.947  0.950  0.943  0.897  0.838  0.783  0.794  0.861  0.770  0.709  0.676  0.759  0.775  0.882  0.888  0.905  0.953  0.980  0.976  0.971  0.995  1.000  0.990  0.972  0.942  0.897  0.848  0.763  0.714  0.773  0.810  0.861  0.926  0.957  0.961  0.982  0.995  0.961  0.859  0.788  0.405  0.001 -0.292
 -0.381 -0.393 -0.364 -0.348 -0.394 -0.435 -0.426 -0.449 -0.458 -0.470 -0.475 -0.409 -0.241 -0.119 -0.043  0.426  0.668  0.926  0.743  0.768  0.616  0.675  0.758  0.704  0.725  0.535  0.500 -0.185 -0.391 -0.035  0.404  0.197 -0.190  0.243  0.399  0.047 -0.051  0.297  0.226 -0.033  0.095 -0.103 -0.047 -0.032 -0.256 -0.121  0.035 -0.051  0.143  0.216  0.395  0.571  0.720  0.785  0.862  0.757  0.774  0.586  0.516  0.487 -0.242 -0.192 -0.160  0.058  0.126  0.025  0.209  0.351  0.575  0.584  0.690  0.574  0.391  0.333  0.451  0.451  0.659  0.755  0.923  0.973  0.980  0.964  0.928  0.872  0.823  0.847  0.913  0.846  0.790  0.761  0.819  0.803  0.875  0.874  0.921  0.969  0.967  0.974  0.991  0.997  0.990  1.000  0.991  0.976  0.944  0.909  0.843  0.800  0.848  0.878  0.912  0.957  0.976  0.961  0.966  0.978  0.922  0.816  0.756  0.356 -0.009 -0.327
 -0.393 -0.404 -0.372 -0.355 -0.401 -0.434 -0.423 -0.442 -0.441 -0.447 -0.447 -0.373 -0.195 -0.085 -0.016  0.474  0.717  0.922  0.714  0.734  0.566  0.625  0.702  0.635  0.658  0.445  0.434 -0.267 -0.376  0.034  0.484  0.289 -0.108  0.295  0.459  0.107 -0.035  0.311  0.258 -0.020  0.087 -0.130 -0.098 -0.097 -0.333 -0.211 -0.048 -0.125  0.081  0.173  0.365  0.553  0.720  0.804  0.898  0.812  0.813  0.627  0.538  0.516 -0.230 -0.185 -0.164  0.061  0.110 -0.010  0.184  0.308  0.537  0.558  0.652  0.517  0.336  0.257  0.376  0.387  0.619  0.696  0.883  0.957  0.983  0.980  0.957  0.914  0.874  0.893  0.940  0.870  0.791  0.761  0.795  0.751  0.817  0.814  0.880  0.942  0.931  0.942  0.977  0.986  0.972  0.991  1.000  0.988  0.962  0.926  0.869  0.828  0.880  0.910  0.944  0.978  0.988  0.971  0.961  0.956  0.879  0.746  0.680  0.253 -0.104 -0.418
 -0.344 -0.359 -0.323 -0.294 -0.334 -0.361 -0.349 -0.373 -0.377 -0.368 -0.357 -0.270 -0.084  0.026  0.096  0.577  0.778  0.917  0.642  0.655  0.466  0.528  0.615  0.546  0.575  0.369  0.447 -0.290 -0.290  0.148  0.562  0.359 -0.052  0.289  0.452  0.091 -0.099  0.239  0.202 -0.093 -0.007 -0.232 -0.209 -0.209 -0.434 -0.311 -0.161 -0.240 -0.036  0.062  0.264  0.466  0.655  0.768  0.904  0.865  0.877  0.718  0.631  0.612 -0.128 -0.085 -0.071  0.160  0.195  0.059  0.259  0.361  0.582  0.614  0.686  0.541  0.370  0.268  0.381  0.408  0.654  0.694  0.873  0.959  0.991  0.983  0.969  0.933  0.901  0.930  0.972  0.923  0.846  0.818  0.827  0.753  0.787  0.777  0.870  0.933  0.896  0.917  0.971  0.966  0.942  0.976  0.988  1.000  0.988  0.963  0.922  0.888  0.931  0.955  0.974  0.987  0.987  0.953  0.928  0.922  0.825  0.687  0.634  0.198 -0.116 -0.447
 -0.282 -0.293 -0.256 -0.218 -0.255 -0.275 -0.255 -0.269 -0.273 -0.258 -0.238 -0.148  0.041  0.145  0.209  0.667  0.824  0.898  0.564  0.569  0.364  0.429  0.524  0.456  0.490  0.300  0.460 -0.295 -0.197  0.256  0.625  0.417  0.001  0.275  0.434  0.070 -0.164  0.162  0.139 -0.168 -0.101 -0.328 -0.314 -0.312 -0.519 -0.402 -0.267 -0.345 -0.149 -0.049  0.160  0.370  0.579  0.718  0.892  0.899  0.924  0.793  0.710  0.694 -0.015  0.020  0.027  0.257  0.280  0.134  0.334  0.414  0.621  0.662  0.712  0.560  0.407  0.284  0.388  0.430  0.682  0.688  0.852  0.948  0.982  0.968  0.962  0.931  0.907  0.946  0.984  0.958  0.887  0.861  0.847  0.747  0.750  0.734  0.849  0.911  0.850  0.879  0.949  0.930  0.897  0.944  0.962  0.988  1.000  0.988  0.958  0.932  0.964  0.979  0.984  0.977  0.968  0.918  0.881  0.873  0.762  0.625  0.587  0.152 -0.114 -0.450
 -0.189 -0.200 -0.165 -0.118 -0.149 -0.164 -0.145 -0.156 -0.162 -0.142 -0.119 -0.030  0.155  0.266  0.322  0.731  0.818  0.854  0.462  0.469  0.260  0.330  0.443  0.385  0.422  0.266  0.510 -0.268 -0.122  0.318  0.618  0.392 -0.032  0.177  0.330 -0.038 -0.289  0.026  0.007 -0.298 -0.235 -0.446 -0.421 -0.403 -0.572 -0.448 -0.342 -0.430 -0.256 -0.172  0.031  0.243  0.461  0.616  0.829  0.883  0.942  0.851  0.794  0.779  0.113  0.153  0.163  0.386  0.407  0.264  0.458  0.524  0.708  0.750  0.782  0.638  0.506  0.372  0.465  0.516  0.755  0.728  0.856  0.939  0.962  0.927  0.920  0.884  0.862  0.920  0.968  0.979  0.937  0.919  0.895  0.784  0.748  0.725  0.855  0.902  0.817  0.855  0.931  0.890  0.848  0.909  0.926  0.963  0.988  1.000  0.985  0.969  0.977  0.980  0.965  0.942  0.927  0.856  0.814  0.821  0.707  0.595  0.580  0.171 -0.040 -0.383
 -0.104 -0.116 -0.076 -0.023 -0.048 -0.054 -0.038 -0.054 -0.057 -0.024  0.005  0.102  0.286  0.391  0.440  0.813  0.836  0.789  0.333  0.335  0.113  0.185  0.306  0.248  0.287  0.146  0.483 -0.304 -0.032  0.431  0.670  0.445  0.020  0.138  0.288 -0.073 -0.372 -0.079 -0.079 -0.389 -0.352 -0.559 -0.546 -0.528 -0.671 -0.551 -0.468 -0.555 -0.394 -0.310 -0.107  0.111  0.344  0.525  0.783  0.895  0.968  0.918  0.868  0.860  0.224  0.269  0.274  0.492  0.494  0.340  0.531  0.566  0.730  0.783  0.786  0.638  0.528  0.371  0.451  0.519  0.761  0.689  0.798  0.890  0.918  0.877  0.883  0.856  0.844  0.912  0.952  0.992  0.956  0.943  0.889  0.747  0.672  0.641  0.799  0.843  0.729  0.778  0.875  0.818  0.763  0.843  0.869  0.922  0.958  0.985  1.000  0.994  0.987  0.982  0.949  0.901  0.873  0.785  0.726  0.730  0.597  0.487  0.488  0.090 -0.057 -0.403
 -0.055 -0.066 -0.025  0.033  0.012  0.010  0.024  0.007  0.005  0.043  0.072  0.170  0.350  0.457  0.498  0.845  0.835  0.752  0.271  0.270  0.045  0.118  0.243  0.187  0.229  0.104  0.484 -0.295  0.023  0.480  0.681  0.456  0.037  0.111  0.254 -0.101 -0.414 -0.137 -0.129 -0.436 -0.410 -0.611 -0.599 -0.577 -0.704 -0.586 -0.517 -0.604 -0.453 -0.375 -0.175  0.043  0.281  0.472  0.747  0.886  0.969  0.940  0.898  0.892  0.284  0.330  0.336  0.547  0.543  0.388  0.573  0.595  0.745  0.800  0.791  0.645  0.550  0.384  0.456  0.530  0.768  0.675  0.769  0.860  0.888  0.842  0.851  0.827  0.819  0.893  0.932  0.987  0.959  0.950  0.884  0.732  0.637  0.603  0.770  0.811  0.684  0.737  0.839  0.774  0.714  0.800  0.828  0.888  0.932  0.969  0.994  1.000  0.985  0.970  0.928  0.870  0.837  0.739  0.675  0.681  0.544  0.440  0.452  0.067 -0.046 -0.385
 -0.164 -0.174 -0.129 -0.077 -0.106 -0.110 -0.095 -0.115 -0.111 -0.075 -0.047  0.056  0.247  0.347  0.394  0.806  0.873  0.816  0.380  0.375  0.147  0.214  0.319  0.249  0.291  0.121  0.427 -0.343 -0.044  0.445  0.725  0.518  0.098  0.237  0.387  0.031 -0.281  0.012  0.021 -0.300 -0.275 -0.503 -0.509 -0.506 -0.679 -0.569 -0.467 -0.544 -0.364 -0.261 -0.048  0.175  0.414  0.597  0.839  0.935  0.977  0.905  0.831  0.825  0.157  0.198  0.196  0.421  0.412  0.247  0.445  0.478  0.655  0.713  0.721  0.559  0.439  0.277  0.362  0.430  0.693  0.629  0.768  0.881  0.926  0.906  0.920  0.904  0.896  0.949  0.972  0.988  0.924  0.905  0.843  0.692  0.636  0.607  0.765  0.827  0.722  0.766  0.869  0.827  0.773  0.848  0.880  0.931  0.964  0.977  0.987  0.985  1.000  0.995  0.973  0.929  0.899  0.822  0.758  0.744  0.602  0.462  0.448  0.022 -0.150 -0.483
 -0.219 -0.231 -0.187 -0.140 -0.171 -0.178 -0.162 -0.183 -0.177 -0.145 -0.119 -0.016  0.179  0.274  0.327  0.768  0.872  0.843  0.438  0.436  0.210  0.276  0.372  0.296  0.335  0.144  0.400 -0.367 -0.102  0.399  0.721  0.522  0.100  0.279  0.437  0.079 -0.222  0.083  0.088 -0.235 -0.205 -0.442 -0.452 -0.457 -0.650 -0.543 -0.423 -0.496 -0.304 -0.194  0.023  0.247  0.481  0.654  0.875  0.944  0.969  0.874  0.787  0.780  0.085  0.122  0.119  0.350  0.344  0.177  0.380  0.424  0.615  0.672  0.692  0.526  0.391  0.236  0.329  0.391  0.661  0.617  0.776  0.895  0.945  0.935  0.948  0.933  0.923  0.967  0.986  0.982  0.903  0.880  0.826  0.682  0.648  0.624  0.774  0.842  0.752  0.791  0.890  0.860  0.810  0.878  0.910  0.955  0.979  0.980  0.982  0.970  0.995  1.000  0.989  0.955  0.929  0.863  0.802  0.782  0.642  0.490  0.461  0.019 -0.187 -0.520
 -0.325 -0.335 -0.293 -0.254 -0.288 -0.299 -0.281 -0.301 -0.291 -0.265 -0.245 -0.143  0.055  0.146  0.202  0.688  0.864  0.883  0.544  0.543  0.325  0.385  0.463  0.379  0.415  0.191  0.354 -0.386 -0.187  0.319  0.710  0.528  0.115  0.365  0.528  0.175 -0.100  0.216  0.215 -0.107 -0.069 -0.319 -0.337 -0.355 -0.583 -0.483 -0.335 -0.399 -0.187 -0.064  0.156  0.377  0.598  0.751  0.929  0.946  0.939  0.802  0.692  0.684 -0.049 -0.018 -0.022  0.213  0.213  0.047  0.255  0.316  0.530  0.583  0.625  0.453  0.297  0.156  0.261  0.311  0.590  0.583  0.776  0.903  0.962  0.972  0.983  0.970  0.957  0.982  0.994  0.952  0.848  0.818  0.778  0.651  0.658  0.641  0.771  0.853  0.791  0.820  0.908  0.901  0.861  0.912  0.944  0.974  0.984  0.965  0.949  0.928  0.973  0.989  1.000  0.986  0.967  0.923  0.869  0.837  0.703  0.530  0.478  0.015 -0.250 -0.569
 -0.403 -0.414 -0.376 -0.348 -0.388 -0.410 -0.393 -0.414 -0.406 -0.394 -0.385 -0.295 -0.102 -0.005  0.058  0.570  0.809  0.920  0.663  0.669  0.473  0.530  0.598  0.516  0.546  0.308  0.360 -0.350 -0.296  0.177  0.625  0.447  0.045  0.387  0.553  0.203 -0.011  0.322  0.299 -0.007  0.060 -0.186 -0.190 -0.209 -0.460 -0.354 -0.185 -0.249 -0.029  0.090  0.303  0.510  0.706  0.824  0.948  0.900  0.878  0.701  0.587  0.572 -0.186 -0.153 -0.149  0.086  0.106 -0.043  0.163  0.256  0.487  0.527  0.599  0.437  0.260  0.150  0.266  0.295  0.562  0.605  0.815  0.927  0.979  0.995  0.993  0.971  0.946  0.959  0.979  0.907  0.798  0.764  0.759  0.669  0.720  0.712  0.809  0.890  0.862  0.878  0.942  0.953  0.926  0.957  0.978  0.987  0.977  0.942  0.901  0.870  0.929  0.955  0.986  1.000  0.995  0.973  0.938  0.909  0.800  0.630  0.559  0.099 -0.231 -0.540
 -0.430 -0.440 -0.404 -0.381 -0.424 -0.453 -0.438 -0.459 -0.456 -0.451 -0.447 -0.362 -0.176 -0.072 -0.002  0.511  0.773  0.939  0.721  0.731  0.550  0.604  0.671  0.595  0.623  0.393  0.396 -0.296 -0.335  0.100  0.564  0.383 -0.009  0.380  0.541  0.193  0.020  0.358  0.319  0.027  0.113 -0.123 -0.112 -0.125 -0.379 -0.267 -0.094 -0.162  0.057  0.167  0.371  0.568  0.746  0.844  0.942  0.862  0.842  0.649  0.541  0.520 -0.238 -0.203 -0.191  0.040  0.075 -0.060  0.141  0.252  0.487  0.517  0.605  0.455  0.270  0.179  0.299  0.317  0.570  0.639  0.846  0.943  0.984  0.997  0.984  0.954  0.922  0.932  0.963  0.881  0.780  0.745  0.762  0.698  0.767  0.762  0.839  0.915  0.902  0.912  0.960  0.976  0.957  0.976  0.988  0.987  0.968  0.927  0.873  0.837  0.899  0.929  0.967  0.995  1.000  0.986  0.965  0.945  0.853  0.696  0.623  0.175 -0.181 -0.490
 -0.526 -0.535 -0.503 -0.490 -0.536 -0.567 -0.551 -0.571 -0.564 -0.566 -0.568 -0.489 -0.310 -0.218 -0.146  0.390  0.722  0.936  0.807  0.816  0.655  0.699  0.741  0.660  0.683  0.429  0.325 -0.294 -0.410  0.003  0.520  0.369  0.011  0.463  0.619  0.297  0.164  0.497  0.452  0.179  0.269  0.032  0.033  0.005 -0.276 -0.179  0.017 -0.036  0.193  0.312  0.508  0.689  0.843  0.912  0.952  0.816  0.759  0.528  0.400  0.378 -0.380 -0.354 -0.344 -0.121 -0.081 -0.207 -0.013  0.113  0.360  0.383  0.492  0.345  0.145  0.077  0.204  0.207  0.455  0.564  0.799  0.899  0.947  0.984  0.969  0.943  0.909  0.897  0.917  0.796  0.672  0.629  0.663  0.622  0.735  0.739  0.789  0.875  0.896  0.893  0.926  0.968  0.961  0.961  0.971  0.953  0.918  0.856  0.785  0.739  0.822  0.863  0.923  0.973  0.986  1.000  0.989  0.956  0.878  0.705  0.610  0.163 -0.240 -0.517
 -0.537 -0.546 -0.519 -0.513 -0.562 -0.603 -0.591 -0.610 -0.611 -0.626 -0.635 -0.570 -0.405 -0.303 -0.223  0.292  0.642  0.935  0.865  0.881  0.746  0.788  0.831  0.764  0.783  0.551  0.381 -0.198 -0.457 -0.116  0.403  0.247 -0.089  0.418  0.563  0.250  0.185  0.518  0.449  0.205  0.325  0.112  0.140  0.125 -0.148 -0.042  0.152  0.092  0.310  0.408  0.586  0.745  0.869  0.906  0.908  0.731  0.684  0.440  0.329  0.300 -0.436 -0.405 -0.381 -0.171 -0.107 -0.207 -0.027  0.125  0.369  0.375  0.504  0.381  0.177  0.141  0.269  0.255  0.471  0.615  0.833  0.904  0.931  0.958  0.926  0.885  0.840  0.828  0.867  0.740  0.636  0.594  0.662  0.663  0.796  0.805  0.824  0.896  0.937  0.926  0.932  0.978  0.982  0.966  0.961  0.928  0.881  0.814  0.726  0.675  0.758  0.802  0.869  0.938  0.965  0.989  1.000  0.984  0.937  0.793  0.699  0.288 -0.142 -0.410
 -0.464 -0.472 -0.449 -0.442 -0.491 -0.540 -0.533 -0.554 -0.566 -0.588 -0.600 -0.546 -0.394 -0.271 -0.185  0.282  0.589  0.930  0.851  0.875  0.755  0.803  0.867  0.822  0.839  0.656  0.507 -0.085 -0.443 -0.168  0.303  0.114 -0.224  0.289  0.424  0.100  0.078  0.415  0.324  0.100  0.249  0.068  0.134  0.148 -0.089  0.040  0.208  0.130  0.321  0.387  0.548  0.696  0.807  0.831  0.840  0.667  0.665  0.440  0.368  0.331 -0.373 -0.329 -0.287 -0.086  0.002 -0.075  0.093  0.261  0.489  0.481  0.614  0.518  0.324  0.305  0.428  0.406  0.587  0.735  0.909  0.941  0.938  0.932  0.882  0.820  0.764  0.772  0.842  0.744  0.686  0.651  0.744  0.772  0.889  0.896  0.901  0.948  0.983  0.974  0.961  0.988  0.995  0.978  0.956  0.922  0.873  0.821  0.730  0.681  0.744  0.782  0.837  0.909  0.945  0.956  0.984  1.000  0.976  0.881  0.811  0.441  0.028 -0.258
 -0.456 -0.463 -0.449 -0.452 -0.500 -0.559 -0.558 -0.576 -0.599 -0.637 -0.657 -0.625 -0.505 -0.375 -0.282  0.123  0.439  0.873  0.884  0.914  0.841  0.882  0.943  0.921  0.932  0.795  0.563  0.070 -0.475 -0.326  0.117 -0.068 -0.350  0.210  0.318  0.029  0.107  0.422  0.301  0.135  0.316  0.184  0.284  0.316  0.106  0.239  0.392  0.310  0.471  0.503  0.627  0.733  0.794  0.770  0.722  0.502  0.514  0.284  0.242  0.195 -0.428 -0.381 -0.322 -0.153 -0.036 -0.069  0.067  0.261  0.470  0.437  0.592  0.537  0.350  0.378  0.496  0.451  0.572  0.762  0.902  0.888  0.854  0.834  0.762  0.683  0.613  0.621  0.715  0.614  0.591  0.558  0.694  0.782  0.921  0.935  0.893  0.916  0.979  0.958  0.906  0.938  0.961  0.922  0.879  0.825  0.762  0.707  0.597  0.544  0.602  0.642  0.703  0.800  0.853  0.878  0.937  0.976  1.000  0.954  0.891  0.596  0.174 -0.082
 -0.301 -0.307 -0.305 -0.308 -0.352 -0.418 -0.427 -0.444 -0.484 -0.533 -0.558 -0.552 -0.475 -0.327 -0.232  0.036  0.260  0.748  0.780  0.820  0.793  0.835  0.919  0.939  0.945  0.908  0.701  0.282 -0.412 -0.422 -0.107 -0.315 -0.547 -0.022  0.048 -0.210 -0.042  0.235  0.084 -0.014  0.201  0.146  0.303  0.378  0.253  0.404  0.499  0.398  0.494  0.462  0.535  0.598  0.615  0.558  0.502  0.294  0.373  0.195  0.222  0.166 -0.312 -0.250 -0.167 -0.043  0.107  0.127  0.217  0.423  0.579  0.520  0.673  0.677  0.527  0.594  0.689  0.631  0.667  0.858  0.906  0.822  0.736  0.668  0.571  0.464  0.382  0.417  0.554  0.503  0.559  0.541  0.713  0.853  0.962  0.973  0.900  0.875  0.933  0.913  0.826  0.830  0.859  0.816  0.746  0.687  0.625  0.595  0.487  0.440  0.462  0.490  0.530  0.630  0.696  0.705  0.793  0.881  0.954  1.000  0.980  0.805  0.450  0.209
 -0.195 -0.201 -0.199 -0.191 -0.226 -0.288 -0.298 -0.313 -0.362 -0.402 -0.414 -0.405 -0.342 -0.183 -0.081  0.107  0.253  0.705  0.678  0.710  0.684  0.728  0.834  0.875  0.888  0.917  0.815  0.403 -0.267 -0.342 -0.128 -0.358 -0.573 -0.121 -0.080 -0.331 -0.164  0.083 -0.070 -0.150  0.061  0.040  0.215  0.315  0.242  0.399  0.451  0.339  0.400  0.343  0.403  0.454  0.473  0.432  0.411  0.253  0.378  0.248  0.311  0.252 -0.147 -0.081  0.010  0.116  0.271  0.302  0.374  0.565  0.686  0.624  0.754  0.778  0.660  0.723  0.802  0.754  0.760  0.920  0.911  0.804  0.695  0.598  0.496  0.380  0.300  0.359  0.514  0.509  0.608  0.598  0.764  0.902  0.966  0.968  0.903  0.856  0.886  0.875  0.788  0.765  0.788  0.756  0.680  0.634  0.587  0.580  0.488  0.452  0.448  0.461  0.478  0.559  0.623  0.610  0.699  0.811  0.891  0.980  1.000  0.877  0.596  0.344
  0.021  0.020  0.001 -0.002 -0.019 -0.077 -0.099 -0.105 -0.168 -0.218 -0.234 -0.275 -0.308 -0.171 -0.086 -0.165 -0.148  0.313  0.404  0.437  0.513  0.537  0.631  0.729  0.730  0.910  0.791  0.687 -0.122 -0.480 -0.499 -0.681 -0.714 -0.391 -0.437 -0.542 -0.232 -0.127 -0.294 -0.219 -0.007  0.109  0.324  0.459  0.525  0.655  0.613  0.513  0.454  0.314  0.266  0.211  0.130  0.021 -0.059 -0.202 -0.030 -0.072  0.075  0.013 -0.026  0.037  0.144  0.137  0.311  0.430  0.399  0.570  0.577  0.481  0.590  0.711  0.676  0.809  0.834  0.764  0.618  0.772  0.633  0.438  0.277  0.144  0.024 -0.104 -0.184 -0.114  0.063  0.110  0.299  0.308  0.504  0.714  0.748  0.752  0.627  0.521  0.563  0.545  0.408  0.366  0.405  0.356  0.253  0.198  0.152  0.171  0.090  0.067  0.022  0.019  0.015  0.099  0.175  0.163  0.288  0.441  0.596  0.805  0.877  1.000  0.871  0.740
  0.339  0.341  0.317  0.333  0.342  0.314  0.291  0.293  0.227  0.205  0.215  0.168  0.086  0.194  0.253 -0.058 -0.270 -0.027 -0.053 -0.039  0.049  0.067  0.177  0.306  0.314  0.620  0.755  0.780  0.234 -0.225 -0.527 -0.687 -0.628 -0.610 -0.719 -0.735 -0.480 -0.508 -0.631 -0.495 -0.352 -0.157  0.046  0.203  0.409  0.508  0.356  0.266  0.111 -0.070 -0.168 -0.261 -0.343 -0.409 -0.402 -0.383 -0.147 -0.039  0.170  0.122  0.375  0.433  0.526  0.450  0.584  0.719  0.628  0.707  0.601  0.517  0.537  0.694  0.764  0.868  0.833  0.799  0.585  0.616  0.356  0.143 -0.034 -0.202 -0.302 -0.413 -0.466 -0.361 -0.192 -0.040  0.213  0.245  0.377  0.540  0.453  0.438  0.354  0.211  0.183  0.188  0.079 -0.016  0.001 -0.009 -0.104 -0.116 -0.114 -0.040 -0.057 -0.046 -0.150 -0.187 -0.250 -0.231 -0.181 -0.240 -0.142  0.028  0.174  0.450  0.596  0.871  1.000  0.923
  0.364  0.374  0.335  0.332  0.358  0.344  0.325  0.337  0.286  0.256  0.244  0.160  0.023  0.083  0.105 -0.322 -0.541 -0.324 -0.203 -0.190 -0.032 -0.041  0.018  0.156  0.149  0.482  0.507  0.811  0.248 -0.328 -0.706 -0.771 -0.567 -0.619 -0.770 -0.656 -0.332 -0.466 -0.572 -0.340 -0.230  0.020  0.197  0.332  0.579  0.621  0.449  0.401  0.198  0.005 -0.155 -0.314 -0.466 -0.585 -0.659 -0.668 -0.475 -0.350 -0.138 -0.177  0.290  0.324  0.407  0.258  0.376  0.552  0.401  0.453  0.293  0.200  0.211  0.404  0.514  0.658  0.593  0.542  0.261  0.304  0.025 -0.201 -0.370 -0.510 -0.602 -0.691 -0.732 -0.658 -0.520 -0.389 -0.144 -0.108  0.024  0.216  0.154  0.150  0.023 -0.123 -0.114 -0.124 -0.253 -0.324 -0.292 -0.327 -0.418 -0.447 -0.450 -0.383 -0.403 -0.385 -0.483 -0.520 -0.569 -0.540 -0.490 -0.517 -0.410 -0.258 -0.082  0.209  0.344  0.740  0.923  1.000
