  1.000  0.988  0.966  0.942  0.923  0.852  0.785  0.686  0.465  0.333  0.460  0.418  0.267  0.304  0.424  0.052 -0.329 -0.182 -0.398 -0.308 -0.245 -0.204 -0.047  0.115  0.150  0.513  0.692  0.715  0.241 -0.118 -0.530 -0.644 -0.555 -0.776 -0.887 -0.821 -0.739 -0.834 -0.871 -0.749 -0.679 -0.465 -0.215  0.002  0.342  0.471  0.301  0.140 -0.076 -0.347 -0.529 -0.603 -0.699 -0.758 -0.624 -0.466 -0.133  0.064  0.334  0.343  0.763  0.789  0.747  0.661  0.701  0.806  0.764  0.730  0.616  0.565  0.495  0.604  0.676  0.753  0.753  0.764  0.651  0.577  0.334  0.127 -0.087 -0.338 -0.440 -0.583 -0.646 -0.491 -0.281 -0.015  0.282  0.390  0.401  0.498  0.368  0.365  0.338  0.180  0.117  0.164  0.076 -0.068 -0.034 -0.016 -0.141 -0.067 -0.050  0.080  0.082  0.092 -0.071 -0.136 -0.267 -0.277 -0.236 -0.378 -0.305 -0.091  0.027  0.316  0.480  0.709  0.847  0.847
  0.988  1.000  0.980  0.949  0.934  0.858  0.797  0.706  0.487  0.349  0.482  0.442  0.291  0.329  0.449  0.071 -0.312 -0.178 -0.405 -0.324 -0.263 -0.223 -0.066  0.099  0.137  0.510  0.706  0.741  0.276 -0.091 -0.513 -0.628 -0.534 -0.763 -0.881 -0.813 -0.734 -0.838 -0.873 -0.750 -0.686 -0.472 -0.227 -0.019  0.325  0.447  0.276  0.122 -0.095 -0.362 -0.543 -0.619 -0.712 -0.765 -0.627 -0.460 -0.126  0.072  0.344  0.355  0.780  0.803  0.762  0.675  0.713  0.812  0.773  0.735  0.623  0.572  0.497  0.605  0.682  0.758  0.755  0.769  0.654  0.574  0.326  0.120 -0.097 -0.349 -0.450 -0.593 -0.653 -0.494 -0.283 -0.015  0.285  0.393  0.399  0.492  0.358  0.353  0.328  0.170  0.102  0.149  0.064 -0.082 -0.051 -0.031 -0.155 -0.078 -0.058  0.077  0.081  0.096 -0.069 -0.137 -0.271 -0.286 -0.248 -0.391 -0.321 -0.107  0.011  0.304  0.473  0.708  0.861  0.860
  0.966  0.980  1.000  0.977  0.951  0.887  0.825  0.713  0.516  0.410  0.543  0.519  0.381  0.424  0.540  0.179 -0.215 -0.126 -0.430 -0.362 -0.325 -0.279 -0.109  0.053  0.100  0.481  0.746  0.747  0.343  0.001 -0.426 -0.561 -0.488 -0.738 -0.859 -0.808 -0.775 -0.878 -0.899 -0.802 -0.755 -0.563 -0.328 -0.122  0.218  0.358  0.190  0.023 -0.180 -0.442 -0.611 -0.671 -0.734 -0.755 -0.576 -0.373 -0.030  0.175  0.441  0.453  0.838  0.862  0.830  0.754  0.783  0.863  0.832  0.789  0.687  0.634  0.553  0.645  0.721  0.786  0.778  0.800  0.693  0.594  0.351  0.161 -0.051 -0.304 -0.397 -0.541 -0.595 -0.421 -0.212  0.067  0.357  0.466  0.449  0.517  0.364  0.352  0.347  0.195  0.107  0.160  0.092 -0.064 -0.044 -0.011 -0.126 -0.035 -0.001  0.143  0.159  0.181  0.013 -0.058 -0.201 -0.234 -0.207 -0.364 -0.306 -0.095  0.005  0.290  0.469  0.692  0.865  0.841
  0.942  0.949  0.977  1.000  0.982  0.946  0.886  0.768  0.596  0.512  0.629  0.598  0.462  0.485  0.585  0.206 -0.202 -0.189 -0.516 -0.455 -0.416 -0.375 -0.210 -0.046  0.003  0.401  0.713  0.755  0.414  0.070 -0.384 -0.506 -0.418 -0.706 -0.841 -0.771 -0.758 -0.894 -0.896 -0.796 -0.778 -0.585 -0.364 -0.145  0.209  0.348  0.157 -0.017 -0.231 -0.500 -0.673 -0.738 -0.797 -0.803 -0.614 -0.378 -0.046  0.175  0.436  0.456  0.863  0.883  0.851  0.764  0.780  0.856  0.824  0.765  0.654  0.594  0.500  0.588  0.669  0.739  0.728  0.758  0.642  0.525  0.271  0.086 -0.121 -0.369 -0.448 -0.579 -0.619 -0.447 -0.256  0.028  0.312  0.424  0.388  0.445  0.276  0.263  0.266  0.111  0.014  0.070  0.009 -0.151 -0.136 -0.097 -0.208 -0.109 -0.066  0.083  0.114  0.145 -0.030 -0.101 -0.253 -0.298 -0.280 -0.439 -0.390 -0.184 -0.092  0.196  0.384  0.628  0.827  0.813
  0.923  0.934  0.951  0.982  1.000  0.976  0.931  0.852  0.687  0.596  0.701  0.660  0.519  0.515  0.600  0.188 -0.222 -0.293 -0.599 -0.551 -0.500 -0.470 -0.323 -0.158 -0.111  0.305  0.645  0.777  0.493  0.129 -0.355 -0.447 -0.320 -0.641 -0.804 -0.696 -0.682 -0.869 -0.854 -0.734 -0.746 -0.538 -0.351 -0.152  0.224  0.319  0.110 -0.034 -0.271 -0.525 -0.707 -0.791 -0.858 -0.857 -0.684 -0.427 -0.122  0.110  0.367  0.395  0.852  0.860  0.824  0.717  0.718  0.794  0.762  0.685  0.566  0.502  0.391  0.481  0.576  0.650  0.635  0.670  0.538  0.406  0.136 -0.047 -0.250 -0.482 -0.546 -0.660 -0.681 -0.520 -0.355 -0.075  0.201  0.316  0.264  0.319  0.143  0.129  0.129 -0.029 -0.125 -0.070 -0.131 -0.287 -0.273 -0.236 -0.341 -0.242 -0.195 -0.042  0.001  0.046 -0.131 -0.206 -0.358 -0.414 -0.405 -0.554 -0.513 -0.320 -0.226  0.067  0.263  0.539  0.773  0.788
  0.852  0.858  0.887  0.946  0.976  1.000  0.966  0.889  0.773  0.715  0.793  0.744  0.620  0.592  0.653  0.246 -0.158 -0.342 -0.682 -0.653 -0.610 -0.587 -0.452 -0.297 -0.249  0.166  0.570  0.741  0.585  0.248 -0.244 -0.319 -0.181 -0.536 -0.715 -0.591 -0.615 -0.837 -0.796 -0.684 -0.740 -0.548 -0.402 -0.198  0.180  0.257  0.023 -0.117 -0.359 -0.598 -0.765 -0.847 -0.893 -0.860 -0.674 -0.380 -0.109  0.131  0.363  0.399  0.849  0.847  0.811  0.699  0.678  0.736  0.712  0.618  0.502  0.436  0.315  0.390  0.482  0.553  0.533  0.576  0.443  0.289  0.024 -0.134 -0.317 -0.525 -0.564 -0.654 -0.652 -0.499 -0.370 -0.099  0.147  0.259  0.177  0.206  0.015 -0.002  0.013 -0.136 -0.244 -0.187 -0.229 -0.384 -0.380 -0.334 -0.423 -0.317 -0.257 -0.101 -0.036  0.023 -0.153 -0.228 -0.385 -0.462 -0.469 -0.614 -0.590 -0.418 -0.345 -0.071  0.127  0.408  0.671  0.692
  0.785  0.797  0.825  0.886  0.931  0.966  1.000  0.957  0.879  0.785  0.836  0.759  0.625  0.557  0.601  0.168 -0.205 -0.448 -0.711 -0.697 -0.637 -0.635 -0.532 -0.379 -0.335  0.081  0.465  0.751  0.631  0.267 -0.233 -0.259 -0.073 -0.438 -0.637 -0.465 -0.469 -0.737 -0.686 -0.546 -0.623 -0.421 -0.300 -0.133  0.230  0.258  0.037 -0.062 -0.312 -0.537 -0.713 -0.831 -0.898 -0.874 -0.735 -0.452 -0.225  0.006  0.227  0.269  0.776  0.765  0.722  0.585  0.557  0.620  0.589  0.477  0.349  0.275  0.148  0.229  0.329  0.411  0.394  0.441  0.292  0.141 -0.132 -0.290 -0.464 -0.644 -0.673 -0.733 -0.712 -0.588 -0.492 -0.245 -0.014  0.099  0.010  0.048 -0.132 -0.146 -0.146 -0.292 -0.385 -0.336 -0.384 -0.523 -0.515 -0.480 -0.562 -0.467 -0.408 -0.259 -0.194 -0.129 -0.296 -0.369 -0.515 -0.594 -0.601 -0.724 -0.700 -0.547 -0.466 -0.196  0.000  0.309  0.589  0.652
  0.686  0.706  0.713  0.768  0.852  0.889  0.957  1.000  0.937  0.820  0.845  0.760  0.629  0.525  0.547  0.099 -0.234 -0.563 -0.746 -0.754 -0.678 -0.696 -0.634 -0.491 -0.454 -0.047  0.322  0.729  0.680  0.309 -0.188 -0.161  0.073 -0.299 -0.522 -0.304 -0.291 -0.612 -0.546 -0.379 -0.491 -0.278 -0.215 -0.104  0.248  0.197 -0.018 -0.052 -0.313 -0.494 -0.667 -0.810 -0.891 -0.870 -0.779 -0.504 -0.340 -0.119  0.078  0.126  0.672  0.643  0.598  0.442  0.397  0.458  0.427  0.300  0.169  0.095 -0.042  0.040  0.152  0.237  0.215  0.265  0.103 -0.048 -0.322 -0.469 -0.623 -0.763 -0.772 -0.798 -0.754 -0.661 -0.611 -0.397 -0.193 -0.087 -0.186 -0.147 -0.316 -0.328 -0.338 -0.475 -0.554 -0.513 -0.561 -0.680 -0.671 -0.645 -0.714 -0.632 -0.575 -0.436 -0.363 -0.286 -0.440 -0.511 -0.640 -0.724 -0.740 -0.835 -0.818 -0.697 -0.615 -0.359 -0.170  0.163  0.464  0.571
  0.465  0.487  0.516  0.596  0.687  0.773  0.879  0.937  1.000  0.938  0.918  0.834  0.742  0.606  0.582  0.200 -0.074 -0.569 -0.787 -0.838 -0.789 -0.818 -0.790 -0.686 -0.650 -0.294  0.148  0.582  0.777  0.500  0.051  0.109  0.333 -0.055 -0.279 -0.056 -0.117 -0.464 -0.359 -0.229 -0.406 -0.255 -0.273 -0.200  0.097  0.018 -0.191 -0.203 -0.429 -0.554 -0.678 -0.808 -0.839 -0.757 -0.655 -0.348 -0.267 -0.064  0.060  0.118  0.584  0.537  0.501  0.353  0.273  0.289  0.274  0.129  0.024 -0.047 -0.186 -0.147 -0.046  0.019 -0.011  0.055 -0.087 -0.262 -0.491 -0.575 -0.671 -0.748 -0.709 -0.687 -0.605 -0.538 -0.559 -0.390 -0.269 -0.183 -0.327 -0.342 -0.515 -0.534 -0.515 -0.616 -0.707 -0.669 -0.676 -0.775 -0.788 -0.750 -0.778 -0.694 -0.622 -0.491 -0.389 -0.296 -0.429 -0.490 -0.609 -0.720 -0.766 -0.839 -0.858 -0.794 -0.760 -0.572 -0.400 -0.103  0.228  0.330
  0.333  0.349  0.410  0.512  0.596  0.715  0.785  0.820  0.938  1.000  0.974  0.932  0.893  0.777  0.723  0.431  0.172 -0.435 -0.807 -0.890 -0.896 -0.911 -0.872 -0.799 -0.751 -0.429  0.141  0.476  0.868  0.705  0.299  0.322  0.482  0.079 -0.136  0.033 -0.134 -0.459 -0.324 -0.267 -0.492 -0.409 -0.486 -0.416 -0.148 -0.201 -0.424 -0.454 -0.637 -0.716 -0.780 -0.853 -0.805 -0.643 -0.463 -0.094 -0.033  0.166  0.239  0.300  0.615  0.563  0.552  0.440  0.333  0.294  0.307  0.159  0.093  0.031 -0.110 -0.116 -0.032 -0.003 -0.046  0.033 -0.074 -0.282 -0.467 -0.486 -0.544 -0.594 -0.522 -0.489 -0.390 -0.307 -0.356 -0.195 -0.132 -0.063 -0.254 -0.336 -0.536 -0.568 -0.499 -0.571 -0.699 -0.652 -0.610 -0.713 -0.755 -0.688 -0.684 -0.577 -0.483 -0.348 -0.215 -0.108 -0.234 -0.291 -0.417 -0.561 -0.637 -0.723 -0.780 -0.746 -0.770 -0.637 -0.468 -0.231  0.120  0.163
  0.460  0.482  0.543  0.629  0.701  0.793  0.836  0.845  0.918  0.974  1.000  0.971  0.919  0.836  0.805  0.495  0.184 -0.368 -0.810 -0.881 -0.895 -0.895 -0.822 -0.731 -0.674 -0.313  0.289  0.566  0.880  0.693  0.251  0.231  0.371 -0.044 -0.261 -0.116 -0.287 -0.593 -0.470 -0.420 -0.624 -0.530 -0.565 -0.468 -0.163 -0.171 -0.408 -0.475 -0.669 -0.781 -0.853 -0.915 -0.862 -0.698 -0.477 -0.086  0.036  0.254  0.361  0.419  0.736  0.694  0.687  0.581  0.484  0.450  0.461  0.318  0.248  0.184  0.041  0.042  0.130  0.159  0.114  0.195  0.088 -0.129 -0.332 -0.371 -0.457 -0.548 -0.494 -0.493 -0.410 -0.294 -0.300 -0.100  0.002  0.080 -0.108 -0.186 -0.404 -0.440 -0.366 -0.453 -0.596 -0.542 -0.505 -0.630 -0.672 -0.598 -0.609 -0.488 -0.391 -0.239 -0.107 -0.003 -0.149 -0.213 -0.357 -0.502 -0.574 -0.686 -0.736 -0.670 -0.687 -0.523 -0.333 -0.092  0.265  0.279
  0.418  0.442  0.519  0.598  0.660  0.744  0.759  0.760  0.834  0.932  0.971  1.000  0.974  0.925  0.892  0.645  0.339 -0.225 -0.770 -0.856 -0.910 -0.894 -0.802 -0.726 -0.661 -0.320  0.345  0.522  0.902  0.781  0.373  0.312  0.395 -0.012 -0.213 -0.120 -0.350 -0.618 -0.489 -0.488 -0.702 -0.650 -0.705 -0.625 -0.341 -0.325 -0.547 -0.624 -0.783 -0.867 -0.902 -0.921 -0.818 -0.611 -0.334  0.083  0.214  0.424  0.511  0.567  0.775  0.735  0.746  0.672  0.568  0.501  0.531  0.396  0.353  0.301  0.161  0.136  0.217  0.219  0.164  0.251  0.170 -0.060 -0.233 -0.240 -0.311 -0.399 -0.338 -0.345 -0.263 -0.127 -0.129  0.073  0.151  0.221  0.014 -0.100 -0.330 -0.377 -0.273 -0.342 -0.510 -0.450 -0.386 -0.517 -0.576 -0.485 -0.482 -0.346 -0.237 -0.081  0.060  0.169  0.028 -0.036 -0.184 -0.345 -0.432 -0.558 -0.625 -0.567 -0.614 -0.479 -0.290 -0.097  0.258  0.221
  0.267  0.291  0.381  0.462  0.519  0.620  0.625  0.629  0.742  0.893  0.919  0.974  1.000  0.968  0.917  0.761  0.512 -0.099 -0.696 -0.812 -0.904 -0.885 -0.801 -0.757 -0.686 -0.401  0.299  0.415  0.919  0.888  0.551  0.478  0.516  0.140 -0.046  0.006 -0.277 -0.517 -0.376 -0.426 -0.662 -0.666 -0.773 -0.714 -0.482 -0.470 -0.680 -0.749 -0.865 -0.895 -0.874 -0.856 -0.702 -0.449 -0.149  0.271  0.362  0.542  0.576  0.629  0.710  0.665  0.691  0.649  0.530  0.426  0.473  0.346  0.338  0.299  0.173  0.114  0.175  0.150  0.089  0.180  0.132 -0.100 -0.222 -0.175 -0.207 -0.259 -0.176 -0.168 -0.074  0.057  0.026  0.194  0.215  0.262  0.035 -0.119 -0.344 -0.399 -0.269 -0.306 -0.483 -0.426 -0.330 -0.447 -0.524 -0.422 -0.391 -0.254 -0.137  0.007  0.159  0.274  0.156  0.097 -0.039 -0.214 -0.316 -0.434 -0.523 -0.499 -0.583 -0.507 -0.338 -0.207  0.134  0.063
  0.304  0.329  0.424  0.485  0.515  0.592  0.557  0.525  0.606  0.777  0.836  0.925  0.968  1.000  0.977  0.873  0.620  0.104 -0.576 -0.691 -0.816 -0.776 -0.658 -0.614 -0.531 -0.257  0.456  0.434  0.879  0.877  0.572  0.436  0.412  0.078 -0.088 -0.104 -0.406 -0.579 -0.460 -0.552 -0.755 -0.782 -0.858 -0.771 -0.550 -0.479 -0.681 -0.793 -0.882 -0.919 -0.873 -0.816 -0.630 -0.362 -0.015  0.400  0.538  0.706  0.745  0.786  0.772  0.739  0.778  0.771  0.668  0.552  0.606  0.503  0.515  0.486  0.377  0.309  0.354  0.311  0.251  0.339  0.320  0.095 -0.005  0.051  0.010 -0.067 -0.002 -0.027  0.044  0.206  0.218  0.400  0.430  0.470  0.253  0.088 -0.140 -0.201 -0.056 -0.087 -0.279 -0.217 -0.113 -0.241 -0.324 -0.213 -0.186 -0.040  0.076  0.223  0.369  0.474  0.354  0.294  0.153 -0.017 -0.116 -0.255 -0.339 -0.297 -0.389 -0.321 -0.152 -0.072  0.237  0.106
  0.424  0.449  0.540  0.585  0.600  0.653  0.601  0.547  0.582  0.723  0.805  0.892  0.917  0.977  1.000  0.870  0.594  0.185 -0.503 -0.608 -0.731 -0.683 -0.539 -0.473 -0.381 -0.073  0.615  0.553  0.856  0.800  0.474  0.303  0.274 -0.037 -0.208 -0.243 -0.510 -0.658 -0.569 -0.651 -0.812 -0.814 -0.834 -0.707 -0.465 -0.360 -0.569 -0.710 -0.810 -0.885 -0.856 -0.803 -0.633 -0.385 -0.032  0.367  0.559  0.733  0.808  0.838  0.844  0.823  0.861  0.858  0.779  0.681  0.725  0.635  0.640  0.607  0.506  0.456  0.500  0.465  0.411  0.494  0.473  0.262  0.143  0.169  0.094 -0.023  0.012 -0.047  0.001  0.188  0.248  0.458  0.533  0.579  0.386  0.245  0.018 -0.043  0.091  0.043 -0.148 -0.084  0.001 -0.141 -0.215 -0.109 -0.104  0.044  0.154  0.309  0.438  0.533  0.400  0.333  0.184  0.029 -0.053 -0.209 -0.272 -0.193 -0.262 -0.160  0.022  0.108  0.399  0.254
  0.052  0.071  0.179  0.206  0.188  0.246  0.168  0.099  0.200  0.431  0.495  0.645  0.761  0.873  0.870  1.000  0.891  0.532 -0.179 -0.315 -0.516 -0.455 -0.335 -0.353 -0.266 -0.155  0.470  0.189  0.661  0.839  0.757  0.555  0.389  0.229  0.152 -0.007 -0.353 -0.359 -0.275 -0.477 -0.630 -0.774 -0.874 -0.820 -0.749 -0.625 -0.742 -0.865 -0.825 -0.781 -0.628 -0.480 -0.214  0.086  0.450  0.773  0.871  0.939  0.888  0.902  0.573  0.559  0.628  0.716  0.633  0.466  0.544  0.502  0.591  0.600  0.556  0.437  0.424  0.325  0.268  0.342  0.416  0.246  0.279  0.418  0.439  0.409  0.472  0.440  0.486  0.640  0.653  0.758  0.697  0.685  0.496  0.288  0.117  0.049  0.222  0.259  0.076  0.125  0.268  0.179  0.077  0.192  0.254  0.381  0.487  0.585  0.704  0.782  0.726  0.689  0.590  0.442  0.343  0.224  0.127  0.126 -0.017 -0.069  0.030 -0.072  0.105 -0.124
 -0.329 -0.312 -0.215 -0.202 -0.222 -0.158 -0.205 -0.234 -0.074  0.172  0.184  0.339  0.512  0.620  0.594  0.891  1.000  0.694  0.163 -0.016 -0.237 -0.202 -0.157 -0.238 -0.162 -0.223  0.227 -0.058  0.485  0.779  0.909  0.755  0.560  0.568  0.538  0.344  0.025  0.086  0.151 -0.087 -0.228 -0.448 -0.629 -0.669 -0.768 -0.710 -0.730 -0.772 -0.632 -0.473 -0.246 -0.081  0.203  0.496  0.753  0.940  0.895  0.845  0.684  0.681  0.173  0.158  0.242  0.369  0.296  0.103  0.186  0.177  0.311  0.344  0.353  0.204  0.151  0.026 -0.020  0.037  0.165  0.068  0.214  0.429  0.532  0.607  0.691  0.711  0.768  0.843  0.785  0.755  0.578  0.512  0.354  0.138  0.057 -0.006  0.154  0.261  0.131  0.149  0.310  0.297  0.193  0.281  0.387  0.464  0.545  0.569  0.659  0.716  0.746  0.740  0.717  0.601  0.505  0.462  0.354  0.269  0.099 -0.076 -0.060 -0.272 -0.209 -0.425
 -0.182 -0.178 -0.126 -0.189 -0.293 -0.342 -0.448 -0.563 -0.569 -0.435 -0.368 -0.225 -0.099  0.104  0.185  0.532  0.694  1.000  0.711  0.629  0.445  0.502  0.583  0.527  0.588  0.444  0.479 -0.048 -0.094  0.125  0.393  0.171 -0.095  0.162  0.244 -0.051 -0.169  0.111  0.036 -0.179 -0.088 -0.267 -0.244 -0.231 -0.414 -0.249 -0.148 -0.240 -0.041  0.042  0.221  0.388  0.573  0.691  0.837  0.773  0.833  0.704  0.614  0.557  0.012  0.056  0.129  0.302  0.350  0.244  0.286  0.384  0.514  0.564  0.656  0.569  0.483  0.381  0.378  0.375  0.534  0.589  0.766  0.890  0.931  0.925  0.890  0.818  0.761  0.837  0.924  0.881  0.803  0.726  0.744  0.654  0.688  0.653  0.732  0.820  0.776  0.774  0.848  0.856  0.809  0.843  0.880  0.896  0.902  0.872  0.841  0.809  0.869  0.881  0.905  0.917  0.913  0.878  0.862  0.855  0.774  0.634  0.591  0.299  0.128 -0.113
 -0.398 -0.405 -0.430 -0.516 -0.599 -0.682 -0.711 -0.746 -0.787 -0.807 -0.810 -0.770 -0.696 -0.576 -0.503 -0.179  0.163  0.711  1.000  0.971  0.911  0.907  0.866  0.797  0.799  0.516  0.063 -0.232 -0.560 -0.430 -0.020 -0.078 -0.226  0.214  0.348  0.156  0.290  0.583  0.444  0.356  0.546  0.437  0.479  0.400  0.097  0.129  0.353  0.395  0.607  0.720  0.828  0.891  0.904  0.821  0.664  0.325  0.243  0.013 -0.095 -0.170 -0.559 -0.508 -0.474 -0.348 -0.242 -0.249 -0.260 -0.127 -0.039  0.013  0.153  0.133  0.043 -0.002  0.037 -0.020  0.111  0.311  0.512  0.578  0.641  0.710  0.643  0.624  0.547  0.482  0.520  0.341  0.249  0.155  0.309  0.355  0.544  0.556  0.509  0.605  0.711  0.658  0.643  0.749  0.769  0.711  0.728  0.635  0.560  0.430  0.307  0.219  0.357  0.407  0.535  0.658  0.720  0.805  0.848  0.798  0.804  0.647  0.506  0.246 -0.085 -0.154
 -0.308 -0.324 -0.362 -0.455 -0.551 -0.653 -0.697 -0.754 -0.838 -0.890 -0.881 -0.856 -0.812 -0.691 -0.608 -0.315 -0.016  0.629  0.971  1.000  0.973  0.978  0.948  0.889  0.874  0.587  0.052 -0.276 -0.716 -0.608 -0.210 -0.265 -0.414  0.028  0.194  0.008  0.183  0.504  0.348  0.284  0.516  0.433  0.530  0.474  0.189  0.252  0.483  0.504  0.701  0.772  0.844  0.900  0.872  0.736  0.560  0.189  0.143 -0.075 -0.148 -0.224 -0.557 -0.498 -0.477 -0.359 -0.235 -0.209 -0.230 -0.083 -0.012  0.039  0.184  0.187  0.099  0.070  0.117  0.047  0.165  0.382  0.566  0.593  0.635  0.675  0.587  0.548  0.448  0.381  0.449  0.289  0.234  0.154  0.343  0.423  0.623  0.647  0.579  0.655  0.777  0.726  0.685  0.786  0.823  0.756  0.750  0.648  0.558  0.427  0.286  0.180  0.309  0.360  0.486  0.632  0.713  0.793  0.856  0.833  0.863  0.735  0.585  0.340 -0.021 -0.078
 -0.245 -0.263 -0.325 -0.416 -0.500 -0.610 -0.637 -0.678 -0.789 -0.896 -0.895 -0.910 -0.904 -0.816 -0.731 -0.516 -0.237  0.445  0.911  0.973  1.000  0.992  0.945  0.904  0.872  0.606 -0.019 -0.250 -0.791 -0.756 -0.396 -0.407 -0.498 -0.067  0.094 -0.036  0.211  0.500  0.334  0.330  0.583  0.554  0.679  0.631  0.373  0.410  0.637  0.674  0.833  0.872  0.892  0.904  0.811  0.613  0.374 -0.032 -0.079 -0.283 -0.323 -0.396 -0.601 -0.543 -0.541 -0.458 -0.324 -0.254 -0.295 -0.153 -0.114 -0.073  0.066  0.103  0.029  0.030  0.087  0.006  0.091  0.326  0.472  0.452  0.473  0.503  0.402  0.365  0.259  0.172  0.243  0.087  0.068  0.003  0.221  0.348  0.564  0.601  0.497  0.548  0.699  0.644  0.568  0.672  0.732  0.645  0.618  0.498  0.392  0.257  0.100 -0.014  0.107  0.159  0.290  0.458  0.558  0.651  0.736  0.727  0.796  0.707  0.557  0.370  0.008  0.008
 -0.204 -0.223 -0.279 -0.375 -0.470 -0.587 -0.635 -0.696 -0.818 -0.911 -0.895 -0.894 -0.885 -0.776 -0.683 -0.455 -0.202  0.502  0.907  0.978  0.992  1.000  0.974  0.934  0.904  0.643  0.045 -0.257 -0.803 -0.751 -0.393 -0.434 -0.556 -0.130  0.043 -0.114  0.112  0.425  0.257  0.234  0.495  0.456  0.598  0.569  0.320  0.391  0.612  0.623  0.786  0.814  0.840  0.872  0.795  0.607  0.405  0.015 -0.002 -0.197 -0.229 -0.303 -0.537 -0.475 -0.470 -0.375 -0.239 -0.176 -0.210 -0.061 -0.015  0.030  0.170  0.201  0.123  0.117  0.171  0.092  0.185  0.412  0.561  0.542  0.556  0.568  0.461  0.408  0.293  0.226  0.317  0.179  0.170  0.107  0.322  0.440  0.644  0.678  0.586  0.635  0.773  0.723  0.653  0.746  0.801  0.723  0.693  0.583  0.481  0.354  0.200  0.085  0.198  0.247  0.367  0.531  0.629  0.706  0.790  0.793  0.855  0.770  0.625  0.421  0.058  0.029
 -0.047 -0.066 -0.109 -0.210 -0.323 -0.452 -0.532 -0.634 -0.790 -0.872 -0.822 -0.802 -0.801 -0.658 -0.539 -0.335 -0.157  0.583  0.866  0.948  0.945  0.974  1.000  0.981  0.965  0.759  0.236 -0.153 -0.754 -0.724 -0.421 -0.519 -0.670 -0.278 -0.110 -0.299 -0.098  0.232  0.059  0.020  0.296  0.266  0.456  0.475  0.275  0.404  0.597  0.555  0.703  0.688  0.705  0.755  0.695  0.524  0.391  0.048  0.112 -0.050 -0.041 -0.117 -0.351 -0.280 -0.272 -0.168 -0.026  0.036  0.006  0.158  0.202  0.244  0.377  0.410  0.336  0.327  0.377  0.303  0.395  0.601  0.725  0.686  0.666  0.626  0.500  0.409  0.277  0.257  0.400  0.319  0.354  0.305  0.514  0.626  0.796  0.823  0.747  0.776  0.884  0.849  0.779  0.838  0.888  0.826  0.780  0.695  0.604  0.505  0.356  0.244  0.326  0.362  0.452  0.606  0.705  0.741  0.830  0.874  0.938  0.890  0.775  0.576  0.232  0.161
  0.115  0.099  0.053 -0.046 -0.158 -0.297 -0.379 -0.491 -0.686 -0.799 -0.731 -0.726 -0.757 -0.614 -0.473 -0.353 -0.238  0.527  0.797  0.889  0.904  0.934  0.981  1.000  0.992  0.862  0.361  0.014 -0.691 -0.751 -0.532 -0.641 -0.757 -0.405 -0.268 -0.431 -0.201  0.099 -0.083 -0.088  0.201  0.221  0.457  0.514  0.375  0.515  0.679  0.617  0.721  0.655  0.630  0.654  0.563  0.374  0.249 -0.071  0.048 -0.078 -0.017 -0.092 -0.226 -0.150 -0.150 -0.069  0.084  0.171  0.127  0.270  0.286  0.314  0.431  0.491  0.435  0.446  0.498  0.425  0.490  0.686  0.757  0.674  0.611  0.526  0.380  0.265  0.125  0.128  0.307  0.271  0.366  0.338  0.551  0.690  0.840  0.867  0.778  0.775  0.878  0.848  0.757  0.791  0.851  0.788  0.716  0.641  0.552  0.475  0.323  0.212  0.266  0.290  0.359  0.515  0.623  0.638  0.744  0.828  0.922  0.934  0.852  0.711  0.396  0.338
  0.150  0.137  0.100  0.003 -0.111 -0.249 -0.335 -0.454 -0.650 -0.751 -0.674 -0.661 -0.686 -0.531 -0.381 -0.266 -0.162  0.588  0.799  0.874  0.872  0.904  0.965  0.992  1.000  0.896  0.449  0.093 -0.609 -0.680 -0.483 -0.613 -0.734 -0.393 -0.275 -0.447 -0.235  0.057 -0.123 -0.137  0.143  0.163  0.400  0.469  0.344  0.493  0.644  0.570  0.671  0.601  0.582  0.610  0.536  0.369  0.272 -0.021  0.116 -0.002  0.066 -0.011 -0.156 -0.079 -0.072  0.012  0.164  0.241  0.200  0.338  0.356  0.382  0.493  0.550  0.496  0.503  0.552  0.485  0.551  0.735  0.799  0.720  0.647  0.551  0.403  0.281  0.142  0.163  0.352  0.333  0.435  0.407  0.608  0.736  0.871  0.892  0.813  0.808  0.895  0.869  0.784  0.808  0.862  0.805  0.733  0.671  0.590  0.523  0.378  0.274  0.320  0.338  0.397  0.542  0.646  0.648  0.751  0.843  0.933  0.953  0.888  0.749  0.451  0.376
  0.513  0.510  0.481  0.401  0.305  0.166  0.081 -0.047 -0.294 -0.429 -0.313 -0.320 -0.401 -0.257 -0.073 -0.155 -0.223  0.444  0.516  0.587  0.606  0.643  0.759  0.862  0.896  1.000  0.736  0.493 -0.301 -0.552 -0.587 -0.748 -0.790 -0.604 -0.585 -0.693 -0.479 -0.300 -0.467 -0.422 -0.168 -0.050  0.251  0.404  0.445  0.615  0.664  0.539  0.530  0.357  0.260  0.238  0.136 -0.017 -0.042 -0.206  0.051  0.040  0.215  0.151  0.222  0.296  0.293  0.321  0.468  0.572  0.515  0.607  0.569  0.561  0.615  0.712  0.704  0.746  0.787  0.743  0.743  0.860  0.795  0.640  0.479  0.289  0.120 -0.042 -0.177 -0.086  0.163  0.264  0.484  0.505  0.669  0.816  0.865  0.877  0.799  0.725  0.765  0.763  0.654  0.609  0.666  0.627  0.513  0.496  0.440  0.446  0.328  0.254  0.217  0.200  0.193  0.305  0.406  0.346  0.464  0.634  0.765  0.917  0.950  0.951  0.785  0.726
  0.692  0.706  0.746  0.713  0.645  0.570  0.465  0.322  0.148  0.141  0.289  0.345  0.299  0.456  0.615  0.470  0.227  0.479  0.063  0.052 -0.019  0.045  0.236  0.361  0.449  0.736  1.000  0.752  0.331  0.102 -0.144 -0.389 -0.448 -0.512 -0.607 -0.721 -0.737 -0.691 -0.761 -0.785 -0.692 -0.604 -0.380 -0.171  0.025  0.235  0.132 -0.066 -0.140 -0.327 -0.381 -0.357 -0.321 -0.273 -0.049  0.092  0.429  0.538  0.727  0.697  0.749  0.794  0.817  0.841  0.902  0.917  0.904  0.917  0.891  0.864  0.839  0.881  0.903  0.912  0.906  0.927  0.915  0.863  0.734  0.631  0.454  0.223  0.115 -0.055 -0.131  0.069  0.307  0.531  0.754  0.802  0.801  0.819  0.703  0.672  0.703  0.612  0.513  0.556  0.529  0.396  0.390  0.433  0.346  0.435  0.465  0.575  0.570  0.575  0.456  0.398  0.290  0.273  0.296  0.141  0.191  0.379  0.434  0.621  0.769  0.823  0.888  0.738
  0.715  0.741  0.747  0.755  0.777  0.741  0.751  0.729  0.582  0.476  0.566  0.522  0.415  0.434  0.553  0.189 -0.058 -0.048 -0.232 -0.276 -0.250 -0.257 -0.153  0.014  0.093  0.493  0.752  1.000  0.598  0.168 -0.240 -0.326 -0.161 -0.343 -0.564 -0.467 -0.383 -0.568 -0.598 -0.473 -0.465 -0.255 -0.098  0.064  0.350  0.382  0.220  0.136 -0.060 -0.254 -0.397 -0.512 -0.584 -0.585 -0.500 -0.334 -0.091  0.064  0.280  0.278  0.663  0.676  0.669  0.575  0.608  0.675  0.624  0.559  0.450  0.386  0.304  0.403  0.484  0.556  0.553  0.585  0.473  0.400  0.162  0.005 -0.191 -0.383 -0.462 -0.559 -0.575 -0.440 -0.286 -0.075  0.172  0.249  0.221  0.296  0.174  0.156  0.127 -0.002 -0.064 -0.036 -0.106 -0.223 -0.204 -0.195 -0.290 -0.222 -0.192 -0.075 -0.061 -0.023 -0.159 -0.226 -0.329 -0.358 -0.335 -0.441 -0.383 -0.214 -0.101  0.160  0.347  0.601  0.784  0.814
  0.241  0.276  0.343  0.414  0.493  0.585  0.631  0.680  0.777  0.868  0.880  0.902  0.919  0.879  0.856  0.661  0.485 -0.094 -0.560 -0.716 -0.791 -0.803 -0.754 -0.691 -0.609 -0.301  0.331  0.598  1.000  0.866  0.523  0.484  0.595  0.273  0.031  0.123 -0.078 -0.361 -0.246 -0.250 -0.475 -0.437 -0.549 -0.497 -0.278 -0.324 -0.530 -0.558 -0.690 -0.712 -0.706 -0.740 -0.626 -0.402 -0.186  0.181  0.236  0.389  0.424  0.466  0.613  0.567  0.591  0.526  0.428  0.344  0.369  0.237  0.209  0.160  0.039  0.007  0.072  0.067  0.018  0.105  0.042 -0.158 -0.296 -0.263 -0.309 -0.345 -0.275 -0.256 -0.155 -0.047 -0.085  0.053  0.082  0.121 -0.084 -0.202 -0.397 -0.448 -0.354 -0.393 -0.539 -0.499 -0.428 -0.524 -0.587 -0.512 -0.488 -0.373 -0.271 -0.142 -0.008  0.105  0.001 -0.059 -0.171 -0.326 -0.413 -0.501 -0.570 -0.550 -0.598 -0.507 -0.335 -0.167  0.165  0.145
 -0.118 -0.091  0.001  0.070  0.129  0.248  0.267  0.309  0.500  0.705  0.693  0.781  0.888  0.877  0.800  0.839  0.779  0.125 -0.430 -0.608 -0.756 -0.751 -0.724 -0.751 -0.680 -0.552  0.102  0.168  0.866  1.000  0.859  0.802  0.780  0.531  0.379  0.370  0.041 -0.140  0.005 -0.121 -0.383 -0.492 -0.712 -0.733 -0.650 -0.683 -0.831 -0.844 -0.859 -0.763 -0.634 -0.567 -0.342 -0.037  0.228  0.582  0.538  0.618  0.526  0.569  0.409  0.356  0.406  0.420  0.288  0.124  0.194  0.089  0.143  0.132  0.048 -0.065 -0.047 -0.119 -0.181 -0.092 -0.072 -0.271 -0.271 -0.118 -0.057 -0.002  0.121  0.179  0.296  0.376  0.267  0.319  0.204  0.195 -0.042 -0.250 -0.421 -0.483 -0.330 -0.289 -0.450 -0.413 -0.269 -0.325 -0.425 -0.327 -0.237 -0.126 -0.013  0.078  0.231  0.342  0.298  0.264  0.182  0.008 -0.115 -0.178 -0.299 -0.365 -0.508 -0.570 -0.468 -0.467 -0.195 -0.296
 -0.530 -0.513 -0.426 -0.384 -0.355 -0.244 -0.233 -0.188  0.051  0.299  0.251  0.373  0.551  0.572  0.474  0.757  0.909  0.393 -0.020 -0.210 -0.396 -0.393 -0.421 -0.532 -0.483 -0.587 -0.144 -0.240  0.523  0.859  1.000  0.955  0.827  0.784  0.743  0.636  0.307  0.277  0.394  0.188 -0.031 -0.258 -0.541 -0.653 -0.774 -0.820 -0.842 -0.804 -0.678 -0.462 -0.233 -0.101  0.166  0.462  0.652  0.848  0.679  0.626  0.411  0.431 -0.014 -0.057  0.014  0.104 -0.012 -0.211 -0.125 -0.169 -0.044 -0.014 -0.024 -0.184 -0.226 -0.343 -0.394 -0.331 -0.226 -0.340 -0.186  0.058  0.216  0.371  0.509  0.603  0.709  0.718  0.556  0.469  0.224  0.153 -0.036 -0.267 -0.338 -0.393 -0.239 -0.114 -0.224 -0.216 -0.043 -0.021 -0.127 -0.047  0.089  0.149  0.233  0.239  0.355  0.430  0.482  0.488  0.485  0.351  0.234  0.238  0.104 -0.047 -0.235 -0.450 -0.458 -0.634 -0.525 -0.663
 -0.644 -0.628 -0.561 -0.506 -0.447 -0.319 -0.259 -0.161  0.109  0.322  0.231  0.312  0.478  0.436  0.303  0.555  0.755  0.171 -0.078 -0.265 -0.407 -0.434 -0.519 -0.641 -0.613 -0.748 -0.389 -0.326  0.484  0.802  0.955  1.000  0.940  0.893  0.846  0.814  0.531  0.444  0.576  0.418  0.176 -0.031 -0.357 -0.516 -0.659 -0.785 -0.793 -0.690 -0.580 -0.337 -0.128 -0.041  0.180  0.438  0.537  0.694  0.443  0.376  0.139  0.168 -0.192 -0.248 -0.193 -0.138 -0.263 -0.443 -0.367 -0.428 -0.322 -0.297 -0.312 -0.459 -0.492 -0.589 -0.635 -0.578 -0.496 -0.595 -0.445 -0.204 -0.023  0.181  0.338  0.478  0.606  0.559  0.339  0.205 -0.069 -0.140 -0.322 -0.531 -0.572 -0.615 -0.490 -0.361 -0.435 -0.439 -0.281 -0.228 -0.321 -0.263 -0.118 -0.085 -0.012 -0.029  0.082  0.159  0.231  0.246  0.269  0.146  0.031  0.079 -0.055 -0.242 -0.417 -0.644 -0.675 -0.811 -0.700 -0.760
 -0.555 -0.534 -0.488 -0.418 -0.320 -0.181 -0.073  0.073  0.333  0.482  0.371  0.395  0.516  0.412  0.274  0.389  0.560 -0.095 -0.226 -0.414 -0.498 -0.556 -0.670 -0.757 -0.734 -0.790 -0.448 -0.161  0.595  0.780  0.827  0.940  1.000  0.892  0.779  0.852  0.642  0.444  0.583  0.514  0.250  0.124 -0.199 -0.356 -0.435 -0.632 -0.677 -0.534 -0.498 -0.288 -0.143 -0.134  0.016  0.232  0.263  0.427  0.162  0.130 -0.068 -0.028 -0.183 -0.251 -0.218 -0.227 -0.354 -0.494 -0.443 -0.537 -0.481 -0.480 -0.525 -0.631 -0.632 -0.689 -0.729 -0.669 -0.646 -0.751 -0.673 -0.482 -0.331 -0.133  0.023  0.181  0.327  0.259  0.023 -0.097 -0.328 -0.378 -0.559 -0.724 -0.770 -0.803 -0.716 -0.621 -0.675 -0.683 -0.560 -0.509 -0.583 -0.544 -0.418 -0.394 -0.326 -0.332 -0.219 -0.131 -0.079 -0.072 -0.054 -0.174 -0.280 -0.218 -0.337 -0.511 -0.642 -0.807 -0.809 -0.833 -0.665 -0.636
 -0.776 -0.763 -0.738 -0.706 -0.641 -0.536 -0.438 -0.299 -0.055  0.079 -0.044 -0.012  0.140  0.078 -0.037  0.229  0.568  0.162  0.214  0.028 -0.067 -0.130 -0.278 -0.405 -0.393 -0.604 -0.512 -0.343  0.273  0.531  0.784  0.893  0.892  1.000  0.958  0.955  0.821  0.758  0.834  0.734  0.558  0.384  0.072 -0.126 -0.355 -0.551 -0.491 -0.318 -0.187  0.082  0.273  0.307  0.449  0.610  0.542  0.531  0.206  0.063 -0.192 -0.185 -0.507 -0.554 -0.511 -0.468 -0.548 -0.682 -0.638 -0.669 -0.576 -0.549 -0.525 -0.636 -0.682 -0.755 -0.774 -0.747 -0.667 -0.672 -0.495 -0.275 -0.084  0.159  0.290  0.450  0.562  0.446  0.212 -0.005 -0.290 -0.383 -0.485 -0.621 -0.568 -0.590 -0.533 -0.391 -0.384 -0.420 -0.308 -0.198 -0.258 -0.251 -0.116 -0.144 -0.117 -0.193 -0.140 -0.096  0.027  0.061  0.147  0.090  0.015  0.129  0.031 -0.176 -0.302 -0.548 -0.630 -0.772 -0.768 -0.753
 -0.887 -0.881 -0.859 -0.841 -0.804 -0.715 -0.637 -0.522 -0.279 -0.136 -0.261 -0.213 -0.046 -0.088 -0.208  0.152  0.538  0.244  0.348  0.194  0.094  0.043 -0.110 -0.268 -0.275 -0.585 -0.607 -0.564  0.031  0.379  0.743  0.846  0.779  0.958  1.000  0.946  0.813  0.843  0.904  0.769  0.636  0.415  0.111 -0.109 -0.412 -0.579 -0.459 -0.289 -0.099  0.193  0.409  0.479  0.627  0.761  0.675  0.593  0.250  0.064 -0.221 -0.222 -0.651 -0.687 -0.641 -0.562 -0.629 -0.766 -0.714 -0.711 -0.594 -0.548 -0.491 -0.615 -0.685 -0.773 -0.786 -0.775 -0.662 -0.630 -0.396 -0.158  0.062  0.324  0.449  0.607  0.699  0.562  0.330  0.074 -0.242 -0.352 -0.419 -0.555 -0.462 -0.477 -0.421 -0.256 -0.227 -0.270 -0.154 -0.022 -0.078 -0.078  0.065  0.017  0.028 -0.080 -0.049 -0.030  0.123  0.175  0.286  0.254  0.189  0.319  0.224 -0.001 -0.140 -0.435 -0.565 -0.782 -0.858 -0.869
 -0.821 -0.813 -0.808 -0.771 -0.696 -0.591 -0.465 -0.304 -0.056  0.033 -0.116 -0.120  0.006 -0.104 -0.243 -0.007  0.344 -0.051  0.156  0.008 -0.036 -0.114 -0.299 -0.431 -0.447 -0.693 -0.721 -0.467  0.123  0.370  0.636  0.814  0.852  0.955  0.946  1.000  0.919  0.839  0.919  0.865  0.698  0.545  0.232  0.006 -0.237 -0.474 -0.391 -0.181 -0.061  0.206  0.364  0.366  0.451  0.551  0.407  0.343 -0.023 -0.172 -0.427 -0.412 -0.650 -0.701 -0.677 -0.661 -0.739 -0.842 -0.809 -0.842 -0.770 -0.745 -0.719 -0.810 -0.849 -0.901 -0.912 -0.897 -0.839 -0.822 -0.652 -0.455 -0.255  0.010  0.144  0.328  0.441  0.280  0.020 -0.225 -0.512 -0.599 -0.674 -0.776 -0.692 -0.697 -0.672 -0.536 -0.492 -0.537 -0.448 -0.317 -0.357 -0.372 -0.242 -0.296 -0.286 -0.383 -0.344 -0.313 -0.178 -0.132 -0.027 -0.063 -0.125  0.019 -0.068 -0.289 -0.395 -0.639 -0.747 -0.859 -0.875 -0.799
 -0.739 -0.734 -0.775 -0.758 -0.682 -0.615 -0.469 -0.291 -0.117 -0.134 -0.287 -0.350 -0.277 -0.406 -0.510 -0.353  0.025 -0.169  0.290  0.183  0.211  0.112 -0.098 -0.201 -0.235 -0.479 -0.737 -0.383 -0.078  0.041  0.307  0.531  0.642  0.821  0.813  0.919  1.000  0.922  0.947  0.981  0.895  0.825  0.586  0.370  0.125 -0.145 -0.032  0.207  0.294  0.518  0.608  0.543  0.520  0.501  0.226  0.037 -0.324 -0.493 -0.699 -0.698 -0.788 -0.826 -0.828 -0.846 -0.875 -0.904 -0.909 -0.922 -0.893 -0.876 -0.831 -0.862 -0.893 -0.901 -0.888 -0.901 -0.875 -0.787 -0.651 -0.527 -0.366 -0.121 -0.034  0.137  0.220  0.024 -0.205 -0.465 -0.692 -0.771 -0.763 -0.770 -0.626 -0.608 -0.656 -0.548 -0.438 -0.500 -0.479 -0.327 -0.324 -0.384 -0.294 -0.392 -0.424 -0.548 -0.563 -0.564 -0.421 -0.369 -0.236 -0.208 -0.222 -0.047 -0.082 -0.274 -0.306 -0.499 -0.624 -0.684 -0.769 -0.615
 -0.834 -0.838 -0.878 -0.894 -0.869 -0.837 -0.737 -0.612 -0.464 -0.459 -0.593 -0.618 -0.517 -0.579 -0.658 -0.359  0.086  0.111  0.583  0.504  0.500  0.425  0.232  0.099  0.057 -0.300 -0.691 -0.568 -0.361 -0.140  0.277  0.444  0.444  0.758  0.843  0.839  0.922  1.000  0.981  0.949  0.944  0.809  0.609  0.389  0.047 -0.150  0.039  0.248  0.423  0.669  0.803  0.800  0.802  0.763  0.489  0.205 -0.143 -0.376 -0.612 -0.635 -0.912 -0.926 -0.913 -0.866 -0.862 -0.900 -0.897 -0.851 -0.778 -0.735 -0.639 -0.688 -0.758 -0.794 -0.771 -0.806 -0.721 -0.576 -0.359 -0.212 -0.029  0.217  0.278  0.422  0.463  0.266  0.075 -0.222 -0.475 -0.580 -0.520 -0.527 -0.334 -0.313 -0.358 -0.218 -0.090 -0.159 -0.133  0.039  0.044 -0.022  0.072 -0.045 -0.099 -0.258 -0.311 -0.347 -0.167 -0.098  0.064  0.130  0.133  0.314  0.289  0.094  0.048 -0.203 -0.381 -0.562 -0.770 -0.684
 -0.871 -0.873 -0.899 -0.896 -0.854 -0.796 -0.686 -0.546 -0.359 -0.324 -0.470 -0.489 -0.376 -0.460 -0.569 -0.275  0.151  0.036  0.444  0.348  0.334  0.257  0.059 -0.083 -0.123 -0.467 -0.761 -0.598 -0.246  0.005  0.394  0.576  0.583  0.834  0.904  0.919  0.947  0.981  1.000  0.958  0.898  0.749  0.501  0.266 -0.058 -0.277 -0.112  0.107  0.273  0.537  0.683  0.685  0.714  0.714  0.473  0.249 -0.122 -0.335 -0.587 -0.596 -0.873 -0.900 -0.885 -0.846 -0.871 -0.930 -0.915 -0.893 -0.818 -0.777 -0.700 -0.766 -0.828 -0.871 -0.859 -0.881 -0.802 -0.694 -0.481 -0.312 -0.112  0.152  0.242  0.407  0.473  0.276  0.051 -0.242 -0.519 -0.621 -0.602 -0.641 -0.475 -0.461 -0.483 -0.339 -0.232 -0.296 -0.247 -0.081 -0.091 -0.141 -0.031 -0.133 -0.168 -0.315 -0.339 -0.356 -0.183 -0.117  0.033  0.068  0.050  0.226  0.179 -0.035 -0.105 -0.366 -0.533 -0.701 -0.856 -0.769
 -0.749 -0.750 -0.802 -0.796 -0.734 -0.684 -0.546 -0.379 -0.229 -0.267 -0.420 -0.488 -0.426 -0.552 -0.651 -0.477 -0.087 -0.179  0.356  0.284  0.330  0.234  0.020 -0.088 -0.137 -0.422 -0.785 -0.473 -0.250 -0.121  0.188  0.418  0.514  0.734  0.769  0.865  0.981  0.949  0.958  1.000  0.953  0.884  0.671  0.446  0.175 -0.086  0.060  0.304  0.407  0.627  0.705  0.642  0.594  0.531  0.222 -0.024 -0.383 -0.569 -0.770 -0.775 -0.869 -0.898 -0.907 -0.919 -0.931 -0.940 -0.950 -0.943 -0.914 -0.890 -0.830 -0.851 -0.888 -0.891 -0.870 -0.899 -0.868 -0.750 -0.600 -0.492 -0.330 -0.087 -0.016  0.149  0.213  0.002 -0.214 -0.488 -0.710 -0.789 -0.745 -0.728 -0.555 -0.528 -0.594 -0.485 -0.351 -0.419 -0.414 -0.251 -0.235 -0.308 -0.226 -0.342 -0.391 -0.532 -0.570 -0.590 -0.435 -0.375 -0.227 -0.173 -0.171  0.014 -0.006 -0.195 -0.214 -0.410 -0.561 -0.638 -0.773 -0.612
 -0.679 -0.686 -0.755 -0.778 -0.746 -0.740 -0.623 -0.491 -0.406 -0.492 -0.624 -0.702 -0.662 -0.755 -0.812 -0.630 -0.228 -0.088  0.546  0.516  0.583  0.495  0.296  0.201  0.143 -0.168 -0.692 -0.465 -0.475 -0.383 -0.031  0.176  0.250  0.558  0.636  0.698  0.895  0.944  0.898  0.953  1.000  0.951  0.821  0.621  0.325  0.108  0.298  0.520  0.640  0.824  0.875  0.809  0.716  0.581  0.227 -0.113 -0.428 -0.640 -0.808 -0.833 -0.924 -0.931 -0.946 -0.944 -0.910 -0.881 -0.909 -0.862 -0.839 -0.809 -0.720 -0.715 -0.762 -0.754 -0.715 -0.767 -0.729 -0.553 -0.398 -0.331 -0.196  0.012  0.037  0.165  0.184 -0.026 -0.184 -0.459 -0.637 -0.718 -0.605 -0.535 -0.320 -0.281 -0.381 -0.284 -0.116 -0.190 -0.222 -0.053 -0.013 -0.107 -0.055 -0.194 -0.272 -0.432 -0.517 -0.571 -0.407 -0.342 -0.177 -0.074 -0.035  0.153  0.169  0.014  0.032 -0.144 -0.316 -0.414 -0.635 -0.479
 -0.465 -0.472 -0.563 -0.585 -0.538 -0.548 -0.421 -0.278 -0.255 -0.409 -0.530 -0.650 -0.666 -0.782 -0.814 -0.774 -0.448 -0.267  0.437  0.433  0.554  0.456  0.266  0.221  0.163 -0.050 -0.604 -0.255 -0.437 -0.492 -0.258 -0.031  0.124  0.384  0.415  0.545  0.825  0.809  0.749  0.884  0.951  1.000  0.931  0.775  0.567  0.331  0.479  0.697  0.737  0.852  0.828  0.702  0.535  0.343 -0.046 -0.383 -0.645 -0.809 -0.903 -0.924 -0.820 -0.825 -0.862 -0.911 -0.859 -0.778 -0.831 -0.799 -0.827 -0.817 -0.750 -0.693 -0.712 -0.663 -0.617 -0.674 -0.688 -0.512 -0.439 -0.446 -0.372 -0.215 -0.219 -0.111 -0.103 -0.303 -0.424 -0.649 -0.742 -0.792 -0.658 -0.529 -0.327 -0.278 -0.416 -0.368 -0.188 -0.260 -0.337 -0.190 -0.126 -0.235 -0.223 -0.362 -0.450 -0.589 -0.685 -0.738 -0.611 -0.560 -0.414 -0.296 -0.235 -0.059 -0.012 -0.117 -0.042 -0.128 -0.263 -0.260 -0.447 -0.234
 -0.215 -0.227 -0.328 -0.364 -0.351 -0.402 -0.300 -0.215 -0.273 -0.486 -0.565 -0.705 -0.773 -0.858 -0.834 -0.874 -0.629 -0.244  0.479  0.530  0.679  0.598  0.456  0.457  0.400  0.251 -0.380 -0.098 -0.549 -0.712 -0.541 -0.357 -0.199  0.072  0.111  0.232  0.586  0.609  0.501  0.671  0.821  0.931  1.000  0.926  0.760  0.606  0.751  0.901  0.910  0.923  0.834  0.686  0.463  0.204 -0.187 -0.555 -0.706 -0.843 -0.850 -0.885 -0.681 -0.663 -0.713 -0.772 -0.675 -0.542 -0.620 -0.568 -0.627 -0.634 -0.559 -0.457 -0.473 -0.391 -0.330 -0.399 -0.435 -0.234 -0.212 -0.298 -0.293 -0.221 -0.282 -0.233 -0.271 -0.436 -0.466 -0.629 -0.622 -0.648 -0.460 -0.273 -0.070 -0.012 -0.180 -0.177  0.014 -0.052 -0.176 -0.059  0.031 -0.089 -0.127 -0.266 -0.371 -0.494 -0.624 -0.702 -0.610 -0.566 -0.438 -0.285 -0.188 -0.046  0.047  0.017  0.145  0.139  0.027  0.066 -0.156  0.050
  0.002 -0.019 -0.122 -0.145 -0.152 -0.198 -0.133 -0.104 -0.200 -0.416 -0.468 -0.625 -0.714 -0.771 -0.707 -0.820 -0.669 -0.231  0.400  0.474  0.631  0.569  0.475  0.514  0.469  0.404 -0.171  0.064 -0.497 -0.733 -0.653 -0.516 -0.356 -0.126 -0.109  0.006  0.370  0.389  0.266  0.446  0.621  0.775  0.926  1.000  0.903  0.827  0.889  0.944  0.899  0.820  0.702  0.547  0.311  0.047 -0.293 -0.622 -0.680 -0.764 -0.714 -0.751 -0.484 -0.458 -0.512 -0.582 -0.469 -0.311 -0.400 -0.349 -0.432 -0.457 -0.381 -0.253 -0.275 -0.173 -0.101 -0.168 -0.224 -0.043 -0.071 -0.201 -0.249 -0.246 -0.335 -0.330 -0.388 -0.504 -0.474 -0.565 -0.488 -0.496 -0.299 -0.094  0.072  0.128 -0.039 -0.076  0.093  0.044 -0.099 -0.022  0.074 -0.037 -0.107 -0.224 -0.326 -0.415 -0.539 -0.621 -0.577 -0.546 -0.458 -0.303 -0.195 -0.095  0.019  0.051  0.201  0.260  0.187  0.262  0.067  0.245
  0.342  0.325  0.218  0.209  0.224  0.180  0.230  0.248  0.097 -0.148 -0.163 -0.341 -0.482 -0.550 -0.465 -0.749 -0.768 -0.414  0.097  0.189  0.373  0.320  0.275  0.375  0.344  0.445  0.025  0.350 -0.278 -0.650 -0.774 -0.659 -0.435 -0.355 -0.412 -0.237  0.125  0.047 -0.058  0.175  0.325  0.567  0.760  0.903  1.000  0.933  0.882  0.894  0.734  0.565  0.379  0.192 -0.070 -0.325 -0.595 -0.806 -0.760 -0.743 -0.599 -0.618 -0.152 -0.133 -0.207 -0.328 -0.227 -0.040 -0.139 -0.126 -0.257 -0.301 -0.278 -0.119 -0.098  0.030  0.091  0.038 -0.073  0.045 -0.093 -0.290 -0.410 -0.487 -0.588 -0.619 -0.676 -0.734 -0.657 -0.640 -0.463 -0.423 -0.259 -0.040  0.051  0.102 -0.063 -0.162 -0.032 -0.060 -0.223 -0.206 -0.107 -0.202 -0.308 -0.386 -0.468 -0.495 -0.590 -0.646 -0.673 -0.673 -0.647 -0.522 -0.416 -0.370 -0.247 -0.148  0.034  0.206  0.211  0.407  0.324  0.524
  0.471  0.447  0.358  0.348  0.319  0.257  0.258  0.197  0.018 -0.201 -0.171 -0.325 -0.470 -0.479 -0.360 -0.625 -0.710 -0.249  0.129  0.252  0.410  0.391  0.404  0.515  0.493  0.615  0.235  0.382 -0.324 -0.683 -0.820 -0.785 -0.632 -0.551 -0.579 -0.474 -0.145 -0.150 -0.277 -0.086  0.108  0.331  0.606  0.827  0.933  1.000  0.943  0.853  0.712  0.479  0.290  0.141 -0.095 -0.340 -0.532 -0.720 -0.582 -0.545 -0.368 -0.397  0.010  0.045 -0.015 -0.106  0.014  0.198  0.100  0.133  0.011 -0.038 -0.005  0.149  0.155  0.278  0.343  0.293  0.199  0.311  0.172 -0.038 -0.188 -0.323 -0.451 -0.531 -0.619 -0.625 -0.483 -0.414 -0.197 -0.151  0.023  0.233  0.302  0.348  0.203  0.091  0.194  0.181  0.021  0.006  0.102  0.024 -0.100 -0.158 -0.238 -0.244 -0.342 -0.411 -0.465 -0.468 -0.466 -0.338 -0.225 -0.223 -0.091  0.052  0.229  0.422  0.442  0.603  0.502  0.628
  0.301  0.276  0.190  0.157  0.110  0.023  0.037 -0.018 -0.191 -0.424 -0.408 -0.547 -0.680 -0.681 -0.569 -0.742 -0.730 -0.148  0.353  0.483  0.637  0.612  0.597  0.679  0.644  0.664  0.132  0.220 -0.530 -0.831 -0.842 -0.793 -0.677 -0.491 -0.459 -0.391 -0.032  0.039 -0.112  0.060  0.298  0.479  0.751  0.889  0.882  0.943  1.000  0.952  0.889  0.704  0.531  0.394  0.150 -0.132 -0.386 -0.673 -0.584 -0.614 -0.473 -0.516 -0.201 -0.156 -0.207 -0.268 -0.128  0.051 -0.046  0.018 -0.079 -0.115 -0.055  0.088  0.082  0.193  0.265  0.199  0.136  0.304  0.225  0.034 -0.083 -0.182 -0.318 -0.386 -0.488 -0.533 -0.401 -0.397 -0.219 -0.196  0.018  0.241  0.369  0.424  0.262  0.182  0.323  0.293  0.130  0.154  0.257  0.160  0.048 -0.042 -0.144 -0.194 -0.328 -0.422 -0.427 -0.410 -0.363 -0.202 -0.076 -0.039  0.099  0.210  0.384  0.523  0.492  0.588  0.396  0.521
  0.140  0.122  0.023 -0.017 -0.034 -0.117 -0.062 -0.052 -0.203 -0.454 -0.475 -0.624 -0.749 -0.793 -0.710 -0.865 -0.772 -0.240  0.395  0.504  0.674  0.623  0.555  0.617  0.570  0.539 -0.066  0.136 -0.558 -0.844 -0.804 -0.690 -0.534 -0.318 -0.289 -0.181  0.207  0.248  0.107  0.304  0.520  0.697  0.901  0.944  0.894  0.853  0.952  1.000  0.952  0.835  0.669  0.510  0.247 -0.051 -0.382 -0.714 -0.712 -0.778 -0.677 -0.717 -0.391 -0.354 -0.412 -0.485 -0.355 -0.178 -0.275 -0.216 -0.310 -0.336 -0.278 -0.138 -0.135 -0.026  0.043 -0.028 -0.094  0.095  0.037 -0.134 -0.217 -0.258 -0.376 -0.402 -0.483 -0.578 -0.502 -0.558 -0.426 -0.415 -0.198  0.032  0.195  0.255  0.076  0.017  0.188  0.142 -0.021  0.040  0.147  0.032 -0.062 -0.177 -0.286 -0.365 -0.507 -0.598 -0.566 -0.542 -0.460 -0.293 -0.170 -0.088  0.041  0.106  0.280  0.384  0.325  0.424  0.222  0.402
 -0.076 -0.095 -0.180 -0.231 -0.271 -0.359 -0.312 -0.313 -0.429 -0.637 -0.669 -0.783 -0.865 -0.882 -0.810 -0.825 -0.632 -0.041  0.607  0.701  0.833  0.786  0.703  0.721  0.671  0.530 -0.140 -0.060 -0.690 -0.859 -0.678 -0.580 -0.498 -0.187 -0.099 -0.061  0.294  0.423  0.273  0.407  0.640  0.737  0.910  0.899  0.734  0.712  0.889  0.952  1.000  0.946  0.835  0.722  0.501  0.218 -0.120 -0.509 -0.558 -0.690 -0.651 -0.706 -0.560 -0.515 -0.551 -0.573 -0.437 -0.294 -0.377 -0.288 -0.337 -0.344 -0.255 -0.151 -0.176 -0.098 -0.027 -0.105 -0.120  0.102  0.126  0.010 -0.023 -0.019 -0.128 -0.141 -0.227 -0.344 -0.287 -0.406 -0.342 -0.364 -0.134  0.067  0.270  0.328  0.164  0.152  0.334  0.278  0.140  0.234  0.329  0.214  0.149  0.017 -0.099 -0.214 -0.372 -0.478 -0.399 -0.356 -0.238 -0.059  0.059  0.165  0.279  0.301  0.440  0.463  0.355  0.354  0.078  0.216
 -0.347 -0.362 -0.442 -0.500 -0.525 -0.598 -0.537 -0.494 -0.554 -0.716 -0.781 -0.867 -0.895 -0.919 -0.885 -0.781 -0.473  0.042  0.720  0.772  0.872  0.814  0.688  0.655  0.601  0.357 -0.327 -0.254 -0.712 -0.763 -0.462 -0.337 -0.288  0.082  0.193  0.206  0.518  0.669  0.537  0.627  0.824  0.852  0.923  0.820  0.565  0.479  0.704  0.835  0.946  1.000  0.958  0.876  0.702  0.457  0.096 -0.322 -0.471 -0.662 -0.709 -0.764 -0.763 -0.728 -0.750 -0.742 -0.627 -0.527 -0.589 -0.492 -0.500 -0.484 -0.379 -0.315 -0.357 -0.313 -0.251 -0.329 -0.306 -0.072  0.027 -0.016  0.018  0.102  0.029  0.060 -0.002 -0.159 -0.169 -0.365 -0.398 -0.452 -0.241 -0.080  0.152  0.206  0.059  0.099  0.290  0.221  0.119  0.253  0.331  0.217  0.195  0.049 -0.064 -0.214 -0.366 -0.465 -0.335 -0.278 -0.125  0.045  0.142  0.287  0.371  0.323  0.419  0.350  0.200  0.125 -0.178 -0.047
 -0.529 -0.543 -0.611 -0.673 -0.707 -0.765 -0.713 -0.667 -0.678 -0.780 -0.853 -0.902 -0.874 -0.873 -0.856 -0.628 -0.246  0.221  0.828  0.844  0.892  0.840  0.705  0.630  0.582  0.260 -0.381 -0.397 -0.706 -0.634 -0.233 -0.128 -0.143  0.273  0.409  0.364  0.608  0.803  0.683  0.705  0.875  0.828  0.834  0.702  0.379  0.290  0.531  0.669  0.835  0.958  1.000  0.969  0.865  0.679  0.350 -0.067 -0.266 -0.500 -0.617 -0.673 -0.850 -0.818 -0.821 -0.771 -0.673 -0.621 -0.659 -0.552 -0.516 -0.479 -0.350 -0.327 -0.398 -0.392 -0.338 -0.411 -0.341 -0.110  0.060  0.088  0.174  0.305  0.260  0.309  0.260  0.095  0.051 -0.190 -0.299 -0.382 -0.197 -0.088  0.153  0.195  0.082  0.167  0.344  0.271  0.212  0.364  0.419  0.318  0.333  0.189  0.087 -0.079 -0.216 -0.311 -0.151 -0.085  0.082  0.234  0.311  0.466  0.523  0.432  0.480  0.331  0.152 -0.012 -0.340 -0.261
 -0.603 -0.619 -0.671 -0.738 -0.791 -0.847 -0.831 -0.810 -0.808 -0.853 -0.915 -0.921 -0.856 -0.816 -0.803 -0.480 -0.081  0.388  0.891  0.900  0.904  0.872  0.755  0.654  0.610  0.238 -0.357 -0.512 -0.740 -0.567 -0.101 -0.041 -0.134  0.307  0.479  0.366  0.543  0.800  0.685  0.642  0.809  0.702  0.686  0.547  0.192  0.141  0.394  0.510  0.722  0.876  0.969  1.000  0.953  0.811  0.541  0.138 -0.059 -0.311 -0.461 -0.522 -0.845 -0.810 -0.795 -0.702 -0.612 -0.596 -0.613 -0.488 -0.416 -0.362 -0.219 -0.229 -0.319 -0.346 -0.299 -0.370 -0.261 -0.038  0.181  0.252  0.364  0.506  0.472  0.514  0.460  0.311  0.267  0.018 -0.130 -0.227 -0.056  0.011  0.246  0.279  0.200  0.310  0.466  0.398  0.371  0.523  0.559  0.476  0.509  0.377  0.284  0.114 -0.014 -0.110  0.063  0.133  0.299  0.439  0.502  0.647  0.685  0.579  0.588  0.392  0.198 -0.040 -0.389 -0.372
 -0.699 -0.712 -0.734 -0.797 -0.858 -0.893 -0.898 -0.891 -0.839 -0.805 -0.862 -0.818 -0.702 -0.630 -0.633 -0.214  0.203  0.573  0.904  0.872  0.811  0.795  0.695  0.563  0.536  0.136 -0.321 -0.584 -0.626 -0.342  0.166  0.180  0.016  0.449  0.627  0.451  0.520  0.802  0.714  0.594  0.716  0.535  0.463  0.311 -0.070 -0.095  0.150  0.247  0.501  0.702  0.865  0.953  1.000  0.947  0.764  0.423  0.214 -0.047 -0.248 -0.306 -0.788 -0.759 -0.722 -0.588 -0.526 -0.569 -0.557 -0.435 -0.319 -0.251 -0.106 -0.166 -0.273 -0.340 -0.309 -0.363 -0.214 -0.024  0.243  0.381  0.529  0.693  0.688  0.736  0.700  0.573  0.509  0.253  0.049 -0.066  0.055  0.052  0.259  0.274  0.248  0.391  0.504  0.444  0.469  0.616  0.620  0.567  0.633  0.526  0.458  0.297  0.199  0.121  0.301  0.370  0.526  0.629  0.661  0.790  0.792  0.659  0.611  0.357  0.164 -0.145 -0.475 -0.527
 -0.758 -0.765 -0.755 -0.803 -0.857 -0.860 -0.874 -0.870 -0.757 -0.643 -0.698 -0.611 -0.449 -0.362 -0.385  0.086  0.496  0.691  0.821  0.736  0.613  0.607  0.524  0.374  0.369 -0.017 -0.273 -0.585 -0.402 -0.037  0.462  0.438  0.232  0.610  0.761  0.551  0.501  0.763  0.714  0.531  0.581  0.343  0.204  0.047 -0.325 -0.340 -0.132 -0.051  0.218  0.457  0.679  0.811  0.947  1.000  0.917  0.679  0.460  0.212 -0.029 -0.077 -0.668 -0.652 -0.595 -0.438 -0.415 -0.519 -0.479 -0.377 -0.229 -0.158 -0.027 -0.133 -0.246 -0.347 -0.336 -0.365 -0.191 -0.059  0.231  0.430  0.606  0.788  0.821  0.881  0.874  0.777  0.685  0.440  0.188  0.063  0.113  0.034  0.193  0.186  0.218  0.382  0.442  0.395  0.473  0.604  0.572  0.554  0.653  0.582  0.549  0.412  0.360  0.312  0.484  0.546  0.678  0.727  0.721  0.826  0.788  0.632  0.527  0.236  0.064 -0.280 -0.546 -0.656
 -0.624 -0.627 -0.576 -0.614 -0.684 -0.674 -0.735 -0.779 -0.655 -0.463 -0.477 -0.334 -0.149 -0.015 -0.032  0.450  0.753  0.837  0.664  0.560  0.374  0.405  0.391  0.249  0.272 -0.042 -0.049 -0.500 -0.186  0.228  0.652  0.537  0.263  0.542  0.675  0.407  0.226  0.489  0.473  0.222  0.227 -0.046 -0.187 -0.293 -0.595 -0.532 -0.386 -0.382 -0.120  0.096  0.350  0.541  0.764  0.917  1.000  0.904  0.770  0.577  0.352  0.313 -0.358 -0.343 -0.268 -0.084 -0.090 -0.243 -0.174 -0.089  0.081  0.152  0.259  0.118  0.008 -0.124 -0.134 -0.136  0.053  0.109  0.386  0.610  0.772  0.909  0.955  0.982  0.981  0.961  0.901  0.733  0.494  0.381  0.363  0.216  0.292  0.262  0.359  0.517  0.499  0.479  0.602  0.679  0.613  0.644  0.750  0.736  0.745  0.661  0.655  0.634  0.763  0.806  0.881  0.875  0.835  0.875  0.807  0.678  0.528  0.250  0.129 -0.232 -0.420 -0.621
 -0.466 -0.460 -0.373 -0.378 -0.427 -0.380 -0.452 -0.504 -0.348 -0.094 -0.086  0.083  0.271  0.400  0.367  0.773  0.940  0.773  0.325  0.189 -0.032  0.015  0.048 -0.071 -0.021 -0.206  0.092 -0.334  0.181  0.582  0.848  0.694  0.427  0.531  0.593  0.343  0.037  0.205  0.249 -0.024 -0.113 -0.383 -0.555 -0.622 -0.806 -0.720 -0.673 -0.714 -0.509 -0.322 -0.067  0.138  0.423  0.679  0.904  1.000  0.924  0.822  0.624  0.610 -0.017 -0.020  0.064  0.230  0.174 -0.018  0.071  0.104  0.267  0.323  0.372  0.208  0.126 -0.015 -0.051 -0.016  0.150  0.101  0.318  0.552  0.693  0.794  0.872  0.892  0.925  0.970  0.909  0.828  0.612  0.525  0.413  0.201  0.173  0.120  0.275  0.410  0.311  0.320  0.482  0.500  0.402  0.480  0.594  0.643  0.701  0.685  0.747  0.772  0.842  0.858  0.867  0.786  0.703  0.683  0.579  0.471  0.287  0.053  0.007 -0.294 -0.331 -0.569
 -0.133 -0.126 -0.030 -0.046 -0.122 -0.109 -0.225 -0.340 -0.267 -0.033  0.036  0.214  0.362  0.538  0.559  0.871  0.895  0.833  0.243  0.143 -0.079 -0.002  0.112  0.048  0.116  0.051  0.429 -0.091  0.236  0.538  0.679  0.443  0.162  0.206  0.250 -0.023 -0.324 -0.143 -0.122 -0.383 -0.428 -0.645 -0.706 -0.680 -0.760 -0.582 -0.584 -0.712 -0.558 -0.471 -0.266 -0.059  0.214  0.460  0.770  0.924  1.000  0.963  0.862  0.844  0.298  0.313  0.393  0.554  0.520  0.353  0.435  0.471  0.609  0.651  0.683  0.549  0.484  0.358  0.320  0.359  0.504  0.430  0.575  0.744  0.804  0.800  0.831  0.781  0.777  0.898  0.938  0.964  0.856  0.804  0.699  0.510  0.431  0.374  0.532  0.615  0.481  0.511  0.650  0.609  0.518  0.610  0.678  0.762  0.829  0.861  0.920  0.943  0.953  0.946  0.904  0.820  0.752  0.666  0.588  0.567  0.415  0.277  0.289  0.034  0.028 -0.253
  0.064  0.072  0.175  0.175  0.110  0.131  0.006 -0.119 -0.064  0.166  0.254  0.424  0.542  0.706  0.733  0.939  0.845  0.704  0.013 -0.075 -0.283 -0.197 -0.050 -0.078 -0.002  0.040  0.538  0.064  0.389  0.618  0.626  0.376  0.130  0.063  0.064 -0.172 -0.493 -0.376 -0.335 -0.569 -0.640 -0.809 -0.843 -0.764 -0.743 -0.545 -0.614 -0.778 -0.690 -0.662 -0.500 -0.311 -0.047  0.212  0.577  0.822  0.963  1.000  0.955  0.950  0.521  0.529  0.602  0.732  0.685  0.530  0.608  0.616  0.725  0.750  0.747  0.628  0.589  0.479  0.435  0.487  0.595  0.471  0.546  0.676  0.694  0.639  0.668  0.597  0.598  0.760  0.826  0.925  0.877  0.855  0.721  0.533  0.397  0.336  0.503  0.546  0.380  0.428  0.560  0.476  0.384  0.492  0.540  0.654  0.737  0.814  0.898  0.940  0.898  0.872  0.787  0.678  0.604  0.478  0.402  0.421  0.282  0.213  0.277  0.099  0.178 -0.101
  0.334  0.344  0.441  0.436  0.367  0.363  0.227  0.078  0.060  0.239  0.361  0.511  0.576  0.745  0.808  0.888  0.684  0.614 -0.095 -0.148 -0.323 -0.229 -0.041 -0.017  0.066  0.215  0.727  0.280  0.424  0.526  0.411  0.139 -0.068 -0.192 -0.221 -0.427 -0.699 -0.612 -0.587 -0.770 -0.808 -0.903 -0.850 -0.714 -0.599 -0.368 -0.473 -0.677 -0.651 -0.709 -0.617 -0.461 -0.248 -0.029  0.352  0.624  0.862  0.955  1.000  0.996  0.717  0.736  0.795  0.893  0.866  0.753  0.814  0.814  0.882  0.889  0.863  0.787  0.773  0.695  0.654  0.705  0.771  0.636  0.632  0.687  0.636  0.504  0.496  0.383  0.361  0.561  0.692  0.868  0.917  0.930  0.813  0.669  0.504  0.446  0.593  0.585  0.411  0.470  0.565  0.442  0.368  0.473  0.478  0.606  0.689  0.799  0.873  0.914  0.826  0.783  0.665  0.563  0.508  0.346  0.298  0.384  0.292  0.318  0.428  0.330  0.441  0.179
  0.343  0.355  0.453  0.456  0.395  0.399  0.269  0.126  0.118  0.300  0.419  0.567  0.629  0.786  0.838  0.902  0.681  0.557 -0.170 -0.224 -0.396 -0.303 -0.117 -0.092 -0.011  0.151  0.697  0.278  0.466  0.569  0.431  0.168 -0.028 -0.185 -0.222 -0.412 -0.698 -0.635 -0.596 -0.775 -0.833 -0.924 -0.885 -0.751 -0.618 -0.397 -0.516 -0.717 -0.706 -0.764 -0.673 -0.522 -0.306 -0.077  0.313  0.610  0.844  0.950  0.996  1.000  0.744  0.757  0.812  0.902  0.862  0.747  0.810  0.799  0.863  0.868  0.833  0.754  0.747  0.669  0.624  0.680  0.739  0.588  0.574  0.631  0.581  0.451  0.454  0.347  0.335  0.535  0.655  0.837  0.885  0.903  0.771  0.620  0.443  0.384  0.535  0.524  0.343  0.405  0.504  0.377  0.299  0.409  0.417  0.551  0.640  0.758  0.843  0.892  0.798  0.751  0.626  0.512  0.450  0.285  0.232  0.315  0.219  0.249  0.366  0.283  0.419  0.164
  0.763  0.780  0.838  0.863  0.852  0.849  0.776  0.672  0.584  0.615  0.736  0.775  0.710  0.772  0.844  0.573  0.173  0.012 -0.559 -0.557 -0.601 -0.537 -0.351 -0.226 -0.156  0.222  0.749  0.663  0.613  0.409 -0.014 -0.192 -0.183 -0.507 -0.651 -0.650 -0.788 -0.912 -0.873 -0.869 -0.924 -0.820 -0.681 -0.484 -0.152  0.010 -0.201 -0.391 -0.560 -0.763 -0.850 -0.845 -0.788 -0.668 -0.358 -0.017  0.298  0.521  0.717  0.744  1.000  0.991  0.976  0.932  0.901  0.894  0.906  0.836  0.784  0.739  0.630  0.648  0.718  0.733  0.698  0.753  0.684  0.508  0.307  0.209  0.046 -0.172 -0.208 -0.329 -0.339 -0.133  0.027  0.313  0.525  0.615  0.503  0.462  0.245  0.207  0.281  0.164  0.006  0.076  0.084 -0.088 -0.117 -0.036 -0.102  0.033  0.112  0.285  0.365  0.429  0.252  0.174  0.003 -0.099 -0.127 -0.310 -0.310 -0.140 -0.125  0.095  0.293  0.458  0.713  0.614
  0.789  0.803  0.862  0.883  0.860  0.847  0.765  0.643  0.537  0.563  0.694  0.735  0.665  0.739  0.823  0.559  0.158  0.056 -0.508 -0.498 -0.543 -0.475 -0.280 -0.150 -0.079  0.296  0.794  0.676  0.567  0.356 -0.057 -0.248 -0.251 -0.554 -0.687 -0.701 -0.826 -0.926 -0.900 -0.898 -0.931 -0.825 -0.663 -0.458 -0.133  0.045 -0.156 -0.354 -0.515 -0.728 -0.818 -0.810 -0.759 -0.652 -0.343 -0.020  0.313  0.529  0.736  0.757  0.991  1.000  0.987  0.951  0.933  0.933  0.941  0.881  0.827  0.782  0.681  0.706  0.772  0.788  0.757  0.808  0.742  0.578  0.378  0.272  0.101 -0.129 -0.176 -0.308 -0.331 -0.121  0.057  0.346  0.569  0.660  0.563  0.531  0.321  0.284  0.354  0.234  0.081  0.150  0.152 -0.022 -0.047  0.032 -0.042  0.092  0.167  0.335  0.403  0.457  0.284  0.208  0.039 -0.053 -0.074 -0.259 -0.252 -0.072 -0.050  0.174  0.371  0.528  0.761  0.653
  0.747  0.762  0.830  0.851  0.824  0.811  0.722  0.598  0.501  0.552  0.687  0.746  0.691  0.778  0.861  0.628  0.242  0.129 -0.474 -0.477 -0.541 -0.470 -0.272 -0.150 -0.072  0.293  0.817  0.669  0.591  0.406  0.014 -0.193 -0.218 -0.511 -0.641 -0.677 -0.828 -0.913 -0.885 -0.907 -0.946 -0.862 -0.713 -0.512 -0.207 -0.015 -0.207 -0.412 -0.551 -0.750 -0.821 -0.795 -0.722 -0.595 -0.268  0.064  0.393  0.602  0.795  0.812  0.976  0.987  1.000  0.978  0.960  0.941  0.954  0.896  0.854  0.810  0.714  0.729  0.788  0.795  0.761  0.817  0.762  0.595  0.410  0.322  0.160 -0.064 -0.106 -0.239 -0.259 -0.043  0.133  0.417  0.625  0.708  0.601  0.553  0.340  0.299  0.382  0.273  0.110  0.180  0.195  0.022 -0.012  0.073  0.009  0.147  0.226  0.392  0.465  0.520  0.351  0.278  0.113  0.015 -0.013 -0.202 -0.203 -0.031 -0.024  0.185  0.380  0.517  0.748  0.615
  0.661  0.675  0.754  0.764  0.717  0.699  0.585  0.442  0.353  0.440  0.581  0.672  0.649  0.771  0.858  0.716  0.369  0.302 -0.348 -0.359 -0.458 -0.375 -0.168 -0.069  0.012  0.321  0.841  0.575  0.526  0.420  0.104 -0.138 -0.227 -0.468 -0.562 -0.661 -0.846 -0.866 -0.846 -0.919 -0.944 -0.911 -0.772 -0.582 -0.328 -0.106 -0.268 -0.485 -0.573 -0.742 -0.771 -0.702 -0.588 -0.438 -0.084  0.230  0.554  0.732  0.893  0.902  0.932  0.951  0.978  1.000  0.985  0.940  0.966  0.930  0.920  0.891  0.816  0.805  0.845  0.826  0.790  0.843  0.826  0.669  0.534  0.480  0.341  0.130  0.089 -0.050 -0.079  0.143  0.322  0.585  0.761  0.826  0.722  0.649  0.448  0.401  0.503  0.419  0.250  0.319  0.354  0.190  0.145  0.238  0.188  0.326  0.405  0.559  0.627  0.675  0.526  0.459  0.305  0.208  0.175 -0.014 -0.024  0.133  0.115  0.279  0.453  0.519  0.709  0.529
  0.701  0.713  0.783  0.780  0.718  0.678  0.557  0.397  0.273  0.333  0.484  0.568  0.530  0.668  0.779  0.633  0.296  0.350 -0.242 -0.235 -0.324 -0.239 -0.026  0.084  0.164  0.468  0.902  0.608  0.428  0.288 -0.012 -0.263 -0.354 -0.548 -0.629 -0.739 -0.875 -0.862 -0.871 -0.931 -0.910 -0.859 -0.675 -0.469 -0.227  0.014 -0.128 -0.355 -0.437 -0.627 -0.673 -0.612 -0.526 -0.415 -0.090  0.174  0.520  0.685  0.866  0.862  0.901  0.933  0.960  0.985  1.000  0.976  0.989  0.971  0.954  0.924  0.863  0.871  0.907  0.897  0.871  0.913  0.896  0.770  0.633  0.555  0.398  0.168  0.102 -0.056 -0.108  0.114  0.325  0.588  0.789  0.854  0.787  0.744  0.566  0.525  0.607  0.515  0.365  0.429  0.443  0.282  0.251  0.331  0.264  0.389  0.453  0.596  0.639  0.669  0.524  0.460  0.315  0.247  0.233  0.047  0.057  0.233  0.238  0.417  0.584  0.646  0.793  0.615
  0.806  0.812  0.863  0.856  0.794  0.736  0.620  0.458  0.289  0.294  0.450  0.501  0.426  0.552  0.681  0.466  0.103  0.244 -0.249 -0.209 -0.254 -0.176  0.036  0.171  0.241  0.572  0.917  0.675  0.344  0.124 -0.211 -0.443 -0.494 -0.682 -0.766 -0.842 -0.904 -0.900 -0.930 -0.940 -0.881 -0.778 -0.542 -0.311 -0.040  0.198  0.051 -0.178 -0.294 -0.527 -0.621 -0.596 -0.569 -0.519 -0.243 -0.018  0.353  0.530  0.753  0.747  0.894  0.933  0.941  0.940  0.976  1.000  0.992  0.978  0.930  0.892  0.832  0.877  0.921  0.939  0.925  0.954  0.910  0.807  0.634  0.505  0.317  0.060 -0.032 -0.203 -0.271 -0.056  0.179  0.456  0.706  0.786  0.755  0.763  0.599  0.570  0.617  0.499  0.374  0.435  0.411  0.248  0.240  0.301  0.206  0.318  0.365  0.506  0.527  0.544  0.389  0.324  0.180  0.138  0.148 -0.035  0.003  0.207  0.254  0.479  0.649  0.757  0.887  0.748
  0.764  0.773  0.832  0.824  0.762  0.712  0.589  0.427  0.274  0.307  0.461  0.531  0.473  0.606  0.725  0.544  0.186  0.286 -0.260 -0.230 -0.295 -0.210  0.006  0.127  0.200  0.515  0.904  0.624  0.369  0.194 -0.125 -0.367 -0.443 -0.638 -0.714 -0.809 -0.909 -0.897 -0.915 -0.950 -0.909 -0.831 -0.620 -0.400 -0.139  0.100 -0.046 -0.275 -0.377 -0.589 -0.659 -0.613 -0.557 -0.479 -0.174  0.071  0.435  0.608  0.814  0.810  0.906  0.941  0.954  0.966  0.989  0.992  1.000  0.986  0.954  0.922  0.862  0.888  0.927  0.931  0.910  0.943  0.912  0.796  0.641  0.536  0.362  0.116  0.036 -0.131 -0.192  0.027  0.252  0.525  0.753  0.828  0.780  0.764  0.591  0.556  0.621  0.515  0.377  0.440  0.435  0.271  0.252  0.323  0.241  0.362  0.418  0.561  0.592  0.616  0.465  0.399  0.253  0.196  0.195  0.007  0.032  0.224  0.250  0.453  0.620  0.704  0.842  0.682
  0.730  0.735  0.789  0.765  0.685  0.618  0.477  0.300  0.129  0.159  0.318  0.396  0.346  0.503  0.635  0.502  0.177  0.384 -0.127 -0.083 -0.153 -0.061  0.158  0.270  0.338  0.607  0.917  0.559  0.237  0.089 -0.169 -0.428 -0.537 -0.669 -0.711 -0.842 -0.922 -0.851 -0.893 -0.943 -0.862 -0.799 -0.568 -0.349 -0.126  0.133  0.018 -0.216 -0.288 -0.492 -0.552 -0.488 -0.435 -0.377 -0.089  0.104  0.471  0.616  0.814  0.799  0.836  0.881  0.896  0.930  0.971  0.978  0.986  1.000  0.982  0.961  0.922  0.947  0.971  0.969  0.954  0.975  0.963  0.879  0.752  0.649  0.481  0.235  0.139 -0.039 -0.120  0.095  0.336  0.592  0.815  0.880  0.862  0.856  0.710  0.680  0.737  0.640  0.518  0.577  0.566  0.413  0.399  0.463  0.379  0.486  0.529  0.654  0.665  0.672  0.537  0.478  0.347  0.312  0.323  0.143  0.176  0.369  0.397  0.583  0.726  0.767  0.849  0.672
  0.616  0.623  0.687  0.654  0.566  0.502  0.349  0.169  0.024  0.093  0.248  0.353  0.338  0.515  0.640  0.591  0.311  0.514 -0.039 -0.012 -0.114 -0.015  0.202  0.286  0.356  0.569  0.891  0.450  0.209  0.143 -0.044 -0.322 -0.481 -0.576 -0.594 -0.770 -0.893 -0.778 -0.818 -0.914 -0.839 -0.827 -0.627 -0.432 -0.257  0.011 -0.079 -0.310 -0.337 -0.500 -0.516 -0.416 -0.319 -0.229  0.081  0.267  0.609  0.725  0.882  0.863  0.784  0.827  0.854  0.920  0.954  0.930  0.954  0.982  1.000  0.992  0.967  0.961  0.968  0.940  0.921  0.942  0.964  0.883  0.804  0.744  0.606  0.386  0.302  0.129  0.051  0.265  0.492  0.721  0.899  0.945  0.919  0.881  0.744  0.708  0.787  0.718  0.588  0.646  0.660  0.519  0.492  0.564  0.500  0.607  0.653  0.768  0.782  0.789  0.675  0.622  0.502  0.461  0.461  0.286  0.303  0.471  0.469  0.603  0.726  0.703  0.761  0.548
  0.565  0.572  0.634  0.594  0.502  0.436  0.275  0.095 -0.047  0.031  0.184  0.301  0.299  0.486  0.607  0.600  0.344  0.564  0.013  0.039 -0.073  0.030  0.244  0.314  0.382  0.561  0.864  0.386  0.160  0.132 -0.014 -0.297 -0.480 -0.549 -0.548 -0.745 -0.876 -0.735 -0.777 -0.890 -0.809 -0.817 -0.634 -0.457 -0.301 -0.038 -0.115 -0.336 -0.344 -0.484 -0.479 -0.362 -0.251 -0.158  0.152  0.323  0.651  0.750  0.889  0.868  0.739  0.782  0.810  0.891  0.924  0.892  0.922  0.961  0.992  1.000  0.983  0.966  0.967  0.926  0.904  0.921  0.959  0.886  0.832  0.787  0.664  0.457  0.376  0.205  0.124  0.332  0.554  0.766  0.925  0.963  0.940  0.895  0.768  0.731  0.814  0.758  0.632  0.686  0.708  0.576  0.546  0.618  0.562  0.664  0.709  0.814  0.825  0.829  0.728  0.678  0.565  0.526  0.526  0.358  0.371  0.527  0.516  0.627  0.734  0.680  0.719  0.495
  0.495  0.497  0.553  0.500  0.391  0.315  0.148 -0.042 -0.186 -0.110  0.041  0.161  0.173  0.377  0.506  0.556  0.353  0.656  0.153  0.184  0.066  0.170  0.377  0.431  0.493  0.615  0.839  0.304  0.039  0.048 -0.024 -0.312 -0.525 -0.525 -0.491 -0.719 -0.831 -0.639 -0.700 -0.830 -0.720 -0.750 -0.559 -0.381 -0.278 -0.005 -0.055 -0.278 -0.255 -0.379 -0.350 -0.219 -0.106 -0.027  0.259  0.372  0.683  0.747  0.863  0.833  0.630  0.681  0.714  0.816  0.863  0.832  0.862  0.922  0.967  0.983  1.000  0.981  0.958  0.912  0.898  0.905  0.963  0.922  0.904  0.872  0.765  0.572  0.484  0.312  0.219  0.412  0.636  0.818  0.956  0.978  0.981  0.942  0.846  0.813  0.890  0.850  0.741  0.788  0.809  0.695  0.667  0.731  0.679  0.767  0.799  0.881  0.875  0.863  0.784  0.744  0.651  0.632  0.641  0.486  0.506  0.653  0.639  0.719  0.797  0.695  0.676  0.437
  0.604  0.605  0.645  0.588  0.481  0.390  0.229  0.040 -0.147 -0.116  0.042  0.136  0.114  0.309  0.456  0.437  0.204  0.569  0.133  0.187  0.103  0.201  0.410  0.491  0.550  0.712  0.881  0.403  0.007 -0.065 -0.184 -0.459 -0.631 -0.636 -0.615 -0.810 -0.862 -0.688 -0.766 -0.851 -0.715 -0.693 -0.457 -0.253 -0.119  0.149  0.088 -0.138 -0.151 -0.315 -0.327 -0.229 -0.166 -0.133  0.118  0.208  0.549  0.628  0.787  0.754  0.648  0.706  0.729  0.805  0.871  0.877  0.888  0.947  0.961  0.966  0.981  1.000  0.987  0.965  0.960  0.959  0.990  0.962  0.905  0.828  0.687  0.466  0.356  0.172  0.066  0.259  0.507  0.709  0.895  0.932  0.960  0.963  0.873  0.847  0.896  0.830  0.737  0.782  0.772  0.651  0.641  0.691  0.615  0.695  0.716  0.801  0.780  0.760  0.667  0.623  0.527  0.526  0.553  0.396  0.440  0.616  0.639  0.766  0.856  0.803  0.780  0.571
  0.676  0.682  0.721  0.669  0.576  0.482  0.329  0.152 -0.046 -0.032  0.130  0.217  0.175  0.354  0.500  0.424  0.151  0.483  0.043  0.099  0.029  0.123  0.336  0.435  0.496  0.704  0.903  0.484  0.072 -0.047 -0.226 -0.492 -0.632 -0.682 -0.685 -0.849 -0.893 -0.758 -0.828 -0.888 -0.762 -0.712 -0.473 -0.275 -0.098  0.155  0.082 -0.135 -0.176 -0.357 -0.398 -0.319 -0.273 -0.246  0.008  0.126  0.484  0.589  0.773  0.747  0.718  0.772  0.788  0.845  0.907  0.921  0.927  0.971  0.968  0.967  0.958  0.987  1.000  0.986  0.976  0.978  0.989  0.946  0.854  0.755  0.595  0.358  0.247  0.059 -0.042  0.159  0.413  0.638  0.851  0.902  0.922  0.934  0.827  0.801  0.844  0.761  0.663  0.712  0.693  0.559  0.553  0.604  0.518  0.604  0.630  0.730  0.714  0.702  0.592  0.541  0.432  0.425  0.452  0.287  0.334  0.522  0.558  0.718  0.830  0.822  0.836  0.649
  0.753  0.758  0.786  0.739  0.650  0.553  0.411  0.237  0.019 -0.003  0.159  0.219  0.150  0.311  0.465  0.325  0.026  0.381 -0.002  0.070  0.030  0.117  0.327  0.446  0.503  0.746  0.912  0.556  0.067 -0.119 -0.343 -0.589 -0.689 -0.755 -0.773 -0.901 -0.901 -0.794 -0.871 -0.891 -0.754 -0.663 -0.391 -0.173  0.030  0.278  0.193 -0.026 -0.098 -0.313 -0.392 -0.346 -0.340 -0.347 -0.124 -0.015  0.358  0.479  0.695  0.669  0.733  0.788  0.795  0.826  0.897  0.939  0.931  0.969  0.940  0.926  0.912  0.965  0.986  1.000  0.996  0.995  0.979  0.941  0.815  0.680  0.497  0.242  0.118 -0.073 -0.179  0.019  0.284  0.525  0.771  0.835  0.870  0.913  0.807  0.788  0.810  0.706  0.620  0.668  0.625  0.487  0.495  0.535  0.431  0.513  0.531  0.635  0.611  0.596  0.473  0.419  0.308  0.311  0.350  0.185  0.248  0.455  0.518  0.715  0.838  0.877  0.897  0.742
  0.753  0.755  0.778  0.728  0.635  0.533  0.394  0.215 -0.011 -0.046  0.114  0.164  0.089  0.251  0.411  0.268 -0.020  0.378  0.037  0.117  0.087  0.171  0.377  0.498  0.552  0.787  0.906  0.553  0.018 -0.181 -0.394 -0.635 -0.729 -0.774 -0.786 -0.912 -0.888 -0.771 -0.859 -0.870 -0.715 -0.617 -0.330 -0.101  0.091  0.343  0.265  0.043 -0.027 -0.251 -0.338 -0.299 -0.309 -0.336 -0.134 -0.051  0.320  0.435  0.654  0.624  0.698  0.757  0.761  0.790  0.871  0.925  0.910  0.954  0.921  0.904  0.898  0.960  0.976  0.996  1.000  0.994  0.977  0.954  0.828  0.685  0.498  0.241  0.109 -0.085 -0.197 -0.006  0.265  0.499  0.752  0.814  0.866  0.923  0.830  0.816  0.826  0.720  0.646  0.691  0.638  0.505  0.520  0.552  0.443  0.516  0.525  0.622  0.588  0.564  0.445  0.395  0.290  0.307  0.354  0.196  0.267  0.478  0.551  0.752  0.867  0.906  0.908  0.761
  0.764  0.769  0.800  0.758  0.670  0.576  0.441  0.265  0.055  0.033  0.195  0.251  0.180  0.339  0.494  0.342  0.037  0.375 -0.020  0.047  0.006  0.092  0.303  0.425  0.485  0.743  0.927  0.585  0.105 -0.092 -0.331 -0.578 -0.669 -0.747 -0.775 -0.897 -0.901 -0.806 -0.881 -0.899 -0.767 -0.674 -0.399 -0.168  0.038  0.293  0.199 -0.028 -0.105 -0.329 -0.411 -0.370 -0.363 -0.365 -0.136 -0.016  0.359  0.487  0.705  0.680  0.753  0.808  0.817  0.843  0.913  0.954  0.943  0.975  0.942  0.921  0.905  0.959  0.978  0.995  0.994  1.000  0.980  0.936  0.802  0.667  0.480  0.222  0.099 -0.091 -0.193  0.008  0.273  0.519  0.769  0.834  0.863  0.903  0.791  0.771  0.795  0.688  0.598  0.648  0.605  0.464  0.470  0.512  0.408  0.493  0.512  0.622  0.603  0.589  0.460  0.406  0.291  0.291  0.328  0.161  0.222  0.432  0.496  0.699  0.828  0.876  0.909  0.754
  0.651  0.654  0.693  0.642  0.538  0.443  0.292  0.103 -0.087 -0.074  0.088  0.170  0.132  0.320  0.473  0.416  0.165  0.534  0.111  0.165  0.091  0.185  0.395  0.490  0.551  0.743  0.915  0.473  0.042 -0.072 -0.226 -0.496 -0.646 -0.667 -0.662 -0.839 -0.875 -0.721 -0.802 -0.868 -0.729 -0.688 -0.435 -0.224 -0.073  0.199  0.136 -0.094 -0.120 -0.306 -0.341 -0.261 -0.214 -0.191  0.053  0.150  0.504  0.595  0.771  0.739  0.684  0.742  0.762  0.826  0.896  0.910  0.912  0.963  0.964  0.959  0.963  0.990  0.989  0.979  0.977  0.980  1.000  0.970  0.891  0.796  0.640  0.405  0.289  0.101 -0.006  0.192  0.450  0.664  0.871  0.914  0.944  0.959  0.864  0.840  0.880  0.803  0.711  0.757  0.737  0.610  0.605  0.652  0.567  0.647  0.666  0.758  0.736  0.715  0.611  0.566  0.465  0.468  0.500  0.340  0.390  0.578  0.613  0.763  0.867  0.841  0.832  0.637
  0.577  0.574  0.594  0.525  0.406  0.289  0.141 -0.048 -0.262 -0.282 -0.129 -0.060 -0.100  0.095  0.262  0.246  0.068  0.589  0.311  0.382  0.326  0.412  0.601  0.686  0.735  0.860  0.863  0.400 -0.158 -0.271 -0.340 -0.595 -0.751 -0.672 -0.630 -0.822 -0.787 -0.576 -0.694 -0.750 -0.553 -0.512 -0.234 -0.043  0.045  0.311  0.304  0.095  0.102 -0.072 -0.110 -0.038 -0.024 -0.059  0.109  0.101  0.430  0.471  0.636  0.588  0.508  0.578  0.595  0.669  0.770  0.807  0.796  0.879  0.883  0.886  0.922  0.962  0.946  0.941  0.954  0.936  0.970  1.000  0.953  0.849  0.700  0.480  0.343  0.154  0.026  0.191  0.456  0.626  0.826  0.854  0.939  0.991  0.954  0.941  0.950  0.884  0.836  0.866  0.823  0.726  0.740  0.761  0.669  0.715  0.706  0.761  0.700  0.652  0.580  0.549  0.484  0.530  0.587  0.458  0.530  0.710  0.766  0.896  0.960  0.901  0.806  0.629
  0.334  0.326  0.351  0.271  0.136  0.024 -0.132 -0.322 -0.491 -0.467 -0.332 -0.233 -0.222 -0.005  0.143  0.279  0.214  0.766  0.512  0.566  0.472  0.561  0.725  0.757  0.799  0.795  0.734  0.162 -0.296 -0.271 -0.186 -0.445 -0.673 -0.495 -0.396 -0.652 -0.651 -0.359 -0.481 -0.600 -0.398 -0.439 -0.212 -0.071 -0.093  0.172  0.225  0.037  0.126  0.027  0.060  0.181  0.243  0.231  0.386  0.318  0.575  0.546  0.632  0.574  0.307  0.378  0.410  0.534  0.633  0.634  0.641  0.752  0.804  0.832  0.904  0.905  0.854  0.815  0.828  0.802  0.891  0.953  1.000  0.963  0.877  0.717  0.598  0.432  0.305  0.439  0.667  0.763  0.876  0.869  0.961  0.979  0.985  0.971  0.996  0.982  0.949  0.967  0.954  0.897  0.897  0.918  0.861  0.888  0.872  0.887  0.817  0.756  0.735  0.725  0.697  0.751  0.801  0.703  0.757  0.883  0.898  0.931  0.938  0.770  0.599  0.385
  0.127  0.120  0.161  0.086 -0.047 -0.134 -0.290 -0.469 -0.575 -0.486 -0.371 -0.240 -0.175  0.051  0.169  0.418  0.429  0.890  0.578  0.593  0.452  0.542  0.686  0.674  0.720  0.640  0.631  0.005 -0.263 -0.118  0.058 -0.204 -0.482 -0.275 -0.158 -0.455 -0.527 -0.212 -0.312 -0.492 -0.331 -0.446 -0.298 -0.201 -0.290 -0.038  0.034 -0.134  0.010 -0.016  0.088  0.252  0.381  0.430  0.610  0.552  0.744  0.676  0.687  0.631  0.209  0.272  0.322  0.480  0.555  0.505  0.536  0.649  0.744  0.787  0.872  0.828  0.755  0.680  0.685  0.667  0.796  0.849  0.963  1.000  0.971  0.869  0.785  0.650  0.545  0.663  0.841  0.887  0.917  0.881  0.942  0.903  0.915  0.891  0.950  0.982  0.935  0.950  0.981  0.945  0.922  0.956  0.939  0.968  0.965  0.962  0.911  0.859  0.871  0.871  0.859  0.892  0.917  0.835  0.855  0.929  0.892  0.844  0.824  0.580  0.399  0.149
 -0.087 -0.097 -0.051 -0.121 -0.250 -0.317 -0.464 -0.623 -0.671 -0.544 -0.457 -0.311 -0.207  0.010  0.094  0.439  0.532  0.931  0.641  0.635  0.473  0.556  0.666  0.611  0.647  0.479  0.454 -0.191 -0.309 -0.057  0.216 -0.023 -0.331 -0.084  0.062 -0.255 -0.366 -0.029 -0.112 -0.330 -0.196 -0.372 -0.293 -0.249 -0.410 -0.188 -0.083 -0.217 -0.023  0.018  0.174  0.364  0.529  0.606  0.772  0.693  0.804  0.694  0.636  0.581  0.046  0.101  0.160  0.341  0.398  0.317  0.362  0.481  0.606  0.664  0.765  0.687  0.595  0.497  0.498  0.480  0.640  0.700  0.877  0.971  1.000  0.961  0.909  0.809  0.722  0.806  0.928  0.914  0.865  0.805  0.852  0.779  0.814  0.788  0.863  0.936  0.896  0.902  0.963  0.959  0.922  0.958  0.976  0.993  0.990  0.961  0.917  0.866  0.915  0.930  0.944  0.972  0.980  0.928  0.924  0.943  0.867  0.744  0.686  0.381  0.174 -0.083
 -0.338 -0.349 -0.304 -0.369 -0.482 -0.525 -0.644 -0.763 -0.748 -0.594 -0.548 -0.399 -0.259 -0.067 -0.023  0.409  0.607  0.925  0.710  0.675  0.503  0.568  0.626  0.526  0.551  0.289  0.223 -0.383 -0.345 -0.002  0.371  0.181 -0.133  0.159  0.324  0.010 -0.121  0.217  0.152 -0.087  0.012 -0.215 -0.221 -0.246 -0.487 -0.323 -0.182 -0.258 -0.019  0.102  0.305  0.506  0.693  0.788  0.909  0.794  0.800  0.639  0.504  0.451 -0.172 -0.129 -0.064  0.130  0.168  0.060  0.116  0.235  0.386  0.457  0.572  0.466  0.358  0.242  0.241  0.222  0.405  0.480  0.717  0.869  0.961  1.000  0.983  0.934  0.873  0.906  0.956  0.864  0.729  0.641  0.677  0.578  0.646  0.622  0.702  0.817  0.797  0.788  0.874  0.912  0.866  0.895  0.951  0.946  0.941  0.877  0.838  0.790  0.884  0.916  0.966  0.990  0.985  0.977  0.950  0.903  0.796  0.593  0.492  0.139 -0.093 -0.332
 -0.440 -0.450 -0.397 -0.448 -0.546 -0.564 -0.673 -0.772 -0.709 -0.522 -0.494 -0.338 -0.176 -0.002  0.012  0.472  0.691  0.890  0.643  0.587  0.402  0.461  0.500  0.380  0.403  0.120  0.115 -0.462 -0.275  0.121  0.509  0.338  0.023  0.290  0.449  0.144 -0.034  0.278  0.242 -0.016  0.037 -0.219 -0.282 -0.335 -0.588 -0.451 -0.318 -0.376 -0.128  0.029  0.260  0.472  0.688  0.821  0.955  0.872  0.831  0.668  0.496  0.454 -0.208 -0.176 -0.106  0.089  0.102 -0.032  0.036  0.139  0.302  0.376  0.484  0.356  0.247  0.118  0.109  0.099  0.289  0.343  0.598  0.785  0.909  0.983  1.000  0.979  0.941  0.961  0.966  0.855  0.675  0.580  0.583  0.450  0.509  0.479  0.579  0.712  0.680  0.672  0.783  0.829  0.769  0.808  0.887  0.888  0.895  0.829  0.812  0.778  0.881  0.916  0.968  0.970  0.944  0.946  0.894  0.815  0.679  0.443  0.337 -0.026 -0.230 -0.470
 -0.583 -0.593 -0.541 -0.579 -0.660 -0.654 -0.733 -0.798 -0.687 -0.489 -0.493 -0.345 -0.168 -0.027 -0.047  0.440  0.711  0.818  0.624  0.548  0.365  0.408  0.409  0.265  0.281 -0.042 -0.055 -0.559 -0.256  0.179  0.603  0.478  0.181  0.450  0.607  0.328  0.137  0.422  0.407  0.149  0.165 -0.111 -0.233 -0.330 -0.619 -0.531 -0.386 -0.402 -0.141  0.060  0.309  0.514  0.736  0.881  0.982  0.892  0.781  0.597  0.383  0.347 -0.329 -0.308 -0.239 -0.050 -0.056 -0.203 -0.131 -0.039  0.129  0.205  0.312  0.172  0.059 -0.073 -0.085 -0.091  0.101  0.154  0.432  0.650  0.809  0.934  0.979  1.000  0.986  0.969  0.918  0.764  0.534  0.428  0.415  0.267  0.339  0.310  0.412  0.566  0.544  0.528  0.651  0.721  0.656  0.691  0.793  0.783  0.793  0.710  0.703  0.675  0.801  0.845  0.914  0.908  0.870  0.900  0.833  0.713  0.560  0.285  0.160 -0.209 -0.408 -0.621
 -0.646 -0.653 -0.595 -0.619 -0.681 -0.652 -0.712 -0.754 -0.605 -0.390 -0.410 -0.263 -0.074  0.044  0.001  0.486  0.768  0.761  0.547  0.448  0.259  0.293  0.277  0.125  0.142 -0.177 -0.131 -0.575 -0.155  0.296  0.709  0.606  0.327  0.562  0.699  0.441  0.220  0.463  0.473  0.213  0.184 -0.103 -0.271 -0.388 -0.676 -0.619 -0.488 -0.483 -0.227 -0.002  0.260  0.460  0.700  0.874  0.981  0.925  0.777  0.598  0.361  0.335 -0.339 -0.331 -0.259 -0.079 -0.108 -0.271 -0.192 -0.120  0.051  0.124  0.219  0.066 -0.042 -0.179 -0.197 -0.193 -0.006  0.026  0.305  0.545  0.722  0.873  0.941  0.986  1.000  0.972  0.885  0.720  0.461  0.353  0.310  0.140  0.199  0.167  0.279  0.442  0.410  0.395  0.534  0.608  0.533  0.574  0.693  0.688  0.709  0.630  0.643  0.631  0.759  0.802  0.870  0.843  0.789  0.826  0.741  0.598  0.429  0.139  0.019 -0.339 -0.502 -0.703
 -0.491 -0.494 -0.421 -0.447 -0.520 -0.499 -0.588 -0.661 -0.538 -0.307 -0.294 -0.127  0.057  0.206  0.188  0.640  0.843  0.837  0.482  0.381  0.172  0.226  0.257  0.128  0.163 -0.086  0.069 -0.440 -0.047  0.376  0.718  0.559  0.259  0.446  0.562  0.280  0.024  0.266  0.276  0.002 -0.026 -0.303 -0.436 -0.504 -0.734 -0.625 -0.533 -0.578 -0.344 -0.159  0.095  0.311  0.573  0.777  0.961  0.970  0.898  0.760  0.561  0.535 -0.133 -0.121 -0.043  0.143  0.114 -0.056  0.027  0.095  0.265  0.332  0.412  0.259  0.159  0.019 -0.006  0.008  0.192  0.191  0.439  0.663  0.806  0.906  0.961  0.969  0.972  1.000  0.959  0.854  0.639  0.545  0.483  0.301  0.316  0.274  0.408  0.549  0.482  0.482  0.626  0.663  0.580  0.640  0.745  0.770  0.805  0.761  0.788  0.786  0.877  0.905  0.938  0.894  0.834  0.829  0.744  0.640  0.470  0.220  0.138 -0.206 -0.327 -0.571
 -0.281 -0.283 -0.212 -0.256 -0.355 -0.370 -0.492 -0.611 -0.559 -0.356 -0.300 -0.129  0.026  0.218  0.248  0.653  0.785  0.924  0.520  0.449  0.243  0.317  0.400  0.307  0.352  0.163  0.307 -0.286 -0.085  0.267  0.556  0.339  0.023  0.212  0.330  0.020 -0.205  0.075  0.051 -0.214 -0.184 -0.424 -0.466 -0.474 -0.657 -0.483 -0.401 -0.502 -0.287 -0.169  0.051  0.267  0.509  0.685  0.901  0.909  0.938  0.826  0.692  0.655  0.027  0.057  0.133  0.322  0.325  0.179  0.252  0.336  0.492  0.554  0.636  0.507  0.413  0.284  0.265  0.273  0.450  0.456  0.667  0.841  0.928  0.956  0.966  0.918  0.885  0.959  1.000  0.953  0.815  0.737  0.705  0.553  0.556  0.514  0.638  0.747  0.672  0.681  0.800  0.805  0.733  0.795  0.863  0.900  0.929  0.906  0.914  0.899  0.960  0.977  0.987  0.959  0.921  0.879  0.822  0.779  0.641  0.451  0.395  0.067 -0.067 -0.339
 -0.015 -0.015  0.067  0.028 -0.075 -0.099 -0.245 -0.397 -0.390 -0.195 -0.100  0.073  0.194  0.400  0.458  0.758  0.755  0.881  0.341  0.289  0.087  0.179  0.319  0.271  0.333  0.264  0.531 -0.075  0.053  0.319  0.469  0.205 -0.097 -0.005  0.074 -0.225 -0.465 -0.222 -0.242 -0.488 -0.459 -0.649 -0.629 -0.565 -0.640 -0.414 -0.397 -0.558 -0.406 -0.365 -0.190  0.018  0.253  0.440  0.733  0.828  0.964  0.925  0.868  0.837  0.313  0.346  0.417  0.585  0.588  0.456  0.525  0.592  0.721  0.766  0.818  0.709  0.638  0.525  0.499  0.519  0.664  0.626  0.763  0.887  0.914  0.864  0.855  0.764  0.720  0.854  0.953  1.000  0.944  0.900  0.848  0.703  0.645  0.597  0.731  0.795  0.680  0.710  0.818  0.769  0.698  0.777  0.815  0.888  0.934  0.962  0.986  0.984  0.987  0.980  0.940  0.892  0.854  0.757  0.711  0.730  0.611  0.504  0.509  0.246  0.181 -0.110
  0.282  0.285  0.357  0.312  0.201  0.147 -0.014 -0.193 -0.269 -0.132  0.002  0.151  0.215  0.430  0.533  0.697  0.578  0.803  0.249  0.234  0.068  0.170  0.354  0.366  0.435  0.484  0.754  0.172  0.082  0.204  0.224 -0.069 -0.328 -0.290 -0.242 -0.512 -0.692 -0.475 -0.519 -0.710 -0.637 -0.742 -0.622 -0.488 -0.463 -0.197 -0.219 -0.426 -0.342 -0.398 -0.299 -0.130  0.049  0.188  0.494  0.612  0.856  0.877  0.917  0.885  0.525  0.569  0.625  0.761  0.789  0.706  0.753  0.815  0.899  0.925  0.956  0.895  0.851  0.771  0.752  0.769  0.871  0.826  0.876  0.917  0.865  0.729  0.675  0.534  0.461  0.639  0.815  0.944  1.000  0.991  0.964  0.870  0.784  0.741  0.850  0.856  0.737  0.778  0.841  0.751  0.700  0.775  0.764  0.850  0.891  0.954  0.965  0.959  0.911  0.885  0.811  0.776  0.762  0.625  0.615  0.709  0.645  0.644  0.697  0.520  0.486  0.210
  0.390  0.393  0.466  0.424  0.316  0.259  0.099 -0.087 -0.183 -0.063  0.080  0.221  0.262  0.470  0.579  0.685  0.512  0.726  0.155  0.154  0.003  0.107  0.305  0.338  0.407  0.505  0.802  0.249  0.121  0.195  0.153 -0.140 -0.378 -0.383 -0.352 -0.599 -0.771 -0.580 -0.621 -0.789 -0.718 -0.792 -0.648 -0.496 -0.423 -0.151 -0.196 -0.415 -0.364 -0.452 -0.382 -0.227 -0.066  0.063  0.381  0.525  0.804  0.855  0.930  0.903  0.615  0.660  0.708  0.826  0.854  0.786  0.828  0.880  0.945  0.963  0.978  0.932  0.902  0.835  0.814  0.834  0.914  0.854  0.869  0.881  0.805  0.641  0.580  0.428  0.353  0.545  0.737  0.900  0.991  1.000  0.969  0.888  0.783  0.740  0.844  0.829  0.702  0.749  0.802  0.693  0.647  0.725  0.698  0.794  0.839  0.920  0.934  0.933  0.864  0.829  0.738  0.697  0.686  0.534  0.530  0.648  0.599  0.636  0.711  0.575  0.569  0.305
  0.401  0.399  0.449  0.388  0.264  0.177  0.010 -0.186 -0.327 -0.254 -0.108  0.014  0.035  0.253  0.386  0.496  0.354  0.744  0.309  0.343  0.221  0.322  0.514  0.551  0.608  0.669  0.801  0.221 -0.084 -0.042 -0.036 -0.322 -0.559 -0.485 -0.419 -0.674 -0.763 -0.520 -0.602 -0.745 -0.605 -0.658 -0.460 -0.299 -0.259  0.023  0.018 -0.198 -0.134 -0.241 -0.197 -0.056  0.055  0.113  0.363  0.413  0.699  0.721  0.813  0.771  0.503  0.563  0.601  0.722  0.787  0.755  0.780  0.862  0.919  0.940  0.981  0.960  0.922  0.870  0.866  0.863  0.944  0.939  0.961  0.942  0.852  0.677  0.583  0.415  0.310  0.483  0.705  0.848  0.964  0.969  1.000  0.969  0.911  0.882  0.949  0.928  0.842  0.878  0.896  0.805  0.783  0.835  0.788  0.855  0.871  0.926  0.899  0.868  0.815  0.789  0.722  0.727  0.747  0.613  0.640  0.772  0.757  0.803  0.851  0.704  0.623  0.377
  0.498  0.492  0.517  0.445  0.319  0.206  0.048 -0.147 -0.342 -0.336 -0.186 -0.100 -0.119  0.088  0.245  0.288  0.138  0.654  0.355  0.423  0.348  0.440  0.626  0.690  0.736  0.816  0.819  0.296 -0.202 -0.250 -0.267 -0.531 -0.724 -0.621 -0.555 -0.776 -0.770 -0.527 -0.641 -0.728 -0.535 -0.529 -0.273 -0.094 -0.040  0.233  0.241  0.032  0.067 -0.080 -0.088  0.011  0.052  0.034  0.216  0.201  0.510  0.533  0.669  0.620  0.462  0.531  0.553  0.649  0.744  0.763  0.764  0.856  0.881  0.895  0.942  0.963  0.934  0.913  0.923  0.903  0.959  0.991  0.979  0.903  0.779  0.578  0.450  0.267  0.140  0.301  0.553  0.703  0.870  0.888  0.969  1.000  0.969  0.955  0.977  0.930  0.879  0.909  0.882  0.794  0.800  0.826  0.749  0.794  0.786  0.832  0.774  0.724  0.666  0.641  0.583  0.626  0.676  0.551  0.612  0.774  0.809  0.902  0.947  0.844  0.729  0.529
  0.368  0.358  0.364  0.276  0.143  0.015 -0.132 -0.316 -0.515 -0.536 -0.404 -0.330 -0.344 -0.140  0.018  0.117  0.057  0.688  0.544  0.623  0.564  0.644  0.796  0.840  0.871  0.865  0.703  0.174 -0.397 -0.421 -0.338 -0.572 -0.770 -0.568 -0.462 -0.692 -0.626 -0.334 -0.475 -0.555 -0.320 -0.327 -0.070  0.072  0.051  0.302  0.369  0.195  0.270  0.152  0.153  0.246  0.259  0.193  0.292  0.173  0.431  0.397  0.504  0.443  0.245  0.321  0.340  0.448  0.566  0.599  0.591  0.710  0.744  0.768  0.846  0.873  0.827  0.807  0.830  0.791  0.864  0.954  0.985  0.915  0.814  0.646  0.509  0.339  0.199  0.316  0.556  0.645  0.784  0.783  0.911  0.969  1.000  0.997  0.991  0.964  0.959  0.971  0.929  0.880  0.900  0.901  0.826  0.835  0.801  0.804  0.712  0.638  0.620  0.613  0.596  0.677  0.747  0.662  0.737  0.874  0.920  0.976  0.974  0.830  0.633  0.455
  0.365  0.353  0.352  0.263  0.129 -0.002 -0.146 -0.328 -0.534 -0.568 -0.440 -0.377 -0.399 -0.201 -0.043  0.049 -0.006  0.653  0.556  0.647  0.601  0.678  0.823  0.867  0.892  0.877  0.672  0.156 -0.448 -0.483 -0.393 -0.615 -0.803 -0.590 -0.477 -0.697 -0.608 -0.313 -0.461 -0.528 -0.281 -0.278 -0.012  0.128  0.102  0.348  0.424  0.255  0.328  0.206  0.195  0.279  0.274  0.186  0.262  0.120  0.374  0.336  0.446  0.384  0.207  0.284  0.299  0.401  0.525  0.570  0.556  0.680  0.708  0.731  0.813  0.847  0.801  0.788  0.816  0.771  0.840  0.941  0.971  0.891  0.788  0.622  0.479  0.310  0.167  0.274  0.514  0.597  0.741  0.740  0.882  0.955  0.997  1.000  0.982  0.952  0.960  0.969  0.917  0.873  0.901  0.894  0.815  0.815  0.773  0.770  0.669  0.588  0.574  0.569  0.559  0.652  0.729  0.651  0.732  0.871  0.926  0.985  0.976  0.838  0.627  0.463
  0.338  0.328  0.347  0.266  0.129  0.013 -0.146 -0.338 -0.515 -0.499 -0.366 -0.273 -0.269 -0.056  0.091  0.222  0.154  0.732  0.509  0.579  0.497  0.586  0.747  0.778  0.813  0.799  0.703  0.127 -0.354 -0.330 -0.239 -0.490 -0.716 -0.533 -0.421 -0.672 -0.656 -0.358 -0.483 -0.594 -0.381 -0.416 -0.180 -0.039 -0.063  0.203  0.262  0.076  0.164  0.059  0.082  0.200  0.248  0.218  0.359  0.275  0.532  0.503  0.593  0.535  0.281  0.354  0.382  0.503  0.607  0.617  0.621  0.737  0.787  0.814  0.890  0.896  0.844  0.810  0.826  0.795  0.880  0.950  0.996  0.950  0.863  0.702  0.579  0.412  0.279  0.408  0.638  0.731  0.850  0.844  0.949  0.977  0.991  0.982  1.000  0.983  0.958  0.976  0.956  0.901  0.908  0.923  0.862  0.883  0.861  0.871  0.795  0.728  0.708  0.701  0.676  0.740  0.795  0.700  0.758  0.886  0.906  0.942  0.942  0.776  0.594  0.388
  0.180  0.170  0.195  0.111 -0.029 -0.136 -0.292 -0.475 -0.616 -0.571 -0.453 -0.342 -0.306 -0.087  0.043  0.259  0.261  0.820  0.605  0.655  0.548  0.635  0.776  0.775  0.808  0.725  0.612 -0.002 -0.393 -0.289 -0.114 -0.361 -0.621 -0.391 -0.256 -0.536 -0.548 -0.218 -0.339 -0.485 -0.284 -0.368 -0.177 -0.076 -0.162  0.091  0.182  0.017  0.152  0.099  0.167  0.310  0.391  0.382  0.517  0.410  0.615  0.546  0.585  0.524  0.164  0.234  0.273  0.419  0.515  0.499  0.515  0.640  0.718  0.758  0.850  0.830  0.761  0.706  0.720  0.688  0.803  0.884  0.982  0.982  0.936  0.817  0.712  0.566  0.442  0.549  0.747  0.795  0.856  0.829  0.928  0.930  0.964  0.952  0.983  1.000  0.979  0.990  0.992  0.961  0.957  0.974  0.938  0.950  0.928  0.916  0.840  0.771  0.783  0.787  0.784  0.845  0.891  0.816  0.857  0.948  0.940  0.917  0.888  0.664  0.451  0.229
  0.117  0.102  0.107  0.014 -0.125 -0.244 -0.385 -0.554 -0.707 -0.699 -0.596 -0.510 -0.483 -0.279 -0.148  0.076  0.131  0.776  0.711  0.777  0.699  0.773  0.884  0.878  0.895  0.765  0.513 -0.064 -0.539 -0.450 -0.224 -0.435 -0.675 -0.384 -0.227 -0.492 -0.438 -0.090 -0.232 -0.351 -0.116 -0.188  0.014  0.093 -0.032  0.194  0.323  0.188  0.334  0.290  0.344  0.466  0.504  0.442  0.499  0.311  0.481  0.380  0.411  0.343  0.006  0.081  0.110  0.250  0.365  0.374  0.377  0.518  0.588  0.632  0.741  0.737  0.663  0.620  0.646  0.598  0.711  0.836  0.949  0.935  0.896  0.797  0.680  0.544  0.410  0.482  0.672  0.680  0.737  0.702  0.842  0.879  0.959  0.960  0.958  0.979  1.000  0.997  0.976  0.972  0.986  0.978  0.937  0.918  0.872  0.831  0.728  0.640  0.676  0.691  0.717  0.812  0.877  0.834  0.892  0.972  0.986  0.953  0.893  0.666  0.400  0.215
  0.164  0.149  0.160  0.070 -0.070 -0.187 -0.336 -0.513 -0.669 -0.652 -0.542 -0.450 -0.426 -0.217 -0.084  0.125  0.149  0.774  0.658  0.726  0.644  0.723  0.849  0.848  0.869  0.763  0.556 -0.036 -0.499 -0.413 -0.216 -0.439 -0.683 -0.420 -0.270 -0.537 -0.500 -0.159 -0.296 -0.419 -0.190 -0.260 -0.052  0.044 -0.060  0.181  0.293  0.142  0.278  0.221  0.271  0.398  0.444  0.395  0.479  0.320  0.511  0.428  0.470  0.405  0.076  0.150  0.180  0.319  0.429  0.435  0.440  0.577  0.646  0.686  0.788  0.782  0.712  0.668  0.691  0.648  0.757  0.866  0.967  0.950  0.902  0.788  0.672  0.528  0.395  0.482  0.681  0.710  0.778  0.749  0.878  0.909  0.971  0.969  0.976  0.990  0.997  1.000  0.983  0.966  0.976  0.977  0.932  0.925  0.886  0.858  0.763  0.680  0.703  0.713  0.726  0.811  0.872  0.814  0.870  0.959  0.970  0.950  0.903  0.684  0.439  0.242
  0.076  0.064  0.092  0.009 -0.131 -0.229 -0.384 -0.561 -0.676 -0.610 -0.505 -0.386 -0.330 -0.113  0.001  0.268  0.310  0.848  0.643  0.685  0.568  0.653  0.779  0.757  0.784  0.654  0.529 -0.106 -0.428 -0.269 -0.043 -0.281 -0.560 -0.308 -0.154 -0.448 -0.479 -0.133 -0.247 -0.414 -0.222 -0.337 -0.176 -0.099 -0.223  0.021  0.130 -0.021  0.140  0.119  0.212  0.371  0.469  0.473  0.602  0.482  0.650  0.560  0.565  0.504  0.084  0.152  0.195  0.354  0.443  0.411  0.435  0.566  0.660  0.708  0.809  0.772  0.693  0.625  0.638  0.605  0.737  0.823  0.954  0.981  0.963  0.874  0.783  0.651  0.534  0.626  0.800  0.818  0.841  0.802  0.896  0.882  0.929  0.917  0.956  0.992  0.976  0.983  1.000  0.984  0.974  0.992  0.972  0.978  0.955  0.929  0.855  0.785  0.815  0.827  0.837  0.898  0.936  0.875  0.905  0.969  0.942  0.881  0.832  0.574  0.345  0.116
 -0.068 -0.082 -0.064 -0.151 -0.287 -0.384 -0.523 -0.680 -0.775 -0.713 -0.630 -0.517 -0.447 -0.241 -0.141  0.179  0.297  0.856  0.749  0.786  0.672  0.746  0.838  0.791  0.808  0.609  0.396 -0.223 -0.524 -0.325 -0.021 -0.228 -0.509 -0.198 -0.022 -0.317 -0.327  0.039 -0.081 -0.251 -0.053 -0.190 -0.059 -0.022 -0.206  0.006  0.154  0.040  0.234  0.253  0.364  0.523  0.616  0.604  0.679  0.500  0.609  0.476  0.442  0.377 -0.088 -0.022  0.022  0.190  0.282  0.248  0.271  0.413  0.519  0.576  0.695  0.651  0.559  0.487  0.505  0.464  0.610  0.726  0.897  0.945  0.959  0.912  0.829  0.721  0.608  0.663  0.805  0.769  0.751  0.693  0.805  0.794  0.880  0.873  0.901  0.961  0.972  0.966  0.984  1.000  0.993  0.997  0.992  0.974  0.938  0.881  0.794  0.714  0.778  0.803  0.844  0.921  0.963  0.936  0.963  0.994  0.962  0.859  0.774  0.484  0.211 -0.001
 -0.034 -0.051 -0.044 -0.136 -0.273 -0.380 -0.515 -0.671 -0.788 -0.755 -0.672 -0.576 -0.524 -0.324 -0.215  0.077  0.193  0.809  0.769  0.823  0.732  0.801  0.888  0.851  0.862  0.666  0.390 -0.204 -0.587 -0.425 -0.127 -0.321 -0.583 -0.258 -0.078 -0.357 -0.324  0.044 -0.091 -0.235 -0.013 -0.126  0.031  0.074 -0.107  0.102  0.257  0.147  0.329  0.331  0.419  0.559  0.620  0.572  0.613  0.402  0.518  0.384  0.368  0.299 -0.117 -0.047 -0.012  0.145  0.251  0.240  0.252  0.399  0.492  0.546  0.667  0.641  0.553  0.495  0.520  0.470  0.605  0.740  0.897  0.922  0.922  0.866  0.769  0.656  0.533  0.580  0.733  0.698  0.700  0.647  0.783  0.800  0.900  0.901  0.908  0.957  0.986  0.976  0.974  0.993  1.000  0.992  0.973  0.944  0.896  0.833  0.731  0.642  0.705  0.732  0.779  0.874  0.929  0.908  0.951  0.993  0.983  0.897  0.809  0.537  0.247  0.057
 -0.016 -0.031 -0.011 -0.097 -0.236 -0.334 -0.480 -0.645 -0.750 -0.688 -0.598 -0.485 -0.422 -0.213 -0.109  0.192  0.281  0.843  0.711  0.756  0.645  0.723  0.826  0.788  0.805  0.627  0.433 -0.195 -0.512 -0.327 -0.047 -0.263 -0.544 -0.251 -0.078 -0.372 -0.384 -0.022 -0.141 -0.308 -0.107 -0.235 -0.089 -0.037 -0.202  0.024  0.160  0.032  0.214  0.217  0.318  0.476  0.567  0.554  0.644  0.480  0.610  0.492  0.473  0.409 -0.036  0.032  0.073  0.238  0.331  0.301  0.323  0.463  0.564  0.618  0.731  0.691  0.604  0.535  0.552  0.512  0.652  0.761  0.918  0.956  0.958  0.895  0.808  0.691  0.574  0.640  0.795  0.777  0.775  0.725  0.835  0.826  0.901  0.894  0.923  0.974  0.978  0.977  0.992  0.997  0.992  1.000  0.988  0.976  0.942  0.894  0.810  0.731  0.783  0.805  0.836  0.910  0.953  0.914  0.945  0.988  0.960  0.872  0.797  0.518  0.256  0.041
 -0.141 -0.155 -0.126 -0.208 -0.341 -0.423 -0.562 -0.714 -0.778 -0.684 -0.609 -0.482 -0.391 -0.186 -0.104  0.254  0.387  0.880  0.728  0.750  0.618  0.693  0.780  0.716  0.733  0.513  0.346 -0.290 -0.488 -0.237  0.089 -0.118 -0.418 -0.116  0.065 -0.242 -0.294  0.072 -0.031 -0.226 -0.055 -0.223 -0.127 -0.107 -0.308 -0.100  0.048 -0.062  0.149  0.195  0.333  0.509  0.633  0.653  0.750  0.594  0.678  0.540  0.478  0.417 -0.102 -0.042  0.009  0.188  0.264  0.206  0.241  0.379  0.500  0.562  0.679  0.615  0.518  0.431  0.443  0.408  0.567  0.669  0.861  0.939  0.976  0.951  0.887  0.793  0.693  0.745  0.863  0.815  0.764  0.698  0.788  0.749  0.826  0.815  0.862  0.938  0.937  0.932  0.972  0.992  0.973  0.988  1.000  0.987  0.961  0.903  0.830  0.758  0.830  0.857  0.899  0.960  0.987  0.961  0.971  0.981  0.924  0.790  0.700  0.387  0.125 -0.102
 -0.067 -0.078 -0.035 -0.109 -0.242 -0.317 -0.467 -0.632 -0.694 -0.577 -0.488 -0.346 -0.254 -0.040  0.044  0.381  0.464  0.896  0.635  0.648  0.498  0.583  0.695  0.641  0.671  0.496  0.435 -0.222 -0.373 -0.126  0.149 -0.085 -0.394 -0.144  0.017 -0.296 -0.392 -0.045 -0.133 -0.342 -0.194 -0.362 -0.266 -0.224 -0.386 -0.158 -0.042 -0.177  0.017  0.049  0.189  0.377  0.526  0.582  0.736  0.643  0.762  0.654  0.606  0.551  0.033  0.092  0.147  0.326  0.389  0.318  0.362  0.486  0.607  0.664  0.767  0.695  0.604  0.513  0.516  0.493  0.647  0.715  0.888  0.968  0.993  0.946  0.888  0.783  0.688  0.770  0.900  0.888  0.850  0.794  0.855  0.794  0.835  0.815  0.883  0.950  0.918  0.925  0.978  0.974  0.944  0.976  0.987  1.000  0.991  0.958  0.905  0.847  0.896  0.914  0.930  0.967  0.981  0.929  0.929  0.953  0.884  0.769  0.705  0.405  0.187 -0.063
 -0.050 -0.058 -0.001 -0.066 -0.195 -0.257 -0.408 -0.575 -0.622 -0.483 -0.391 -0.237 -0.137  0.076  0.154  0.487  0.545  0.902  0.560  0.558  0.392  0.481  0.604  0.552  0.590  0.440  0.465 -0.192 -0.271 -0.013  0.233 -0.012 -0.326 -0.117  0.028 -0.286 -0.424 -0.099 -0.168 -0.391 -0.272 -0.450 -0.371 -0.326 -0.468 -0.238 -0.144 -0.286 -0.099 -0.064  0.087  0.284  0.458  0.549  0.745  0.701  0.829  0.737  0.689  0.640  0.112  0.167  0.226  0.405  0.453  0.365  0.418  0.529  0.653  0.709  0.799  0.716  0.630  0.531  0.525  0.512  0.666  0.706  0.872  0.965  0.990  0.941  0.895  0.793  0.709  0.805  0.929  0.934  0.891  0.839  0.871  0.786  0.801  0.773  0.861  0.928  0.872  0.886  0.955  0.938  0.896  0.942  0.961  0.991  1.000  0.982  0.947  0.903  0.943  0.953  0.954  0.967  0.967  0.900  0.887  0.910  0.827  0.712  0.665  0.371  0.188 -0.077
  0.080  0.077  0.143  0.083 -0.042 -0.101 -0.259 -0.436 -0.491 -0.348 -0.239 -0.081  0.007  0.223  0.309  0.585  0.569  0.872  0.430  0.427  0.257  0.354  0.505  0.475  0.523  0.446  0.575 -0.075 -0.142  0.078  0.239 -0.029 -0.332 -0.193 -0.080 -0.383 -0.548 -0.258 -0.315 -0.532 -0.432 -0.589 -0.494 -0.415 -0.495 -0.244 -0.194 -0.365 -0.214 -0.214 -0.079  0.114  0.297  0.412  0.661  0.685  0.861  0.814  0.799  0.758  0.285  0.335  0.392  0.559  0.596  0.506  0.561  0.654  0.768  0.814  0.881  0.801  0.730  0.635  0.622  0.622  0.758  0.761  0.887  0.962  0.961  0.877  0.829  0.710  0.630  0.761  0.906  0.962  0.954  0.920  0.926  0.832  0.804  0.770  0.871  0.916  0.831  0.858  0.929  0.881  0.833  0.894  0.903  0.958  0.982  1.000  0.984  0.955  0.960  0.955  0.924  0.914  0.907  0.809  0.794  0.844  0.763  0.689  0.680  0.423  0.298  0.023
  0.082  0.081  0.159  0.114  0.001 -0.036 -0.194 -0.363 -0.389 -0.215 -0.107  0.060  0.159  0.369  0.438  0.704  0.659  0.841  0.307  0.286  0.100  0.200  0.356  0.323  0.378  0.328  0.570 -0.061 -0.008  0.231  0.355  0.082 -0.219 -0.140 -0.049 -0.344 -0.563 -0.311 -0.339 -0.570 -0.517 -0.685 -0.624 -0.539 -0.590 -0.342 -0.328 -0.507 -0.372 -0.366 -0.216 -0.014  0.199  0.360  0.655  0.747  0.920  0.898  0.873  0.843  0.365  0.403  0.465  0.627  0.639  0.527  0.592  0.665  0.782  0.825  0.875  0.780  0.714  0.611  0.588  0.603  0.736  0.700  0.817  0.911  0.917  0.838  0.812  0.703  0.643  0.788  0.914  0.986  0.965  0.934  0.899  0.774  0.712  0.669  0.795  0.840  0.728  0.763  0.855  0.794  0.731  0.810  0.830  0.905  0.947  0.984  1.000  0.990  0.979  0.969  0.918  0.878  0.850  0.739  0.705  0.749  0.646  0.569  0.579  0.333  0.264 -0.024
  0.092  0.096  0.181  0.145  0.046  0.023 -0.129 -0.286 -0.296 -0.108 -0.003  0.169  0.274  0.474  0.533  0.782  0.716  0.809  0.219  0.180 -0.014  0.085  0.244  0.212  0.274  0.254  0.575 -0.023  0.105  0.342  0.430  0.159 -0.131 -0.096 -0.030 -0.313 -0.564 -0.347 -0.356 -0.590 -0.571 -0.738 -0.702 -0.621 -0.646 -0.411 -0.422 -0.598 -0.478 -0.465 -0.311 -0.110  0.121  0.312  0.634  0.772  0.943  0.940  0.914  0.892  0.429  0.457  0.520  0.675  0.669  0.544  0.616  0.672  0.789  0.829  0.863  0.760  0.702  0.596  0.564  0.589  0.715  0.652  0.756  0.859  0.866  0.790  0.778  0.675  0.631  0.786  0.899  0.984  0.959  0.933  0.868  0.724  0.638  0.588  0.728  0.771  0.640  0.680  0.785  0.714  0.642  0.731  0.758  0.847  0.903  0.955  0.990  1.000  0.978  0.959  0.895  0.832  0.790  0.671  0.625  0.664  0.551  0.479  0.506  0.278  0.251 -0.037
 -0.071 -0.069  0.013 -0.030 -0.131 -0.153 -0.296 -0.440 -0.429 -0.234 -0.149  0.028  0.156  0.354  0.400  0.726  0.746  0.869  0.357  0.309  0.107  0.198  0.326  0.266  0.320  0.217  0.456 -0.159  0.001  0.298  0.482  0.231 -0.079  0.027  0.123 -0.178 -0.421 -0.167 -0.183 -0.435 -0.407 -0.611 -0.610 -0.577 -0.673 -0.465 -0.427 -0.566 -0.399 -0.335 -0.151  0.063  0.301  0.484  0.763  0.842  0.953  0.898  0.826  0.798  0.252  0.284  0.351  0.526  0.524  0.389  0.465  0.537  0.675  0.728  0.784  0.667  0.592  0.473  0.445  0.460  0.611  0.580  0.735  0.871  0.915  0.884  0.881  0.801  0.759  0.877  0.960  0.987  0.911  0.864  0.815  0.666  0.620  0.574  0.708  0.783  0.676  0.703  0.815  0.778  0.705  0.783  0.830  0.896  0.943  0.960  0.979  0.978  1.000  0.993  0.963  0.914  0.873  0.786  0.734  0.736  0.610  0.483  0.470  0.190  0.109 -0.175
 -0.136 -0.137 -0.058 -0.101 -0.206 -0.228 -0.369 -0.511 -0.490 -0.291 -0.213 -0.036  0.097  0.294  0.333  0.689  0.740  0.881  0.407  0.360  0.159  0.247  0.362  0.290  0.338  0.200  0.398 -0.226 -0.059  0.264  0.488  0.246 -0.072  0.061  0.175 -0.132 -0.369 -0.098 -0.117 -0.375 -0.342 -0.560 -0.566 -0.546 -0.673 -0.468 -0.410 -0.542 -0.356 -0.278 -0.085  0.133  0.370  0.546  0.806  0.858  0.946  0.872  0.783  0.751  0.174  0.208  0.278  0.459  0.460  0.324  0.399  0.478  0.622  0.678  0.744  0.623  0.541  0.419  0.395  0.406  0.566  0.549  0.725  0.871  0.930  0.916  0.916  0.845  0.802  0.905  0.977  0.980  0.885  0.829  0.789  0.641  0.613  0.569  0.701  0.787  0.691  0.713  0.827  0.803  0.732  0.805  0.857  0.914  0.953  0.955  0.969  0.959  0.993  1.000  0.983  0.943  0.903  0.830  0.776  0.763  0.632  0.484  0.454  0.156  0.050 -0.232
 -0.267 -0.271 -0.201 -0.253 -0.358 -0.385 -0.515 -0.640 -0.609 -0.417 -0.357 -0.184 -0.039  0.153  0.184  0.590  0.717  0.905  0.535  0.486  0.290  0.367  0.452  0.359  0.397  0.193  0.290 -0.329 -0.171  0.182  0.485  0.269 -0.054  0.147  0.286 -0.027 -0.236  0.064  0.033 -0.227 -0.177 -0.414 -0.438 -0.458 -0.647 -0.466 -0.363 -0.460 -0.238 -0.125  0.082  0.299  0.526  0.678  0.881  0.867  0.904  0.787  0.665  0.626  0.003  0.039  0.113  0.305  0.315  0.180  0.253  0.347  0.502  0.565  0.651  0.527  0.432  0.308  0.290  0.291  0.465  0.484  0.697  0.859  0.944  0.966  0.968  0.914  0.870  0.938  0.987  0.940  0.811  0.738  0.722  0.583  0.596  0.559  0.676  0.784  0.717  0.726  0.837  0.844  0.779  0.836  0.899  0.930  0.954  0.924  0.918  0.895  0.963  0.983  1.000  0.981  0.948  0.907  0.855  0.814  0.682  0.497  0.432  0.101 -0.056 -0.323
 -0.277 -0.286 -0.234 -0.298 -0.414 -0.462 -0.594 -0.724 -0.720 -0.561 -0.502 -0.345 -0.214 -0.017  0.029  0.442  0.601  0.917  0.658  0.632  0.458  0.531  0.606  0.515  0.542  0.305  0.273 -0.358 -0.326  0.008  0.351  0.146 -0.174  0.090  0.254 -0.063 -0.208  0.130  0.068 -0.173 -0.074 -0.296 -0.285 -0.303 -0.522 -0.338 -0.202 -0.293 -0.059  0.045  0.234  0.439  0.629  0.727  0.875  0.786  0.820  0.678  0.563  0.512 -0.099 -0.053  0.015  0.208  0.247  0.138  0.196  0.312  0.461  0.526  0.632  0.526  0.425  0.311  0.307  0.291  0.468  0.530  0.751  0.892  0.972  0.990  0.970  0.908  0.843  0.894  0.959  0.892  0.776  0.697  0.727  0.626  0.677  0.652  0.740  0.845  0.812  0.811  0.898  0.921  0.874  0.910  0.960  0.967  0.967  0.914  0.878  0.832  0.914  0.943  0.981  1.000  0.990  0.966  0.935  0.901  0.793  0.610  0.522  0.182 -0.032 -0.283
 -0.236 -0.248 -0.207 -0.280 -0.405 -0.469 -0.601 -0.740 -0.766 -0.637 -0.574 -0.432 -0.316 -0.116 -0.053  0.343  0.505  0.913  0.720  0.713  0.558  0.629  0.705  0.623  0.646  0.406  0.296 -0.335 -0.413 -0.115  0.234  0.031 -0.280  0.015  0.189 -0.125 -0.222  0.133  0.050 -0.171 -0.035 -0.235 -0.188 -0.195 -0.416 -0.225 -0.076 -0.170  0.059  0.142  0.311  0.502  0.661  0.721  0.835  0.703  0.752  0.604  0.508  0.450 -0.127 -0.074 -0.013  0.175  0.233  0.148  0.195  0.323  0.461  0.526  0.641  0.553  0.452  0.350  0.354  0.328  0.500  0.587  0.801  0.917  0.980  0.985  0.944  0.870  0.789  0.834  0.921  0.854  0.762  0.686  0.747  0.676  0.747  0.729  0.795  0.891  0.877  0.872  0.936  0.963  0.929  0.953  0.987  0.981  0.967  0.907  0.850  0.790  0.873  0.903  0.948  0.990  1.000  0.981  0.969  0.951  0.866  0.700  0.606  0.272  0.026 -0.211
 -0.378 -0.391 -0.364 -0.439 -0.554 -0.614 -0.724 -0.835 -0.839 -0.723 -0.686 -0.558 -0.434 -0.255 -0.209  0.224  0.462  0.878  0.805  0.793  0.651  0.706  0.741  0.638  0.648  0.346  0.141 -0.441 -0.501 -0.178  0.238  0.079 -0.218  0.129  0.319  0.019 -0.047  0.314  0.226  0.014  0.153 -0.059 -0.046 -0.095 -0.370 -0.223 -0.039 -0.088  0.165  0.287  0.466  0.647  0.790  0.826  0.875  0.683  0.666  0.478  0.346  0.285 -0.310 -0.259 -0.202 -0.014  0.047 -0.035  0.007  0.143  0.286  0.358  0.486  0.396  0.287  0.185  0.196  0.161  0.340  0.458  0.703  0.835  0.928  0.977  0.946  0.900  0.826  0.829  0.879  0.757  0.625  0.534  0.613  0.551  0.662  0.651  0.700  0.816  0.834  0.814  0.875  0.936  0.908  0.914  0.961  0.929  0.900  0.809  0.739  0.671  0.786  0.830  0.907  0.966  0.981  1.000  0.988  0.935  0.851  0.647  0.519  0.167 -0.116 -0.320
 -0.305 -0.321 -0.306 -0.390 -0.513 -0.590 -0.700 -0.818 -0.858 -0.780 -0.736 -0.625 -0.523 -0.339 -0.272  0.127  0.354  0.862  0.848  0.856  0.736  0.790  0.830  0.744  0.751  0.464  0.191 -0.383 -0.570 -0.299  0.104 -0.055 -0.337  0.031  0.224 -0.068 -0.082  0.289  0.179 -0.006  0.169 -0.012  0.047  0.019 -0.247 -0.091  0.099  0.041  0.279  0.371  0.523  0.685  0.792  0.788  0.807  0.579  0.588  0.402  0.298  0.232 -0.310 -0.252 -0.203 -0.024  0.057  0.003  0.032  0.176  0.303  0.371  0.506  0.440  0.334  0.248  0.267  0.222  0.390  0.530  0.757  0.855  0.924  0.950  0.894  0.833  0.741  0.744  0.822  0.711  0.615  0.530  0.640  0.612  0.737  0.732  0.758  0.857  0.892  0.870  0.905  0.963  0.951  0.945  0.971  0.929  0.887  0.794  0.705  0.625  0.734  0.776  0.855  0.935  0.969  0.988  1.000  0.971  0.916  0.741  0.614  0.280 -0.026 -0.217
 -0.091 -0.107 -0.095 -0.184 -0.320 -0.418 -0.547 -0.697 -0.794 -0.746 -0.670 -0.567 -0.499 -0.297 -0.193  0.126  0.269  0.855  0.798  0.833  0.727  0.793  0.874  0.828  0.843  0.634  0.379 -0.214 -0.550 -0.365 -0.047 -0.242 -0.511 -0.176 -0.001 -0.289 -0.274  0.094 -0.035 -0.195  0.014 -0.117  0.017  0.051 -0.148  0.052  0.210  0.106  0.301  0.323  0.432  0.579  0.659  0.632  0.678  0.471  0.567  0.421  0.384  0.315 -0.140 -0.072 -0.031  0.133  0.233  0.207  0.224  0.369  0.471  0.527  0.653  0.616  0.522  0.455  0.478  0.432  0.578  0.710  0.883  0.929  0.943  0.903  0.815  0.713  0.598  0.640  0.779  0.730  0.709  0.648  0.772  0.774  0.874  0.871  0.886  0.948  0.972  0.959  0.969  0.994  0.993  0.988  0.981  0.953  0.910  0.844  0.749  0.664  0.736  0.763  0.814  0.901  0.951  0.935  0.971  1.000  0.977  0.871  0.779  0.490  0.200  0.002
  0.027  0.011  0.005 -0.092 -0.226 -0.345 -0.466 -0.615 -0.760 -0.770 -0.687 -0.614 -0.583 -0.389 -0.262 -0.017  0.099  0.774  0.804  0.863  0.796  0.855  0.938  0.922  0.933  0.765  0.434 -0.101 -0.598 -0.508 -0.235 -0.417 -0.642 -0.302 -0.140 -0.395 -0.306  0.048 -0.105 -0.214  0.032 -0.042  0.145  0.201  0.034  0.229  0.384  0.280  0.440  0.419  0.480  0.588  0.611  0.527  0.528  0.287  0.415  0.282  0.292  0.219 -0.125 -0.050 -0.024  0.115  0.238  0.254  0.250  0.397  0.469  0.516  0.639  0.639  0.558  0.518  0.551  0.496  0.613  0.766  0.898  0.892  0.867  0.796  0.679  0.560  0.429  0.470  0.641  0.611  0.645  0.599  0.757  0.809  0.920  0.926  0.906  0.940  0.986  0.970  0.942  0.962  0.983  0.960  0.924  0.884  0.827  0.763  0.646  0.551  0.610  0.632  0.682  0.793  0.866  0.851  0.916  0.977  1.000  0.945  0.863  0.624  0.325  0.163
  0.316  0.304  0.290  0.196  0.067 -0.071 -0.196 -0.359 -0.572 -0.637 -0.523 -0.479 -0.507 -0.321 -0.160 -0.069 -0.076  0.634  0.647  0.735  0.707  0.770  0.890  0.934  0.953  0.917  0.621  0.160 -0.507 -0.570 -0.450 -0.644 -0.807 -0.548 -0.435 -0.639 -0.499 -0.203 -0.366 -0.410 -0.144 -0.128  0.139  0.260  0.206  0.422  0.523  0.384  0.463  0.350  0.331  0.392  0.357  0.236  0.250  0.053  0.277  0.213  0.318  0.249  0.095  0.174  0.185  0.279  0.417  0.479  0.453  0.583  0.603  0.627  0.719  0.766  0.718  0.715  0.752  0.699  0.763  0.896  0.931  0.844  0.744  0.593  0.443  0.285  0.139  0.220  0.451  0.504  0.644  0.636  0.803  0.902  0.976  0.985  0.942  0.917  0.953  0.950  0.881  0.859  0.897  0.872  0.790  0.769  0.712  0.689  0.569  0.479  0.483  0.484  0.497  0.610  0.700  0.647  0.741  0.871  0.945  1.000  0.975  0.841  0.598  0.467
  0.480  0.473  0.469  0.384  0.263  0.127  0.000 -0.170 -0.400 -0.468 -0.333 -0.290 -0.338 -0.152  0.022  0.030 -0.060  0.591  0.506  0.585  0.557  0.625  0.775  0.852  0.888  0.950  0.769  0.347 -0.335 -0.468 -0.458 -0.675 -0.809 -0.630 -0.565 -0.747 -0.624 -0.381 -0.533 -0.561 -0.316 -0.263  0.027  0.187  0.211  0.442  0.492  0.325  0.355  0.200  0.152  0.198  0.164  0.064  0.129  0.007  0.289  0.277  0.428  0.366  0.293  0.371  0.380  0.453  0.584  0.649  0.620  0.726  0.726  0.734  0.797  0.856  0.830  0.838  0.867  0.828  0.867  0.960  0.938  0.824  0.686  0.492  0.337  0.160  0.019  0.138  0.395  0.509  0.697  0.711  0.851  0.947  0.974  0.976  0.942  0.888  0.893  0.903  0.832  0.774  0.809  0.797  0.700  0.705  0.665  0.680  0.579  0.506  0.470  0.454  0.432  0.522  0.606  0.519  0.614  0.779  0.863  0.975  1.000  0.926  0.751  0.616
  0.709  0.708  0.692  0.628  0.539  0.408  0.309  0.163 -0.103 -0.231 -0.092 -0.097 -0.207 -0.072  0.108 -0.072 -0.272  0.299  0.246  0.340  0.370  0.421  0.576  0.711  0.749  0.951  0.823  0.601 -0.167 -0.467 -0.634 -0.811 -0.833 -0.772 -0.782 -0.859 -0.684 -0.562 -0.701 -0.638 -0.414 -0.260  0.066  0.262  0.407  0.603  0.588  0.424  0.354  0.125 -0.012 -0.040 -0.145 -0.280 -0.232 -0.294  0.034  0.099  0.330  0.283  0.458  0.528  0.517  0.519  0.646  0.757  0.704  0.767  0.703  0.680  0.695  0.803  0.822  0.877  0.906  0.876  0.841  0.901  0.770  0.580  0.381  0.139 -0.026 -0.209 -0.339 -0.206  0.067  0.246  0.520  0.575  0.704  0.844  0.830  0.838  0.776  0.664  0.666  0.684  0.574  0.484  0.537  0.518  0.387  0.405  0.371  0.423  0.333  0.278  0.190  0.156  0.101  0.182  0.272  0.167  0.280  0.490  0.624  0.841  0.926  1.000  0.920  0.859
  0.847  0.861  0.865  0.827  0.773  0.671  0.589  0.464  0.228  0.120  0.265  0.258  0.134  0.237  0.399  0.105 -0.209  0.128 -0.085 -0.021  0.008  0.058  0.232  0.396  0.451  0.785  0.888  0.784  0.165 -0.195 -0.525 -0.700 -0.665 -0.768 -0.858 -0.875 -0.769 -0.770 -0.856 -0.773 -0.635 -0.447 -0.156  0.067  0.324  0.502  0.396  0.222  0.078 -0.178 -0.340 -0.389 -0.475 -0.546 -0.420 -0.331  0.028  0.178  0.441  0.419  0.713  0.761  0.748  0.709  0.793  0.887  0.842  0.849  0.761  0.719  0.676  0.780  0.836  0.897  0.908  0.909  0.832  0.806  0.599  0.399  0.174 -0.093 -0.230 -0.408 -0.502 -0.327 -0.067  0.181  0.486  0.569  0.623  0.729  0.633  0.627  0.594  0.451  0.400  0.439  0.345  0.211  0.247  0.256  0.125  0.187  0.188  0.298  0.264  0.251  0.109  0.050 -0.056 -0.032  0.026 -0.116 -0.026  0.200  0.325  0.598  0.751  0.920  1.000  0.948
  0.847  0.860  0.841  0.813  0.788  0.692  0.652  0.571  0.330  0.163  0.279  0.221  0.063  0.106  0.254 -0.124 -0.425 -0.113 -0.154 -0.078  0.008  0.029  0.161  0.338  0.376  0.726  0.738  0.814  0.145 -0.296 -0.663 -0.760 -0.636 -0.753 -0.869 -0.799 -0.615 -0.684 -0.769 -0.612 -0.479 -0.234  0.050  0.245  0.524  0.628  0.521  0.402  0.216 -0.047 -0.261 -0.372 -0.527 -0.656 -0.621 -0.569 -0.253 -0.101  0.179  0.164  0.614  0.653  0.615  0.529  0.615  0.748  0.682  0.672  0.548  0.495  0.437  0.571  0.649  0.742  0.761  0.754  0.637  0.629  0.385  0.149 -0.083 -0.332 -0.470 -0.621 -0.703 -0.571 -0.339 -0.110  0.210  0.305  0.377  0.529  0.455  0.463  0.388  0.229  0.215  0.242  0.116 -0.001  0.057  0.041 -0.102 -0.063 -0.077  0.023 -0.024 -0.037 -0.175 -0.232 -0.323 -0.283 -0.211 -0.320 -0.217  0.002  0.163  0.467  0.616  0.859  0.948  1.000
