  1.000  0.997  0.975  0.941  0.945  0.855  0.822  0.791  0.601  0.500  0.611  0.655  0.546  0.603  0.762  0.407 -0.049 -0.130 -0.487 -0.479 -0.370 -0.371 -0.241 -0.053 -0.003  0.471  0.857  0.916  0.608  0.182 -0.343 -0.460 -0.244 -0.559 -0.836 -0.696 -0.580 -0.830 -0.860 -0.672 -0.654 -0.369 -0.205  0.046  0.351  0.442  0.211  0.051 -0.180 -0.433 -0.593 -0.728 -0.843 -0.861 -0.679 -0.384 -0.064  0.047  0.321  0.319  0.638  0.740  0.817  0.717  0.792  0.875  0.779  0.726  0.560  0.463  0.424  0.572  0.685  0.763  0.711  0.733  0.577  0.452  0.138 -0.056 -0.318 -0.539 -0.654 -0.769 -0.756 -0.567 -0.391 -0.126  0.183  0.295  0.266  0.328  0.151  0.087  0.063 -0.082 -0.189 -0.168 -0.242 -0.388 -0.372 -0.357 -0.467 -0.393 -0.430 -0.396 -0.279 -0.318 -0.463 -0.467 -0.565 -0.572 -0.530 -0.628 -0.562 -0.361 -0.200  0.127  0.363  0.656  0.894  0.907
  0.997  1.000  0.966  0.928  0.939  0.847  0.821  0.802  0.616  0.501  0.608  0.643  0.529  0.579  0.743  0.373 -0.082 -0.145 -0.468 -0.462 -0.345 -0.350 -0.225 -0.036  0.014  0.491  0.855  0.929  0.601  0.158 -0.370 -0.478 -0.249 -0.554 -0.837 -0.687 -0.551 -0.806 -0.842 -0.642 -0.620 -0.327 -0.162  0.089  0.392  0.478  0.248  0.092 -0.142 -0.398 -0.563 -0.708 -0.836 -0.864 -0.701 -0.419 -0.103  0.007  0.282  0.280  0.610  0.714  0.792  0.687  0.768  0.856  0.755  0.704  0.537  0.435  0.401  0.554  0.666  0.749  0.700  0.721  0.560  0.443  0.126 -0.074 -0.339 -0.559 -0.676 -0.788 -0.779 -0.597 -0.422 -0.161  0.151  0.264  0.243  0.315  0.146  0.083  0.051 -0.097 -0.195 -0.178 -0.259 -0.401 -0.382 -0.372 -0.485 -0.416 -0.457 -0.425 -0.314 -0.355 -0.497 -0.499 -0.592 -0.594 -0.549 -0.640 -0.570 -0.368 -0.199  0.132  0.366  0.666  0.902  0.922
  0.975  0.966  1.000  0.976  0.945  0.868  0.807  0.718  0.508  0.473  0.599  0.682  0.608  0.698  0.844  0.577  0.141  0.014 -0.501 -0.497 -0.442 -0.423 -0.270 -0.095 -0.035  0.413  0.887  0.864  0.643  0.300 -0.191 -0.354 -0.206 -0.534 -0.789 -0.710 -0.683 -0.894 -0.904 -0.778 -0.777 -0.536 -0.376 -0.121  0.173  0.287  0.057 -0.119 -0.324 -0.561 -0.684 -0.765 -0.822 -0.782 -0.523 -0.186  0.143  0.254  0.509  0.507  0.767  0.850  0.915  0.845  0.894  0.944  0.879  0.817  0.670  0.597  0.537  0.658  0.767  0.817  0.756  0.789  0.666  0.513  0.227  0.071 -0.175 -0.398 -0.505 -0.631 -0.608 -0.386 -0.207  0.067  0.352  0.455  0.395  0.408  0.207  0.137  0.154  0.022 -0.116 -0.080 -0.121 -0.283 -0.285 -0.244 -0.344 -0.246 -0.265 -0.221 -0.087 -0.120 -0.274 -0.282 -0.397 -0.424 -0.395 -0.519 -0.475 -0.281 -0.159  0.140  0.380  0.620  0.856  0.828
  0.941  0.928  0.976  1.000  0.981  0.947  0.891  0.784  0.600  0.620  0.736  0.816  0.758  0.824  0.925  0.663  0.240 -0.080 -0.647 -0.658 -0.615 -0.601 -0.462 -0.299 -0.240  0.218  0.788  0.841  0.769  0.474 -0.031 -0.176 -0.015 -0.394 -0.683 -0.582 -0.628 -0.891 -0.856 -0.744 -0.810 -0.592 -0.489 -0.264  0.052  0.136 -0.112 -0.269 -0.482 -0.693 -0.805 -0.875 -0.892 -0.804 -0.510 -0.110  0.173  0.295  0.527  0.527  0.816  0.873  0.933  0.853  0.860  0.896  0.832  0.734  0.568  0.511  0.420  0.534  0.662  0.705  0.623  0.668  0.541  0.350  0.066 -0.059 -0.271 -0.465 -0.532 -0.629 -0.571 -0.356 -0.227  0.039  0.284  0.383  0.275  0.248  0.025 -0.048 -0.006 -0.126 -0.280 -0.235 -0.247 -0.408 -0.424 -0.365 -0.441 -0.327 -0.314 -0.259 -0.097 -0.099 -0.252 -0.280 -0.413 -0.475 -0.470 -0.603 -0.590 -0.427 -0.338 -0.060  0.188  0.444  0.738  0.741
  0.945  0.939  0.945  0.981  1.000  0.977  0.952  0.885  0.734  0.722  0.817  0.859  0.782  0.805  0.899  0.562  0.135 -0.234 -0.690 -0.711 -0.629 -0.636 -0.525 -0.357 -0.304  0.185  0.725  0.889  0.814  0.464 -0.076 -0.172  0.057 -0.327 -0.659 -0.494 -0.494 -0.821 -0.782 -0.622 -0.707 -0.461 -0.385 -0.176  0.159  0.207 -0.053 -0.185 -0.426 -0.637 -0.774 -0.888 -0.937 -0.873 -0.632 -0.241  0.010  0.135  0.371  0.370  0.734  0.793  0.856  0.743  0.754  0.810  0.719  0.610  0.419  0.350  0.261  0.395  0.536  0.600  0.516  0.559  0.402  0.219 -0.089 -0.229 -0.441 -0.617 -0.671 -0.744 -0.677 -0.496 -0.394 -0.143  0.103  0.207  0.104  0.101 -0.111 -0.180 -0.163 -0.288 -0.422 -0.387 -0.412 -0.558 -0.566 -0.522 -0.595 -0.494 -0.481 -0.428 -0.269 -0.260 -0.406 -0.439 -0.566 -0.626 -0.623 -0.736 -0.718 -0.565 -0.457 -0.165  0.085  0.394  0.718  0.770
  0.855  0.847  0.868  0.947  0.977  1.000  0.984  0.902  0.789  0.833  0.908  0.945  0.890  0.889  0.935  0.624  0.245 -0.292 -0.778 -0.821 -0.757 -0.770 -0.681 -0.535 -0.483 -0.011  0.595  0.826  0.906  0.622  0.103  0.029  0.258 -0.146 -0.498 -0.323 -0.394 -0.756 -0.676 -0.540 -0.688 -0.480 -0.467 -0.299  0.035  0.049 -0.214 -0.318 -0.553 -0.725 -0.839 -0.937 -0.941 -0.829 -0.570 -0.140  0.048  0.174  0.371  0.371  0.747  0.776  0.826  0.710  0.679  0.716  0.631  0.490  0.293  0.244  0.128  0.247  0.398  0.451  0.352  0.406  0.256  0.046 -0.240 -0.338 -0.505 -0.640 -0.650 -0.690 -0.591 -0.428 -0.382 -0.156  0.034  0.126 -0.019 -0.062 -0.283 -0.352 -0.310 -0.414 -0.557 -0.516 -0.508 -0.646 -0.668 -0.608 -0.653 -0.541 -0.497 -0.435 -0.259 -0.219 -0.356 -0.406 -0.543 -0.634 -0.656 -0.770 -0.784 -0.671 -0.604 -0.351 -0.107  0.199  0.561  0.640
  0.822  0.821  0.807  0.891  0.952  0.984  1.000  0.958  0.882  0.894  0.946  0.947  0.879  0.841  0.880  0.519  0.158 -0.398 -0.768 -0.825 -0.733 -0.766 -0.705 -0.561 -0.513 -0.033  0.524  0.845  0.920  0.598  0.072  0.043  0.325 -0.061 -0.442 -0.219 -0.246 -0.651 -0.572 -0.399 -0.561 -0.337 -0.349 -0.202  0.132  0.112 -0.150 -0.227 -0.476 -0.640 -0.770 -0.902 -0.932 -0.843 -0.643 -0.238 -0.090  0.031  0.221  0.221  0.644  0.676  0.727  0.590  0.563  0.613  0.508  0.361  0.150  0.091 -0.018  0.114  0.270  0.338  0.242  0.292  0.124 -0.071 -0.364 -0.471 -0.629 -0.741 -0.740 -0.756 -0.652 -0.525 -0.507 -0.305 -0.124 -0.032 -0.167 -0.189 -0.389 -0.453 -0.434 -0.538 -0.657 -0.627 -0.631 -0.750 -0.765 -0.719 -0.759 -0.663 -0.620 -0.563 -0.398 -0.349 -0.473 -0.526 -0.650 -0.737 -0.759 -0.851 -0.859 -0.761 -0.680 -0.426 -0.190  0.148  0.522  0.643
  0.791  0.802  0.718  0.784  0.885  0.902  0.958  1.000  0.958  0.882  0.907  0.854  0.747  0.664  0.718  0.265 -0.090 -0.552 -0.689 -0.743 -0.587 -0.647 -0.622 -0.473 -0.439  0.045  0.451  0.863  0.827  0.416 -0.118 -0.082  0.273 -0.063 -0.454 -0.164 -0.072 -0.506 -0.457 -0.214 -0.347 -0.080 -0.092  0.040  0.363  0.310  0.063  0.016 -0.251 -0.422 -0.590 -0.787 -0.891 -0.879 -0.799 -0.475 -0.357 -0.244 -0.046 -0.046  0.436  0.487  0.546  0.379  0.388  0.475  0.335  0.207 -0.015 -0.101 -0.178 -0.020  0.133  0.233  0.154  0.189 -0.011 -0.157 -0.466 -0.612 -0.779 -0.878 -0.885 -0.882 -0.797 -0.724 -0.715 -0.542 -0.346 -0.250 -0.335 -0.293 -0.445 -0.498 -0.534 -0.647 -0.716 -0.708 -0.754 -0.843 -0.834 -0.826 -0.875 -0.817 -0.800 -0.759 -0.629 -0.590 -0.692 -0.735 -0.827 -0.883 -0.888 -0.937 -0.918 -0.821 -0.694 -0.422 -0.207  0.179  0.532  0.702
  0.601  0.616  0.508  0.600  0.734  0.789  0.882  0.958  1.000  0.928  0.907  0.811  0.713  0.575  0.585  0.139 -0.120 -0.657 -0.651 -0.730 -0.568 -0.649 -0.678 -0.562 -0.539 -0.113  0.224  0.741  0.802  0.435 -0.031  0.072  0.452  0.166 -0.227  0.096  0.187 -0.272 -0.204  0.042 -0.133  0.098  0.016  0.078  0.362  0.251  0.032  0.043 -0.205 -0.320 -0.473 -0.680 -0.776 -0.763 -0.757 -0.480 -0.465 -0.371 -0.230 -0.229  0.264  0.294  0.338  0.161  0.149  0.231  0.084 -0.056 -0.273 -0.348 -0.425 -0.279 -0.131 -0.030 -0.106 -0.073 -0.269 -0.395 -0.663 -0.775 -0.883 -0.917 -0.879 -0.825 -0.724 -0.718 -0.780 -0.674 -0.547 -0.471 -0.560 -0.521 -0.636 -0.675 -0.721 -0.806 -0.843 -0.845 -0.880 -0.929 -0.921 -0.922 -0.941 -0.904 -0.870 -0.834 -0.722 -0.657 -0.725 -0.778 -0.850 -0.912 -0.933 -0.949 -0.946 -0.904 -0.800 -0.585 -0.410 -0.030  0.321  0.539
  0.500  0.501  0.473  0.620  0.722  0.833  0.894  0.882  0.928  1.000  0.984  0.933  0.897  0.778  0.720  0.404  0.195 -0.573 -0.795 -0.886 -0.805 -0.864 -0.882 -0.800 -0.770 -0.391  0.124  0.601  0.918  0.721  0.308  0.374  0.668  0.328 -0.049  0.210  0.118 -0.326 -0.190 -0.043 -0.297 -0.156 -0.301 -0.272  0.006 -0.105 -0.328 -0.314 -0.528 -0.588 -0.679 -0.802 -0.784 -0.658 -0.528 -0.154 -0.180 -0.080  0.008  0.010  0.441  0.420  0.441  0.295  0.207  0.234  0.133 -0.048 -0.252 -0.277 -0.405 -0.306 -0.151 -0.095 -0.200 -0.145 -0.297 -0.485 -0.703 -0.733 -0.779 -0.780 -0.691 -0.622 -0.476 -0.444 -0.553 -0.454 -0.405 -0.347 -0.518 -0.578 -0.737 -0.783 -0.753 -0.805 -0.891 -0.867 -0.831 -0.893 -0.920 -0.874 -0.854 -0.774 -0.688 -0.631 -0.476 -0.374 -0.447 -0.524 -0.632 -0.750 -0.810 -0.864 -0.918 -0.920 -0.904 -0.757 -0.581 -0.265  0.125  0.316
  0.611  0.608  0.599  0.736  0.817  0.908  0.946  0.907  0.907  0.984  1.000  0.976  0.936  0.848  0.811  0.495  0.227 -0.518 -0.840 -0.915 -0.841 -0.885 -0.871 -0.771 -0.735 -0.321  0.249  0.666  0.943  0.730  0.275  0.301  0.577  0.198 -0.178  0.061 -0.043 -0.474 -0.344 -0.203 -0.439 -0.281 -0.388 -0.321 -0.016 -0.094 -0.337 -0.356 -0.582 -0.672 -0.770 -0.883 -0.863 -0.731 -0.548 -0.137 -0.103  0.010  0.129  0.132  0.556  0.547  0.574  0.434  0.354  0.381  0.286  0.108 -0.100 -0.130 -0.262 -0.157  0.004  0.057 -0.052  0.005 -0.149 -0.355 -0.597 -0.643 -0.720 -0.758 -0.691 -0.651 -0.512 -0.438 -0.509 -0.369 -0.283 -0.213 -0.388 -0.453 -0.638 -0.692 -0.652 -0.719 -0.829 -0.797 -0.762 -0.850 -0.879 -0.823 -0.819 -0.724 -0.643 -0.582 -0.412 -0.321 -0.417 -0.490 -0.613 -0.731 -0.785 -0.862 -0.910 -0.882 -0.858 -0.679 -0.479 -0.160  0.238  0.401
  0.655  0.643  0.682  0.816  0.859  0.945  0.947  0.854  0.811  0.933  0.976  1.000  0.981  0.937  0.906  0.656  0.369 -0.377 -0.861 -0.927 -0.894 -0.915 -0.865 -0.764 -0.718 -0.309  0.343  0.656  0.960  0.797  0.349  0.317  0.531  0.125 -0.226 -0.046 -0.215 -0.603 -0.466 -0.373 -0.604 -0.467 -0.551 -0.458 -0.150 -0.190 -0.438 -0.490 -0.700 -0.798 -0.873 -0.941 -0.881 -0.710 -0.445  0.009  0.087  0.205  0.330  0.334  0.700  0.687  0.712  0.600  0.508  0.514  0.445  0.268  0.073  0.057 -0.088  0.000  0.158  0.190  0.074  0.138  0.008 -0.224 -0.457 -0.486 -0.571 -0.634 -0.577 -0.564 -0.424 -0.304 -0.346 -0.177 -0.085 -0.015 -0.211 -0.309 -0.524 -0.586 -0.513 -0.579 -0.722 -0.675 -0.621 -0.733 -0.775 -0.697 -0.696 -0.577 -0.490 -0.421 -0.234 -0.149 -0.262 -0.335 -0.476 -0.605 -0.662 -0.769 -0.828 -0.785 -0.782 -0.606 -0.392 -0.112  0.281  0.395
  0.546  0.529  0.608  0.758  0.782  0.890  0.879  0.747  0.713  0.897  0.936  0.981  1.000  0.971  0.909  0.751  0.524 -0.276 -0.844 -0.919 -0.936 -0.945 -0.894 -0.819 -0.771 -0.419  0.274  0.540  0.955  0.893  0.513  0.464  0.616  0.224 -0.097  0.033 -0.218 -0.567 -0.407 -0.375 -0.629 -0.552 -0.663 -0.596 -0.320 -0.358 -0.587 -0.632 -0.806 -0.864 -0.898 -0.916 -0.799 -0.578 -0.273  0.192  0.240  0.348  0.432  0.436  0.735  0.697  0.707  0.623  0.499  0.473  0.434  0.250  0.079  0.091 -0.069 -0.014  0.133  0.139  0.018  0.089 -0.004 -0.249 -0.434 -0.416 -0.461 -0.500 -0.421 -0.400 -0.248 -0.124 -0.188 -0.039  0.003  0.056 -0.168 -0.310 -0.530 -0.591 -0.484 -0.525 -0.683 -0.626 -0.539 -0.648 -0.705 -0.609 -0.586 -0.455 -0.347 -0.273 -0.079  0.018 -0.088 -0.167 -0.314 -0.462 -0.535 -0.652 -0.737 -0.721 -0.764 -0.641 -0.443 -0.223  0.158  0.248
  0.603  0.579  0.698  0.824  0.805  0.889  0.841  0.664  0.575  0.778  0.848  0.937  0.971  1.000  0.967  0.872  0.626 -0.082 -0.784 -0.847 -0.901 -0.885 -0.793 -0.710 -0.651 -0.310  0.418  0.547  0.917  0.881  0.516  0.401  0.485  0.096 -0.188 -0.127 -0.407 -0.688 -0.544 -0.554 -0.771 -0.706 -0.767 -0.660 -0.394 -0.379 -0.605 -0.691 -0.843 -0.920 -0.936 -0.914 -0.776 -0.538 -0.170  0.305  0.418  0.524  0.624  0.626  0.850  0.818  0.831  0.779  0.665  0.624  0.611  0.445  0.298  0.316  0.159  0.200  0.333  0.322  0.204  0.278  0.211 -0.039 -0.216 -0.196 -0.264 -0.340 -0.291 -0.310 -0.174 -0.001 -0.013  0.167  0.234  0.287  0.066 -0.091 -0.328 -0.396 -0.268 -0.314 -0.496 -0.430 -0.337 -0.470 -0.533 -0.423 -0.414 -0.268 -0.169 -0.092  0.106  0.181  0.058 -0.011 -0.168 -0.309 -0.373 -0.517 -0.596 -0.552 -0.600 -0.470 -0.262 -0.091  0.255  0.283
  0.762  0.743  0.844  0.925  0.899  0.935  0.880  0.718  0.585  0.720  0.811  0.906  0.909  0.967  1.000  0.852  0.542 -0.002 -0.699 -0.755 -0.785 -0.768 -0.649 -0.529 -0.461 -0.065  0.628  0.704  0.898  0.758  0.335  0.190  0.298 -0.079 -0.378 -0.316 -0.511 -0.782 -0.684 -0.655 -0.811 -0.687 -0.677 -0.512 -0.227 -0.177 -0.415 -0.539 -0.713 -0.846 -0.892 -0.901 -0.814 -0.620 -0.265  0.189  0.381  0.490  0.643  0.643  0.879  0.884  0.916  0.861  0.795  0.777  0.749  0.608  0.456  0.445  0.311  0.379  0.508  0.514  0.411  0.477  0.393  0.163 -0.057 -0.090 -0.223 -0.353 -0.355 -0.412 -0.304 -0.103 -0.050  0.171  0.313  0.383  0.202  0.089 -0.150 -0.223 -0.123 -0.198 -0.378 -0.318 -0.262 -0.413 -0.461 -0.367 -0.393 -0.253 -0.187 -0.116  0.071  0.113 -0.028 -0.080 -0.232 -0.343 -0.379 -0.525 -0.568 -0.470 -0.465 -0.275 -0.041  0.155  0.481  0.487
  0.407  0.373  0.577  0.663  0.562  0.624  0.519  0.265  0.139  0.404  0.495  0.656  0.751  0.872  0.852  1.000  0.870  0.374 -0.485 -0.539 -0.704 -0.642 -0.512 -0.471 -0.403 -0.226  0.454  0.294  0.673  0.816  0.645  0.436  0.327  0.054 -0.082 -0.202 -0.572 -0.645 -0.525 -0.676 -0.827 -0.873 -0.888 -0.784 -0.635 -0.550 -0.695 -0.811 -0.850 -0.881 -0.809 -0.671 -0.451 -0.170  0.261  0.663  0.798  0.862  0.903  0.902  0.872  0.823  0.823  0.871  0.753  0.652  0.719  0.604  0.555  0.615  0.473  0.440  0.511  0.440  0.348  0.419  0.455  0.235  0.173  0.260  0.227  0.148  0.174  0.115  0.219  0.426  0.460  0.616  0.634  0.651  0.444  0.239  0.022 -0.040  0.136  0.128 -0.070  0.009  0.136  0.002 -0.077  0.052  0.070  0.222  0.317  0.387  0.554  0.599  0.489  0.442  0.298  0.171  0.113 -0.051 -0.139 -0.100 -0.208 -0.171 -0.013 -0.030  0.179  0.082
 -0.049 -0.082  0.141  0.240  0.135  0.245  0.158 -0.090 -0.120  0.195  0.227  0.369  0.524  0.626  0.542  0.870  1.000  0.549 -0.177 -0.273 -0.507 -0.451 -0.383 -0.426 -0.366 -0.404  0.117 -0.073  0.461  0.796  0.879  0.713  0.506  0.411  0.374  0.180 -0.247 -0.211 -0.081 -0.327 -0.494 -0.678 -0.775 -0.782 -0.787 -0.747 -0.786 -0.828 -0.755 -0.661 -0.502 -0.301 -0.013  0.299  0.645  0.906  0.887  0.886  0.790  0.786  0.599  0.498  0.463  0.565  0.413  0.261  0.374  0.279  0.311  0.417  0.289  0.183  0.198  0.088  0.022  0.089  0.206  0.046  0.136  0.325  0.413  0.441  0.519  0.515  0.621  0.741  0.691  0.718  0.588  0.544  0.345  0.104 -0.031 -0.067  0.125  0.190  0.037  0.106  0.272  0.207  0.117  0.241  0.314  0.433  0.550  0.606  0.718  0.781  0.738  0.693  0.594  0.469  0.392  0.272  0.154  0.098 -0.087 -0.209 -0.153 -0.316 -0.217 -0.323
 -0.130 -0.145  0.014 -0.080 -0.234 -0.292 -0.398 -0.552 -0.657 -0.573 -0.518 -0.377 -0.276 -0.082 -0.002  0.374  0.549  1.000  0.608  0.572  0.370  0.444  0.544  0.515  0.565  0.373  0.365 -0.171 -0.248 -0.036  0.224  0.008 -0.296 -0.090  0.085 -0.232 -0.353 -0.024 -0.094 -0.314 -0.183 -0.326 -0.201 -0.133 -0.307 -0.154 -0.056 -0.149  0.018  0.049  0.190  0.370  0.501  0.594  0.733  0.637  0.751  0.674  0.619  0.608  0.195  0.186  0.177  0.350  0.373  0.269  0.395  0.481  0.635  0.687  0.711  0.603  0.504  0.411  0.456  0.463  0.629  0.672  0.822  0.908  0.907  0.852  0.772  0.670  0.614  0.721  0.852  0.857  0.839  0.786  0.811  0.740  0.747  0.739  0.820  0.863  0.812  0.835  0.879  0.849  0.822  0.858  0.848  0.873  0.853  0.848  0.807  0.733  0.725  0.772  0.779  0.813  0.840  0.785  0.792  0.830  0.764  0.662  0.628  0.330  0.113 -0.121
 -0.487 -0.468 -0.501 -0.647 -0.690 -0.778 -0.768 -0.689 -0.651 -0.795 -0.840 -0.861 -0.844 -0.784 -0.699 -0.485 -0.177  0.608  1.000  0.977  0.927  0.929  0.894  0.829  0.825  0.506 -0.064 -0.370 -0.721 -0.653 -0.266 -0.271 -0.431  0.010  0.247  0.075  0.277  0.607  0.449  0.380  0.602  0.507  0.606  0.567  0.274  0.319  0.528  0.558  0.743  0.814  0.889  0.925  0.867  0.730  0.474  0.047  0.004 -0.130 -0.232 -0.244 -0.574 -0.550 -0.561 -0.449 -0.335 -0.351 -0.300 -0.138  0.038  0.036  0.172  0.099 -0.046 -0.072  0.046 -0.002  0.119  0.344  0.536  0.555  0.593  0.631  0.550  0.524  0.400  0.305  0.372  0.227  0.177  0.105  0.294  0.397  0.593  0.636  0.561  0.615  0.740  0.691  0.630  0.724  0.764  0.687  0.674  0.565  0.477  0.415  0.236  0.141  0.234  0.311  0.441  0.573  0.641  0.735  0.811  0.799  0.824  0.688  0.525  0.275 -0.082 -0.193
 -0.479 -0.462 -0.497 -0.658 -0.711 -0.821 -0.825 -0.743 -0.730 -0.886 -0.915 -0.927 -0.919 -0.847 -0.755 -0.539 -0.273  0.572  0.977  1.000  0.961  0.976  0.953  0.889  0.872  0.538 -0.070 -0.424 -0.830 -0.760 -0.371 -0.385 -0.569 -0.141  0.142 -0.044  0.171  0.540  0.370  0.300  0.555  0.465  0.596  0.566  0.274  0.341  0.560  0.576  0.765  0.820  0.886  0.930  0.855  0.689  0.438 -0.003 -0.016 -0.142 -0.228 -0.237 -0.591 -0.555 -0.563 -0.446 -0.321 -0.327 -0.270 -0.088  0.096  0.091  0.239  0.168  0.016 -0.009  0.114  0.057  0.178  0.411  0.603  0.605  0.632  0.651  0.555  0.512  0.368  0.284  0.376  0.244  0.212  0.148  0.355  0.471  0.669  0.716  0.635  0.682  0.809  0.761  0.689  0.778  0.824  0.743  0.718  0.607  0.504  0.438  0.253  0.145  0.235  0.319  0.453  0.597  0.673  0.765  0.849  0.851  0.885  0.759  0.588  0.329 -0.055 -0.186
 -0.370 -0.345 -0.442 -0.615 -0.629 -0.757 -0.733 -0.587 -0.568 -0.805 -0.841 -0.894 -0.936 -0.901 -0.785 -0.704 -0.507  0.370  0.927  0.961  1.000  0.991  0.952  0.915  0.889  0.627 -0.046 -0.293 -0.817 -0.877 -0.577 -0.544 -0.631 -0.224  0.013 -0.087  0.237  0.535  0.343  0.363  0.634  0.621  0.767  0.753  0.505  0.551  0.746  0.768  0.905  0.919  0.927  0.897  0.743  0.510  0.187 -0.271 -0.271 -0.383 -0.423 -0.432 -0.677 -0.612 -0.604 -0.533 -0.373 -0.334 -0.323 -0.138  0.008 -0.032  0.134  0.108 -0.027 -0.013  0.114  0.047  0.114  0.364  0.495  0.437  0.425  0.428  0.316  0.278  0.123  0.018  0.117 -0.000  0.019 -0.023  0.216  0.392  0.602  0.650  0.521  0.539  0.693  0.629  0.515  0.609  0.676  0.567  0.522  0.389  0.265  0.191 -0.004 -0.119 -0.030  0.058  0.204  0.367  0.459  0.574  0.686  0.710  0.802  0.737  0.581  0.412  0.055 -0.025
 -0.371 -0.350 -0.423 -0.601 -0.636 -0.770 -0.766 -0.647 -0.649 -0.864 -0.885 -0.915 -0.945 -0.885 -0.768 -0.642 -0.451  0.444  0.929  0.976  0.991  1.000  0.978  0.938  0.912  0.632 -0.018 -0.332 -0.847 -0.871 -0.552 -0.549 -0.679 -0.279 -0.013 -0.151  0.140  0.476  0.285  0.274  0.556  0.524  0.687  0.681  0.426  0.495  0.697  0.703  0.855  0.869  0.890  0.889  0.756  0.537  0.252 -0.195 -0.173 -0.284 -0.325 -0.334 -0.625 -0.562 -0.556 -0.466 -0.311 -0.283 -0.254 -0.063  0.098  0.067  0.230  0.192  0.050  0.051  0.177  0.112  0.196  0.439  0.583  0.535  0.522  0.515  0.396  0.343  0.183  0.099  0.215  0.108  0.128  0.084  0.318  0.477  0.677  0.724  0.611  0.631  0.772  0.716  0.610  0.695  0.756  0.658  0.611  0.488  0.364  0.292  0.102 -0.019  0.064  0.154  0.294  0.455  0.546  0.648  0.755  0.785  0.864  0.792  0.635  0.434  0.061 -0.049
 -0.241 -0.225 -0.270 -0.462 -0.525 -0.681 -0.705 -0.622 -0.678 -0.882 -0.871 -0.865 -0.894 -0.793 -0.649 -0.512 -0.383  0.544  0.894  0.953  0.952  0.978  1.000  0.980  0.965  0.723  0.146 -0.251 -0.808 -0.846 -0.570 -0.622 -0.779 -0.417 -0.152 -0.323 -0.052  0.303  0.105  0.081  0.383  0.367  0.574  0.616  0.388  0.500  0.680  0.644  0.787  0.765  0.784  0.801  0.675  0.471  0.255 -0.149 -0.055 -0.153 -0.159 -0.168 -0.479 -0.405 -0.389 -0.288 -0.125 -0.100 -0.061  0.134  0.293  0.260  0.416  0.382  0.243  0.240  0.360  0.300  0.387  0.608  0.728  0.666  0.616  0.564  0.418  0.329  0.162  0.131  0.295  0.235  0.297  0.265  0.493  0.643  0.810  0.846  0.748  0.753  0.863  0.818  0.713  0.766  0.823  0.738  0.673  0.571  0.441  0.375  0.203  0.067  0.123  0.218  0.339  0.499  0.598  0.670  0.783  0.850  0.936  0.897  0.770  0.565  0.198  0.049
 -0.053 -0.036 -0.095 -0.299 -0.357 -0.535 -0.561 -0.473 -0.562 -0.800 -0.771 -0.764 -0.819 -0.710 -0.529 -0.471 -0.426  0.515  0.829  0.889  0.915  0.938  0.980  1.000  0.994  0.842  0.312 -0.069 -0.711 -0.846 -0.669 -0.737 -0.844 -0.530 -0.318 -0.456 -0.141  0.167 -0.045 -0.024  0.291  0.336  0.578  0.668  0.495  0.622  0.761  0.697  0.795  0.723  0.706  0.688  0.529  0.309  0.109 -0.254 -0.100 -0.180 -0.131 -0.140 -0.384 -0.286 -0.257 -0.178  0.007  0.053  0.069  0.260  0.388  0.331  0.487  0.484  0.365  0.381  0.496  0.437  0.491  0.699  0.757  0.651  0.547  0.452  0.281  0.170  0.000 -0.001  0.199  0.187  0.312  0.302  0.534  0.707  0.848  0.874  0.763  0.738  0.836  0.790  0.664  0.693  0.757  0.669  0.580  0.485  0.342  0.281  0.125 -0.022  0.009  0.105  0.213  0.378  0.489  0.549  0.681  0.788  0.913  0.940  0.855  0.710  0.380  0.236
 -0.003  0.014 -0.035 -0.240 -0.304 -0.483 -0.513 -0.439 -0.539 -0.770 -0.735 -0.718 -0.771 -0.651 -0.461 -0.403 -0.366  0.565  0.825  0.872  0.889  0.912  0.965  0.994  1.000  0.869  0.381 -0.011 -0.653 -0.797 -0.640 -0.725 -0.830 -0.524 -0.333 -0.477 -0.171  0.128 -0.083 -0.065  0.246  0.297  0.544  0.650  0.487  0.621  0.748  0.673  0.764  0.684  0.669  0.652  0.502  0.297  0.119 -0.223 -0.052 -0.130 -0.072 -0.083 -0.320 -0.223 -0.192 -0.112  0.072  0.115  0.132  0.316  0.440  0.382  0.532  0.530  0.416  0.430  0.541  0.487  0.541  0.738  0.786  0.679  0.565  0.459  0.283  0.164 -0.000  0.014  0.223  0.224  0.360  0.353  0.576  0.742  0.870  0.890  0.786  0.757  0.843  0.801  0.677  0.696  0.757  0.674  0.583  0.497  0.356  0.299  0.152  0.005  0.026  0.121  0.220  0.381  0.492  0.542  0.674  0.790  0.916  0.954  0.885  0.744  0.427  0.276
  0.471  0.491  0.413  0.218  0.185 -0.011 -0.033  0.045 -0.113 -0.391 -0.321 -0.309 -0.419 -0.310 -0.065 -0.226 -0.404  0.373  0.506  0.538  0.627  0.632  0.723  0.842  0.869  1.000  0.724  0.469 -0.260 -0.630 -0.758 -0.860 -0.807 -0.676 -0.669 -0.692 -0.330 -0.220 -0.425 -0.288 -0.013  0.186  0.470  0.675  0.682  0.823  0.820  0.692  0.649  0.456  0.352  0.244  0.035 -0.170 -0.281 -0.456 -0.173 -0.191 -0.009 -0.020 -0.035  0.103  0.168  0.174  0.379  0.467  0.419  0.552  0.570  0.463  0.581  0.662  0.621  0.683  0.758  0.720  0.677  0.800  0.681  0.484  0.257  0.068 -0.137 -0.282 -0.419 -0.337 -0.084  0.033  0.301  0.349  0.540  0.734  0.774  0.763  0.642  0.545  0.584  0.550  0.395  0.352  0.420  0.343  0.210  0.159  0.015 -0.022 -0.102 -0.246 -0.291 -0.210 -0.162 -0.019  0.100  0.112  0.266  0.460  0.663  0.860  0.911  0.956  0.802  0.704
  0.857  0.855  0.887  0.788  0.725  0.595  0.524  0.451  0.224  0.124  0.249  0.343  0.274  0.418  0.628  0.454  0.117  0.365 -0.064 -0.070 -0.046 -0.018  0.146  0.312  0.381  0.724  1.000  0.792  0.374  0.035 -0.322 -0.523 -0.452 -0.602 -0.770 -0.783 -0.669 -0.729 -0.819 -0.726 -0.612 -0.396 -0.160  0.111  0.295  0.456  0.303  0.110 -0.023 -0.255 -0.349 -0.410 -0.491 -0.502 -0.317 -0.142  0.218  0.275  0.512  0.504  0.605  0.710  0.778  0.764  0.871  0.914  0.877  0.890  0.817  0.738  0.735  0.830  0.878  0.915  0.904  0.920  0.849  0.785  0.563  0.402  0.143 -0.095 -0.258 -0.419 -0.455 -0.241  0.002  0.244  0.540  0.619  0.639  0.696  0.560  0.501  0.492  0.371  0.269  0.289  0.218  0.077  0.091  0.104 -0.014  0.049 -0.016  0.006  0.073 -0.013 -0.146 -0.117 -0.188 -0.155 -0.088 -0.189 -0.104  0.112  0.256  0.523  0.716  0.848  0.933  0.833
  0.916  0.929  0.864  0.841  0.889  0.826  0.845  0.863  0.741  0.601  0.666  0.656  0.540  0.547  0.704  0.294 -0.073 -0.171 -0.370 -0.424 -0.293 -0.332 -0.251 -0.069 -0.011  0.469  0.792  1.000  0.691  0.209 -0.304 -0.360 -0.065 -0.308 -0.655 -0.454 -0.277 -0.592 -0.628 -0.396 -0.406 -0.111  0.005  0.222  0.504  0.538  0.313  0.199 -0.040 -0.268 -0.433 -0.618 -0.756 -0.785 -0.703 -0.459 -0.216 -0.128  0.116  0.109  0.496  0.590  0.658  0.531  0.611  0.701  0.577  0.513  0.337  0.228  0.197  0.355  0.470  0.564  0.523  0.547  0.376  0.280 -0.030 -0.219 -0.461 -0.637 -0.730 -0.802 -0.777 -0.648 -0.522 -0.307 -0.027  0.071  0.054  0.140  0.001 -0.058 -0.112 -0.246 -0.317 -0.314 -0.399 -0.511 -0.488 -0.495 -0.590 -0.541 -0.575 -0.544 -0.447 -0.470 -0.591 -0.601 -0.678 -0.681 -0.640 -0.701 -0.630 -0.459 -0.283  0.029  0.254  0.578  0.826  0.896
  0.608  0.601  0.643  0.769  0.814  0.906  0.920  0.827  0.802  0.918  0.943  0.960  0.955  0.917  0.898  0.673  0.461 -0.248 -0.721 -0.830 -0.817 -0.847 -0.808 -0.711 -0.653 -0.260  0.374  0.691  1.000  0.834  0.421  0.388  0.604  0.262 -0.113  0.055 -0.104 -0.488 -0.361 -0.278 -0.510 -0.388 -0.482 -0.395 -0.119 -0.168 -0.403 -0.446 -0.639 -0.719 -0.776 -0.845 -0.774 -0.588 -0.349  0.073  0.127  0.223  0.325  0.324  0.668  0.647  0.671  0.569  0.480  0.474  0.408  0.233  0.052  0.038 -0.104 -0.025  0.121  0.149  0.042  0.110 -0.004 -0.218 -0.431 -0.444 -0.521 -0.567 -0.510 -0.489 -0.346 -0.240 -0.290 -0.144 -0.069 -0.014 -0.206 -0.304 -0.504 -0.566 -0.494 -0.549 -0.684 -0.642 -0.586 -0.686 -0.730 -0.656 -0.647 -0.536 -0.447 -0.379 -0.205 -0.121 -0.224 -0.295 -0.427 -0.551 -0.606 -0.705 -0.761 -0.728 -0.727 -0.572 -0.363 -0.107  0.267  0.379
  0.182  0.158  0.300  0.474  0.464  0.622  0.598  0.416  0.435  0.721  0.730  0.797  0.893  0.881  0.758  0.816  0.796 -0.036 -0.653 -0.760 -0.877 -0.871 -0.846 -0.846 -0.797 -0.630  0.035  0.209  0.834  1.000  0.838  0.779  0.796  0.515  0.288  0.308 -0.076 -0.311 -0.120 -0.219 -0.505 -0.574 -0.755 -0.771 -0.615 -0.668 -0.818 -0.822 -0.888 -0.836 -0.771 -0.690 -0.464 -0.166  0.153  0.559  0.498  0.559  0.523  0.525  0.647  0.550  0.528  0.512  0.333  0.240  0.265  0.085 -0.010  0.060 -0.111 -0.135 -0.033 -0.083 -0.195 -0.117 -0.120 -0.349 -0.396 -0.264 -0.201 -0.160 -0.031  0.022  0.189  0.277  0.150  0.211  0.118  0.118 -0.134 -0.352 -0.536 -0.583 -0.423 -0.398 -0.552 -0.488 -0.338 -0.411 -0.494 -0.376 -0.300 -0.170 -0.026  0.048  0.219  0.338  0.274  0.190  0.058 -0.110 -0.211 -0.322 -0.452 -0.515 -0.655 -0.678 -0.552 -0.488 -0.186 -0.138
 -0.343 -0.370 -0.191 -0.031 -0.076  0.103  0.072 -0.118 -0.031  0.308  0.275  0.349  0.513  0.516  0.335  0.645  0.879  0.224 -0.266 -0.371 -0.577 -0.552 -0.570 -0.669 -0.640 -0.758 -0.322 -0.304  0.421  0.838  1.000  0.956  0.797  0.724  0.690  0.572  0.123  0.097  0.278  0.045 -0.206 -0.442 -0.666 -0.791 -0.830 -0.890 -0.897 -0.842 -0.756 -0.576 -0.406 -0.224  0.074  0.382  0.627  0.847  0.659  0.648  0.470  0.470  0.341  0.199  0.139  0.208  0.007 -0.143 -0.045 -0.171 -0.147 -0.022 -0.158 -0.276 -0.256 -0.362 -0.434 -0.371 -0.262 -0.409 -0.268 -0.031  0.158  0.293  0.454  0.538  0.677  0.691  0.513  0.443  0.200  0.135 -0.084 -0.335 -0.422 -0.436 -0.256 -0.152 -0.257 -0.201 -0.013 -0.018 -0.110  0.003  0.127  0.219  0.369  0.420  0.518  0.633  0.642  0.574  0.498  0.349  0.239  0.169  0.015 -0.135 -0.362 -0.565 -0.571 -0.717 -0.594 -0.606
 -0.460 -0.478 -0.354 -0.176 -0.172  0.029  0.043 -0.082  0.072  0.374  0.301  0.317  0.464  0.401  0.190  0.436  0.713  0.008 -0.271 -0.385 -0.544 -0.549 -0.622 -0.737 -0.725 -0.860 -0.523 -0.360  0.388  0.779  0.956  1.000  0.909  0.862  0.812  0.768  0.374  0.293  0.481  0.295  0.019 -0.210 -0.488 -0.666 -0.716 -0.837 -0.830 -0.721 -0.646 -0.438 -0.287 -0.150  0.112  0.382  0.526  0.696  0.424  0.406  0.201  0.203  0.143 -0.005 -0.071 -0.035 -0.238 -0.368 -0.298 -0.432 -0.423 -0.306 -0.432 -0.538 -0.513 -0.598 -0.665 -0.611 -0.527 -0.647 -0.500 -0.266 -0.044  0.140  0.332  0.463  0.609  0.553  0.317  0.196 -0.082 -0.153 -0.357 -0.579 -0.626 -0.627 -0.480 -0.367 -0.429 -0.390 -0.215 -0.181 -0.262 -0.172 -0.034  0.029  0.182  0.224  0.301  0.435  0.474  0.400  0.348  0.203  0.087  0.058 -0.096 -0.283 -0.501 -0.723 -0.758 -0.863 -0.730 -0.674
 -0.244 -0.249 -0.206 -0.015  0.057  0.258  0.325  0.273  0.452  0.668  0.577  0.531  0.616  0.485  0.298  0.327  0.506 -0.296 -0.431 -0.569 -0.631 -0.679 -0.779 -0.844 -0.830 -0.807 -0.452 -0.065  0.604  0.796  0.797  0.909  1.000  0.888  0.691  0.800  0.526  0.269  0.454  0.403  0.095 -0.018 -0.311 -0.467 -0.422 -0.594 -0.656 -0.532 -0.556 -0.403 -0.333 -0.312 -0.136  0.084  0.155  0.367  0.097  0.107 -0.035 -0.033  0.120 -0.001 -0.046 -0.092 -0.269 -0.343 -0.348 -0.515 -0.587 -0.518 -0.646 -0.681 -0.608 -0.638 -0.716 -0.662 -0.667 -0.797 -0.759 -0.597 -0.430 -0.258 -0.069  0.086  0.250  0.168 -0.083 -0.177 -0.389 -0.427 -0.625 -0.787 -0.845 -0.853 -0.761 -0.687 -0.732 -0.708 -0.577 -0.545 -0.607 -0.543 -0.423 -0.371 -0.228 -0.184 -0.091  0.054  0.079 -0.005 -0.063 -0.204 -0.312 -0.321 -0.450 -0.614 -0.759 -0.885 -0.868 -0.810 -0.573 -0.418
 -0.559 -0.554 -0.534 -0.394 -0.327 -0.146 -0.061 -0.063  0.166  0.328  0.198  0.125  0.224  0.096 -0.079  0.054  0.411 -0.090  0.010 -0.141 -0.224 -0.279 -0.417 -0.530 -0.524 -0.676 -0.602 -0.308  0.262  0.515  0.724  0.862  0.888  1.000  0.909  0.951  0.760  0.642  0.768  0.683  0.453  0.276 -0.007 -0.217 -0.322 -0.500 -0.453 -0.289 -0.221 -0.007  0.104  0.141  0.298  0.459  0.389  0.393  0.055 -0.002 -0.217 -0.219 -0.210 -0.333 -0.392 -0.392 -0.532 -0.617 -0.598 -0.698 -0.690 -0.613 -0.683 -0.758 -0.751 -0.795 -0.821 -0.789 -0.736 -0.760 -0.615 -0.426 -0.210  0.009  0.185  0.352  0.468  0.315  0.060 -0.129 -0.400 -0.478 -0.597 -0.719 -0.674 -0.656 -0.598 -0.487 -0.463 -0.464 -0.353 -0.261 -0.306 -0.278 -0.149 -0.154 -0.041 -0.026 -0.020  0.097  0.178  0.123  0.131  0.043 -0.043  0.002 -0.102 -0.298 -0.448 -0.663 -0.739 -0.798 -0.722 -0.594
 -0.836 -0.837 -0.789 -0.683 -0.659 -0.498 -0.442 -0.454 -0.227 -0.049 -0.178 -0.226 -0.097 -0.188 -0.378 -0.082  0.374  0.085  0.247  0.142  0.013 -0.013 -0.152 -0.318 -0.333 -0.669 -0.770 -0.655 -0.113  0.288  0.690  0.812  0.691  0.909  1.000  0.930  0.713  0.780  0.881  0.707  0.549  0.279  0.021 -0.229 -0.447 -0.592 -0.451 -0.279 -0.112  0.152  0.316  0.428  0.610  0.746  0.649  0.525  0.165  0.073 -0.202 -0.203 -0.384 -0.516 -0.592 -0.528 -0.663 -0.771 -0.700 -0.741 -0.647 -0.542 -0.575 -0.706 -0.759 -0.836 -0.831 -0.818 -0.694 -0.660 -0.405 -0.176  0.092  0.335  0.503  0.657  0.729  0.557  0.315  0.072 -0.256 -0.364 -0.439 -0.566 -0.464 -0.424 -0.358 -0.212 -0.160 -0.165 -0.045  0.076  0.033  0.054  0.193  0.165  0.261  0.258  0.212  0.305  0.423  0.389  0.433  0.373  0.295  0.358  0.252  0.030 -0.158 -0.464 -0.623 -0.825 -0.893 -0.838
 -0.696 -0.687 -0.710 -0.582 -0.494 -0.323 -0.219 -0.164  0.096  0.210  0.061 -0.046  0.033 -0.127 -0.316 -0.202  0.180 -0.232  0.075 -0.044 -0.087 -0.151 -0.323 -0.456 -0.477 -0.692 -0.783 -0.454  0.055  0.308  0.572  0.768  0.800  0.951  0.930  1.000  0.873  0.785  0.895  0.834  0.634  0.453  0.164 -0.084 -0.223 -0.424 -0.338 -0.141 -0.057  0.173  0.270  0.288  0.400  0.494  0.330  0.243 -0.138 -0.204 -0.437 -0.437 -0.430 -0.545 -0.609 -0.619 -0.741 -0.804 -0.796 -0.870 -0.846 -0.777 -0.814 -0.888 -0.899 -0.929 -0.937 -0.924 -0.877 -0.854 -0.683 -0.507 -0.269 -0.023  0.157  0.342  0.434  0.228 -0.045 -0.276 -0.565 -0.648 -0.723 -0.804 -0.707 -0.671 -0.649 -0.532 -0.460 -0.478 -0.390 -0.264 -0.292 -0.292 -0.162 -0.201 -0.106 -0.108 -0.139 -0.028  0.084  0.037  0.079  0.015 -0.063  0.021 -0.071 -0.286 -0.423 -0.660 -0.784 -0.848 -0.823 -0.674
 -0.580 -0.551 -0.683 -0.628 -0.494 -0.394 -0.246 -0.072  0.187  0.118 -0.043 -0.215 -0.218 -0.407 -0.511 -0.572 -0.247 -0.353  0.277  0.171  0.237  0.140 -0.052 -0.141 -0.171 -0.330 -0.669 -0.277 -0.104 -0.076  0.123  0.374  0.526  0.760  0.713  0.873  1.000  0.887  0.904  0.980  0.884  0.820  0.607  0.398  0.260  0.055  0.149  0.347  0.387  0.548  0.564  0.465  0.425  0.366  0.028 -0.196 -0.532 -0.609 -0.775 -0.777 -0.675 -0.728 -0.767 -0.822 -0.845 -0.832 -0.887 -0.906 -0.900 -0.896 -0.864 -0.877 -0.897 -0.869 -0.837 -0.853 -0.864 -0.753 -0.645 -0.578 -0.418 -0.210 -0.095  0.074  0.109 -0.139 -0.356 -0.584 -0.775 -0.835 -0.799 -0.747 -0.587 -0.541 -0.622 -0.547 -0.405 -0.459 -0.466 -0.318 -0.299 -0.364 -0.284 -0.382 -0.357 -0.387 -0.477 -0.414 -0.292 -0.308 -0.217 -0.207 -0.232 -0.094 -0.109 -0.270 -0.291 -0.442 -0.571 -0.549 -0.578 -0.390
 -0.830 -0.806 -0.894 -0.891 -0.821 -0.756 -0.651 -0.506 -0.272 -0.326 -0.474 -0.603 -0.567 -0.688 -0.782 -0.645 -0.211 -0.024  0.607  0.540  0.535  0.476  0.303  0.167  0.128 -0.220 -0.729 -0.592 -0.488 -0.311  0.097  0.293  0.269  0.642  0.780  0.785  0.887  1.000  0.974  0.940  0.942  0.780  0.622  0.396  0.128 -0.018  0.178  0.364  0.517  0.720  0.800  0.792  0.785  0.710  0.363  0.002 -0.323 -0.445 -0.666 -0.669 -0.804 -0.861 -0.913 -0.884 -0.889 -0.910 -0.899 -0.846 -0.737 -0.704 -0.631 -0.707 -0.798 -0.813 -0.742 -0.775 -0.697 -0.522 -0.298 -0.189  0.007  0.220  0.305  0.441  0.421  0.176  0.003 -0.268 -0.501 -0.594 -0.507 -0.462 -0.247 -0.184 -0.250 -0.141  0.020 -0.035 -0.034  0.133  0.153  0.084  0.165  0.047  0.048 -0.001 -0.147 -0.123  0.027  0.041  0.168  0.216  0.207  0.353  0.345  0.176  0.118 -0.121 -0.328 -0.479 -0.679 -0.596
 -0.860 -0.842 -0.904 -0.856 -0.782 -0.676 -0.572 -0.457 -0.204 -0.190 -0.344 -0.466 -0.407 -0.544 -0.684 -0.525 -0.081 -0.094  0.449  0.370  0.343  0.285  0.105 -0.045 -0.083 -0.425 -0.819 -0.628 -0.361 -0.120  0.278  0.481  0.454  0.768  0.881  0.895  0.904  0.974  1.000  0.940  0.873  0.680  0.465  0.215 -0.031 -0.200 -0.024  0.176  0.324  0.554  0.653  0.667  0.711  0.694  0.401  0.114 -0.251 -0.360 -0.605 -0.605 -0.720 -0.804 -0.867 -0.842 -0.893 -0.935 -0.916 -0.902 -0.809 -0.755 -0.717 -0.804 -0.876 -0.903 -0.856 -0.876 -0.796 -0.665 -0.435 -0.289 -0.058  0.181  0.307  0.466  0.482  0.239  0.020 -0.254 -0.530 -0.627 -0.593 -0.597 -0.411 -0.352 -0.385 -0.262 -0.125 -0.168 -0.131  0.032  0.034 -0.011  0.094 -0.001  0.034 -0.001 -0.115 -0.059  0.089  0.082  0.186  0.196  0.160  0.290  0.248  0.048 -0.050 -0.313 -0.511 -0.657 -0.799 -0.698
 -0.672 -0.642 -0.778 -0.744 -0.622 -0.540 -0.399 -0.214  0.042 -0.043 -0.203 -0.373 -0.375 -0.554 -0.655 -0.676 -0.327 -0.314  0.380  0.300  0.363  0.274  0.081 -0.024 -0.065 -0.288 -0.726 -0.396 -0.278 -0.219  0.045  0.295  0.403  0.683  0.707  0.834  0.980  0.940  0.940  1.000  0.945  0.859  0.665  0.447  0.267  0.074  0.205  0.406  0.478  0.649  0.673  0.590  0.539  0.450  0.082 -0.207 -0.543 -0.632 -0.812 -0.813 -0.772 -0.820 -0.862 -0.899 -0.907 -0.894 -0.935 -0.925 -0.888 -0.882 -0.827 -0.853 -0.896 -0.874 -0.825 -0.853 -0.844 -0.701 -0.560 -0.493 -0.322 -0.112 -0.008  0.153  0.163 -0.097 -0.300 -0.547 -0.746 -0.814 -0.747 -0.680 -0.491 -0.435 -0.526 -0.443 -0.282 -0.342 -0.358 -0.196 -0.170 -0.246 -0.169 -0.284 -0.274 -0.314 -0.430 -0.383 -0.246 -0.250 -0.140 -0.109 -0.126  0.026  0.020 -0.143 -0.165 -0.339 -0.502 -0.524 -0.616 -0.451
 -0.654 -0.620 -0.777 -0.810 -0.707 -0.688 -0.561 -0.347 -0.133 -0.297 -0.439 -0.604 -0.629 -0.771 -0.811 -0.827 -0.494 -0.183  0.602  0.555  0.634  0.556  0.383  0.291  0.246 -0.013 -0.612 -0.406 -0.510 -0.505 -0.206  0.019  0.095  0.453  0.549  0.634  0.884  0.942  0.873  0.945  1.000  0.938  0.832  0.650  0.429  0.283  0.452  0.625  0.719  0.855  0.865  0.774  0.664  0.498  0.075 -0.317 -0.588 -0.694 -0.845 -0.848 -0.874 -0.885 -0.917 -0.934 -0.880 -0.845 -0.884 -0.812 -0.739 -0.755 -0.650 -0.671 -0.748 -0.718 -0.635 -0.683 -0.664 -0.460 -0.313 -0.289 -0.161  0.008  0.052  0.171  0.123 -0.128 -0.258 -0.496 -0.642 -0.706 -0.564 -0.439 -0.212 -0.149 -0.276 -0.208 -0.020 -0.092 -0.152  0.012  0.060 -0.043 -0.001 -0.142 -0.182 -0.241 -0.402 -0.403 -0.262 -0.236 -0.096 -0.012  0.009  0.175  0.214  0.093  0.117 -0.034 -0.218 -0.275 -0.466 -0.350
 -0.369 -0.327 -0.536 -0.592 -0.461 -0.480 -0.337 -0.080  0.098 -0.156 -0.281 -0.467 -0.552 -0.706 -0.687 -0.873 -0.678 -0.326  0.507  0.465  0.621  0.524  0.367  0.336  0.297  0.186 -0.396 -0.111 -0.388 -0.574 -0.442 -0.210 -0.018  0.276  0.279  0.453  0.820  0.780  0.680  0.859  0.938  1.000  0.947  0.832  0.697  0.556  0.664  0.807  0.818  0.870  0.804  0.629  0.433  0.207 -0.239 -0.597 -0.787 -0.865 -0.926 -0.930 -0.818 -0.785 -0.788 -0.855 -0.754 -0.668 -0.760 -0.691 -0.676 -0.740 -0.625 -0.583 -0.628 -0.553 -0.474 -0.524 -0.575 -0.377 -0.336 -0.400 -0.359 -0.249 -0.246 -0.150 -0.208 -0.436 -0.519 -0.694 -0.734 -0.760 -0.593 -0.405 -0.200 -0.149 -0.321 -0.305 -0.115 -0.197 -0.308 -0.168 -0.100 -0.223 -0.221 -0.366 -0.434 -0.494 -0.643 -0.662 -0.551 -0.520 -0.387 -0.284 -0.240 -0.075  0.003 -0.056  0.048  0.010 -0.115 -0.051 -0.184 -0.032
 -0.205 -0.162 -0.376 -0.489 -0.385 -0.467 -0.349 -0.092  0.016 -0.301 -0.388 -0.551 -0.663 -0.767 -0.677 -0.888 -0.775 -0.201  0.606  0.596  0.767  0.687  0.574  0.578  0.544  0.470 -0.160  0.005 -0.482 -0.755 -0.666 -0.488 -0.311 -0.007  0.021  0.164  0.607  0.622  0.465  0.665  0.832  0.947  1.000  0.956  0.829  0.752  0.858  0.946  0.947  0.933  0.841  0.655  0.408  0.130 -0.308 -0.694 -0.775 -0.849 -0.847 -0.853 -0.769 -0.695 -0.678 -0.734 -0.578 -0.471 -0.565 -0.454 -0.430 -0.519 -0.375 -0.313 -0.370 -0.285 -0.188 -0.249 -0.306 -0.085 -0.080 -0.201 -0.232 -0.192 -0.255 -0.216 -0.318 -0.499 -0.491 -0.613 -0.566 -0.575 -0.359 -0.127  0.075  0.120 -0.074 -0.089  0.098  0.014 -0.137 -0.023  0.062 -0.075 -0.116 -0.265 -0.374 -0.442 -0.605 -0.669 -0.581 -0.526 -0.388 -0.248 -0.169 -0.015  0.103  0.110  0.266  0.289  0.185  0.248  0.068  0.169
  0.046  0.089 -0.121 -0.264 -0.176 -0.299 -0.202  0.040  0.078 -0.272 -0.321 -0.458 -0.596 -0.660 -0.512 -0.784 -0.782 -0.133  0.567  0.566  0.753  0.681  0.616  0.668  0.650  0.675  0.111  0.222 -0.395 -0.771 -0.791 -0.666 -0.467 -0.217 -0.229 -0.084  0.398  0.396  0.215  0.447  0.650  0.832  0.956  1.000  0.932  0.902  0.958  0.988  0.947  0.860  0.734  0.527  0.250 -0.041 -0.430 -0.766 -0.740 -0.793 -0.718 -0.725 -0.608 -0.500 -0.461 -0.525 -0.335 -0.212 -0.319 -0.202 -0.201 -0.315 -0.169 -0.078 -0.121 -0.020  0.074  0.015 -0.067  0.137  0.074 -0.100 -0.208 -0.239 -0.351 -0.359 -0.474 -0.595 -0.516 -0.565 -0.428 -0.411 -0.185  0.069  0.232  0.262  0.062  0.008  0.169  0.090 -0.085 -0.012  0.079 -0.056 -0.134 -0.266 -0.397 -0.459 -0.605 -0.695 -0.644 -0.579 -0.460 -0.309 -0.211 -0.083  0.060  0.131  0.332  0.438  0.387  0.494  0.339  0.412
  0.351  0.392  0.173  0.052  0.159  0.035  0.132  0.363  0.362  0.006 -0.016 -0.150 -0.320 -0.394 -0.227 -0.635 -0.787 -0.307  0.274  0.274  0.505  0.426  0.388  0.495  0.487  0.682  0.295  0.504 -0.119 -0.615 -0.830 -0.716 -0.422 -0.322 -0.447 -0.223  0.260  0.128 -0.031  0.267  0.429  0.697  0.829  0.932  1.000  0.969  0.930  0.927  0.793  0.636  0.456  0.200 -0.101 -0.376 -0.695 -0.893 -0.799 -0.803 -0.649 -0.655 -0.393 -0.268 -0.204 -0.318 -0.130  0.021 -0.125 -0.052 -0.125 -0.263 -0.150 -0.008  0.002  0.132  0.193  0.147  0.001  0.139 -0.034 -0.257 -0.429 -0.510 -0.630 -0.653 -0.740 -0.811 -0.713 -0.682 -0.469 -0.413 -0.225  0.030  0.123  0.131 -0.067 -0.163 -0.043 -0.112 -0.295 -0.267 -0.177 -0.299 -0.398 -0.498 -0.622 -0.667 -0.757 -0.837 -0.831 -0.781 -0.705 -0.578 -0.482 -0.388 -0.242 -0.128  0.110  0.315  0.345  0.576  0.544  0.656
  0.442  0.478  0.287  0.136  0.207  0.049  0.112  0.310  0.251 -0.105 -0.094 -0.190 -0.358 -0.379 -0.177 -0.550 -0.747 -0.154  0.319  0.341  0.551  0.495  0.500  0.622  0.621  0.823  0.456  0.538 -0.168 -0.668 -0.890 -0.837 -0.594 -0.500 -0.592 -0.424  0.055 -0.018 -0.200  0.074  0.283  0.556  0.752  0.902  0.969  1.000  0.961  0.910  0.786  0.596  0.418  0.189 -0.110 -0.386 -0.653 -0.844 -0.672 -0.673 -0.489 -0.495 -0.289 -0.148 -0.078 -0.167  0.039  0.185  0.058  0.153  0.097 -0.043  0.078  0.215  0.215  0.336  0.402  0.355  0.224  0.361  0.182 -0.057 -0.265 -0.394 -0.551 -0.617 -0.726 -0.748 -0.589 -0.519 -0.264 -0.201 -0.000  0.255  0.331  0.333  0.144  0.035  0.135  0.074 -0.115 -0.113 -0.023 -0.138 -0.258 -0.347 -0.487 -0.531 -0.619 -0.725 -0.739 -0.677 -0.608 -0.469 -0.359 -0.288 -0.129  0.024  0.270  0.499  0.544  0.744  0.680  0.735
  0.211  0.248  0.057 -0.112 -0.053 -0.214 -0.150  0.063  0.032 -0.328 -0.337 -0.438 -0.587 -0.605 -0.415 -0.695 -0.786 -0.056  0.528  0.560  0.746  0.697  0.680  0.761  0.748  0.820  0.303  0.313 -0.403 -0.818 -0.897 -0.830 -0.656 -0.453 -0.451 -0.338  0.149  0.178 -0.024  0.205  0.452  0.664  0.858  0.958  0.930  0.961  1.000  0.975  0.918  0.777  0.634  0.437  0.147 -0.153 -0.479 -0.781 -0.659 -0.694 -0.565 -0.572 -0.474 -0.344 -0.288 -0.343 -0.132  0.001 -0.100  0.033  0.032 -0.092  0.057  0.160  0.118  0.221  0.313  0.253  0.166  0.356  0.257  0.049 -0.113 -0.205 -0.358 -0.414 -0.549 -0.610 -0.464 -0.453 -0.252 -0.215  0.021  0.281  0.413  0.433  0.238  0.159  0.293  0.223  0.035  0.073  0.167  0.038 -0.068 -0.185 -0.334 -0.394 -0.526 -0.643 -0.622 -0.547 -0.443 -0.281 -0.167 -0.068  0.092  0.214  0.438  0.595  0.576  0.687  0.527  0.557
  0.051  0.092 -0.119 -0.269 -0.185 -0.318 -0.227  0.016  0.043 -0.314 -0.356 -0.490 -0.632 -0.691 -0.539 -0.811 -0.828 -0.149  0.558  0.576  0.768  0.703  0.644  0.697  0.673  0.692  0.110  0.199 -0.446 -0.822 -0.842 -0.721 -0.532 -0.289 -0.279 -0.141  0.347  0.364  0.176  0.406  0.625  0.807  0.946  0.988  0.927  0.910  0.975  1.000  0.960  0.865  0.734  0.529  0.243 -0.061 -0.448 -0.792 -0.752 -0.801 -0.718 -0.725 -0.618 -0.506 -0.463 -0.525 -0.330 -0.200 -0.305 -0.179 -0.174 -0.289 -0.137 -0.045 -0.092  0.010  0.106  0.043 -0.039  0.168  0.104 -0.078 -0.191 -0.231 -0.351 -0.367 -0.491 -0.607 -0.516 -0.559 -0.413 -0.392 -0.157  0.103  0.268  0.299  0.096  0.039  0.201  0.121 -0.059  0.012  0.107 -0.031 -0.114 -0.248 -0.386 -0.451 -0.600 -0.697 -0.648 -0.579 -0.458 -0.300 -0.198 -0.071  0.077  0.155  0.360  0.471  0.417  0.521  0.353  0.419
 -0.180 -0.142 -0.324 -0.482 -0.426 -0.553 -0.476 -0.251 -0.205 -0.528 -0.582 -0.700 -0.806 -0.843 -0.713 -0.850 -0.755  0.018  0.743  0.765  0.905  0.855  0.787  0.795  0.764  0.649 -0.023 -0.040 -0.639 -0.888 -0.756 -0.646 -0.556 -0.221 -0.112 -0.057  0.387  0.517  0.324  0.478  0.719  0.818  0.947  0.947  0.793  0.786  0.918  0.960  1.000  0.961  0.883  0.738  0.494  0.202 -0.199 -0.621 -0.625 -0.707 -0.688 -0.695 -0.723 -0.632 -0.607 -0.622 -0.438 -0.339 -0.402 -0.249 -0.183 -0.269 -0.103 -0.060 -0.146 -0.076  0.038 -0.031 -0.054  0.188  0.214  0.083  0.024  0.019 -0.091 -0.103 -0.242 -0.379 -0.300 -0.395 -0.315 -0.324 -0.075  0.161  0.364  0.409  0.223  0.202  0.379  0.300  0.141  0.237  0.324  0.189  0.126 -0.021 -0.156 -0.229 -0.409 -0.511 -0.434 -0.356 -0.214 -0.047  0.052  0.189  0.325  0.369  0.530  0.557  0.445  0.438  0.181  0.204
 -0.433 -0.398 -0.561 -0.693 -0.637 -0.725 -0.640 -0.422 -0.320 -0.588 -0.672 -0.798 -0.864 -0.920 -0.846 -0.881 -0.661  0.049  0.814  0.820  0.919  0.869  0.765  0.723  0.684  0.456 -0.255 -0.268 -0.719 -0.836 -0.576 -0.438 -0.403 -0.007  0.152  0.173  0.548  0.720  0.554  0.649  0.855  0.870  0.933  0.860  0.636  0.596  0.777  0.865  0.961  1.000  0.973  0.871  0.681  0.423  0.002 -0.461 -0.561 -0.668 -0.728 -0.735 -0.836 -0.782 -0.780 -0.770 -0.624 -0.557 -0.593 -0.444 -0.343 -0.396 -0.237 -0.236 -0.342 -0.298 -0.181 -0.249 -0.230  0.023  0.131  0.067  0.086  0.147  0.082  0.109 -0.016 -0.198 -0.182 -0.345 -0.359 -0.399 -0.169  0.030  0.264  0.321  0.157  0.179  0.370  0.291  0.167  0.297  0.371  0.244  0.219  0.065 -0.045 -0.121 -0.315 -0.394 -0.283 -0.214 -0.057  0.094  0.171  0.325  0.431  0.412  0.515  0.450  0.286  0.208 -0.083 -0.057
 -0.593 -0.563 -0.684 -0.805 -0.774 -0.839 -0.770 -0.590 -0.473 -0.679 -0.770 -0.873 -0.898 -0.936 -0.892 -0.809 -0.502  0.190  0.889  0.886  0.927  0.890  0.784  0.706  0.669  0.352 -0.349 -0.433 -0.776 -0.771 -0.406 -0.287 -0.333  0.104  0.316  0.270  0.564  0.800  0.653  0.673  0.865  0.804  0.841  0.734  0.456  0.418  0.634  0.734  0.883  0.973  1.000  0.957  0.828  0.617  0.226 -0.252 -0.391 -0.518 -0.632 -0.639 -0.840 -0.814 -0.828 -0.778 -0.662 -0.632 -0.631 -0.480 -0.341 -0.362 -0.212 -0.252 -0.380 -0.368 -0.249 -0.312 -0.245  0.008  0.182  0.175  0.244  0.336  0.293  0.328  0.210  0.024  0.018 -0.178 -0.255 -0.319 -0.108  0.046  0.288  0.349  0.219  0.273  0.456  0.385  0.296  0.436  0.495  0.384  0.383  0.236  0.145  0.071 -0.129 -0.199 -0.073 -0.006  0.153  0.291  0.354  0.502  0.583  0.531  0.582  0.447  0.252  0.091 -0.236 -0.242
 -0.728 -0.708 -0.765 -0.875 -0.888 -0.937 -0.902 -0.787 -0.680 -0.802 -0.883 -0.941 -0.916 -0.914 -0.901 -0.671 -0.301  0.370  0.925  0.930  0.897  0.889  0.801  0.688  0.652  0.244 -0.410 -0.618 -0.845 -0.690 -0.224 -0.150 -0.312  0.141  0.428  0.288  0.465  0.792  0.667  0.590  0.774  0.629  0.655  0.527  0.200  0.189  0.437  0.529  0.738  0.871  0.957  1.000  0.948  0.797  0.480  0.012 -0.140 -0.278 -0.439 -0.446 -0.773 -0.775 -0.806 -0.706 -0.626 -0.641 -0.588 -0.434 -0.250 -0.233 -0.097 -0.186 -0.337 -0.365 -0.249 -0.306 -0.180  0.058  0.302  0.355  0.469  0.577  0.550  0.577  0.464  0.299  0.288  0.076 -0.056 -0.142  0.040  0.135  0.368  0.431  0.351  0.435  0.593  0.538  0.492  0.629  0.667  0.584  0.604  0.475  0.405  0.337  0.144  0.079  0.210  0.274  0.423  0.543  0.590  0.717  0.768  0.691  0.680  0.478  0.258 -0.004 -0.371 -0.435
 -0.843 -0.836 -0.822 -0.892 -0.937 -0.941 -0.932 -0.891 -0.776 -0.784 -0.863 -0.881 -0.799 -0.776 -0.814 -0.451 -0.013  0.501  0.867  0.855  0.743  0.756  0.675  0.529  0.502  0.035 -0.491 -0.756 -0.774 -0.464  0.074  0.112 -0.136  0.298  0.610  0.400  0.425  0.785  0.711  0.539  0.664  0.433  0.408  0.250 -0.101 -0.110  0.147  0.243  0.494  0.681  0.828  0.948  1.000  0.945  0.724  0.317  0.126 -0.016 -0.232 -0.238 -0.648 -0.693 -0.743 -0.606 -0.586 -0.653 -0.556 -0.429 -0.222 -0.161 -0.063 -0.199 -0.353 -0.422 -0.325 -0.364 -0.191  0.005  0.305  0.435  0.606  0.745  0.758  0.797  0.716  0.571  0.523  0.296  0.090 -0.017  0.103  0.114  0.319  0.378  0.362  0.479  0.599  0.565  0.580  0.709  0.718  0.674  0.728  0.631  0.603  0.550  0.384  0.347  0.478  0.526  0.651  0.729  0.745  0.843  0.847  0.730  0.643  0.371  0.144 -0.192 -0.545 -0.640
 -0.861 -0.864 -0.782 -0.804 -0.873 -0.829 -0.843 -0.879 -0.763 -0.658 -0.731 -0.710 -0.578 -0.538 -0.620 -0.170  0.299  0.594  0.730  0.689  0.510  0.537  0.471  0.309  0.297 -0.170 -0.502 -0.785 -0.588 -0.166  0.382  0.382  0.084  0.459  0.746  0.494  0.366  0.710  0.694  0.450  0.498  0.207  0.130 -0.041 -0.376 -0.386 -0.153 -0.061  0.202  0.423  0.617  0.797  0.945  1.000  0.894  0.595  0.382  0.247 -0.002 -0.007 -0.447 -0.531 -0.596 -0.437 -0.479 -0.593 -0.464 -0.381 -0.177 -0.080 -0.033 -0.199 -0.337 -0.440 -0.373 -0.388 -0.187 -0.056  0.266  0.461  0.669  0.826  0.879  0.928  0.893  0.781  0.697  0.478  0.221  0.103  0.144  0.071  0.225  0.273  0.321  0.460  0.528  0.518  0.593  0.702  0.679  0.678  0.762  0.708  0.726  0.694  0.574  0.569  0.686  0.713  0.800  0.827  0.810  0.869  0.825  0.681  0.528  0.218  0.012 -0.358 -0.653 -0.764
 -0.679 -0.701 -0.523 -0.510 -0.632 -0.570 -0.643 -0.799 -0.757 -0.528 -0.548 -0.445 -0.273 -0.170 -0.265  0.261  0.645  0.733  0.474  0.438  0.187  0.252  0.255  0.109  0.119 -0.281 -0.317 -0.703 -0.349  0.153  0.627  0.526  0.155  0.389  0.649  0.330  0.028  0.363  0.401  0.082  0.075 -0.239 -0.308 -0.430 -0.695 -0.653 -0.479 -0.448 -0.199  0.002  0.226  0.480  0.724  0.894  1.000  0.881  0.745  0.647  0.424  0.420 -0.052 -0.155 -0.219 -0.034 -0.129 -0.285 -0.119 -0.080  0.108  0.234  0.221  0.038 -0.073 -0.208 -0.183 -0.170  0.050  0.081  0.377  0.606  0.798  0.910  0.970  0.982  0.985  0.975  0.918  0.778  0.536  0.429  0.382  0.215  0.269  0.291  0.422  0.553  0.531  0.559  0.689  0.734  0.677  0.735  0.823  0.839  0.896  0.894  0.851  0.862  0.926  0.934  0.955  0.926  0.884  0.865  0.782  0.661  0.457  0.166  0.025 -0.361 -0.574 -0.743
 -0.384 -0.419 -0.186 -0.110 -0.241 -0.140 -0.238 -0.475 -0.480 -0.154 -0.137  0.009  0.192  0.305  0.189  0.663  0.906  0.637  0.047 -0.003 -0.271 -0.195 -0.149 -0.254 -0.223 -0.456 -0.142 -0.459  0.073  0.559  0.847  0.696  0.367  0.393  0.525  0.243 -0.196  0.002  0.114 -0.207 -0.317 -0.597 -0.694 -0.766 -0.893 -0.844 -0.781 -0.792 -0.621 -0.461 -0.252  0.012  0.317  0.595  0.881  1.000  0.921  0.882  0.712  0.711  0.352  0.236  0.181  0.337  0.184  0.014  0.173  0.131  0.244  0.379  0.289  0.129  0.086 -0.053 -0.087 -0.041  0.141  0.047  0.253  0.487  0.645  0.718  0.803  0.806  0.874  0.948  0.885  0.836  0.629  0.553  0.398  0.157  0.094  0.084  0.276  0.382  0.272  0.332  0.507  0.486  0.399  0.511  0.602  0.688  0.793  0.828  0.882  0.931  0.935  0.908  0.853  0.755  0.680  0.592  0.469  0.370  0.144 -0.081 -0.122 -0.418 -0.458 -0.611
 -0.064 -0.103  0.143  0.173  0.010  0.048 -0.090 -0.357 -0.465 -0.180 -0.103  0.087  0.240  0.418  0.381  0.798  0.887  0.751  0.004 -0.016 -0.271 -0.173 -0.055 -0.100 -0.052 -0.173  0.218 -0.216  0.127  0.498  0.659  0.424  0.097  0.055  0.165 -0.138 -0.532 -0.323 -0.251 -0.543 -0.588 -0.787 -0.775 -0.740 -0.799 -0.672 -0.659 -0.752 -0.625 -0.561 -0.391 -0.140  0.126  0.382  0.745  0.921  1.000  0.988  0.916  0.913  0.572  0.500  0.472  0.628  0.522  0.373  0.524  0.502  0.595  0.701  0.618  0.491  0.460  0.334  0.298  0.345  0.503  0.389  0.515  0.679  0.735  0.707  0.721  0.651  0.690  0.854  0.900  0.951  0.864  0.823  0.687  0.473  0.359  0.330  0.518  0.574  0.427  0.496  0.639  0.561  0.483  0.598  0.638  0.747  0.818  0.858  0.934  0.942  0.895  0.884  0.804  0.725  0.680  0.552  0.465  0.455  0.285  0.163  0.187 -0.070 -0.100 -0.307
  0.047  0.007  0.254  0.295  0.135  0.174  0.031 -0.244 -0.371 -0.080  0.010  0.205  0.348  0.524  0.490  0.862  0.886  0.674 -0.130 -0.142 -0.383 -0.284 -0.153 -0.180 -0.130 -0.191  0.275 -0.128  0.223  0.559  0.648  0.406  0.107 -0.002  0.073 -0.204 -0.609 -0.445 -0.360 -0.632 -0.694 -0.865 -0.849 -0.793 -0.803 -0.673 -0.694 -0.801 -0.707 -0.668 -0.518 -0.278 -0.016  0.247  0.647  0.882  0.988  1.000  0.957  0.956  0.666  0.600  0.577  0.715  0.604  0.464  0.604  0.565  0.631  0.730  0.633  0.524  0.513  0.395  0.345  0.397  0.532  0.389  0.476  0.623  0.658  0.610  0.623  0.546  0.596  0.782  0.835  0.919  0.859  0.833  0.679  0.460  0.317  0.280  0.473  0.513  0.348  0.423  0.565  0.469  0.389  0.512  0.544  0.668  0.745  0.792  0.892  0.906  0.841  0.822  0.724  0.633  0.584  0.441  0.351  0.356  0.195  0.110  0.163 -0.051 -0.034 -0.231
  0.321  0.282  0.509  0.527  0.371  0.371  0.221 -0.046 -0.230  0.008  0.129  0.330  0.432  0.624  0.643  0.903  0.790  0.619 -0.232 -0.228 -0.423 -0.325 -0.159 -0.131 -0.072 -0.009  0.512  0.116  0.325  0.523  0.470  0.201 -0.035 -0.217 -0.202 -0.437 -0.775 -0.666 -0.605 -0.812 -0.845 -0.926 -0.847 -0.718 -0.649 -0.489 -0.565 -0.718 -0.688 -0.728 -0.632 -0.439 -0.232 -0.002  0.424  0.712  0.916  0.957  1.000  0.998  0.795  0.766  0.767  0.874  0.798  0.693  0.803  0.763  0.789  0.853  0.759  0.695  0.710  0.620  0.564  0.615  0.704  0.542  0.540  0.618  0.571  0.456  0.426  0.311  0.350  0.583  0.697  0.854  0.893  0.901  0.759  0.578  0.398  0.347  0.518  0.514  0.331  0.407  0.515  0.382  0.314  0.431  0.425  0.559  0.612  0.664  0.784  0.778  0.675  0.662  0.546  0.466  0.438  0.276  0.216  0.285  0.183  0.196  0.307  0.175  0.238  0.042
  0.319  0.280  0.507  0.527  0.370  0.371  0.221 -0.046 -0.229  0.010  0.132  0.334  0.436  0.626  0.643  0.902  0.786  0.608 -0.244 -0.237 -0.432 -0.334 -0.168 -0.140 -0.083 -0.020  0.504  0.109  0.324  0.525  0.470  0.203 -0.033 -0.219 -0.203 -0.437 -0.777 -0.669 -0.605 -0.813 -0.848 -0.930 -0.853 -0.725 -0.655 -0.495 -0.572 -0.725 -0.695 -0.735 -0.639 -0.446 -0.238 -0.007  0.420  0.711  0.913  0.956  0.998  1.000  0.797  0.769  0.768  0.876  0.798  0.691  0.802  0.761  0.785  0.850  0.755  0.692  0.708  0.618  0.560  0.611  0.699  0.536  0.533  0.612  0.567  0.451  0.423  0.309  0.348  0.582  0.694  0.851  0.889  0.898  0.754  0.572  0.391  0.341  0.513  0.508  0.324  0.401  0.509  0.376  0.308  0.426  0.420  0.555  0.609  0.661  0.782  0.776  0.674  0.660  0.544  0.463  0.434  0.272  0.210  0.278  0.175  0.187  0.298  0.168  0.233  0.038
  0.638  0.610  0.767  0.816  0.734  0.747  0.644  0.436  0.264  0.441  0.556  0.700  0.735  0.850  0.879  0.872  0.599  0.195 -0.574 -0.591 -0.677 -0.625 -0.479 -0.384 -0.320 -0.035  0.605  0.496  0.668  0.647  0.341  0.143  0.120 -0.210 -0.384 -0.430 -0.675 -0.804 -0.720 -0.772 -0.874 -0.818 -0.769 -0.608 -0.393 -0.289 -0.474 -0.618 -0.723 -0.836 -0.840 -0.773 -0.648 -0.447 -0.052  0.352  0.572  0.666  0.795  0.797  1.000  0.978  0.934  0.909  0.835  0.791  0.811  0.709  0.618  0.630  0.517  0.543  0.636  0.606  0.520  0.575  0.549  0.337  0.187  0.181  0.070 -0.071 -0.088 -0.176 -0.103  0.124  0.213  0.427  0.548  0.602  0.439  0.305  0.079  0.014  0.140  0.082 -0.104 -0.034  0.035 -0.118 -0.171 -0.068 -0.095  0.047  0.105  0.176  0.345  0.374  0.235  0.190  0.046 -0.055 -0.087 -0.246 -0.292 -0.193 -0.223 -0.085  0.108  0.194  0.425  0.333
  0.740  0.714  0.850  0.873  0.793  0.776  0.676  0.487  0.294  0.420  0.547  0.687  0.697  0.818  0.884  0.823  0.498  0.186 -0.550 -0.555 -0.612 -0.562 -0.405 -0.286 -0.223  0.103  0.710  0.590  0.647  0.550  0.199 -0.005 -0.001 -0.333 -0.516 -0.545 -0.728 -0.861 -0.804 -0.820 -0.885 -0.785 -0.695 -0.500 -0.268 -0.148 -0.344 -0.506 -0.632 -0.782 -0.814 -0.775 -0.693 -0.531 -0.155  0.236  0.500  0.600  0.766  0.769  0.978  1.000  0.970  0.935  0.897  0.873  0.876  0.788  0.686  0.676  0.581  0.630  0.726  0.710  0.631  0.678  0.632  0.433  0.248  0.203  0.051 -0.122 -0.167 -0.276 -0.219  0.018  0.143  0.381  0.552  0.620  0.484  0.385  0.161  0.093  0.196  0.116 -0.063  0.000  0.041 -0.120 -0.161 -0.071 -0.121  0.014  0.050  0.116  0.280  0.289  0.139  0.104 -0.036 -0.117 -0.131 -0.289 -0.309 -0.177 -0.170  0.012  0.219  0.335  0.561  0.467
  0.817  0.792  0.915  0.933  0.856  0.826  0.727  0.546  0.338  0.441  0.574  0.712  0.707  0.831  0.916  0.823  0.463  0.177 -0.561 -0.563 -0.604 -0.556 -0.389 -0.257 -0.192  0.168  0.778  0.658  0.671  0.528  0.139 -0.071 -0.046 -0.392 -0.592 -0.609 -0.767 -0.913 -0.867 -0.862 -0.917 -0.788 -0.678 -0.461 -0.204 -0.078 -0.288 -0.463 -0.607 -0.780 -0.828 -0.806 -0.743 -0.596 -0.219  0.181  0.472  0.577  0.767  0.768  0.934  0.970  1.000  0.973  0.950  0.936  0.930  0.843  0.729  0.710  0.612  0.675  0.775  0.772  0.691  0.739  0.678  0.478  0.268  0.202  0.026 -0.165 -0.227 -0.345 -0.291 -0.043  0.099  0.355  0.555  0.632  0.502  0.417  0.186  0.114  0.208  0.116 -0.066 -0.004  0.026 -0.145 -0.182 -0.095 -0.156 -0.020  0.007  0.069  0.230  0.227  0.073  0.048 -0.093 -0.166 -0.172 -0.332 -0.343 -0.193 -0.166  0.045  0.268  0.406  0.644  0.563
  0.717  0.687  0.845  0.853  0.743  0.710  0.590  0.379  0.161  0.295  0.434  0.600  0.623  0.779  0.861  0.871  0.565  0.350 -0.449 -0.446 -0.533 -0.466 -0.288 -0.178 -0.112  0.174  0.764  0.531  0.569  0.512  0.208 -0.035 -0.092 -0.392 -0.528 -0.619 -0.822 -0.884 -0.842 -0.899 -0.934 -0.855 -0.734 -0.525 -0.318 -0.167 -0.343 -0.525 -0.622 -0.770 -0.778 -0.706 -0.606 -0.437 -0.034  0.337  0.628  0.715  0.874  0.876  0.909  0.935  0.973  1.000  0.973  0.928  0.958  0.889  0.815  0.818  0.722  0.751  0.827  0.797  0.724  0.773  0.756  0.565  0.407  0.374  0.220  0.034 -0.032 -0.163 -0.118  0.141  0.294  0.535  0.706  0.767  0.638  0.529  0.307  0.238  0.355  0.281  0.093  0.161  0.208  0.040 -0.005  0.091  0.038  0.176  0.205  0.261  0.409  0.393  0.251  0.235  0.101  0.033  0.026 -0.141 -0.160 -0.020 -0.022  0.145  0.344  0.403  0.587  0.464
  0.792  0.768  0.894  0.860  0.754  0.679  0.563  0.388  0.149  0.207  0.354  0.508  0.499  0.665  0.795  0.753  0.413  0.373 -0.335 -0.321 -0.373 -0.311 -0.125  0.007  0.072  0.379  0.871  0.611  0.480  0.333  0.007 -0.238 -0.269 -0.532 -0.663 -0.741 -0.845 -0.889 -0.893 -0.907 -0.880 -0.754 -0.578 -0.335 -0.130  0.039 -0.132 -0.330 -0.438 -0.624 -0.662 -0.626 -0.586 -0.479 -0.129  0.184  0.522  0.604  0.798  0.798  0.835  0.897  0.950  0.973  1.000  0.981  0.992  0.954  0.882  0.858  0.794  0.845  0.912  0.901  0.846  0.882  0.849  0.694  0.511  0.430  0.231  0.013 -0.095 -0.248 -0.235  0.024  0.223  0.478  0.704  0.775  0.698  0.643  0.442  0.374  0.453  0.359  0.192  0.247  0.254  0.086  0.061  0.132  0.051  0.167  0.161  0.205  0.327  0.281  0.137  0.140  0.025 -0.007  0.013 -0.140 -0.122  0.055  0.103  0.311  0.511  0.590  0.736  0.608
  0.875  0.856  0.944  0.896  0.810  0.716  0.613  0.475  0.231  0.234  0.381  0.514  0.473  0.624  0.777  0.652  0.261  0.269 -0.351 -0.327 -0.334 -0.283 -0.100  0.053  0.115  0.467  0.914  0.701  0.474  0.240 -0.143 -0.368 -0.343 -0.617 -0.771 -0.804 -0.832 -0.910 -0.935 -0.894 -0.845 -0.668 -0.471 -0.212  0.021  0.185  0.001 -0.200 -0.339 -0.557 -0.632 -0.641 -0.653 -0.593 -0.285  0.014  0.373  0.464  0.693  0.691  0.791  0.873  0.936  0.928  0.981  1.000  0.982  0.952  0.861  0.812  0.762  0.841  0.916  0.929  0.880  0.910  0.845  0.703  0.480  0.357  0.127 -0.108 -0.234 -0.392 -0.392 -0.140  0.076  0.345  0.612  0.699  0.647  0.632  0.438  0.371  0.418  0.303  0.153  0.198  0.175  0.007 -0.004  0.050 -0.049  0.055  0.029  0.069  0.187  0.130 -0.019 -0.012 -0.122 -0.138 -0.104 -0.245 -0.204 -0.005  0.083  0.334  0.546  0.676  0.830  0.723
  0.779  0.755  0.879  0.832  0.719  0.631  0.508  0.335  0.084  0.133  0.286  0.445  0.434  0.611  0.749  0.719  0.374  0.395 -0.300 -0.270 -0.323 -0.254 -0.061  0.069  0.132  0.419  0.877  0.577  0.408  0.265 -0.045 -0.298 -0.348 -0.598 -0.700 -0.796 -0.887 -0.899 -0.916 -0.935 -0.884 -0.760 -0.565 -0.319 -0.125  0.058 -0.100 -0.305 -0.402 -0.593 -0.631 -0.588 -0.556 -0.464 -0.119  0.173  0.524  0.604  0.803  0.802  0.811  0.876  0.930  0.958  0.992  0.982  1.000  0.979  0.919  0.894  0.840  0.886  0.944  0.932  0.884  0.916  0.890  0.747  0.572  0.485  0.282  0.057 -0.063 -0.226 -0.228  0.034  0.251  0.507  0.739  0.811  0.748  0.701  0.507  0.443  0.518  0.422  0.261  0.314  0.315  0.148  0.126  0.194  0.107  0.219  0.203  0.243  0.358  0.301  0.157  0.166  0.055  0.033  0.060 -0.091 -0.066  0.118  0.170  0.377  0.569  0.629  0.747  0.603
  0.726  0.704  0.817  0.734  0.610  0.490  0.361  0.207 -0.056 -0.048  0.108  0.268  0.250  0.445  0.608  0.604  0.279  0.481 -0.138 -0.088 -0.138 -0.063  0.134  0.260  0.316  0.552  0.890  0.513  0.233  0.085 -0.171 -0.432 -0.515 -0.698 -0.741 -0.870 -0.906 -0.846 -0.902 -0.925 -0.812 -0.691 -0.454 -0.202 -0.052  0.153  0.033 -0.179 -0.249 -0.444 -0.480 -0.434 -0.429 -0.381 -0.080  0.131  0.502  0.565  0.763  0.761  0.709  0.788  0.843  0.889  0.954  0.952  0.979  1.000  0.973  0.941  0.919  0.958  0.988  0.977  0.953  0.972  0.961  0.863  0.710  0.609  0.398  0.162  0.015 -0.167 -0.204  0.052  0.300  0.545  0.790  0.857  0.841  0.824  0.664  0.608  0.663  0.568  0.429  0.474  0.453  0.296  0.286  0.337  0.237  0.328  0.285  0.312  0.393  0.310  0.177  0.205  0.117  0.127  0.173  0.037  0.084  0.281  0.350  0.550  0.715  0.736  0.779  0.606
  0.560  0.537  0.670  0.568  0.419  0.293  0.150 -0.015 -0.273 -0.252 -0.100  0.073  0.079  0.298  0.456  0.555  0.311  0.635  0.038  0.096  0.008  0.098  0.293  0.388  0.440  0.570  0.817  0.337  0.052 -0.010 -0.147 -0.423 -0.587 -0.690 -0.647 -0.846 -0.900 -0.737 -0.809 -0.888 -0.739 -0.676 -0.430 -0.201 -0.125  0.097  0.032 -0.174 -0.183 -0.343 -0.341 -0.250 -0.222 -0.177  0.108  0.244  0.595  0.631  0.789  0.785  0.618  0.686  0.729  0.815  0.882  0.861  0.919  0.973  1.000  0.987  0.983  0.986  0.978  0.944  0.940  0.952  0.988  0.925  0.841  0.772  0.592  0.374  0.222  0.036 -0.022  0.221  0.475  0.684  0.890  0.935  0.941  0.916  0.790  0.745  0.808  0.736  0.612  0.655  0.643  0.504  0.493  0.541  0.450  0.528  0.478  0.496  0.548  0.452  0.339  0.379  0.312  0.337  0.387  0.260  0.306  0.486  0.529  0.671  0.790  0.721  0.680  0.464
  0.463  0.435  0.597  0.511  0.350  0.244  0.091 -0.101 -0.348 -0.277 -0.130  0.057  0.091  0.316  0.445  0.615  0.417  0.687  0.036  0.091 -0.032  0.067  0.260  0.331  0.382  0.463  0.738  0.228  0.038  0.060 -0.022 -0.306 -0.518 -0.613 -0.542 -0.777 -0.896 -0.704 -0.755 -0.882 -0.755 -0.740 -0.519 -0.315 -0.263 -0.043 -0.092 -0.289 -0.269 -0.396 -0.362 -0.233 -0.161 -0.080  0.234  0.379  0.701  0.730  0.853  0.850  0.630  0.676  0.710  0.818  0.858  0.812  0.894  0.941  0.987  1.000  0.981  0.957  0.942  0.886  0.877  0.894  0.957  0.884  0.839  0.808  0.663  0.468  0.337  0.160  0.112  0.355  0.586  0.777  0.940  0.971  0.955  0.895  0.767  0.724  0.813  0.762  0.628  0.678  0.693  0.559  0.536  0.599  0.525  0.612  0.580  0.601  0.657  0.573  0.468  0.502  0.432  0.440  0.476  0.344  0.368  0.522  0.527  0.626  0.729  0.616  0.567  0.337
  0.424  0.401  0.537  0.420  0.261  0.128 -0.018 -0.178 -0.425 -0.405 -0.262 -0.088 -0.069  0.159  0.311  0.473  0.289  0.711  0.172  0.239  0.134  0.230  0.416  0.487  0.532  0.581  0.735  0.197 -0.104 -0.111 -0.158 -0.432 -0.646 -0.683 -0.575 -0.814 -0.864 -0.631 -0.717 -0.827 -0.650 -0.625 -0.375 -0.169 -0.150  0.078  0.057 -0.137 -0.103 -0.237 -0.212 -0.097 -0.063 -0.033  0.221  0.289  0.618  0.633  0.759  0.755  0.517  0.581  0.612  0.722  0.794  0.762  0.840  0.919  0.983  0.981  1.000  0.980  0.943  0.896  0.908  0.909  0.976  0.946  0.912  0.860  0.706  0.506  0.353  0.167  0.091  0.315  0.567  0.744  0.920  0.950  0.978  0.957  0.865  0.830  0.890  0.836  0.731  0.770  0.758  0.639  0.630  0.671  0.585  0.648  0.591  0.600  0.624  0.519  0.426  0.475  0.429  0.469  0.522  0.411  0.457  0.622  0.651  0.750  0.829  0.702  0.596  0.356
  0.572  0.554  0.658  0.534  0.395  0.247  0.114 -0.020 -0.279 -0.306 -0.157  0.000 -0.014  0.200  0.379  0.440  0.183  0.603  0.099  0.168  0.108  0.192  0.382  0.484  0.530  0.662  0.830  0.355 -0.025 -0.135 -0.276 -0.538 -0.681 -0.758 -0.706 -0.888 -0.877 -0.707 -0.804 -0.853 -0.671 -0.583 -0.313 -0.078 -0.008  0.215  0.160 -0.045 -0.060 -0.236 -0.252 -0.186 -0.199 -0.199  0.038  0.129  0.491  0.524  0.695  0.692  0.543  0.630  0.675  0.751  0.845  0.841  0.886  0.958  0.986  0.957  0.980  1.000  0.983  0.961  0.969  0.968  0.993  0.957  0.864  0.766  0.569  0.342  0.174 -0.018 -0.096  0.135  0.404  0.611  0.840  0.890  0.928  0.941  0.836  0.795  0.830  0.749  0.646  0.679  0.641  0.510  0.513  0.543  0.438  0.499  0.431  0.440  0.473  0.363  0.254  0.304  0.252  0.299  0.363  0.252  0.318  0.511  0.582  0.741  0.851  0.797  0.733  0.519
  0.685  0.666  0.767  0.662  0.536  0.398  0.270  0.133 -0.131 -0.151  0.004  0.158  0.133  0.333  0.508  0.511  0.198  0.504 -0.046  0.016 -0.027  0.050  0.243  0.365  0.416  0.621  0.878  0.470  0.121 -0.033 -0.256 -0.513 -0.608 -0.751 -0.759 -0.899 -0.897 -0.798 -0.876 -0.896 -0.748 -0.628 -0.370 -0.121  0.002  0.215  0.118 -0.092 -0.146 -0.342 -0.380 -0.337 -0.353 -0.337 -0.073  0.086  0.460  0.513  0.710  0.708  0.636  0.726  0.775  0.827  0.912  0.916  0.944  0.988  0.978  0.942  0.943  0.983  1.000  0.985  0.975  0.982  0.978  0.908  0.769  0.658  0.444  0.205  0.044 -0.144 -0.201  0.044  0.307  0.540  0.790  0.854  0.868  0.874  0.738  0.688  0.727  0.631  0.511  0.549  0.513  0.366  0.365  0.403  0.295  0.371  0.312  0.330  0.390  0.293  0.168  0.206  0.136  0.166  0.223  0.100  0.161  0.363  0.443  0.638  0.783  0.787  0.788  0.603
  0.763  0.749  0.817  0.705  0.600  0.451  0.338  0.233 -0.030 -0.095  0.057  0.190  0.139  0.322  0.514  0.440  0.088  0.411 -0.072 -0.009 -0.013  0.051  0.240  0.381  0.430  0.683  0.915  0.564  0.149 -0.083 -0.362 -0.598 -0.638 -0.795 -0.836 -0.929 -0.869 -0.813 -0.903 -0.874 -0.718 -0.553 -0.285 -0.020  0.132  0.336  0.221  0.010 -0.076 -0.298 -0.368 -0.365 -0.422 -0.440 -0.208 -0.053  0.334  0.395  0.620  0.618  0.606  0.710  0.772  0.797  0.901  0.929  0.932  0.977  0.944  0.886  0.896  0.961  0.985  1.000  0.990  0.994  0.959  0.896  0.720  0.575  0.335  0.085 -0.087 -0.275 -0.337 -0.099  0.171  0.416  0.699  0.776  0.804  0.842  0.709  0.658  0.672  0.560  0.451  0.481  0.422  0.275  0.285  0.309  0.188  0.256  0.185  0.201  0.258  0.156  0.028  0.067  0.001  0.040  0.106 -0.007  0.069  0.286  0.400  0.632  0.791  0.845  0.864  0.705
  0.711  0.700  0.756  0.623  0.516  0.352  0.242  0.154 -0.106 -0.200 -0.052  0.074  0.018  0.204  0.411  0.348  0.022  0.456  0.046  0.114  0.114  0.177  0.360  0.496  0.541  0.758  0.904  0.523  0.042 -0.195 -0.434 -0.665 -0.716 -0.821 -0.831 -0.937 -0.837 -0.742 -0.856 -0.825 -0.635 -0.474 -0.188  0.074  0.193  0.402  0.313  0.106  0.038 -0.181 -0.249 -0.249 -0.325 -0.373 -0.183 -0.087  0.298  0.345  0.564  0.560  0.520  0.631  0.691  0.724  0.846  0.880  0.884  0.953  0.940  0.877  0.908  0.969  0.975  0.990  1.000  0.995  0.969  0.939  0.781  0.629  0.389  0.140 -0.045 -0.237 -0.319 -0.095  0.186  0.416  0.699  0.769  0.829  0.889  0.783  0.739  0.736  0.627  0.538  0.560  0.487  0.353  0.371  0.381  0.256  0.306  0.220  0.226  0.259  0.144  0.027  0.077  0.029  0.089  0.166  0.068  0.158  0.377  0.501  0.724  0.862  0.893  0.866  0.695
  0.733  0.721  0.789  0.668  0.559  0.406  0.292  0.189 -0.073 -0.145  0.005  0.138  0.089  0.278  0.477  0.419  0.089  0.463 -0.002  0.057  0.047  0.112  0.300  0.437  0.487  0.720  0.920  0.547  0.110 -0.117 -0.371 -0.611 -0.662 -0.789 -0.818 -0.924 -0.853 -0.775 -0.876 -0.853 -0.683 -0.524 -0.249  0.015  0.147  0.355  0.253  0.043 -0.031 -0.249 -0.312 -0.306 -0.364 -0.388 -0.170 -0.041  0.345  0.397  0.615  0.611  0.575  0.678  0.739  0.773  0.882  0.910  0.916  0.972  0.952  0.894  0.909  0.968  0.982  0.994  0.995  1.000  0.974  0.926  0.762  0.620  0.381  0.133 -0.045 -0.236 -0.305 -0.072  0.203  0.441  0.720  0.791  0.831  0.874  0.752  0.704  0.714  0.606  0.503  0.531  0.468  0.327  0.339  0.359  0.238  0.299  0.222  0.234  0.281  0.174  0.050  0.095  0.035  0.082  0.153  0.045  0.126  0.343  0.458  0.682  0.832  0.867  0.861  0.693
  0.577  0.560  0.666  0.541  0.402  0.256  0.124 -0.011 -0.269 -0.297 -0.149  0.008 -0.004  0.211  0.393  0.455  0.206  0.629  0.119  0.178  0.114  0.196  0.387  0.491  0.541  0.677  0.849  0.376 -0.004 -0.120 -0.262 -0.527 -0.667 -0.736 -0.694 -0.877 -0.864 -0.697 -0.796 -0.844 -0.664 -0.575 -0.306 -0.067  0.001  0.224  0.166 -0.039 -0.054 -0.230 -0.245 -0.180 -0.191 -0.187  0.050  0.141  0.503  0.532  0.704  0.699  0.549  0.632  0.678  0.756  0.849  0.845  0.890  0.961  0.988  0.957  0.976  0.993  0.978  0.959  0.969  0.974  1.000  0.965  0.871  0.775  0.576  0.349  0.179 -0.013 -0.089  0.142  0.413  0.619  0.849  0.897  0.934  0.946  0.841  0.798  0.834  0.754  0.650  0.683  0.645  0.514  0.516  0.546  0.441  0.503  0.434  0.443  0.476  0.366  0.258  0.307  0.255  0.301  0.366  0.256  0.322  0.516  0.589  0.748  0.862  0.806  0.741  0.528
  0.452  0.443  0.513  0.350  0.219  0.046 -0.071 -0.157 -0.395 -0.485 -0.355 -0.224 -0.249 -0.039  0.163  0.235  0.046  0.672  0.344  0.411  0.364  0.439  0.608  0.699  0.738  0.800  0.785  0.280 -0.218 -0.349 -0.409 -0.647 -0.797 -0.760 -0.660 -0.854 -0.753 -0.522 -0.665 -0.701 -0.460 -0.377 -0.085  0.137  0.139  0.361  0.356  0.168  0.188  0.023  0.008  0.058  0.005 -0.056  0.081  0.047  0.389  0.389  0.542  0.536  0.337  0.433  0.478  0.565  0.694  0.703  0.747  0.863  0.925  0.884  0.946  0.957  0.908  0.896  0.939  0.926  0.965  1.000  0.942  0.834  0.642  0.428  0.238  0.048 -0.066  0.124  0.405  0.570  0.793  0.829  0.928  0.987  0.943  0.917  0.914  0.842  0.786  0.799  0.732  0.634  0.654  0.653  0.541  0.564  0.466  0.456  0.437  0.304  0.224  0.292  0.281  0.367  0.453  0.380  0.472  0.662  0.757  0.894  0.961  0.868  0.714  0.494
  0.138  0.126  0.227  0.066 -0.089 -0.240 -0.364 -0.466 -0.663 -0.703 -0.597 -0.457 -0.434 -0.216 -0.057  0.173  0.136  0.822  0.536  0.603  0.495  0.583  0.728  0.757  0.786  0.681  0.563 -0.030 -0.431 -0.396 -0.268 -0.500 -0.759 -0.615 -0.405 -0.683 -0.645 -0.298 -0.435 -0.560 -0.313 -0.336 -0.080  0.074 -0.034  0.182  0.257  0.104  0.214  0.131  0.182  0.302  0.305  0.266  0.377  0.253  0.515  0.476  0.540  0.533  0.187  0.248  0.268  0.407  0.511  0.480  0.572  0.710  0.841  0.839  0.912  0.864  0.769  0.720  0.781  0.762  0.871  0.942  1.000  0.963  0.852  0.698  0.535  0.365  0.243  0.394  0.637  0.726  0.852  0.848  0.953  0.979  0.984  0.975  0.995  0.973  0.938  0.950  0.915  0.854  0.864  0.867  0.789  0.796  0.709  0.690  0.636  0.508  0.468  0.542  0.557  0.646  0.720  0.665  0.735  0.867  0.900  0.924  0.916  0.697  0.449  0.194
 -0.056 -0.074  0.071 -0.059 -0.229 -0.338 -0.471 -0.612 -0.775 -0.733 -0.643 -0.486 -0.416 -0.196 -0.090  0.260  0.325  0.908  0.555  0.605  0.437  0.535  0.666  0.651  0.679  0.484  0.402 -0.219 -0.444 -0.264 -0.031 -0.266 -0.597 -0.426 -0.176 -0.507 -0.578 -0.189 -0.289 -0.493 -0.289 -0.400 -0.201 -0.100 -0.257 -0.057  0.049 -0.078  0.083  0.067  0.175  0.355  0.435  0.461  0.606  0.487  0.679  0.623  0.618  0.612  0.181  0.203  0.202  0.374  0.430  0.357  0.485  0.609  0.772  0.808  0.860  0.766  0.658  0.575  0.629  0.620  0.775  0.834  0.963  1.000  0.958  0.854  0.733  0.589  0.489  0.624  0.817  0.862  0.902  0.871  0.938  0.904  0.913  0.909  0.971  0.988  0.943  0.965  0.978  0.932  0.921  0.946  0.905  0.922  0.869  0.855  0.804  0.700  0.680  0.742  0.755  0.816  0.864  0.805  0.836  0.917  0.883  0.823  0.783  0.488  0.226 -0.044
 -0.318 -0.339 -0.175 -0.271 -0.441 -0.505 -0.629 -0.779 -0.883 -0.779 -0.720 -0.571 -0.461 -0.264 -0.223  0.227  0.413  0.907  0.593  0.632  0.425  0.522  0.616  0.547  0.565  0.257  0.143 -0.461 -0.521 -0.201  0.158 -0.044 -0.430 -0.210  0.092 -0.269 -0.418  0.007 -0.058 -0.322 -0.161 -0.359 -0.232 -0.208 -0.429 -0.265 -0.113 -0.191  0.024  0.086  0.244  0.469  0.606  0.669  0.798  0.645  0.735  0.658  0.571  0.567  0.070  0.051  0.026  0.220  0.231  0.127  0.282  0.398  0.592  0.663  0.706  0.569  0.444  0.335  0.389  0.381  0.576  0.642  0.852  0.958  1.000  0.966  0.896  0.794  0.712  0.801  0.924  0.900  0.840  0.778  0.822  0.746  0.784  0.793  0.880  0.940  0.908  0.932  0.983  0.972  0.947  0.981  0.980  0.992  0.967  0.952  0.890  0.814  0.828  0.879  0.904  0.946  0.969  0.925  0.922  0.935  0.839  0.685  0.592  0.228 -0.060 -0.322
 -0.539 -0.559 -0.398 -0.465 -0.617 -0.640 -0.741 -0.878 -0.917 -0.780 -0.758 -0.634 -0.500 -0.340 -0.353  0.148  0.441  0.852  0.631  0.651  0.428  0.515  0.564  0.452  0.459  0.068 -0.095 -0.637 -0.567 -0.160  0.293  0.140 -0.258  0.009  0.335 -0.023 -0.210  0.220  0.181 -0.112  0.008 -0.249 -0.192 -0.239 -0.510 -0.394 -0.205 -0.231  0.019  0.147  0.336  0.577  0.745  0.826  0.910  0.718  0.707  0.610  0.456  0.451 -0.071 -0.122 -0.165  0.034  0.013 -0.108  0.057  0.162  0.374  0.468  0.506  0.342  0.205  0.085  0.140  0.133  0.349  0.428  0.698  0.854  0.966  1.000  0.976  0.920  0.855  0.887  0.942  0.851  0.707  0.621  0.652  0.554  0.624  0.647  0.740  0.836  0.826  0.845  0.920  0.946  0.914  0.947  0.982  0.980  0.977  0.959  0.882  0.832  0.880  0.922  0.962  0.991  0.994  0.975  0.947  0.901  0.763  0.536  0.398 -0.002 -0.303 -0.537
 -0.654 -0.676 -0.505 -0.532 -0.671 -0.650 -0.740 -0.885 -0.879 -0.691 -0.691 -0.577 -0.421 -0.291 -0.355  0.174  0.519  0.772  0.550  0.555  0.316  0.396  0.418  0.281  0.283 -0.137 -0.258 -0.730 -0.510 -0.031  0.454  0.332 -0.069  0.185  0.503  0.157 -0.095  0.305  0.307 -0.008  0.052 -0.246 -0.255 -0.351 -0.630 -0.551 -0.358 -0.351 -0.091  0.082  0.293  0.550  0.758  0.879  0.970  0.803  0.721  0.623  0.426  0.423 -0.088 -0.167 -0.227 -0.032 -0.095 -0.234 -0.063  0.015  0.222  0.337  0.353  0.174  0.044 -0.087 -0.045 -0.045  0.179  0.238  0.535  0.733  0.896  0.976  1.000  0.980  0.944  0.949  0.943  0.820  0.615  0.516  0.511  0.376  0.445  0.471  0.585  0.703  0.692  0.715  0.821  0.861  0.816  0.862  0.926  0.931  0.958  0.947  0.882  0.865  0.926  0.950  0.984  0.985  0.964  0.948  0.889  0.798  0.619  0.347  0.195 -0.212 -0.482 -0.688
 -0.769 -0.788 -0.631 -0.629 -0.744 -0.690 -0.756 -0.882 -0.825 -0.622 -0.651 -0.564 -0.400 -0.310 -0.412  0.115  0.515  0.670  0.524  0.512  0.278  0.343  0.329  0.170  0.164 -0.282 -0.419 -0.802 -0.489  0.022  0.538  0.463  0.086  0.352  0.657  0.342  0.074  0.441  0.466  0.153  0.171 -0.150 -0.216 -0.359 -0.653 -0.617 -0.414 -0.367 -0.103  0.109  0.328  0.577  0.797  0.928  0.982  0.806  0.651  0.546  0.311  0.309 -0.176 -0.276 -0.345 -0.163 -0.248 -0.392 -0.226 -0.167  0.036  0.160  0.167 -0.018 -0.144 -0.275 -0.237 -0.236 -0.013  0.048  0.365  0.589  0.794  0.920  0.980  1.000  0.983  0.945  0.883  0.719  0.464  0.355  0.335  0.191  0.276  0.309  0.421  0.558  0.562  0.581  0.699  0.763  0.715  0.759  0.847  0.842  0.887  0.876  0.809  0.816  0.897  0.910  0.951  0.939  0.902  0.905  0.829  0.697  0.499  0.191  0.019 -0.381 -0.634 -0.800
 -0.756 -0.779 -0.608 -0.571 -0.677 -0.591 -0.652 -0.797 -0.724 -0.476 -0.512 -0.424 -0.248 -0.174 -0.304  0.219  0.621  0.614  0.400  0.368  0.123  0.183  0.162  0.000 -0.000 -0.419 -0.455 -0.777 -0.346  0.189  0.677  0.609  0.250  0.468  0.729  0.434  0.109  0.421  0.482  0.163  0.123 -0.208 -0.318 -0.474 -0.740 -0.726 -0.549 -0.491 -0.242 -0.016  0.210  0.464  0.716  0.893  0.985  0.874  0.690  0.596  0.350  0.348 -0.103 -0.219 -0.291 -0.118 -0.235 -0.392 -0.228 -0.204 -0.022  0.112  0.091 -0.096 -0.201 -0.337 -0.319 -0.305 -0.089 -0.066  0.243  0.489  0.712  0.855  0.944  0.983  1.000  0.963  0.866  0.703  0.425  0.316  0.253  0.075  0.135  0.162  0.296  0.438  0.423  0.450  0.593  0.651  0.590  0.650  0.755  0.769  0.840  0.840  0.800  0.831  0.907  0.904  0.926  0.884  0.828  0.819  0.720  0.569  0.348  0.033 -0.122 -0.499 -0.694 -0.835
 -0.567 -0.597 -0.386 -0.356 -0.496 -0.428 -0.525 -0.724 -0.718 -0.444 -0.438 -0.304 -0.124 -0.001 -0.103  0.426  0.741  0.721  0.305  0.284  0.018  0.099  0.131 -0.001  0.014 -0.337 -0.241 -0.648 -0.240  0.277  0.691  0.553  0.168  0.315  0.557  0.228 -0.139  0.176  0.239 -0.097 -0.128 -0.436 -0.499 -0.595 -0.811 -0.748 -0.610 -0.607 -0.379 -0.198  0.024  0.299  0.571  0.781  0.975  0.948  0.854  0.782  0.583  0.582  0.124  0.018 -0.043  0.141  0.024 -0.140  0.034  0.052  0.221  0.355  0.315  0.135  0.044 -0.099 -0.095 -0.072  0.142  0.124  0.394  0.624  0.801  0.887  0.949  0.945  0.963  1.000  0.956  0.860  0.635  0.542  0.456  0.258  0.263  0.273  0.434  0.555  0.493  0.537  0.686  0.699  0.630  0.713  0.798  0.844  0.916  0.928  0.922  0.941  0.979  0.976  0.967  0.914  0.861  0.809  0.710  0.604  0.387  0.120  0.013 -0.357 -0.521 -0.706
 -0.391 -0.422 -0.207 -0.227 -0.394 -0.382 -0.507 -0.715 -0.780 -0.553 -0.509 -0.346 -0.188 -0.013 -0.050  0.460  0.691  0.852  0.372  0.376  0.117  0.215  0.295  0.199  0.223 -0.084  0.002 -0.522 -0.290  0.150  0.513  0.317 -0.083  0.060  0.315 -0.045 -0.356  0.003  0.020 -0.300 -0.258 -0.519 -0.491 -0.516 -0.713 -0.589 -0.464 -0.516 -0.300 -0.182  0.018  0.288  0.523  0.697  0.918  0.885  0.900  0.835  0.697  0.694  0.213  0.143  0.099  0.294  0.223  0.076  0.251  0.300  0.475  0.586  0.567  0.404  0.307  0.171  0.186  0.203  0.413  0.405  0.637  0.817  0.924  0.942  0.943  0.883  0.866  0.956  1.000  0.959  0.817  0.743  0.692  0.525  0.517  0.519  0.667  0.757  0.683  0.728  0.846  0.829  0.771  0.847  0.893  0.943  0.980  0.988  0.979  0.958  0.968  0.986  0.972  0.949  0.925  0.855  0.791  0.748  0.575  0.369  0.290 -0.079 -0.275 -0.510
 -0.126 -0.161  0.067  0.039 -0.143 -0.156 -0.305 -0.542 -0.674 -0.454 -0.369 -0.177 -0.039  0.167  0.171  0.616  0.718  0.857  0.227  0.244 -0.000  0.108  0.235  0.187  0.224  0.033  0.244 -0.307 -0.144  0.211  0.443  0.196 -0.177 -0.129  0.072 -0.276 -0.584 -0.268 -0.254 -0.547 -0.496 -0.694 -0.613 -0.565 -0.682 -0.519 -0.453 -0.559 -0.395 -0.345 -0.178  0.076  0.296  0.478  0.778  0.836  0.951  0.919  0.854  0.851  0.427  0.381  0.355  0.535  0.478  0.345  0.507  0.545  0.684  0.777  0.744  0.611  0.540  0.416  0.416  0.441  0.619  0.570  0.726  0.862  0.900  0.851  0.820  0.719  0.703  0.860  0.959  1.000  0.939  0.894  0.829  0.665  0.600  0.583  0.738  0.791  0.678  0.734  0.841  0.777  0.718  0.807  0.823  0.901  0.931  0.951  0.977  0.944  0.911  0.928  0.883  0.853  0.838  0.732  0.679  0.694  0.553  0.428  0.413  0.102 -0.038 -0.290
  0.183  0.151  0.352  0.284  0.103  0.034 -0.124 -0.346 -0.547 -0.405 -0.283 -0.085  0.003  0.234  0.313  0.634  0.588  0.839  0.177  0.212  0.019  0.128  0.297  0.312  0.360  0.301  0.540 -0.027 -0.069  0.118  0.200 -0.082 -0.389 -0.400 -0.256 -0.565 -0.775 -0.501 -0.530 -0.746 -0.642 -0.734 -0.566 -0.428 -0.469 -0.264 -0.252 -0.413 -0.315 -0.359 -0.255 -0.056  0.090  0.221  0.536  0.629  0.864  0.859  0.893  0.889  0.548  0.552  0.555  0.706  0.704  0.612  0.739  0.790  0.890  0.940  0.920  0.840  0.790  0.699  0.699  0.720  0.849  0.793  0.852  0.902  0.840  0.707  0.615  0.464  0.425  0.635  0.817  0.939  1.000  0.992  0.957  0.847  0.751  0.719  0.842  0.842  0.716  0.770  0.828  0.725  0.684  0.760  0.727  0.810  0.803  0.823  0.861  0.794  0.722  0.752  0.694  0.690  0.705  0.582  0.573  0.667  0.602  0.592  0.637  0.411  0.300  0.041
  0.295  0.264  0.455  0.383  0.207  0.126 -0.032 -0.250 -0.471 -0.347 -0.213 -0.015  0.056  0.287  0.383  0.651  0.544  0.786  0.105  0.148 -0.023  0.084  0.265  0.302  0.353  0.349  0.619  0.071 -0.014  0.118  0.135 -0.153 -0.427 -0.478 -0.364 -0.648 -0.835 -0.594 -0.627 -0.814 -0.706 -0.760 -0.575 -0.411 -0.413 -0.201 -0.215 -0.392 -0.324 -0.399 -0.319 -0.142 -0.017  0.103  0.429  0.553  0.823  0.833  0.901  0.898  0.602  0.620  0.632  0.767  0.775  0.699  0.811  0.857  0.935  0.971  0.950  0.890  0.854  0.776  0.769  0.791  0.897  0.829  0.848  0.871  0.778  0.621  0.516  0.355  0.316  0.542  0.743  0.894  0.992  1.000  0.965  0.867  0.754  0.716  0.832  0.813  0.679  0.734  0.780  0.662  0.625  0.700  0.653  0.742  0.728  0.751  0.801  0.730  0.642  0.672  0.604  0.601  0.622  0.491  0.491  0.608  0.565  0.595  0.666  0.480  0.398  0.147
  0.266  0.243  0.395  0.275  0.104 -0.019 -0.167 -0.335 -0.560 -0.518 -0.388 -0.211 -0.168  0.066  0.202  0.444  0.345  0.811  0.294  0.355  0.216  0.318  0.493  0.534  0.576  0.540  0.639  0.054 -0.206 -0.134 -0.084 -0.357 -0.625 -0.597 -0.439 -0.723 -0.799 -0.507 -0.593 -0.747 -0.564 -0.593 -0.359 -0.185 -0.225 -0.000  0.021 -0.157 -0.075 -0.169 -0.108  0.040  0.103  0.144  0.382  0.398  0.687  0.679  0.759  0.754  0.439  0.484  0.502  0.638  0.698  0.647  0.748  0.841  0.941  0.955  0.978  0.928  0.868  0.804  0.829  0.831  0.934  0.928  0.953  0.938  0.822  0.652  0.511  0.335  0.253  0.456  0.692  0.829  0.957  0.965  1.000  0.963  0.897  0.871  0.941  0.913  0.820  0.857  0.860  0.761  0.747  0.789  0.719  0.773  0.721  0.725  0.730  0.627  0.554  0.606  0.574  0.616  0.666  0.564  0.602  0.738  0.739  0.781  0.823  0.628  0.471  0.210
  0.328  0.315  0.408  0.248  0.101 -0.062 -0.189 -0.293 -0.521 -0.578 -0.453 -0.309 -0.310 -0.091  0.089  0.239  0.104  0.740  0.397  0.471  0.392  0.477  0.643  0.707  0.742  0.734  0.696  0.140 -0.304 -0.352 -0.335 -0.579 -0.787 -0.719 -0.566 -0.804 -0.747 -0.462 -0.597 -0.680 -0.439 -0.405 -0.127  0.069  0.030  0.255  0.281  0.103  0.161  0.030  0.046  0.135  0.114  0.071  0.215  0.157  0.473  0.460  0.578  0.572  0.305  0.385  0.417  0.529  0.643  0.632  0.701  0.824  0.916  0.895  0.957  0.941  0.874  0.842  0.889  0.874  0.946  0.987  0.979  0.904  0.746  0.554  0.376  0.191  0.075  0.258  0.525  0.665  0.847  0.867  0.963  1.000  0.969  0.948  0.963  0.911  0.856  0.873  0.825  0.737  0.749  0.755  0.658  0.680  0.590  0.578  0.550  0.420  0.353  0.422  0.418  0.500  0.579  0.506  0.585  0.752  0.814  0.903  0.941  0.791  0.602  0.360
  0.151  0.146  0.207  0.025 -0.111 -0.283 -0.389 -0.445 -0.636 -0.737 -0.638 -0.524 -0.530 -0.328 -0.150  0.022 -0.031  0.747  0.593  0.669  0.602  0.677  0.810  0.848  0.870  0.774  0.560  0.001 -0.504 -0.536 -0.422 -0.626 -0.845 -0.674 -0.464 -0.707 -0.587 -0.247 -0.411 -0.491 -0.212 -0.200  0.075  0.232  0.123  0.331  0.413  0.268  0.364  0.264  0.288  0.368  0.319  0.225  0.269  0.094  0.359  0.317  0.398  0.391  0.079  0.161  0.186  0.307  0.442  0.438  0.507  0.664  0.790  0.767  0.865  0.836  0.738  0.709  0.783  0.752  0.841  0.943  0.984  0.913  0.784  0.624  0.445  0.276  0.135  0.263  0.517  0.600  0.751  0.754  0.897  0.969  1.000  0.997  0.980  0.946  0.939  0.939  0.872  0.823  0.850  0.829  0.737  0.722  0.613  0.583  0.507  0.366  0.334  0.416  0.451  0.564  0.653  0.621  0.714  0.859  0.927  0.974  0.958  0.768  0.501  0.264
  0.087  0.083  0.137 -0.048 -0.180 -0.352 -0.453 -0.498 -0.675 -0.783 -0.692 -0.586 -0.591 -0.396 -0.223 -0.040 -0.067  0.739  0.636  0.716  0.650  0.724  0.846  0.874  0.890  0.763  0.501 -0.058 -0.566 -0.583 -0.436 -0.627 -0.853 -0.656 -0.424 -0.671 -0.541 -0.184 -0.352 -0.435 -0.149 -0.149  0.120  0.262  0.131  0.333  0.433  0.299  0.409  0.321  0.349  0.431  0.378  0.273  0.291  0.084  0.330  0.280  0.347  0.341  0.014  0.093  0.114  0.238  0.374  0.371  0.443  0.608  0.745  0.724  0.830  0.795  0.688  0.658  0.739  0.704  0.798  0.917  0.975  0.909  0.793  0.647  0.471  0.309  0.162  0.273  0.519  0.583  0.719  0.716  0.871  0.948  0.997  1.000  0.977  0.950  0.957  0.952  0.883  0.847  0.876  0.849  0.761  0.735  0.624  0.589  0.500  0.359  0.338  0.423  0.468  0.587  0.678  0.656  0.750  0.884  0.950  0.980  0.945  0.740  0.452  0.217
  0.063  0.051  0.154 -0.006 -0.163 -0.310 -0.434 -0.534 -0.721 -0.753 -0.652 -0.513 -0.484 -0.268 -0.123  0.136  0.125  0.820  0.561  0.635  0.521  0.611  0.748  0.763  0.786  0.642  0.492 -0.112 -0.494 -0.423 -0.256 -0.480 -0.761 -0.598 -0.358 -0.649 -0.622 -0.250 -0.385 -0.526 -0.276 -0.321 -0.074  0.062 -0.067  0.144  0.238  0.096  0.223  0.157  0.219  0.351  0.362  0.321  0.422  0.276  0.518  0.473  0.518  0.513  0.140  0.196  0.208  0.355  0.453  0.418  0.518  0.663  0.808  0.813  0.890  0.830  0.727  0.672  0.736  0.714  0.834  0.914  0.995  0.971  0.880  0.740  0.585  0.421  0.296  0.434  0.667  0.738  0.842  0.832  0.941  0.963  0.980  0.977  1.000  0.987  0.960  0.972  0.941  0.890  0.899  0.901  0.830  0.832  0.747  0.724  0.661  0.535  0.506  0.580  0.603  0.693  0.763  0.715  0.780  0.899  0.919  0.919  0.892  0.650  0.382  0.122
 -0.082 -0.097  0.022 -0.126 -0.288 -0.414 -0.538 -0.647 -0.806 -0.805 -0.719 -0.579 -0.525 -0.314 -0.198  0.128  0.190  0.863  0.615  0.682  0.539  0.631  0.753  0.738  0.757  0.545  0.371 -0.246 -0.549 -0.398 -0.152 -0.367 -0.687 -0.487 -0.212 -0.532 -0.547 -0.141 -0.262 -0.443 -0.208 -0.305 -0.089  0.008 -0.163  0.035  0.159  0.039  0.202  0.179  0.273  0.435  0.479  0.460  0.553  0.382  0.574  0.513  0.514  0.508  0.082  0.116  0.116  0.281  0.359  0.303  0.422  0.568  0.736  0.762  0.836  0.749  0.631  0.560  0.627  0.606  0.754  0.842  0.973  0.988  0.940  0.836  0.703  0.558  0.438  0.555  0.757  0.791  0.842  0.813  0.913  0.911  0.946  0.950  0.987  1.000  0.979  0.992  0.982  0.949  0.950  0.957  0.907  0.905  0.833  0.810  0.737  0.622  0.611  0.682  0.713  0.796  0.855  0.814  0.862  0.947  0.933  0.879  0.821  0.530  0.237 -0.028
 -0.189 -0.195 -0.116 -0.280 -0.422 -0.557 -0.657 -0.716 -0.843 -0.891 -0.829 -0.722 -0.683 -0.496 -0.378 -0.070  0.037  0.812  0.740  0.809  0.693  0.772  0.863  0.836  0.843  0.584  0.269 -0.317 -0.684 -0.552 -0.257 -0.429 -0.732 -0.463 -0.160 -0.460 -0.405  0.020 -0.125 -0.282 -0.020 -0.115  0.098  0.169 -0.043  0.135  0.293  0.201  0.379  0.370  0.456  0.593  0.599  0.528  0.531  0.272  0.427  0.348  0.331  0.324 -0.104 -0.063 -0.066  0.093  0.192  0.153  0.261  0.429  0.612  0.628  0.731  0.646  0.511  0.451  0.538  0.503  0.650  0.786  0.938  0.943  0.908  0.826  0.692  0.562  0.423  0.493  0.683  0.678  0.716  0.679  0.820  0.856  0.939  0.957  0.960  0.979  1.000  0.996  0.964  0.962  0.978  0.959  0.909  0.875  0.786  0.748  0.639  0.516  0.531  0.611  0.673  0.781  0.851  0.845  0.908  0.980  0.983  0.912  0.818  0.521  0.181 -0.065
 -0.168 -0.178 -0.080 -0.235 -0.387 -0.516 -0.627 -0.708 -0.845 -0.867 -0.797 -0.675 -0.626 -0.430 -0.318  0.009  0.106  0.835  0.691  0.761  0.629  0.716  0.818  0.790  0.801  0.550  0.289 -0.314 -0.642 -0.488 -0.201 -0.390 -0.708 -0.464 -0.165 -0.478 -0.459 -0.035 -0.168 -0.342 -0.092 -0.197  0.014  0.090 -0.112  0.074  0.223  0.121  0.300  0.291  0.385  0.538  0.565  0.518  0.559  0.332  0.496  0.423  0.407  0.401 -0.034  0.000 -0.004  0.161  0.247  0.198  0.314  0.474  0.655  0.678  0.770  0.679  0.549  0.481  0.560  0.531  0.683  0.799  0.950  0.965  0.932  0.845  0.715  0.581  0.450  0.537  0.728  0.734  0.770  0.734  0.857  0.873  0.939  0.952  0.972  0.992  0.996  1.000  0.981  0.968  0.976  0.970  0.922  0.901  0.821  0.789  0.694  0.575  0.582  0.658  0.708  0.805  0.869  0.849  0.902  0.975  0.965  0.893  0.808  0.506  0.180 -0.076
 -0.242 -0.259 -0.121 -0.247 -0.412 -0.508 -0.631 -0.754 -0.880 -0.831 -0.762 -0.621 -0.539 -0.337 -0.262  0.136  0.272  0.879  0.630  0.689  0.515  0.610  0.713  0.664  0.677  0.395  0.218 -0.399 -0.586 -0.338 -0.013 -0.215 -0.577 -0.353 -0.045 -0.390 -0.466 -0.034 -0.131 -0.358 -0.152 -0.308 -0.137 -0.085 -0.295 -0.115  0.035 -0.059  0.141  0.167  0.296  0.492  0.580  0.593  0.689  0.507  0.639  0.565  0.515  0.509  0.035  0.041  0.026  0.208  0.254  0.175  0.315  0.453  0.643  0.693  0.758  0.641  0.513  0.422  0.487  0.468  0.645  0.732  0.915  0.978  0.983  0.920  0.821  0.699  0.593  0.686  0.846  0.841  0.828  0.780  0.860  0.825  0.872  0.883  0.941  0.982  0.964  0.981  1.000  0.985  0.975  0.992  0.968  0.967  0.915  0.892  0.817  0.720  0.727  0.791  0.826  0.893  0.935  0.899  0.921  0.965  0.907  0.793  0.704  0.365  0.058 -0.207
 -0.388 -0.401 -0.283 -0.408 -0.558 -0.646 -0.750 -0.843 -0.929 -0.893 -0.850 -0.733 -0.648 -0.470 -0.413  0.002  0.207  0.849  0.724  0.778  0.609  0.695  0.766  0.693  0.696  0.352  0.077 -0.511 -0.686 -0.411 -0.018 -0.181 -0.545 -0.261  0.076 -0.264 -0.318  0.133  0.032 -0.196  0.012 -0.168 -0.023 -0.012 -0.267 -0.113  0.073  0.012  0.237  0.297  0.436  0.629  0.709  0.702  0.734  0.486  0.561  0.469  0.382  0.376 -0.118 -0.120 -0.145  0.040  0.086  0.007  0.148  0.296  0.504  0.559  0.639  0.510  0.366  0.275  0.353  0.327  0.514  0.634  0.854  0.932  0.972  0.946  0.861  0.763  0.651  0.699  0.829  0.777  0.725  0.662  0.761  0.737  0.823  0.847  0.890  0.949  0.962  0.968  0.985  1.000  0.995  0.998  0.988  0.964  0.911  0.878  0.776  0.683  0.718  0.784  0.842  0.919  0.960  0.952  0.974  0.988  0.923  0.768  0.642  0.280 -0.064 -0.313
 -0.372 -0.382 -0.285 -0.424 -0.566 -0.668 -0.765 -0.834 -0.921 -0.920 -0.879 -0.775 -0.705 -0.533 -0.461 -0.077  0.117  0.822  0.764  0.824  0.676  0.756  0.823  0.757  0.757  0.420  0.091 -0.488 -0.730 -0.494 -0.110 -0.262 -0.607 -0.306  0.033 -0.292 -0.299  0.153  0.034 -0.170  0.060 -0.100  0.062  0.079 -0.177 -0.023  0.167  0.107  0.324  0.371  0.495  0.667  0.718  0.679  0.677  0.399  0.483  0.389  0.314  0.308 -0.171 -0.161 -0.182 -0.005  0.061 -0.004  0.126  0.286  0.493  0.536  0.630  0.513  0.365  0.285  0.371  0.339  0.516  0.654  0.864  0.921  0.947  0.914  0.816  0.715  0.590  0.630  0.771  0.718  0.684  0.625  0.747  0.749  0.850  0.876  0.899  0.950  0.978  0.976  0.975  0.995  1.000  0.990  0.970  0.933  0.866  0.828  0.713  0.610  0.648  0.721  0.789  0.881  0.933  0.936  0.972  0.996  0.952  0.813  0.683  0.335 -0.022 -0.265
 -0.357 -0.372 -0.244 -0.365 -0.522 -0.608 -0.719 -0.826 -0.922 -0.874 -0.823 -0.697 -0.609 -0.423 -0.367  0.052  0.241  0.858  0.687  0.743  0.567  0.658  0.738  0.669  0.674  0.343  0.104 -0.495 -0.656 -0.376  0.003 -0.172 -0.543 -0.278  0.054 -0.292 -0.364  0.084 -0.011 -0.246 -0.043 -0.223 -0.075 -0.056 -0.299 -0.138  0.038 -0.031  0.189  0.244  0.384  0.584  0.674  0.678  0.735  0.511  0.598  0.512  0.431  0.426 -0.068 -0.071 -0.095  0.091  0.132  0.050  0.194  0.337  0.541  0.599  0.671  0.543  0.403  0.309  0.381  0.359  0.546  0.653  0.867  0.946  0.981  0.947  0.862  0.759  0.650  0.713  0.847  0.807  0.760  0.700  0.789  0.755  0.829  0.849  0.901  0.957  0.959  0.970  0.992  0.998  0.990  1.000  0.988  0.973  0.924  0.895  0.803  0.711  0.738  0.802  0.852  0.923  0.961  0.943  0.961  0.980  0.911  0.762  0.645  0.285 -0.047 -0.301
 -0.467 -0.485 -0.344 -0.441 -0.595 -0.653 -0.759 -0.875 -0.941 -0.854 -0.819 -0.696 -0.586 -0.414 -0.393  0.070  0.314  0.848  0.674  0.718  0.522  0.611  0.673  0.580  0.583  0.210 -0.014 -0.590 -0.647 -0.300  0.127 -0.034 -0.423 -0.149  0.193 -0.162 -0.284  0.165  0.094 -0.169 -0.001 -0.221 -0.116 -0.134 -0.398 -0.258 -0.068 -0.114  0.126  0.219  0.383  0.604  0.728  0.762  0.823  0.602  0.638  0.544  0.425  0.420 -0.095 -0.121 -0.156  0.038  0.051 -0.049  0.107  0.237  0.450  0.525  0.585  0.438  0.295  0.188  0.256  0.238  0.441  0.541  0.789  0.905  0.980  0.982  0.926  0.847  0.755  0.798  0.893  0.823  0.727  0.653  0.719  0.658  0.737  0.761  0.830  0.907  0.909  0.922  0.968  0.988  0.970  0.988  1.000  0.987  0.957  0.931  0.841  0.768  0.809  0.864  0.913  0.968  0.990  0.976  0.972  0.957  0.854  0.662  0.527  0.142 -0.186 -0.431
 -0.393 -0.416 -0.246 -0.327 -0.494 -0.541 -0.663 -0.817 -0.904 -0.774 -0.724 -0.577 -0.455 -0.268 -0.253  0.222  0.433  0.873  0.565  0.607  0.389  0.488  0.571  0.485  0.497  0.159  0.049 -0.541 -0.536 -0.170  0.219  0.029 -0.371 -0.154  0.165 -0.201 -0.382  0.047 -0.001 -0.284 -0.142 -0.366 -0.265 -0.266 -0.498 -0.347 -0.185 -0.248 -0.021  0.065  0.236  0.475  0.631  0.708  0.839  0.688  0.747  0.668  0.559  0.555  0.047  0.014 -0.020  0.176  0.167  0.055  0.219  0.328  0.528  0.612  0.648  0.499  0.371  0.256  0.306  0.299  0.503  0.564  0.796  0.922  0.992  0.980  0.931  0.842  0.769  0.844  0.943  0.901  0.810  0.742  0.773  0.680  0.722  0.735  0.832  0.905  0.875  0.901  0.967  0.964  0.933  0.973  0.987  1.000  0.986  0.972  0.912  0.848  0.870  0.916  0.940  0.972  0.985  0.944  0.924  0.916  0.797  0.616  0.508  0.129 -0.158 -0.414
 -0.430 -0.457 -0.265 -0.314 -0.481 -0.497 -0.620 -0.800 -0.870 -0.688 -0.643 -0.490 -0.347 -0.169 -0.187  0.317  0.550  0.853  0.477  0.504  0.265  0.364  0.441  0.342  0.356  0.015 -0.016 -0.575 -0.447 -0.026  0.369  0.182 -0.228 -0.041  0.261 -0.106 -0.357  0.048  0.034 -0.274 -0.182 -0.434 -0.374 -0.397 -0.622 -0.487 -0.334 -0.386 -0.156 -0.045  0.145  0.405  0.603  0.726  0.896  0.793  0.818  0.745  0.612  0.609  0.105  0.050  0.007  0.205  0.161  0.029  0.203  0.285  0.478  0.580  0.591  0.431  0.312  0.185  0.220  0.222  0.434  0.466  0.709  0.869  0.967  0.977  0.958  0.887  0.840  0.916  0.980  0.931  0.803  0.728  0.721  0.590  0.613  0.624  0.747  0.833  0.786  0.821  0.915  0.911  0.866  0.924  0.957  0.986  1.000  0.996  0.955  0.915  0.936  0.968  0.978  0.982  0.975  0.923  0.877  0.844  0.692  0.486  0.382 -0.003 -0.254 -0.501
 -0.396 -0.425 -0.221 -0.259 -0.428 -0.435 -0.563 -0.759 -0.834 -0.631 -0.582 -0.421 -0.273 -0.092 -0.116  0.387  0.606  0.848  0.415  0.438  0.191  0.292  0.375  0.281  0.299 -0.022  0.006 -0.544 -0.379  0.048  0.420  0.224 -0.184 -0.026  0.258 -0.108 -0.387 -0.001 -0.001 -0.314 -0.241 -0.494 -0.442 -0.459 -0.667 -0.531 -0.394 -0.451 -0.229 -0.121  0.071  0.337  0.550  0.694  0.894  0.828  0.858  0.792  0.664  0.661  0.176  0.116  0.069  0.261  0.205  0.069  0.243  0.312  0.496  0.601  0.600  0.440  0.330  0.201  0.226  0.234  0.443  0.456  0.690  0.855  0.952  0.959  0.947  0.876  0.840  0.928  0.988  0.951  0.823  0.751  0.725  0.578  0.583  0.589  0.724  0.810  0.748  0.789  0.892  0.878  0.828  0.895  0.931  0.972  0.996  1.000  0.977  0.945  0.957  0.980  0.977  0.968  0.954  0.891  0.837  0.804  0.644  0.443  0.353 -0.022 -0.248 -0.497
 -0.279 -0.314 -0.087 -0.097 -0.269 -0.259 -0.398 -0.629 -0.722 -0.476 -0.412 -0.234 -0.079  0.106  0.071  0.554  0.718  0.807  0.236  0.253 -0.004  0.102  0.203  0.125  0.152 -0.102  0.073 -0.447 -0.205  0.219  0.518  0.301 -0.091 -0.020  0.212 -0.139 -0.477 -0.147 -0.115 -0.430 -0.402 -0.643 -0.605 -0.605 -0.757 -0.619 -0.526 -0.600 -0.409 -0.315 -0.129  0.144  0.384  0.574  0.851  0.882  0.934  0.892  0.784  0.782  0.345  0.280  0.230  0.409  0.327  0.187  0.358  0.393  0.548  0.657  0.624  0.473  0.390  0.258  0.259  0.281  0.476  0.437  0.636  0.804  0.890  0.882  0.882  0.809  0.800  0.922  0.979  0.977  0.861  0.801  0.730  0.550  0.507  0.500  0.661  0.737  0.639  0.694  0.817  0.776  0.713  0.803  0.841  0.912  0.955  0.977  1.000  0.985  0.968  0.976  0.937  0.897  0.869  0.777  0.707  0.682  0.511  0.336  0.287 -0.053 -0.209 -0.452
 -0.318 -0.355 -0.120 -0.099 -0.260 -0.219 -0.349 -0.590 -0.657 -0.374 -0.321 -0.149  0.018  0.181  0.113  0.599  0.781  0.733  0.141  0.145 -0.119 -0.019  0.067 -0.022  0.005 -0.246 -0.013 -0.470 -0.121  0.338  0.633  0.435  0.054  0.097  0.305 -0.028 -0.414 -0.123 -0.059 -0.383 -0.403 -0.662 -0.669 -0.695 -0.837 -0.725 -0.643 -0.697 -0.511 -0.394 -0.199  0.079  0.347  0.569  0.862  0.931  0.942  0.906  0.778  0.776  0.374  0.289  0.227  0.393  0.281  0.130  0.301  0.310  0.452  0.573  0.519  0.363  0.293  0.156  0.144  0.174  0.366  0.304  0.508  0.700  0.814  0.832  0.865  0.816  0.831  0.941  0.958  0.944  0.794  0.730  0.627  0.420  0.366  0.359  0.535  0.622  0.516  0.575  0.720  0.683  0.610  0.711  0.768  0.848  0.915  0.945  0.985  1.000  0.984  0.974  0.925  0.860  0.814  0.719  0.627  0.576  0.380  0.186  0.138 -0.190 -0.307 -0.529
 -0.463 -0.497 -0.274 -0.252 -0.406 -0.356 -0.473 -0.692 -0.725 -0.447 -0.417 -0.262 -0.088  0.058 -0.028  0.489  0.738  0.725  0.234  0.235 -0.030  0.064  0.123  0.009  0.026 -0.291 -0.146 -0.591 -0.224  0.274  0.642  0.474  0.079  0.178  0.423  0.084 -0.292  0.027  0.089 -0.246 -0.262 -0.551 -0.581 -0.644 -0.831 -0.739 -0.622 -0.648 -0.434 -0.283 -0.073  0.210  0.478  0.686  0.926  0.935  0.895  0.841  0.675  0.674  0.235  0.139  0.073  0.251  0.137 -0.019  0.157  0.177  0.339  0.468  0.426  0.254  0.168  0.028  0.027  0.050  0.258  0.224  0.468  0.680  0.828  0.880  0.926  0.897  0.907  0.979  0.968  0.911  0.722  0.642  0.554  0.353  0.334  0.338  0.506  0.611  0.531  0.582  0.727  0.718  0.648  0.738  0.809  0.870  0.936  0.957  0.968  0.984  1.000  0.993  0.968  0.911  0.863  0.791  0.696  0.615  0.408  0.172  0.087 -0.273 -0.427 -0.639
 -0.467 -0.499 -0.282 -0.280 -0.439 -0.406 -0.526 -0.735 -0.778 -0.524 -0.490 -0.335 -0.167 -0.011 -0.080  0.442  0.693  0.772  0.311  0.319  0.058  0.154  0.218  0.105  0.121 -0.210 -0.117 -0.601 -0.295  0.190  0.574  0.400 -0.005  0.123  0.389  0.037 -0.308  0.041  0.082 -0.250 -0.236 -0.520 -0.526 -0.579 -0.781 -0.677 -0.547 -0.579 -0.356 -0.214 -0.006  0.274  0.526  0.713  0.934  0.908  0.884  0.822  0.662  0.660  0.190  0.104  0.048  0.235  0.140 -0.012  0.166  0.205  0.379  0.502  0.475  0.304  0.206  0.067  0.077  0.095  0.307  0.292  0.542  0.742  0.879  0.922  0.950  0.910  0.904  0.976  0.986  0.928  0.752  0.672  0.606  0.422  0.416  0.423  0.580  0.682  0.611  0.658  0.791  0.784  0.721  0.802  0.864  0.916  0.968  0.980  0.976  0.974  0.993  1.000  0.985  0.946  0.908  0.843  0.760  0.690  0.495  0.263  0.170 -0.203 -0.388 -0.611
 -0.565 -0.592 -0.397 -0.413 -0.566 -0.543 -0.650 -0.827 -0.850 -0.632 -0.613 -0.476 -0.314 -0.168 -0.232  0.298  0.594  0.779  0.441  0.453  0.204  0.294  0.339  0.213  0.220 -0.162 -0.188 -0.678 -0.427  0.058  0.498  0.348 -0.063  0.131  0.433  0.079 -0.217  0.168  0.186 -0.140 -0.096 -0.387 -0.388 -0.460 -0.705 -0.608 -0.443 -0.458 -0.214 -0.057  0.153  0.423  0.651  0.800  0.955  0.853  0.804  0.724  0.546  0.544  0.046 -0.036 -0.093  0.101  0.025 -0.122  0.055  0.117  0.312  0.432  0.429  0.252  0.136  0.001  0.029  0.035  0.255  0.281  0.557  0.755  0.904  0.962  0.984  0.951  0.926  0.967  0.972  0.883  0.694  0.604  0.574  0.418  0.451  0.468  0.603  0.713  0.673  0.708  0.826  0.842  0.789  0.852  0.913  0.940  0.978  0.977  0.937  0.925  0.968  0.985  1.000  0.983  0.955  0.915  0.844  0.764  0.578  0.324  0.199 -0.197 -0.432 -0.652
 -0.572 -0.594 -0.424 -0.475 -0.626 -0.634 -0.737 -0.883 -0.912 -0.750 -0.731 -0.605 -0.462 -0.309 -0.343  0.171  0.469  0.813  0.573  0.597  0.367  0.455  0.499  0.378  0.381 -0.019 -0.155 -0.681 -0.551 -0.110  0.349  0.203 -0.204  0.043  0.373  0.015 -0.207  0.216  0.196 -0.109 -0.012 -0.284 -0.248 -0.309 -0.578 -0.469 -0.281 -0.300 -0.047  0.094  0.291  0.543  0.729  0.827  0.926  0.755  0.725  0.633  0.466  0.463 -0.055 -0.117 -0.166  0.033 -0.007 -0.138  0.033  0.127  0.337  0.440  0.469  0.299  0.166  0.040  0.089  0.082  0.301  0.367  0.646  0.816  0.946  0.991  0.985  0.939  0.884  0.914  0.949  0.853  0.690  0.601  0.616  0.500  0.564  0.587  0.693  0.796  0.781  0.805  0.893  0.919  0.881  0.923  0.968  0.972  0.982  0.968  0.897  0.860  0.911  0.946  0.983  1.000  0.992  0.970  0.925  0.863  0.706  0.464  0.322 -0.081 -0.367 -0.596
 -0.530 -0.549 -0.395 -0.470 -0.623 -0.656 -0.759 -0.888 -0.933 -0.810 -0.785 -0.662 -0.535 -0.373 -0.379  0.113  0.392  0.840  0.641  0.673  0.459  0.546  0.598  0.489  0.492  0.100 -0.088 -0.640 -0.606 -0.211  0.239  0.087 -0.312 -0.043  0.295 -0.063 -0.232  0.207  0.160 -0.126  0.009 -0.240 -0.169 -0.211 -0.482 -0.359 -0.167 -0.198  0.052  0.171  0.354  0.590  0.745  0.810  0.884  0.680  0.680  0.584  0.438  0.434 -0.087 -0.131 -0.172  0.026  0.013 -0.104  0.060  0.173  0.387  0.476  0.522  0.363  0.223  0.106  0.166  0.153  0.366  0.453  0.720  0.864  0.969  0.994  0.964  0.902  0.828  0.861  0.925  0.838  0.705  0.622  0.666  0.579  0.653  0.678  0.763  0.855  0.851  0.869  0.935  0.960  0.933  0.961  0.990  0.985  0.975  0.954  0.869  0.814  0.863  0.908  0.955  0.992  1.000  0.984  0.960  0.919  0.789  0.569  0.427  0.030 -0.282 -0.519
 -0.628 -0.640 -0.519 -0.603 -0.736 -0.770 -0.851 -0.937 -0.949 -0.864 -0.862 -0.769 -0.652 -0.517 -0.525 -0.051  0.272  0.785  0.735  0.765  0.574  0.648  0.670  0.549  0.542  0.112 -0.189 -0.701 -0.705 -0.322  0.169  0.058 -0.321  0.002  0.358  0.021 -0.094  0.353  0.290  0.026  0.175 -0.075 -0.015 -0.083 -0.388 -0.288 -0.068 -0.071  0.189  0.325  0.502  0.717  0.843  0.869  0.865  0.592  0.552  0.441  0.276  0.272 -0.246 -0.289 -0.332 -0.141 -0.140 -0.245 -0.091  0.037  0.260  0.344  0.411  0.252  0.100 -0.007  0.068  0.045  0.256  0.380  0.665  0.805  0.925  0.975  0.948  0.905  0.819  0.809  0.855  0.732  0.582  0.491  0.564  0.506  0.621  0.656  0.715  0.814  0.845  0.849  0.899  0.952  0.936  0.943  0.976  0.944  0.923  0.891  0.777  0.719  0.791  0.843  0.915  0.970  0.984  1.000  0.985  0.927  0.809  0.570  0.399 -0.001 -0.345 -0.561
 -0.562 -0.570 -0.475 -0.590 -0.718 -0.784 -0.859 -0.918 -0.946 -0.918 -0.910 -0.828 -0.737 -0.596 -0.568 -0.139  0.154  0.792  0.811  0.849  0.686  0.755  0.783  0.681  0.674  0.266 -0.104 -0.630 -0.761 -0.452  0.015 -0.096 -0.450 -0.102  0.252 -0.071 -0.109  0.345  0.248  0.020  0.214  0.003  0.103  0.060 -0.242 -0.129  0.092  0.077  0.325  0.431  0.583  0.768  0.847  0.825  0.782  0.469  0.465  0.351  0.216  0.210 -0.292 -0.309 -0.343 -0.160 -0.122 -0.204 -0.066  0.084  0.306  0.368  0.457  0.318  0.161  0.069  0.158  0.126  0.322  0.472  0.735  0.836  0.922  0.947  0.889  0.829  0.720  0.710  0.791  0.679  0.573  0.491  0.602  0.585  0.714  0.750  0.780  0.862  0.908  0.902  0.921  0.974  0.972  0.961  0.972  0.924  0.877  0.837  0.707  0.627  0.696  0.760  0.844  0.925  0.960  0.985  1.000  0.971  0.892  0.688  0.521  0.141 -0.227 -0.445
 -0.361 -0.368 -0.281 -0.427 -0.565 -0.671 -0.761 -0.821 -0.904 -0.920 -0.882 -0.785 -0.721 -0.552 -0.470 -0.100  0.098  0.830  0.799  0.851  0.710  0.785  0.850  0.788  0.790  0.460  0.112 -0.459 -0.728 -0.515 -0.135 -0.283 -0.614 -0.298  0.030 -0.286 -0.270  0.176  0.048 -0.143  0.093 -0.056  0.110  0.131 -0.128  0.024  0.214  0.155  0.369  0.412  0.531  0.691  0.730  0.681  0.661  0.370  0.455  0.356  0.285  0.278 -0.193 -0.177 -0.193 -0.020  0.055 -0.005  0.118  0.281  0.486  0.522  0.622  0.511  0.363  0.286  0.377  0.343  0.516  0.662  0.867  0.917  0.935  0.901  0.798  0.697  0.569  0.604  0.748  0.694  0.667  0.608  0.738  0.752  0.859  0.884  0.899  0.947  0.980  0.975  0.965  0.988  0.996  0.980  0.957  0.916  0.844  0.804  0.682  0.576  0.615  0.690  0.764  0.863  0.919  0.927  0.971  1.000  0.967  0.833  0.705  0.364  0.004 -0.234
 -0.200 -0.199 -0.159 -0.338 -0.457 -0.604 -0.680 -0.694 -0.800 -0.904 -0.858 -0.782 -0.764 -0.600 -0.465 -0.208 -0.087  0.764  0.824  0.885  0.802  0.864  0.936  0.913  0.916  0.663  0.256 -0.283 -0.727 -0.655 -0.362 -0.501 -0.759 -0.448 -0.158 -0.423 -0.291  0.118 -0.050 -0.165  0.117  0.048  0.266  0.332  0.110  0.270  0.438  0.360  0.530  0.515  0.582  0.680  0.643  0.528  0.457  0.144  0.285  0.195  0.183  0.175 -0.223 -0.170 -0.166 -0.022  0.103  0.083  0.170  0.350  0.529  0.527  0.651  0.582  0.443  0.400  0.501  0.458  0.589  0.757  0.900  0.883  0.839  0.763  0.619  0.499  0.348  0.387  0.575  0.553  0.602  0.565  0.739  0.814  0.927  0.950  0.919  0.933  0.983  0.965  0.907  0.923  0.952  0.911  0.854  0.797  0.692  0.644  0.511  0.380  0.408  0.495  0.578  0.706  0.789  0.809  0.892  0.967  1.000  0.940  0.836  0.563  0.206 -0.015
  0.127  0.132  0.140 -0.060 -0.165 -0.351 -0.426 -0.422 -0.585 -0.757 -0.679 -0.606 -0.641 -0.470 -0.275 -0.171 -0.209  0.662  0.688  0.759  0.737  0.792  0.897  0.940  0.954  0.860  0.523  0.029 -0.572 -0.678 -0.565 -0.723 -0.885 -0.663 -0.464 -0.660 -0.442 -0.121 -0.313 -0.339 -0.034  0.010  0.289  0.438  0.315  0.499  0.595  0.471  0.557  0.450  0.447  0.478  0.371  0.218  0.166 -0.081  0.163  0.110  0.196  0.187 -0.085  0.012  0.045  0.145  0.311  0.334  0.377  0.550  0.671  0.626  0.750  0.741  0.638  0.632  0.724  0.682  0.748  0.894  0.924  0.823  0.685  0.536  0.347  0.191  0.033  0.120  0.369  0.428  0.592  0.595  0.781  0.903  0.974  0.980  0.919  0.879  0.912  0.893  0.793  0.768  0.813  0.762  0.662  0.616  0.486  0.443  0.336  0.186  0.172  0.263  0.324  0.464  0.569  0.570  0.688  0.833  0.940  1.000  0.967  0.808  0.519  0.316
  0.363  0.366  0.380  0.188  0.085 -0.107 -0.190 -0.207 -0.410 -0.581 -0.479 -0.392 -0.443 -0.262 -0.041 -0.013 -0.153  0.628  0.525  0.588  0.581  0.635  0.770  0.855  0.885  0.911  0.716  0.254 -0.363 -0.552 -0.571 -0.758 -0.868 -0.739 -0.623 -0.784 -0.571 -0.328 -0.511 -0.502 -0.218 -0.115  0.185  0.387  0.345  0.544  0.576  0.417  0.445  0.286  0.252  0.258  0.144  0.012  0.025 -0.122  0.187  0.163  0.307  0.298  0.108  0.219  0.268  0.344  0.511  0.546  0.569  0.715  0.790  0.729  0.829  0.851  0.783  0.791  0.862  0.832  0.862  0.961  0.916  0.783  0.592  0.398  0.195  0.019 -0.122  0.013  0.290  0.413  0.637  0.666  0.823  0.941  0.958  0.945  0.892  0.821  0.818  0.808  0.704  0.642  0.683  0.645  0.527  0.508  0.382  0.353  0.287  0.138  0.087  0.170  0.199  0.322  0.427  0.399  0.521  0.705  0.836  0.967  1.000  0.913  0.703  0.509
  0.656  0.666  0.620  0.444  0.394  0.199  0.148  0.179 -0.030 -0.265 -0.160 -0.112 -0.223 -0.091  0.155 -0.030 -0.316  0.330  0.275  0.329  0.412  0.434  0.565  0.710  0.744  0.956  0.848  0.578 -0.107 -0.488 -0.717 -0.863 -0.810 -0.798 -0.825 -0.848 -0.549 -0.479 -0.657 -0.524 -0.275 -0.051  0.248  0.494  0.576  0.744  0.687  0.521  0.438  0.208  0.091 -0.004 -0.192 -0.358 -0.361 -0.418 -0.070 -0.051  0.175  0.168  0.194  0.335  0.406  0.403  0.590  0.676  0.629  0.736  0.721  0.616  0.702  0.797  0.787  0.845  0.893  0.867  0.806  0.868  0.697  0.488  0.228 -0.002 -0.212 -0.381 -0.499 -0.357 -0.079  0.102  0.411  0.480  0.628  0.791  0.768  0.740  0.650  0.530  0.521  0.506  0.365  0.280  0.335  0.285  0.142  0.129 -0.003 -0.022 -0.053 -0.190 -0.273 -0.203 -0.197 -0.081  0.030 -0.001  0.141  0.364  0.563  0.808  0.913  1.000  0.916  0.806
  0.894  0.902  0.856  0.738  0.718  0.561  0.522  0.532  0.321  0.125  0.238  0.281  0.158  0.255  0.481  0.179 -0.217  0.113 -0.082 -0.055  0.055  0.061  0.198  0.380  0.427  0.802  0.933  0.826  0.267 -0.186 -0.594 -0.730 -0.573 -0.722 -0.893 -0.823 -0.578 -0.679 -0.799 -0.616 -0.466 -0.184  0.068  0.339  0.544  0.680  0.527  0.353  0.181 -0.083 -0.236 -0.371 -0.545 -0.653 -0.574 -0.458 -0.100 -0.034  0.238  0.233  0.425  0.561  0.644  0.587  0.736  0.830  0.747  0.779  0.680  0.567  0.596  0.733  0.788  0.864  0.866  0.861  0.741  0.714  0.449  0.226 -0.060 -0.303 -0.482 -0.634 -0.694 -0.521 -0.275 -0.038  0.300  0.398  0.471  0.602  0.501  0.452  0.382  0.237  0.181  0.180  0.058 -0.064 -0.022 -0.047 -0.186 -0.158 -0.254 -0.248 -0.209 -0.307 -0.427 -0.388 -0.432 -0.367 -0.282 -0.345 -0.227  0.004  0.206  0.519  0.703  0.916  1.000  0.955
  0.907  0.922  0.828  0.741  0.770  0.640  0.643  0.702  0.539  0.316  0.401  0.395  0.248  0.283  0.487  0.082 -0.323 -0.121 -0.193 -0.186 -0.025 -0.049  0.049  0.236  0.276  0.704  0.833  0.896  0.379 -0.138 -0.606 -0.674 -0.418 -0.594 -0.838 -0.674 -0.390 -0.596 -0.698 -0.451 -0.350 -0.032  0.169  0.412  0.656  0.735  0.557  0.419  0.204 -0.057 -0.242 -0.435 -0.640 -0.764 -0.743 -0.611 -0.307 -0.231  0.042  0.038  0.333  0.467  0.563  0.464  0.608  0.723  0.603  0.606  0.464  0.337  0.356  0.519  0.603  0.705  0.695  0.693  0.528  0.494  0.194 -0.044 -0.322 -0.537 -0.688 -0.800 -0.835 -0.706 -0.510 -0.290  0.041  0.147  0.210  0.360  0.264  0.217  0.122 -0.028 -0.065 -0.076 -0.207 -0.313 -0.265 -0.301 -0.431 -0.414 -0.501 -0.497 -0.452 -0.529 -0.639 -0.611 -0.652 -0.596 -0.519 -0.561 -0.445 -0.234 -0.015  0.316  0.509  0.806  0.955  1.000
