  1.000  0.967  0.897  0.796  0.677  0.438  0.255  0.111 -0.104 -0.194 -0.122  0.079  0.013  0.219  0.340  0.087 -0.279  0.127 -0.111  0.039  0.111  0.178  0.325  0.453  0.449  0.696  0.834  0.663  0.034 -0.321 -0.603 -0.750 -0.681 -0.849 -0.914 -0.853 -0.743 -0.842 -0.885 -0.755 -0.680 -0.453 -0.175  0.110  0.281  0.505  0.435  0.211  0.106 -0.200 -0.347 -0.349 -0.478 -0.581 -0.365 -0.304  0.054  0.129  0.352  0.320  0.499  0.618  0.714  0.624  0.718  0.793  0.710  0.691  0.606  0.499  0.545  0.638  0.683  0.762  0.756  0.769  0.679  0.676  0.506  0.348  0.166 -0.031 -0.191 -0.377 -0.467 -0.259 -0.017  0.169  0.407  0.448  0.488  0.590  0.547  0.565  0.492  0.391  0.337  0.352  0.296  0.195  0.210  0.219  0.128  0.183  0.136  0.163  0.171  0.133  0.023  0.020 -0.045 -0.005  0.060 -0.013  0.058  0.230  0.340  0.551  0.659  0.809  0.899  0.829
  0.967  1.000  0.964  0.904  0.814  0.594  0.407  0.261  0.031 -0.058  0.022  0.236  0.151  0.350  0.472  0.144 -0.259  0.042 -0.259 -0.110 -0.032  0.033  0.190  0.332  0.331  0.633  0.839  0.775  0.205 -0.194 -0.556 -0.694 -0.589 -0.801 -0.921 -0.824 -0.730 -0.898 -0.912 -0.760 -0.729 -0.480 -0.232  0.054  0.283  0.495  0.380  0.157  0.007 -0.317 -0.486 -0.504 -0.620 -0.694 -0.453 -0.341  0.021  0.110  0.338  0.303  0.585  0.704  0.775  0.656  0.734  0.808  0.707  0.664  0.555  0.440  0.479  0.585  0.650  0.732  0.717  0.737  0.632  0.612  0.418  0.255  0.064 -0.143 -0.293 -0.478 -0.548 -0.332 -0.097  0.103  0.346  0.387  0.411  0.512  0.453  0.467  0.393  0.283  0.216  0.236  0.186  0.075  0.085  0.103  0.013  0.078  0.038  0.078  0.102  0.071 -0.053 -0.062 -0.140 -0.112 -0.053 -0.138 -0.070  0.110  0.219  0.450  0.579  0.764  0.918  0.888
  0.897  0.964  1.000  0.954  0.865  0.692  0.490  0.323  0.081  0.043  0.131  0.358  0.303  0.516  0.633  0.317 -0.093  0.089 -0.336 -0.192 -0.157 -0.074  0.105  0.241  0.245  0.542  0.847  0.767  0.317 -0.026 -0.400 -0.572 -0.501 -0.737 -0.865 -0.796 -0.769 -0.946 -0.929 -0.811 -0.824 -0.601 -0.392 -0.116  0.136  0.354  0.218 -0.015 -0.166 -0.478 -0.619 -0.595 -0.653 -0.670 -0.378 -0.213  0.140  0.235  0.445  0.410  0.714  0.819  0.867  0.753  0.801  0.852  0.761  0.699  0.582  0.477  0.496  0.600  0.677  0.739  0.714  0.743  0.644  0.599  0.411  0.274  0.094 -0.108 -0.236 -0.417 -0.464 -0.236 -0.021  0.179  0.401  0.434  0.427  0.502  0.422  0.420  0.366  0.264  0.180  0.210  0.182  0.065  0.063  0.097  0.020  0.098  0.077  0.127  0.170  0.153  0.026  0.009 -0.082 -0.075 -0.030 -0.131 -0.077  0.097  0.181  0.399  0.540  0.693  0.875  0.828
  0.796  0.904  0.954  1.000  0.940  0.800  0.612  0.453  0.219  0.199  0.288  0.503  0.443  0.622  0.727  0.381 -0.030  0.011 -0.462 -0.333 -0.314 -0.232 -0.050  0.082  0.090  0.402  0.768  0.775  0.458  0.126 -0.283 -0.440 -0.356 -0.621 -0.782 -0.695 -0.708 -0.930 -0.875 -0.759 -0.824 -0.616 -0.464 -0.216  0.071  0.259  0.095 -0.120 -0.296 -0.591 -0.731 -0.706 -0.729 -0.704 -0.400 -0.190  0.131  0.233  0.427  0.394  0.778  0.858  0.865  0.740  0.762  0.796  0.708  0.630  0.503  0.408  0.411  0.516  0.605  0.658  0.623  0.654  0.552  0.487  0.299  0.178  0.011 -0.183 -0.286 -0.448 -0.469 -0.251 -0.066  0.132  0.331  0.362  0.334  0.391  0.297  0.287  0.244  0.147  0.054  0.087  0.075 -0.039 -0.050 -0.008 -0.070  0.013  0.007  0.071  0.128  0.127 -0.005 -0.028 -0.126 -0.139 -0.110 -0.218 -0.178 -0.015  0.050  0.260  0.407  0.569  0.792  0.777
  0.677  0.814  0.865  0.940  1.000  0.937  0.828  0.714  0.515  0.470  0.546  0.712  0.606  0.690  0.769  0.304 -0.100 -0.280 -0.713 -0.607 -0.546 -0.497 -0.346 -0.207 -0.204  0.163  0.549  0.832  0.691  0.304 -0.194 -0.262 -0.085 -0.393 -0.640 -0.461 -0.475 -0.808 -0.708 -0.544 -0.681 -0.457 -0.402 -0.216  0.139  0.232  0.013 -0.135 -0.381 -0.653 -0.832 -0.883 -0.904 -0.847 -0.583 -0.324 -0.077  0.034  0.205  0.174  0.683  0.743  0.729  0.563  0.557  0.588  0.477  0.370  0.217  0.115  0.110  0.228  0.337  0.398  0.353  0.394  0.270  0.194 -0.014 -0.132 -0.287 -0.459 -0.522 -0.638 -0.614 -0.439 -0.317 -0.133  0.046  0.074  0.027  0.084 -0.017 -0.024 -0.075 -0.174 -0.265 -0.235 -0.243 -0.352 -0.365 -0.322 -0.373 -0.290 -0.284 -0.212 -0.141 -0.124 -0.249 -0.278 -0.379 -0.413 -0.399 -0.504 -0.476 -0.330 -0.268 -0.049  0.110  0.335  0.639  0.737
  0.438  0.594  0.692  0.800  0.937  1.000  0.949  0.861  0.709  0.724  0.784  0.901  0.822  0.831  0.860  0.414  0.073 -0.386 -0.878 -0.806 -0.786 -0.742 -0.608 -0.498 -0.492 -0.164  0.300  0.692  0.865  0.585  0.100  0.063  0.227 -0.092 -0.360 -0.185 -0.289 -0.650 -0.491 -0.370 -0.590 -0.432 -0.508 -0.411 -0.040 -0.025 -0.265 -0.354 -0.608 -0.799 -0.938 -0.975 -0.914 -0.773 -0.515 -0.197 -0.058  0.049  0.155  0.132  0.660  0.667  0.624  0.469  0.405  0.396  0.307  0.174  0.018 -0.058 -0.093  0.010  0.133  0.163  0.104  0.155  0.045 -0.061 -0.239 -0.301 -0.406 -0.529 -0.524 -0.581 -0.501 -0.372 -0.341 -0.195 -0.089 -0.076 -0.169 -0.157 -0.274 -0.298 -0.321 -0.394 -0.491 -0.454 -0.429 -0.522 -0.550 -0.492 -0.508 -0.423 -0.383 -0.303 -0.210 -0.162 -0.267 -0.305 -0.408 -0.479 -0.499 -0.605 -0.611 -0.509 -0.495 -0.325 -0.170  0.018  0.360  0.499
  0.255  0.407  0.490  0.612  0.828  0.949  1.000  0.967  0.879  0.855  0.888  0.934  0.817  0.731  0.736  0.248 -0.027 -0.608 -0.962 -0.923 -0.861 -0.858 -0.777 -0.680 -0.680 -0.355  0.038  0.630  0.928  0.635  0.149  0.207  0.437  0.132 -0.172  0.065 -0.014 -0.419 -0.247 -0.097 -0.343 -0.195 -0.346 -0.323  0.047 -0.031 -0.281 -0.289 -0.568 -0.706 -0.862 -0.969 -0.924 -0.783 -0.612 -0.308 -0.262 -0.166 -0.097 -0.114  0.451  0.440  0.376  0.205  0.129  0.122  0.027 -0.109 -0.262 -0.330 -0.366 -0.268 -0.149 -0.115 -0.171 -0.122 -0.234 -0.330 -0.497 -0.547 -0.623 -0.705 -0.666 -0.670 -0.564 -0.500 -0.532 -0.422 -0.352 -0.343 -0.434 -0.422 -0.523 -0.537 -0.566 -0.629 -0.707 -0.679 -0.657 -0.730 -0.752 -0.706 -0.710 -0.641 -0.597 -0.525 -0.438 -0.381 -0.461 -0.498 -0.585 -0.663 -0.692 -0.775 -0.790 -0.720 -0.710 -0.558 -0.420 -0.201  0.154  0.380
  0.111  0.261  0.323  0.453  0.714  0.861  0.967  1.000  0.961  0.899  0.918  0.909  0.765  0.612  0.601  0.096 -0.122 -0.748 -0.972 -0.961 -0.865 -0.895 -0.858 -0.770 -0.774 -0.459 -0.145  0.578  0.928  0.624  0.153  0.281  0.558  0.278 -0.042  0.238  0.190 -0.234 -0.063  0.110 -0.140  0.003 -0.190 -0.218  0.136 -0.007 -0.253 -0.203 -0.490 -0.588 -0.758 -0.919 -0.895 -0.768 -0.673 -0.398 -0.417 -0.331 -0.286 -0.300  0.281  0.256  0.180  0.002 -0.076 -0.078 -0.178 -0.309 -0.454 -0.518 -0.548 -0.456 -0.346 -0.305 -0.356 -0.311 -0.424 -0.505 -0.661 -0.706 -0.763 -0.814 -0.756 -0.722 -0.605 -0.591 -0.662 -0.582 -0.535 -0.528 -0.609 -0.592 -0.675 -0.679 -0.715 -0.772 -0.831 -0.811 -0.797 -0.851 -0.868 -0.834 -0.833 -0.779 -0.738 -0.676 -0.598 -0.539 -0.601 -0.634 -0.705 -0.780 -0.811 -0.873 -0.891 -0.844 -0.832 -0.695 -0.575 -0.334  0.013  0.295
 -0.104  0.031  0.081  0.219  0.515  0.709  0.879  0.961  1.000  0.936  0.924  0.849  0.706  0.484  0.442 -0.013 -0.136 -0.825 -0.929 -0.953 -0.852 -0.908 -0.920 -0.862 -0.869 -0.614 -0.377  0.411  0.877  0.635  0.238  0.424  0.704  0.474  0.172  0.454  0.407  0.009  0.180  0.337  0.084  0.181 -0.072 -0.173  0.131 -0.080 -0.298 -0.183 -0.446 -0.470 -0.617 -0.800 -0.770 -0.641 -0.627 -0.388 -0.499 -0.435 -0.439 -0.444  0.084  0.035 -0.053 -0.212 -0.303 -0.313 -0.397 -0.516 -0.637 -0.679 -0.713 -0.642 -0.549 -0.519 -0.564 -0.526 -0.619 -0.689 -0.805 -0.822 -0.836 -0.838 -0.747 -0.664 -0.533 -0.580 -0.708 -0.676 -0.681 -0.681 -0.759 -0.756 -0.818 -0.819 -0.847 -0.882 -0.919 -0.907 -0.889 -0.915 -0.931 -0.906 -0.888 -0.853 -0.808 -0.757 -0.688 -0.623 -0.654 -0.684 -0.734 -0.811 -0.854 -0.890 -0.921 -0.916 -0.921 -0.831 -0.742 -0.523 -0.209  0.103
 -0.194 -0.058  0.043  0.199  0.470  0.724  0.855  0.899  0.936  1.000  0.990  0.928  0.876  0.678  0.599  0.275  0.184 -0.634 -0.920 -0.949 -0.954 -0.969 -0.949 -0.924 -0.923 -0.752 -0.388  0.228  0.898  0.836  0.515  0.625  0.785  0.559  0.312  0.490  0.316 -0.014  0.192  0.247 -0.047 -0.042 -0.346 -0.474 -0.195 -0.385 -0.585 -0.488 -0.700 -0.670 -0.729 -0.802 -0.659 -0.448 -0.363 -0.075 -0.215 -0.155 -0.203 -0.201  0.237  0.142  0.053 -0.052 -0.189 -0.249 -0.286 -0.416 -0.526 -0.535 -0.602 -0.553 -0.455 -0.471 -0.529 -0.484 -0.544 -0.650 -0.723 -0.679 -0.655 -0.635 -0.507 -0.416 -0.260 -0.294 -0.457 -0.441 -0.501 -0.515 -0.639 -0.693 -0.782 -0.813 -0.795 -0.800 -0.858 -0.833 -0.772 -0.794 -0.830 -0.780 -0.730 -0.683 -0.607 -0.543 -0.454 -0.369 -0.392 -0.431 -0.491 -0.600 -0.669 -0.723 -0.781 -0.803 -0.864 -0.831 -0.746 -0.633 -0.331 -0.095
 -0.122  0.022  0.131  0.288  0.546  0.784  0.888  0.918  0.924  0.990  1.000  0.961  0.911  0.739  0.671  0.332  0.207 -0.601 -0.942 -0.961 -0.973 -0.976 -0.937 -0.902 -0.898 -0.706 -0.304  0.288  0.927  0.849  0.501  0.587  0.742  0.497  0.243  0.417  0.236 -0.105  0.105  0.162 -0.136 -0.116 -0.404 -0.507 -0.208 -0.374 -0.586 -0.513 -0.733 -0.729 -0.793 -0.854 -0.707 -0.490 -0.371 -0.064 -0.173 -0.104 -0.137 -0.138  0.323  0.234  0.146  0.035 -0.100 -0.160 -0.201 -0.337 -0.457 -0.473 -0.540 -0.484 -0.378 -0.393 -0.454 -0.406 -0.472 -0.585 -0.671 -0.635 -0.625 -0.623 -0.504 -0.430 -0.277 -0.288 -0.433 -0.399 -0.443 -0.455 -0.583 -0.635 -0.734 -0.768 -0.750 -0.763 -0.830 -0.801 -0.740 -0.772 -0.809 -0.755 -0.710 -0.655 -0.579 -0.510 -0.416 -0.331 -0.366 -0.406 -0.475 -0.584 -0.651 -0.716 -0.772 -0.778 -0.837 -0.788 -0.690 -0.573 -0.257 -0.034
  0.079  0.236  0.358  0.503  0.712  0.901  0.934  0.909  0.849  0.928  0.961  1.000  0.958  0.863  0.824  0.462  0.252 -0.478 -0.947 -0.931 -0.958 -0.932 -0.843 -0.784 -0.777 -0.543 -0.064  0.420  0.945  0.830  0.432  0.447  0.579  0.296  0.040  0.191  0.001 -0.343 -0.137 -0.079 -0.366 -0.314 -0.537 -0.567 -0.234 -0.324 -0.553 -0.549 -0.779 -0.841 -0.914 -0.937 -0.790 -0.572 -0.371 -0.034 -0.051  0.035  0.046  0.038  0.521  0.458  0.384  0.263  0.139  0.084  0.035 -0.109 -0.245 -0.278 -0.343 -0.271 -0.153 -0.163 -0.229 -0.176 -0.253 -0.377 -0.493 -0.479 -0.507 -0.551 -0.464 -0.440 -0.305 -0.254 -0.341 -0.263 -0.261 -0.267 -0.399 -0.442 -0.560 -0.598 -0.585 -0.616 -0.704 -0.666 -0.606 -0.664 -0.705 -0.639 -0.610 -0.536 -0.463 -0.384 -0.282 -0.204 -0.267 -0.309 -0.398 -0.505 -0.561 -0.651 -0.695 -0.664 -0.710 -0.624 -0.499 -0.377 -0.040  0.136
  0.013  0.151  0.303  0.443  0.606  0.822  0.817  0.765  0.706  0.876  0.911  0.958  1.000  0.941  0.878  0.664  0.498 -0.258 -0.839 -0.826 -0.941 -0.880 -0.771 -0.744 -0.730 -0.590 -0.049  0.229  0.862  0.908  0.615  0.559  0.573  0.322  0.140  0.185 -0.094 -0.344 -0.130 -0.164 -0.455 -0.482 -0.720 -0.765 -0.485 -0.544 -0.734 -0.750 -0.912 -0.928 -0.920 -0.845 -0.618 -0.355 -0.107  0.236  0.203  0.278  0.254  0.252  0.607  0.514  0.449  0.387  0.237  0.147  0.143  0.004 -0.110 -0.114 -0.199 -0.152 -0.041 -0.088 -0.158 -0.104 -0.146 -0.288 -0.357 -0.294 -0.290 -0.315 -0.209 -0.184 -0.043  0.017 -0.086 -0.025 -0.068 -0.084 -0.241 -0.327 -0.457 -0.516 -0.466 -0.471 -0.568 -0.523 -0.433 -0.484 -0.537 -0.457 -0.405 -0.327 -0.236 -0.155 -0.046  0.040 -0.011 -0.055 -0.145 -0.266 -0.338 -0.435 -0.498 -0.488 -0.576 -0.545 -0.434 -0.415 -0.124 -0.036
  0.219  0.350  0.516  0.622  0.690  0.831  0.731  0.612  0.484  0.678  0.739  0.863  0.941  1.000  0.976  0.815  0.585  0.002 -0.701 -0.653 -0.805 -0.704 -0.541 -0.500 -0.480 -0.340  0.252  0.297  0.755  0.809  0.528  0.368  0.311  0.058 -0.080 -0.106 -0.394 -0.585 -0.398 -0.460 -0.706 -0.719 -0.858 -0.816 -0.549 -0.499 -0.672 -0.777 -0.905 -0.981 -0.955 -0.810 -0.579 -0.329  0.003  0.344  0.416  0.500  0.518  0.510  0.800  0.738  0.699  0.656  0.528  0.443  0.445  0.316  0.204  0.191  0.110  0.162  0.271  0.222  0.153  0.208  0.171  0.027 -0.052 -0.006 -0.035 -0.105 -0.042 -0.079  0.026  0.155  0.127  0.227  0.227  0.216  0.065 -0.016 -0.157 -0.224 -0.171 -0.186 -0.300 -0.247 -0.160 -0.232 -0.287 -0.199 -0.164 -0.072  0.011  0.095  0.203  0.274  0.200  0.158  0.055 -0.053 -0.110 -0.228 -0.276 -0.230 -0.308 -0.255 -0.130 -0.145  0.117  0.105
  0.340  0.472  0.633  0.727  0.769  0.860  0.736  0.601  0.442  0.599  0.671  0.824  0.878  0.976  1.000  0.801  0.524  0.037 -0.672 -0.609 -0.742 -0.635 -0.456 -0.395 -0.374 -0.195  0.393  0.417  0.738  0.724  0.406  0.226  0.185 -0.079 -0.227 -0.242 -0.496 -0.696 -0.527 -0.564 -0.786 -0.757 -0.842 -0.752 -0.469 -0.382 -0.563 -0.700 -0.840 -0.964 -0.964 -0.826 -0.628 -0.405 -0.052  0.282  0.412  0.503  0.556  0.542  0.855  0.822  0.787  0.730  0.624  0.557  0.544  0.419  0.300  0.272  0.201  0.265  0.375  0.340  0.274  0.328  0.280  0.143  0.040  0.058 -0.000 -0.099 -0.067 -0.133 -0.049  0.110  0.124  0.250  0.289  0.285  0.148  0.087 -0.053 -0.114 -0.075 -0.106 -0.224 -0.172 -0.100 -0.186 -0.235 -0.151 -0.133 -0.037  0.032  0.115  0.221  0.280  0.191  0.152  0.044 -0.050 -0.091 -0.216 -0.249 -0.176 -0.230 -0.145 -0.007  0.004  0.268  0.241
  0.087  0.144  0.317  0.381  0.304  0.414  0.248  0.096 -0.013  0.275  0.332  0.462  0.664  0.815  0.801  1.000  0.903  0.532 -0.205 -0.172 -0.456 -0.307 -0.135 -0.163 -0.131 -0.210  0.328 -0.126  0.312  0.657  0.667  0.381  0.094 -0.015  0.045 -0.202 -0.565 -0.495 -0.365 -0.591 -0.747 -0.898 -0.981 -0.942 -0.867 -0.728 -0.769 -0.915 -0.861 -0.849 -0.671 -0.360 -0.052  0.201  0.549  0.791  0.853  0.891  0.853  0.856  0.789  0.707  0.694  0.784  0.660  0.537  0.628  0.557  0.527  0.573  0.479  0.469  0.527  0.420  0.365  0.404  0.449  0.317  0.350  0.466  0.493  0.462  0.523  0.476  0.542  0.676  0.657  0.709  0.642  0.617  0.471  0.336  0.214  0.126  0.231  0.266  0.166  0.217  0.328  0.286  0.225  0.314  0.372  0.446  0.531  0.592  0.679  0.735  0.696  0.669  0.594  0.501  0.443  0.339  0.278  0.283  0.156  0.098  0.161 -0.056  0.019 -0.198
 -0.279 -0.259 -0.093 -0.030 -0.100  0.073 -0.027 -0.122 -0.136  0.184  0.207  0.252  0.498  0.585  0.524  0.903  1.000  0.585  0.007 -0.020 -0.339 -0.216 -0.114 -0.205 -0.173 -0.402  0.007 -0.488  0.124  0.647  0.851  0.613  0.261  0.269  0.410  0.100 -0.286 -0.105  0.009 -0.291 -0.427 -0.688 -0.845 -0.916 -0.971 -0.904 -0.871 -0.931 -0.788 -0.640 -0.381 -0.053  0.290  0.551  0.785  0.946  0.867  0.859  0.729  0.747  0.504  0.379  0.354  0.508  0.367  0.218  0.356  0.318  0.346  0.442  0.338  0.277  0.297  0.157  0.115  0.140  0.237  0.125  0.248  0.430  0.537  0.592  0.705  0.728  0.807  0.852  0.748  0.712  0.548  0.507  0.364  0.191  0.104  0.013  0.148  0.231  0.166  0.206  0.331  0.339  0.278  0.353  0.444  0.486  0.580  0.616  0.682  0.742  0.760  0.743  0.708  0.615  0.538  0.477  0.393  0.323  0.155 -0.006 -0.007 -0.317 -0.340 -0.569
  0.127  0.042  0.089  0.011 -0.280 -0.386 -0.608 -0.748 -0.825 -0.634 -0.601 -0.478 -0.258  0.002  0.037  0.532  0.585  1.000  0.697  0.735  0.499  0.627  0.730  0.667  0.691  0.432  0.509 -0.418 -0.600 -0.214  0.132 -0.182 -0.575 -0.436 -0.142 -0.517 -0.668 -0.286 -0.364 -0.618 -0.480 -0.640 -0.459 -0.346 -0.566 -0.307 -0.140 -0.321 -0.066 -0.045  0.174  0.497  0.631  0.651  0.826  0.746  0.879  0.845  0.832  0.839  0.345  0.347  0.416  0.601  0.616  0.561  0.682  0.750  0.838  0.897  0.877  0.813  0.763  0.682  0.692  0.679  0.782  0.773  0.889  0.962  0.986  0.966  0.917  0.819  0.738  0.852  0.957  0.961  0.933  0.920  0.913  0.841  0.830  0.784  0.862  0.909  0.888  0.903  0.946  0.947  0.928  0.952  0.966  0.976  0.979  0.970  0.956  0.929  0.931  0.944  0.948  0.967  0.975  0.950  0.945  0.946  0.885  0.779  0.737  0.435  0.200 -0.188
 -0.111 -0.259 -0.336 -0.462 -0.713 -0.878 -0.962 -0.972 -0.929 -0.920 -0.942 -0.947 -0.839 -0.701 -0.672 -0.205  0.007  0.697  1.000  0.983  0.922  0.936  0.886  0.808  0.812  0.521  0.151 -0.523 -0.955 -0.710 -0.258 -0.360 -0.597 -0.314 -0.009 -0.257 -0.162  0.245  0.058 -0.080  0.190  0.077  0.294  0.333 -0.020  0.120  0.363  0.318  0.593  0.675  0.816  0.941  0.875  0.715  0.592  0.291  0.320  0.233  0.203  0.214 -0.342 -0.302 -0.230 -0.067  0.029  0.049  0.135  0.274  0.419  0.473  0.516  0.430  0.316  0.291  0.348  0.299  0.401  0.498  0.642  0.666  0.711  0.755  0.683  0.647  0.518  0.498  0.583  0.506  0.477  0.475  0.575  0.579  0.674  0.688  0.708  0.756  0.824  0.798  0.769  0.824  0.849  0.804  0.792  0.732  0.678  0.611  0.524  0.456  0.515  0.552  0.630  0.718  0.761  0.830  0.859  0.820  0.828  0.708  0.585  0.379  0.025 -0.236
  0.039 -0.110 -0.192 -0.333 -0.607 -0.806 -0.923 -0.961 -0.953 -0.949 -0.961 -0.931 -0.826 -0.653 -0.609 -0.172 -0.020  0.735  0.983  1.000  0.944  0.973  0.950  0.890  0.891  0.631  0.288 -0.436 -0.960 -0.758 -0.343 -0.477 -0.715 -0.457 -0.155 -0.403 -0.299  0.101 -0.092 -0.219  0.064 -0.018  0.245  0.330  0.001  0.183  0.419  0.334  0.598  0.632  0.755  0.891  0.811  0.636  0.555  0.265  0.353  0.279  0.282  0.290 -0.252 -0.192 -0.103  0.050  0.160  0.189  0.265  0.401  0.534  0.573  0.622  0.549  0.442  0.427  0.482  0.435  0.526  0.621  0.741  0.743  0.761  0.774  0.676  0.608  0.464  0.480  0.606  0.559  0.565  0.569  0.674  0.690  0.777  0.792  0.804  0.838  0.895  0.872  0.838  0.877  0.902  0.860  0.836  0.786  0.725  0.665  0.579  0.506  0.546  0.582  0.649  0.742  0.794  0.851  0.890  0.877  0.900  0.809  0.703  0.510  0.168 -0.113
  0.111 -0.032 -0.157 -0.314 -0.546 -0.786 -0.861 -0.865 -0.852 -0.954 -0.973 -0.958 -0.941 -0.805 -0.742 -0.456 -0.339  0.499  0.922  0.944  1.000  0.984  0.925  0.898  0.889  0.721  0.264 -0.246 -0.934 -0.916 -0.593 -0.639 -0.746 -0.504 -0.270 -0.401 -0.177  0.138 -0.081 -0.101  0.207  0.216  0.512  0.613  0.322  0.471  0.678  0.621  0.821  0.806  0.838  0.856  0.668  0.420  0.265 -0.059  0.046 -0.023  0.020  0.021 -0.408 -0.308 -0.220 -0.128  0.021  0.097  0.122  0.262  0.378  0.383  0.463  0.414  0.307  0.338  0.404  0.352  0.407  0.533  0.607  0.550  0.533  0.529  0.402  0.333  0.173  0.172  0.321  0.286  0.344  0.360  0.505  0.576  0.687  0.731  0.698  0.703  0.779  0.745  0.671  0.706  0.749  0.685  0.633  0.572  0.485  0.415  0.313  0.224  0.257  0.297  0.372  0.490  0.564  0.638  0.702  0.712  0.787  0.754  0.655  0.575  0.264  0.078
  0.178  0.033 -0.074 -0.232 -0.497 -0.742 -0.858 -0.895 -0.908 -0.969 -0.976 -0.932 -0.880 -0.704 -0.635 -0.307 -0.216  0.627  0.936  0.973  0.984  1.000  0.974  0.945  0.939  0.755  0.370 -0.262 -0.940 -0.874 -0.539 -0.645 -0.808 -0.577 -0.318 -0.499 -0.321  0.023 -0.187 -0.245  0.059  0.050  0.362  0.487  0.199  0.389  0.601  0.505  0.724  0.697  0.756  0.831  0.681  0.457  0.363  0.063  0.201  0.139  0.187  0.188 -0.273 -0.178 -0.081  0.030  0.169  0.232  0.272  0.408  0.522  0.531  0.602  0.552  0.449  0.467  0.527  0.479  0.541  0.652  0.729  0.683  0.662  0.644  0.513  0.423  0.261  0.292  0.457  0.438  0.497  0.512  0.642  0.698  0.792  0.825  0.805  0.813  0.873  0.846  0.785  0.811  0.847  0.795  0.746  0.696  0.617  0.555  0.462  0.376  0.400  0.437  0.501  0.611  0.682  0.739  0.799  0.818  0.880  0.843  0.752  0.634  0.319  0.079
  0.325  0.190  0.105 -0.050 -0.346 -0.608 -0.777 -0.858 -0.920 -0.949 -0.937 -0.843 -0.771 -0.541 -0.456 -0.135 -0.114  0.730  0.886  0.950  0.925  0.974  1.000  0.985  0.985  0.825  0.546 -0.181 -0.883 -0.815 -0.522 -0.695 -0.892 -0.704 -0.446 -0.656 -0.519 -0.180 -0.376 -0.450 -0.160 -0.159  0.180  0.354  0.104  0.350  0.544  0.391  0.603  0.532  0.597  0.720  0.600  0.402  0.395  0.143  0.344  0.300  0.375  0.372 -0.067  0.032  0.136  0.247  0.381  0.436  0.477  0.599  0.696  0.697  0.759  0.721  0.635  0.648  0.698  0.658  0.713  0.802  0.860  0.809  0.765  0.712  0.567  0.442  0.276  0.360  0.559  0.575  0.659  0.676  0.789  0.839  0.908  0.928  0.915  0.913  0.950  0.933  0.882  0.886  0.914  0.877  0.825  0.795  0.721  0.674  0.596  0.514  0.514  0.546  0.589  0.690  0.761  0.791  0.852  0.897  0.955  0.940  0.875  0.745  0.456  0.170
  0.453  0.332  0.241  0.082 -0.207 -0.498 -0.680 -0.770 -0.862 -0.924 -0.902 -0.784 -0.744 -0.500 -0.395 -0.163 -0.205  0.667  0.808  0.890  0.898  0.945  0.985  1.000  0.998  0.907  0.645 -0.020 -0.812 -0.841 -0.630 -0.799 -0.948 -0.799 -0.583 -0.749 -0.579 -0.295 -0.491 -0.519 -0.230 -0.175  0.194  0.407  0.206  0.467  0.630  0.457  0.626  0.502  0.523  0.616  0.462  0.247  0.261  0.027  0.276  0.247  0.360  0.350 -0.011  0.110  0.220  0.298  0.445  0.518  0.533  0.645  0.720  0.697  0.769  0.753  0.678  0.711  0.760  0.723  0.755  0.844  0.862  0.778  0.702  0.618  0.451  0.304  0.132  0.239  0.470  0.516  0.642  0.666  0.786  0.859  0.922  0.949  0.917  0.894  0.923  0.907  0.844  0.831  0.863  0.826  0.756  0.735  0.653  0.611  0.536  0.449  0.431  0.461  0.492  0.599  0.680  0.700  0.774  0.848  0.930  0.961  0.918  0.842  0.591  0.329
  0.449  0.331  0.245  0.090 -0.204 -0.492 -0.680 -0.774 -0.869 -0.923 -0.898 -0.777 -0.730 -0.480 -0.374 -0.131 -0.173  0.691  0.812  0.891  0.889  0.939  0.985  0.998  1.000  0.904  0.657 -0.026 -0.806 -0.822 -0.607 -0.787 -0.946 -0.798 -0.579 -0.754 -0.596 -0.307 -0.500 -0.536 -0.251 -0.201  0.165  0.379  0.178  0.443  0.607  0.429  0.602  0.480  0.508  0.611  0.468  0.261  0.284  0.056  0.306  0.278  0.389  0.379  0.013  0.132  0.239  0.321  0.465  0.534  0.552  0.663  0.738  0.719  0.787  0.769  0.696  0.725  0.772  0.736  0.770  0.856  0.877  0.797  0.722  0.638  0.473  0.325  0.154  0.266  0.495  0.543  0.665  0.688  0.804  0.873  0.932  0.957  0.928  0.907  0.933  0.919  0.859  0.845  0.875  0.841  0.773  0.753  0.674  0.634  0.561  0.476  0.456  0.486  0.516  0.620  0.700  0.717  0.788  0.862  0.940  0.967  0.926  0.842  0.590  0.319
  0.696  0.633  0.542  0.402  0.163 -0.164 -0.355 -0.459 -0.614 -0.752 -0.706 -0.543 -0.590 -0.340 -0.195 -0.210 -0.402  0.432  0.521  0.631  0.721  0.755  0.825  0.907  0.904  1.000  0.813  0.388 -0.529 -0.796 -0.813 -0.954 -0.961 -0.927 -0.846 -0.880 -0.650 -0.538 -0.711 -0.620 -0.371 -0.187  0.209  0.490  0.436  0.703  0.767  0.564  0.608  0.368  0.276  0.280  0.063 -0.165 -0.105 -0.264  0.072  0.084  0.273  0.248  0.133  0.298  0.397  0.380  0.543  0.651  0.599  0.672  0.684  0.608  0.693  0.730  0.695  0.774  0.813  0.789  0.757  0.836  0.757  0.602  0.455  0.306  0.106 -0.077 -0.243 -0.090  0.188  0.303  0.515  0.554  0.677  0.798  0.839  0.879  0.804  0.732  0.739  0.728  0.640  0.588  0.625  0.591  0.490  0.491  0.399  0.376  0.319  0.231  0.166  0.188  0.190  0.297  0.393  0.386  0.482  0.617  0.749  0.886  0.904  0.974  0.853  0.687
  0.834  0.839  0.847  0.768  0.549  0.300  0.038 -0.145 -0.377 -0.388 -0.304 -0.064 -0.049  0.252  0.393  0.328  0.007  0.509  0.151  0.288  0.264  0.370  0.546  0.645  0.657  0.813  1.000  0.529 -0.115 -0.314 -0.470 -0.732 -0.805 -0.909 -0.889 -0.969 -0.929 -0.901 -0.965 -0.934 -0.827 -0.667 -0.349 -0.039  0.051  0.361  0.336  0.059  0.047 -0.232 -0.288 -0.170 -0.232 -0.304 -0.029  0.012  0.396  0.455  0.652  0.622  0.640  0.763  0.843  0.819  0.903  0.953  0.914  0.916  0.867  0.792  0.824  0.886  0.913  0.953  0.950  0.958  0.914  0.904  0.788  0.671  0.511  0.320  0.157 -0.052 -0.159  0.079  0.343  0.517  0.723  0.753  0.782  0.846  0.800  0.796  0.760  0.684  0.622  0.643  0.611  0.516  0.520  0.540  0.463  0.520  0.479  0.505  0.514  0.468  0.360  0.360  0.299  0.342  0.403  0.323  0.387  0.548  0.626  0.783  0.873  0.907  0.923  0.718
  0.663  0.775  0.767  0.775  0.832  0.692  0.630  0.578  0.411  0.228  0.288  0.420  0.229  0.297  0.417 -0.126 -0.488 -0.418 -0.523 -0.436 -0.246 -0.262 -0.181 -0.020 -0.026  0.388  0.529  1.000  0.524 -0.049 -0.549 -0.519 -0.219 -0.460 -0.736 -0.461 -0.290 -0.637 -0.619 -0.351 -0.389 -0.078  0.057  0.259  0.566  0.631  0.434  0.327  0.068 -0.230 -0.488 -0.673 -0.848 -0.920 -0.801 -0.669 -0.415 -0.322 -0.118 -0.156  0.347  0.470  0.472  0.268  0.332  0.429  0.273  0.203  0.069 -0.059 -0.016  0.106  0.184  0.297  0.282  0.306  0.164  0.156 -0.070 -0.251 -0.433 -0.602 -0.712 -0.825 -0.846 -0.715 -0.559 -0.388 -0.160 -0.121 -0.093  0.033 -0.008  0.026 -0.077 -0.198 -0.244 -0.237 -0.305 -0.403 -0.384 -0.384 -0.473 -0.422 -0.461 -0.425 -0.396 -0.415 -0.526 -0.539 -0.606 -0.585 -0.534 -0.594 -0.529 -0.371 -0.238  0.019  0.155  0.476  0.731  0.899
  0.034  0.205  0.317  0.458  0.691  0.865  0.928  0.928  0.877  0.898  0.927  0.945  0.862  0.755  0.738  0.312  0.124 -0.600 -0.955 -0.960 -0.934 -0.940 -0.883 -0.812 -0.806 -0.529 -0.115  0.524  1.000  0.792  0.355  0.426  0.633  0.361  0.055  0.268  0.139 -0.252 -0.059  0.051 -0.231 -0.141 -0.367 -0.408 -0.066 -0.192 -0.437 -0.401 -0.659 -0.726 -0.838 -0.930 -0.831 -0.641 -0.498 -0.185 -0.220 -0.137 -0.122 -0.135  0.403  0.359  0.270  0.120  0.011 -0.022 -0.097 -0.239 -0.378 -0.421 -0.476 -0.398 -0.283 -0.273 -0.333 -0.281 -0.371 -0.476 -0.606 -0.612 -0.647 -0.684 -0.601 -0.564 -0.427 -0.403 -0.497 -0.426 -0.414 -0.417 -0.531 -0.552 -0.653 -0.677 -0.683 -0.723 -0.796 -0.767 -0.727 -0.782 -0.812 -0.760 -0.742 -0.678 -0.615 -0.549 -0.454 -0.384 -0.441 -0.478 -0.557 -0.651 -0.700 -0.774 -0.809 -0.777 -0.799 -0.695 -0.571 -0.393 -0.042  0.194
 -0.321 -0.194 -0.026  0.126  0.304  0.585  0.635  0.624  0.635  0.836  0.849  0.830  0.908  0.809  0.724  0.657  0.647 -0.214 -0.710 -0.758 -0.916 -0.874 -0.815 -0.841 -0.822 -0.796 -0.314 -0.049  0.792  1.000  0.845  0.820  0.781  0.616  0.479  0.470  0.148 -0.030  0.187  0.086 -0.216 -0.339 -0.663 -0.805 -0.616 -0.739 -0.886 -0.830 -0.928 -0.825 -0.744 -0.648 -0.368 -0.069  0.102  0.406  0.247  0.288  0.179  0.187  0.422  0.289  0.195  0.184  0.007 -0.114 -0.077 -0.200 -0.271 -0.229 -0.333 -0.328 -0.242 -0.324 -0.389 -0.340 -0.338 -0.475 -0.469 -0.342 -0.268 -0.219 -0.058  0.029  0.196  0.183 -0.003 -0.014 -0.146 -0.179 -0.348 -0.476 -0.587 -0.655 -0.574 -0.537 -0.612 -0.573 -0.465 -0.477 -0.533 -0.458 -0.375 -0.319 -0.212 -0.150 -0.047  0.047  0.042  0.006 -0.056 -0.186 -0.279 -0.348 -0.436 -0.490 -0.620 -0.676 -0.611 -0.671 -0.441 -0.359
 -0.603 -0.556 -0.400 -0.283 -0.194  0.100  0.149  0.153  0.238  0.515  0.501  0.432  0.615  0.528  0.406  0.667  0.851  0.132 -0.258 -0.343 -0.593 -0.539 -0.522 -0.630 -0.607 -0.813 -0.470 -0.549  0.355  0.845  1.000  0.933  0.714  0.713  0.759  0.579  0.211  0.270  0.434  0.192 -0.028 -0.301 -0.623 -0.831 -0.849 -0.960 -0.970 -0.887 -0.815 -0.577 -0.358 -0.156  0.179  0.469  0.568  0.748  0.499  0.483  0.288  0.314  0.211  0.040 -0.034  0.076 -0.103 -0.256 -0.138 -0.199 -0.182 -0.076 -0.188 -0.251 -0.224 -0.358 -0.403 -0.375 -0.292 -0.403 -0.273 -0.069  0.086  0.211  0.396  0.518  0.660  0.594  0.369  0.274  0.046 -0.003 -0.159 -0.336 -0.409 -0.487 -0.360 -0.264 -0.305 -0.275 -0.148 -0.109 -0.167 -0.103  0.012  0.034  0.144  0.176  0.247  0.332  0.384  0.362  0.344  0.228  0.126  0.096 -0.011 -0.136 -0.316 -0.502 -0.518 -0.757 -0.712 -0.764
 -0.750 -0.694 -0.572 -0.440 -0.262  0.063  0.207  0.281  0.424  0.625  0.587  0.447  0.559  0.368  0.226  0.381  0.613 -0.182 -0.360 -0.477 -0.639 -0.645 -0.695 -0.799 -0.787 -0.954 -0.732 -0.519  0.426  0.820  0.933  1.000  0.902  0.906  0.890  0.823  0.532  0.511  0.675  0.508  0.275  0.034 -0.347 -0.619 -0.623 -0.838 -0.868 -0.697 -0.675 -0.407 -0.246 -0.163  0.109  0.366  0.346  0.496  0.167  0.143 -0.069 -0.042 -0.050 -0.223 -0.319 -0.252 -0.424 -0.556 -0.468 -0.530 -0.517 -0.418 -0.517 -0.575 -0.552 -0.660 -0.698 -0.675 -0.611 -0.699 -0.579 -0.391 -0.224 -0.066  0.138  0.310  0.470  0.333  0.060 -0.066 -0.305 -0.352 -0.487 -0.639 -0.685 -0.742 -0.639 -0.548 -0.562 -0.545 -0.438 -0.381 -0.427 -0.383 -0.270 -0.269 -0.168 -0.147 -0.089 -0.002  0.069  0.050  0.050 -0.060 -0.162 -0.161 -0.265 -0.411 -0.571 -0.749 -0.779 -0.936 -0.864 -0.789
 -0.681 -0.589 -0.501 -0.356 -0.085  0.227  0.437  0.558  0.704  0.785  0.742  0.579  0.573  0.311  0.185  0.094  0.261 -0.575 -0.597 -0.715 -0.746 -0.808 -0.892 -0.948 -0.946 -0.961 -0.805 -0.219  0.633  0.781  0.714  0.902  1.000  0.943  0.789  0.899  0.726  0.535  0.705  0.681  0.426  0.302 -0.088 -0.357 -0.261 -0.547 -0.651 -0.433 -0.529 -0.322 -0.286 -0.360 -0.194  0.012 -0.077  0.084 -0.241 -0.246 -0.414 -0.396 -0.180 -0.319 -0.432 -0.460 -0.609 -0.693 -0.675 -0.758 -0.787 -0.733 -0.806 -0.825 -0.782 -0.836 -0.872 -0.846 -0.839 -0.908 -0.863 -0.740 -0.617 -0.479 -0.291 -0.108  0.061 -0.099 -0.369 -0.472 -0.654 -0.688 -0.797 -0.890 -0.925 -0.952 -0.901 -0.848 -0.851 -0.844 -0.776 -0.730 -0.760 -0.734 -0.648 -0.650 -0.568 -0.548 -0.492 -0.410 -0.354 -0.375 -0.378 -0.476 -0.563 -0.552 -0.635 -0.754 -0.857 -0.954 -0.958 -0.951 -0.784 -0.553
 -0.849 -0.801 -0.737 -0.621 -0.393 -0.092  0.132  0.278  0.474  0.559  0.497  0.296  0.322  0.058 -0.079 -0.015  0.269 -0.436 -0.314 -0.457 -0.504 -0.577 -0.704 -0.799 -0.798 -0.927 -0.909 -0.460  0.361  0.616  0.713  0.906  0.943  1.000  0.930  0.972  0.821  0.751  0.873  0.800  0.612  0.428  0.055 -0.251 -0.277 -0.568 -0.594 -0.347 -0.356 -0.080  0.009 -0.044  0.113  0.283  0.113  0.176 -0.200 -0.240 -0.449 -0.423 -0.383 -0.528 -0.632 -0.606 -0.738 -0.825 -0.774 -0.814 -0.791 -0.709 -0.774 -0.829 -0.826 -0.894 -0.912 -0.902 -0.856 -0.893 -0.786 -0.637 -0.474 -0.293 -0.102  0.102  0.249  0.046 -0.239 -0.393 -0.616 -0.656 -0.740 -0.842 -0.840 -0.862 -0.800 -0.720 -0.693 -0.697 -0.632 -0.555 -0.578 -0.569 -0.474 -0.503 -0.431 -0.436 -0.408 -0.339 -0.248 -0.258 -0.228 -0.306 -0.389 -0.345 -0.429 -0.585 -0.697 -0.857 -0.911 -0.974 -0.919 -0.737
 -0.914 -0.921 -0.865 -0.782 -0.640 -0.360 -0.172 -0.042  0.172  0.312  0.243  0.040  0.140 -0.080 -0.227  0.045  0.410 -0.142 -0.009 -0.155 -0.270 -0.318 -0.446 -0.583 -0.579 -0.846 -0.889 -0.736  0.055  0.479  0.759  0.890  0.789  0.930  1.000  0.916  0.732  0.826  0.908  0.741  0.618  0.351  0.017 -0.294 -0.442 -0.686 -0.622 -0.395 -0.293  0.036  0.211  0.249  0.440  0.596  0.421  0.412  0.028 -0.041 -0.280 -0.246 -0.426 -0.584 -0.663 -0.558 -0.682 -0.787 -0.685 -0.686 -0.613 -0.497 -0.564 -0.657 -0.688 -0.785 -0.792 -0.795 -0.701 -0.726 -0.551 -0.366 -0.169  0.036  0.224  0.423  0.540  0.335  0.059 -0.127 -0.388 -0.434 -0.508 -0.637 -0.618 -0.649 -0.559 -0.449 -0.410 -0.416 -0.340 -0.243 -0.267 -0.261 -0.154 -0.197 -0.127 -0.147 -0.137 -0.079  0.035  0.033  0.084  0.018 -0.064 -0.006 -0.096 -0.278 -0.417 -0.642 -0.739 -0.920 -0.985 -0.919
 -0.853 -0.824 -0.796 -0.695 -0.461 -0.185  0.065  0.238  0.454  0.490  0.417  0.191  0.185 -0.106 -0.242 -0.202  0.100 -0.517 -0.257 -0.403 -0.401 -0.499 -0.656 -0.749 -0.754 -0.880 -0.969 -0.461  0.268  0.470  0.579  0.823  0.899  0.972  0.916  1.000  0.916  0.846  0.940  0.903  0.750  0.588  0.234 -0.078 -0.126 -0.440 -0.449 -0.178 -0.189  0.087  0.147  0.043  0.143  0.261  0.028  0.041 -0.345 -0.393 -0.594 -0.568 -0.530 -0.662 -0.759 -0.744 -0.851 -0.915 -0.878 -0.902 -0.870 -0.794 -0.841 -0.897 -0.907 -0.956 -0.963 -0.962 -0.922 -0.934 -0.829 -0.701 -0.542 -0.355 -0.177  0.034  0.164 -0.062 -0.341 -0.505 -0.716 -0.751 -0.805 -0.884 -0.858 -0.864 -0.820 -0.745 -0.699 -0.712 -0.668 -0.582 -0.593 -0.601 -0.517 -0.561 -0.506 -0.522 -0.512 -0.455 -0.356 -0.361 -0.315 -0.374 -0.446 -0.382 -0.455 -0.612 -0.702 -0.854 -0.924 -0.955 -0.924 -0.710
 -0.743 -0.730 -0.769 -0.708 -0.475 -0.289 -0.014  0.190  0.407  0.316  0.236  0.001 -0.094 -0.394 -0.496 -0.565 -0.286 -0.668 -0.162 -0.299 -0.177 -0.321 -0.519 -0.579 -0.596 -0.650 -0.929 -0.290  0.139  0.148  0.211  0.532  0.726  0.821  0.732  0.916  1.000  0.892  0.920  0.992  0.919  0.857  0.592  0.319  0.264 -0.056 -0.060  0.225  0.180  0.398  0.367  0.145  0.101  0.101 -0.230 -0.306 -0.648 -0.701 -0.850 -0.831 -0.746 -0.819 -0.898 -0.932 -0.973 -0.975 -0.987 -0.983 -0.951 -0.910 -0.912 -0.949 -0.976 -0.971 -0.957 -0.969 -0.960 -0.918 -0.852 -0.797 -0.680 -0.516 -0.392 -0.198 -0.113 -0.353 -0.577 -0.730 -0.875 -0.893 -0.881 -0.889 -0.821 -0.790 -0.799 -0.754 -0.677 -0.708 -0.717 -0.633 -0.618 -0.659 -0.614 -0.679 -0.667 -0.703 -0.727 -0.702 -0.607 -0.601 -0.536 -0.549 -0.584 -0.491 -0.526 -0.655 -0.676 -0.770 -0.847 -0.772 -0.761 -0.484
 -0.842 -0.898 -0.946 -0.930 -0.808 -0.650 -0.419 -0.234  0.009 -0.014 -0.105 -0.343 -0.344 -0.585 -0.696 -0.495 -0.105 -0.286  0.245  0.101  0.138  0.023 -0.180 -0.295 -0.307 -0.538 -0.901 -0.637 -0.252 -0.030  0.270  0.511  0.535  0.751  0.826  0.846  0.892  1.000  0.973  0.924  0.939  0.770  0.558  0.279  0.061 -0.197 -0.086  0.175  0.276  0.564  0.644  0.535  0.532  0.513  0.169 -0.005 -0.360 -0.452 -0.642 -0.613 -0.816 -0.901 -0.951 -0.883 -0.912 -0.936 -0.883 -0.828 -0.728 -0.645 -0.648 -0.735 -0.807 -0.840 -0.810 -0.839 -0.767 -0.707 -0.553 -0.450 -0.289 -0.091  0.028  0.216  0.264  0.018 -0.196 -0.393 -0.586 -0.613 -0.587 -0.628 -0.536 -0.516 -0.489 -0.406 -0.312 -0.346 -0.343 -0.231 -0.217 -0.263 -0.204 -0.287 -0.279 -0.337 -0.385 -0.375 -0.248 -0.231 -0.138 -0.133 -0.167 -0.055 -0.096 -0.259 -0.312 -0.492 -0.625 -0.699 -0.845 -0.718
 -0.885 -0.912 -0.929 -0.875 -0.708 -0.491 -0.247 -0.063  0.180  0.192  0.105 -0.137 -0.130 -0.398 -0.527 -0.365  0.009 -0.364  0.058 -0.092 -0.081 -0.187 -0.376 -0.491 -0.500 -0.711 -0.965 -0.619 -0.059  0.187  0.434  0.675  0.705  0.873  0.908  0.940  0.920  0.973  1.000  0.940  0.885  0.699  0.417  0.111 -0.052 -0.340 -0.268  0.005  0.072  0.373  0.459  0.363  0.415  0.458  0.154  0.052 -0.332 -0.410 -0.617 -0.587 -0.715 -0.829 -0.899 -0.842 -0.908 -0.955 -0.900 -0.874 -0.796 -0.708 -0.732 -0.813 -0.863 -0.910 -0.895 -0.912 -0.846 -0.816 -0.670 -0.546 -0.375 -0.171 -0.020  0.185  0.269  0.024 -0.228 -0.421 -0.636 -0.668 -0.678 -0.742 -0.676 -0.669 -0.629 -0.542 -0.466 -0.492 -0.467 -0.360 -0.358 -0.388 -0.313 -0.382 -0.352 -0.394 -0.419 -0.387 -0.266 -0.257 -0.180 -0.204 -0.258 -0.162 -0.221 -0.391 -0.468 -0.651 -0.765 -0.839 -0.925 -0.769
 -0.755 -0.760 -0.811 -0.759 -0.544 -0.370 -0.097  0.110  0.337  0.247  0.162 -0.079 -0.164 -0.460 -0.564 -0.591 -0.291 -0.618 -0.080 -0.219 -0.101 -0.245 -0.450 -0.519 -0.536 -0.620 -0.934 -0.351  0.051  0.086  0.192  0.508  0.681  0.800  0.741  0.903  0.992  0.924  0.940  1.000  0.949  0.873  0.621  0.346  0.259 -0.055 -0.035  0.250  0.230  0.459  0.442  0.230  0.181  0.167 -0.178 -0.282 -0.627 -0.688 -0.841 -0.821 -0.785 -0.858 -0.932 -0.949 -0.984 -0.985 -0.987 -0.971 -0.926 -0.879 -0.877 -0.923 -0.961 -0.958 -0.939 -0.956 -0.938 -0.887 -0.807 -0.748 -0.624 -0.454 -0.334 -0.141 -0.065 -0.311 -0.531 -0.693 -0.843 -0.862 -0.841 -0.850 -0.773 -0.741 -0.747 -0.697 -0.613 -0.647 -0.658 -0.567 -0.550 -0.595 -0.550 -0.621 -0.613 -0.655 -0.687 -0.666 -0.565 -0.556 -0.483 -0.489 -0.522 -0.422 -0.455 -0.590 -0.612 -0.719 -0.809 -0.753 -0.775 -0.518
 -0.680 -0.729 -0.824 -0.824 -0.681 -0.590 -0.343 -0.140  0.084 -0.047 -0.136 -0.366 -0.455 -0.706 -0.786 -0.747 -0.427 -0.480  0.190  0.064  0.207  0.059 -0.160 -0.230 -0.251 -0.371 -0.827 -0.389 -0.231 -0.216 -0.028  0.275  0.426  0.612  0.618  0.750  0.919  0.939  0.885  0.949  1.000  0.939  0.789  0.556  0.389  0.125  0.204  0.466  0.498  0.709  0.689  0.474  0.357  0.258 -0.131 -0.334 -0.633 -0.711 -0.841 -0.821 -0.902 -0.939 -0.980 -0.977 -0.960 -0.932 -0.934 -0.876 -0.800 -0.758 -0.728 -0.783 -0.852 -0.834 -0.794 -0.827 -0.798 -0.708 -0.614 -0.582 -0.473 -0.312 -0.239 -0.073 -0.050 -0.289 -0.454 -0.619 -0.739 -0.751 -0.682 -0.662 -0.551 -0.503 -0.525 -0.479 -0.373 -0.417 -0.455 -0.358 -0.326 -0.392 -0.368 -0.456 -0.478 -0.541 -0.604 -0.613 -0.505 -0.485 -0.390 -0.358 -0.365 -0.244 -0.254 -0.378 -0.369 -0.475 -0.590 -0.545 -0.657 -0.452
 -0.453 -0.480 -0.601 -0.616 -0.457 -0.432 -0.195  0.003  0.181 -0.042 -0.116 -0.314 -0.482 -0.719 -0.757 -0.898 -0.688 -0.640  0.077 -0.018  0.216  0.050 -0.159 -0.175 -0.201 -0.187 -0.667 -0.078 -0.141 -0.339 -0.301  0.034  0.302  0.428  0.351  0.588  0.857  0.770  0.699  0.873  0.939  1.000  0.919  0.755  0.670  0.423  0.450  0.686  0.638  0.746  0.626  0.323  0.111 -0.046 -0.432 -0.628 -0.841 -0.895 -0.950 -0.943 -0.875 -0.858 -0.891 -0.960 -0.904 -0.829 -0.888 -0.840 -0.800 -0.806 -0.748 -0.764 -0.817 -0.750 -0.708 -0.739 -0.758 -0.652 -0.634 -0.675 -0.630 -0.524 -0.500 -0.372 -0.370 -0.577 -0.679 -0.793 -0.828 -0.823 -0.725 -0.647 -0.534 -0.465 -0.533 -0.529 -0.427 -0.474 -0.548 -0.478 -0.432 -0.508 -0.521 -0.602 -0.649 -0.708 -0.775 -0.799 -0.724 -0.704 -0.622 -0.569 -0.550 -0.436 -0.416 -0.486 -0.419 -0.435 -0.516 -0.351 -0.401 -0.133
 -0.175 -0.232 -0.392 -0.464 -0.402 -0.508 -0.346 -0.190 -0.072 -0.346 -0.404 -0.537 -0.720 -0.858 -0.842 -0.981 -0.845 -0.459  0.294  0.245  0.512  0.362  0.180  0.194  0.165  0.209 -0.349  0.057 -0.367 -0.663 -0.623 -0.347 -0.088  0.055  0.017  0.234  0.592  0.558  0.417  0.621  0.789  0.919  1.000  0.947  0.834  0.695  0.753  0.907  0.882  0.897  0.745  0.448  0.151 -0.098 -0.461 -0.722 -0.803 -0.853 -0.835 -0.836 -0.825 -0.745 -0.736 -0.807 -0.686 -0.570 -0.647 -0.567 -0.521 -0.555 -0.464 -0.467 -0.535 -0.438 -0.380 -0.421 -0.451 -0.313 -0.323 -0.424 -0.435 -0.388 -0.443 -0.387 -0.453 -0.599 -0.591 -0.660 -0.614 -0.593 -0.446 -0.322 -0.192 -0.107 -0.203 -0.227 -0.121 -0.173 -0.281 -0.230 -0.170 -0.259 -0.312 -0.392 -0.476 -0.545 -0.635 -0.694 -0.644 -0.614 -0.531 -0.435 -0.378 -0.267 -0.209 -0.228 -0.109 -0.075 -0.151  0.036 -0.068  0.129
  0.110  0.054 -0.116 -0.216 -0.216 -0.411 -0.323 -0.218 -0.173 -0.474 -0.507 -0.567 -0.765 -0.816 -0.752 -0.942 -0.916 -0.346  0.333  0.330  0.613  0.487  0.354  0.407  0.379  0.490 -0.039  0.259 -0.408 -0.805 -0.831 -0.619 -0.357 -0.251 -0.294 -0.078  0.319  0.279  0.111  0.346  0.556  0.755  0.947  1.000  0.922  0.875  0.921  0.991  0.950  0.865  0.675  0.390  0.050 -0.240 -0.531 -0.789 -0.743 -0.773 -0.683 -0.695 -0.657 -0.529 -0.494 -0.585 -0.428 -0.285 -0.385 -0.303 -0.275 -0.341 -0.232 -0.210 -0.270 -0.151 -0.091 -0.131 -0.182 -0.041 -0.097 -0.248 -0.318 -0.335 -0.449 -0.461 -0.566 -0.640 -0.541 -0.552 -0.428 -0.395 -0.230 -0.072  0.048  0.139  0.021 -0.033  0.058  0.009 -0.117 -0.098 -0.032 -0.120 -0.203 -0.269 -0.371 -0.434 -0.526 -0.603 -0.589 -0.558 -0.492 -0.376 -0.295 -0.205 -0.121 -0.084  0.071  0.168  0.121  0.342  0.247  0.397
  0.281  0.283  0.136  0.071  0.139 -0.040  0.047  0.136  0.131 -0.195 -0.208 -0.234 -0.485 -0.549 -0.469 -0.867 -0.971 -0.566 -0.020  0.001  0.322  0.199  0.104  0.206  0.178  0.436  0.051  0.566 -0.066 -0.616 -0.849 -0.623 -0.261 -0.277 -0.442 -0.126  0.264  0.061 -0.052  0.259  0.389  0.670  0.834  0.922  1.000  0.940  0.885  0.935  0.777  0.612  0.345  0.012 -0.333 -0.586 -0.804 -0.951 -0.856 -0.845 -0.707 -0.729 -0.459 -0.322 -0.304 -0.471 -0.331 -0.179 -0.325 -0.293 -0.328 -0.430 -0.328 -0.261 -0.275 -0.133 -0.092 -0.114 -0.216 -0.106 -0.241 -0.428 -0.544 -0.609 -0.726 -0.755 -0.832 -0.866 -0.755 -0.710 -0.536 -0.496 -0.355 -0.180 -0.097 -0.008 -0.146 -0.234 -0.174 -0.213 -0.339 -0.355 -0.294 -0.367 -0.462 -0.499 -0.593 -0.628 -0.690 -0.752 -0.777 -0.759 -0.729 -0.635 -0.556 -0.500 -0.413 -0.334 -0.161  0.013  0.026  0.348  0.391  0.623
  0.505  0.495  0.354  0.259  0.232 -0.025 -0.031 -0.007 -0.080 -0.385 -0.374 -0.324 -0.544 -0.499 -0.382 -0.728 -0.904 -0.307  0.120  0.183  0.471  0.389  0.350  0.467  0.443  0.703  0.361  0.631 -0.192 -0.739 -0.960 -0.838 -0.547 -0.568 -0.686 -0.440 -0.056 -0.197 -0.340 -0.055  0.125  0.423  0.695  0.875  0.940  1.000  0.963  0.919  0.795  0.562  0.310  0.049 -0.297 -0.571 -0.702 -0.855 -0.646 -0.625 -0.440 -0.468 -0.266 -0.094 -0.048 -0.195 -0.029  0.129 -0.010  0.033 -0.001 -0.114 -0.004  0.069  0.053  0.196  0.238  0.215  0.116  0.225  0.078 -0.130 -0.283 -0.397 -0.563 -0.658 -0.774 -0.735 -0.543 -0.455 -0.233 -0.186 -0.037  0.146  0.219  0.302  0.165  0.064  0.107  0.075 -0.055 -0.093 -0.033 -0.099 -0.212 -0.235 -0.339 -0.370 -0.434 -0.512 -0.563 -0.543 -0.526 -0.417 -0.321 -0.287 -0.184 -0.064  0.121  0.319  0.346  0.637  0.649  0.778
  0.435  0.380  0.218  0.095  0.013 -0.265 -0.281 -0.253 -0.298 -0.585 -0.586 -0.553 -0.734 -0.672 -0.563 -0.769 -0.871 -0.140  0.363  0.419  0.678  0.601  0.544  0.630  0.607  0.767  0.336  0.434 -0.437 -0.886 -0.970 -0.868 -0.651 -0.594 -0.622 -0.449 -0.060 -0.086 -0.268 -0.035  0.204  0.450  0.753  0.921  0.885  0.963  1.000  0.957  0.913  0.724  0.522  0.301 -0.045 -0.348 -0.516 -0.744 -0.553 -0.558 -0.397 -0.418 -0.373 -0.209 -0.144 -0.238 -0.057  0.097 -0.012  0.066  0.074 -0.017  0.098  0.143  0.097  0.225  0.280  0.245  0.179  0.309  0.211  0.023 -0.105 -0.194 -0.365 -0.457 -0.598 -0.576 -0.381 -0.324 -0.128 -0.084  0.084  0.257  0.353  0.437  0.312  0.232  0.294  0.256  0.125  0.108  0.171  0.095 -0.012 -0.052 -0.165 -0.212 -0.297 -0.387 -0.415 -0.387 -0.347 -0.223 -0.122 -0.069  0.035  0.131  0.307  0.458  0.447  0.667  0.583  0.646
  0.211  0.157 -0.015 -0.120 -0.135 -0.354 -0.289 -0.203 -0.183 -0.488 -0.513 -0.549 -0.750 -0.777 -0.700 -0.915 -0.931 -0.321  0.318  0.334  0.621  0.505  0.391  0.457  0.429  0.564  0.059  0.327 -0.401 -0.830 -0.887 -0.697 -0.433 -0.347 -0.395 -0.178  0.225  0.175  0.005  0.250  0.466  0.686  0.907  0.991  0.935  0.919  0.957  1.000  0.948  0.828  0.625  0.348 -0.002 -0.299 -0.560 -0.808 -0.721 -0.742 -0.628 -0.643 -0.585 -0.446 -0.403 -0.502 -0.337 -0.187 -0.295 -0.215 -0.197 -0.273 -0.160 -0.129 -0.184 -0.057  0.001 -0.037 -0.098  0.042 -0.032 -0.198 -0.288 -0.327 -0.458 -0.492 -0.607 -0.655 -0.529 -0.519 -0.370 -0.333 -0.165  0.001  0.115  0.206  0.083  0.018  0.102  0.055 -0.074 -0.066 -0.000 -0.086 -0.178 -0.236 -0.342 -0.400 -0.490 -0.571 -0.570 -0.541 -0.482 -0.364 -0.276 -0.196 -0.106 -0.049  0.115  0.233  0.198  0.431  0.346  0.484
  0.106  0.007 -0.166 -0.296 -0.381 -0.608 -0.568 -0.490 -0.446 -0.700 -0.733 -0.779 -0.912 -0.905 -0.840 -0.861 -0.788 -0.066  0.593  0.598  0.821  0.724  0.603  0.626  0.602  0.608  0.047  0.068 -0.659 -0.928 -0.815 -0.675 -0.529 -0.356 -0.293 -0.189  0.180  0.276  0.072  0.230  0.498  0.638  0.882  0.950  0.777  0.795  0.913  0.948  1.000  0.940  0.818  0.620  0.305  0.003 -0.273 -0.586 -0.522 -0.572 -0.495 -0.502 -0.644 -0.519 -0.461 -0.488 -0.320 -0.189 -0.249 -0.135 -0.068 -0.111 -0.003 -0.008 -0.094  0.002  0.071  0.022  0.007  0.158  0.150  0.024 -0.028 -0.037 -0.164 -0.195 -0.330 -0.389 -0.267 -0.293 -0.188 -0.158  0.016  0.154  0.285  0.367  0.271  0.237  0.333  0.284  0.167  0.197  0.261  0.172  0.095  0.022 -0.084 -0.156 -0.263 -0.351 -0.324 -0.287 -0.209 -0.082  0.003  0.099  0.181  0.208  0.345  0.397  0.321  0.445  0.253  0.291
 -0.200 -0.317 -0.478 -0.591 -0.653 -0.799 -0.706 -0.588 -0.470 -0.670 -0.729 -0.841 -0.928 -0.981 -0.964 -0.849 -0.640 -0.045  0.675  0.632  0.806  0.697  0.532  0.502  0.480  0.368 -0.232 -0.230 -0.726 -0.825 -0.577 -0.407 -0.322 -0.080  0.036  0.087  0.398  0.564  0.373  0.459  0.709  0.746  0.897  0.865  0.612  0.562  0.724  0.828  0.940  1.000  0.951  0.782  0.530  0.268 -0.071 -0.410 -0.471 -0.550 -0.557 -0.551 -0.807 -0.732 -0.691 -0.667 -0.533 -0.438 -0.455 -0.329 -0.226 -0.224 -0.136 -0.180 -0.286 -0.225 -0.155 -0.209 -0.183 -0.033  0.030 -0.030 -0.012  0.050 -0.020  0.012 -0.095 -0.222 -0.185 -0.278 -0.263 -0.250 -0.093  0.001  0.144  0.215  0.153  0.160  0.274  0.222  0.128  0.196  0.252  0.163  0.121  0.031 -0.056 -0.139 -0.249 -0.323 -0.254 -0.214 -0.113 -0.002  0.058  0.177  0.232  0.194  0.284  0.248  0.130  0.172 -0.073 -0.041
 -0.347 -0.486 -0.619 -0.731 -0.832 -0.938 -0.862 -0.758 -0.617 -0.729 -0.793 -0.914 -0.920 -0.955 -0.964 -0.671 -0.381  0.174  0.816  0.755  0.838  0.756  0.597  0.523  0.508  0.276 -0.288 -0.488 -0.838 -0.744 -0.358 -0.246 -0.286  0.009  0.211  0.147  0.367  0.644  0.459  0.442  0.689  0.626  0.745  0.675  0.345  0.310  0.522  0.625  0.818  0.951  1.000  0.928  0.761  0.547  0.229 -0.117 -0.224 -0.323 -0.384 -0.369 -0.780 -0.743 -0.700 -0.607 -0.502 -0.447 -0.410 -0.273 -0.136 -0.095 -0.030 -0.108 -0.228 -0.212 -0.144 -0.199 -0.128  0.007  0.135  0.135  0.200  0.299  0.261  0.309  0.211  0.074  0.077 -0.052 -0.100 -0.100  0.032  0.076  0.214  0.264  0.244  0.286  0.398  0.350  0.288  0.374  0.418  0.340  0.327  0.233  0.166  0.081 -0.026 -0.091  0.001  0.041  0.149  0.246  0.288  0.408  0.439  0.365  0.405  0.296  0.151  0.075 -0.233 -0.286
 -0.349 -0.504 -0.595 -0.706 -0.883 -0.975 -0.969 -0.919 -0.800 -0.802 -0.854 -0.937 -0.845 -0.810 -0.826 -0.360 -0.053  0.497  0.941  0.891  0.856  0.831  0.720  0.616  0.611  0.280 -0.170 -0.673 -0.930 -0.648 -0.156 -0.163 -0.360 -0.044  0.249  0.043  0.145  0.535  0.363  0.230  0.474  0.323  0.448  0.390  0.012  0.049  0.301  0.348  0.620  0.782  0.928  1.000  0.935  0.781  0.558  0.236  0.147  0.043 -0.043 -0.023 -0.579 -0.570 -0.517 -0.353 -0.276 -0.264 -0.173 -0.033  0.125  0.197  0.236  0.134  0.010 -0.019  0.041 -0.012  0.099  0.205  0.380  0.431  0.521  0.623  0.596  0.625  0.526  0.428  0.435  0.305  0.220  0.210  0.309  0.301  0.415  0.436  0.460  0.528  0.619  0.584  0.559  0.644  0.670  0.615  0.624  0.543  0.498  0.421  0.327  0.271  0.363  0.401  0.500  0.578  0.605  0.704  0.716  0.630  0.622  0.461  0.309  0.107 -0.250 -0.434
 -0.478 -0.620 -0.653 -0.729 -0.904 -0.914 -0.924 -0.895 -0.770 -0.659 -0.707 -0.790 -0.618 -0.579 -0.628 -0.052  0.290  0.631  0.875  0.811  0.668  0.681  0.600  0.462  0.468  0.063 -0.232 -0.848 -0.831 -0.368  0.179  0.109 -0.194  0.113  0.440  0.143  0.101  0.532  0.415  0.181  0.357  0.111  0.151  0.050 -0.333 -0.297 -0.045 -0.002  0.305  0.530  0.761  0.935  1.000  0.949  0.801  0.549  0.410  0.305  0.166  0.193 -0.417 -0.464 -0.425 -0.214 -0.196 -0.241 -0.104  0.015  0.177  0.284  0.283  0.161  0.049 -0.030  0.012 -0.030  0.112  0.173  0.388  0.508  0.642  0.771  0.796  0.846  0.787  0.693  0.646  0.498  0.346  0.321  0.362  0.291  0.371  0.360  0.432  0.530  0.598  0.577  0.599  0.689  0.693  0.665  0.711  0.645  0.638  0.577  0.510  0.482  0.583  0.613  0.697  0.736  0.730  0.807  0.785  0.668  0.596  0.376  0.227 -0.075 -0.422 -0.661
 -0.581 -0.694 -0.670 -0.704 -0.847 -0.773 -0.783 -0.768 -0.641 -0.448 -0.490 -0.572 -0.355 -0.329 -0.405  0.201  0.551  0.651  0.715  0.636  0.420  0.457  0.402  0.247  0.261 -0.165 -0.304 -0.920 -0.641 -0.069  0.469  0.366  0.012  0.283  0.596  0.261  0.101  0.513  0.458  0.167  0.258 -0.046 -0.098 -0.240 -0.586 -0.571 -0.348 -0.299  0.003  0.268  0.547  0.781  0.949  1.000  0.917  0.752  0.568  0.471  0.292  0.324 -0.261 -0.354 -0.340 -0.113 -0.152 -0.241 -0.079  0.008  0.157  0.285  0.248  0.120  0.030 -0.085 -0.062 -0.090  0.063  0.080  0.312  0.482  0.645  0.791  0.866  0.938  0.926  0.835  0.733  0.579  0.378  0.340  0.326  0.206  0.250  0.213  0.320  0.436  0.479  0.472  0.533  0.622  0.605  0.603  0.679  0.631  0.658  0.616  0.580  0.581  0.683  0.702  0.768  0.766  0.731  0.785  0.733  0.595  0.474  0.223  0.087 -0.264 -0.563 -0.810
 -0.365 -0.453 -0.378 -0.400 -0.583 -0.515 -0.612 -0.673 -0.627 -0.363 -0.371 -0.371 -0.107  0.003 -0.052  0.549  0.785  0.826  0.592  0.555  0.265  0.363  0.395  0.261  0.284 -0.105 -0.029 -0.801 -0.498  0.102  0.568  0.346 -0.077  0.113  0.421  0.028 -0.230  0.169  0.154 -0.178 -0.131 -0.432 -0.461 -0.531 -0.804 -0.702 -0.516 -0.560 -0.273 -0.071  0.229  0.558  0.801  0.917  1.000  0.936  0.845  0.780  0.635  0.661  0.110  0.017  0.040  0.271  0.208  0.094  0.265  0.321  0.439  0.559  0.499  0.390  0.332  0.199  0.201  0.189  0.335  0.305  0.508  0.682  0.815  0.908  0.972  0.992  0.987  0.983  0.923  0.827  0.654  0.616  0.561  0.417  0.410  0.348  0.472  0.578  0.575  0.588  0.675  0.728  0.693  0.723  0.799  0.788  0.835  0.821  0.819  0.832  0.895  0.904  0.930  0.904  0.861  0.864  0.806  0.707  0.567  0.344  0.255 -0.128 -0.371 -0.694
 -0.304 -0.341 -0.213 -0.190 -0.324 -0.197 -0.308 -0.398 -0.388 -0.075 -0.064 -0.034  0.236  0.344  0.282  0.791  0.946  0.746  0.291  0.265 -0.059  0.063  0.143  0.027  0.056 -0.264  0.012 -0.669 -0.185  0.406  0.748  0.496  0.084  0.176  0.412  0.041 -0.306 -0.005  0.052 -0.282 -0.334 -0.628 -0.722 -0.789 -0.951 -0.855 -0.744 -0.808 -0.586 -0.410 -0.117  0.236  0.549  0.752  0.936  1.000  0.920  0.886  0.747  0.769  0.360  0.244  0.246  0.448  0.338  0.198  0.360  0.366  0.438  0.550  0.462  0.376  0.360  0.216  0.192  0.201  0.327  0.247  0.414  0.599  0.721  0.793  0.884  0.901  0.940  0.971  0.890  0.828  0.655  0.614  0.506  0.338  0.283  0.201  0.338  0.435  0.394  0.424  0.538  0.566  0.514  0.573  0.660  0.681  0.756  0.771  0.809  0.848  0.886  0.880  0.871  0.806  0.742  0.706  0.631  0.547  0.384  0.187  0.145 -0.220 -0.353 -0.649
  0.054  0.021  0.140  0.131 -0.077 -0.058 -0.262 -0.417 -0.499 -0.215 -0.173 -0.051  0.203  0.416  0.412  0.853  0.867  0.879  0.320  0.353  0.046  0.201  0.344  0.276  0.306  0.072  0.396 -0.415 -0.220  0.247  0.499  0.167 -0.241 -0.200  0.028 -0.345 -0.648 -0.360 -0.332 -0.627 -0.633 -0.841 -0.803 -0.743 -0.856 -0.646 -0.553 -0.721 -0.522 -0.471 -0.224  0.147  0.410  0.568  0.845  0.920  1.000  0.992  0.942  0.952  0.585  0.525  0.558  0.734  0.666  0.557  0.692  0.697  0.744  0.817  0.749  0.695  0.690  0.574  0.551  0.562  0.660  0.581  0.689  0.813  0.862  0.852  0.872  0.805  0.798  0.921  0.951  0.963  0.885  0.860  0.772  0.643  0.574  0.497  0.609  0.668  0.606  0.642  0.734  0.723  0.677  0.738  0.788  0.830  0.883  0.908  0.946  0.965  0.957  0.951  0.918  0.874  0.840  0.775  0.731  0.717  0.597  0.478  0.474  0.152  0.036 -0.316
  0.129  0.110  0.235  0.233  0.034  0.049 -0.166 -0.331 -0.435 -0.155 -0.104  0.035  0.278  0.500  0.503  0.891  0.859  0.845  0.233  0.279 -0.023  0.139  0.300  0.247  0.278  0.084  0.455 -0.322 -0.137  0.288  0.483  0.143 -0.246 -0.240 -0.041 -0.393 -0.701 -0.452 -0.410 -0.688 -0.711 -0.895 -0.853 -0.773 -0.845 -0.625 -0.558 -0.742 -0.572 -0.550 -0.323  0.043  0.305  0.471  0.780  0.886  0.992  1.000  0.969  0.976  0.666  0.612  0.643  0.800  0.730  0.624  0.746  0.739  0.768  0.828  0.759  0.718  0.727  0.617  0.589  0.605  0.689  0.601  0.685  0.797  0.829  0.800  0.814  0.733  0.730  0.873  0.915  0.949  0.891  0.869  0.773  0.650  0.569  0.490  0.597  0.645  0.572  0.611  0.704  0.680  0.631  0.699  0.744  0.795  0.850  0.883  0.930  0.952  0.930  0.921  0.876  0.827  0.794  0.716  0.674  0.676  0.563  0.468  0.483  0.185  0.104 -0.237
  0.352  0.338  0.445  0.427  0.205  0.155 -0.097 -0.286 -0.439 -0.203 -0.137  0.046  0.254  0.518  0.556  0.853  0.729  0.832  0.203  0.282  0.020  0.187  0.375  0.360  0.389  0.273  0.652 -0.118 -0.122  0.179  0.288 -0.069 -0.414 -0.449 -0.280 -0.594 -0.850 -0.642 -0.617 -0.841 -0.841 -0.950 -0.835 -0.683 -0.707 -0.440 -0.397 -0.628 -0.495 -0.557 -0.384 -0.043  0.166  0.292  0.635  0.747  0.942  0.969  1.000  0.998  0.756  0.741  0.789  0.910  0.871  0.795  0.885  0.875  0.881  0.910  0.858  0.844  0.863  0.781  0.754  0.772  0.827  0.745  0.780  0.842  0.823  0.744  0.713  0.588  0.560  0.748  0.854  0.935  0.943  0.933  0.856  0.769  0.683  0.614  0.695  0.713  0.631  0.672  0.743  0.694  0.653  0.718  0.735  0.797  0.834  0.873  0.918  0.927  0.877  0.867  0.810  0.776  0.763  0.672  0.652  0.700  0.624  0.591  0.632  0.394  0.339  0.001
  0.320  0.303  0.410  0.394  0.174  0.132 -0.114 -0.300 -0.444 -0.201 -0.138  0.038  0.252  0.510  0.542  0.856  0.747  0.839  0.214  0.290  0.021  0.188  0.372  0.350  0.379  0.248  0.622 -0.156 -0.135  0.187  0.314 -0.042 -0.396 -0.423 -0.246 -0.568 -0.831 -0.613 -0.587 -0.821 -0.821 -0.943 -0.836 -0.695 -0.729 -0.468 -0.418 -0.643 -0.502 -0.551 -0.369 -0.023  0.193  0.324  0.661  0.769  0.952  0.976  0.998  1.000  0.741  0.720  0.766  0.895  0.851  0.771  0.868  0.858  0.869  0.903  0.849  0.830  0.847  0.760  0.733  0.750  0.811  0.729  0.772  0.842  0.831  0.759  0.735  0.616  0.589  0.771  0.868  0.942  0.940  0.930  0.850  0.757  0.672  0.602  0.687  0.710  0.630  0.670  0.745  0.701  0.658  0.724  0.745  0.805  0.845  0.883  0.926  0.938  0.893  0.883  0.828  0.792  0.776  0.687  0.664  0.705  0.623  0.579  0.615  0.366  0.304 -0.037
  0.499  0.585  0.714  0.778  0.683  0.660  0.451  0.281  0.084  0.237  0.323  0.521  0.607  0.800  0.855  0.789  0.504  0.345 -0.342 -0.252 -0.408 -0.273 -0.067 -0.011  0.013  0.133  0.640  0.347  0.403  0.422  0.211 -0.050 -0.180 -0.383 -0.426 -0.530 -0.746 -0.816 -0.715 -0.785 -0.902 -0.875 -0.825 -0.657 -0.459 -0.266 -0.373 -0.585 -0.644 -0.807 -0.780 -0.579 -0.417 -0.261  0.110  0.360  0.585  0.666  0.756  0.741  1.000  0.969  0.917  0.890  0.829  0.782  0.787  0.707  0.621  0.595  0.543  0.593  0.675  0.640  0.592  0.632  0.604  0.492  0.408  0.406  0.326  0.195  0.167  0.042  0.062  0.268  0.369  0.513  0.590  0.594  0.496  0.451  0.329  0.273  0.309  0.275  0.165  0.213  0.271  0.183  0.142  0.217  0.214  0.303  0.346  0.417  0.491  0.523  0.427  0.399  0.304  0.246  0.230  0.110  0.099  0.195  0.158  0.241  0.357  0.314  0.465  0.315
  0.618  0.704  0.819  0.858  0.743  0.667  0.440  0.256  0.035  0.142  0.234  0.458  0.514  0.738  0.822  0.707  0.379  0.347 -0.302 -0.192 -0.308 -0.178  0.032  0.110  0.132  0.298  0.763  0.470  0.359  0.289  0.040 -0.223 -0.319 -0.528 -0.584 -0.662 -0.819 -0.901 -0.829 -0.858 -0.939 -0.858 -0.745 -0.529 -0.322 -0.094 -0.209 -0.446 -0.519 -0.732 -0.743 -0.570 -0.464 -0.354  0.017  0.244  0.525  0.612  0.741  0.720  0.969  1.000  0.964  0.913  0.885  0.864  0.846  0.773  0.682  0.636  0.603  0.666  0.745  0.734  0.691  0.728  0.685  0.590  0.480  0.441  0.329  0.170  0.107 -0.046 -0.051  0.176  0.323  0.490  0.611  0.623  0.550  0.535  0.422  0.378  0.392  0.340  0.232  0.277  0.313  0.213  0.181  0.247  0.223  0.312  0.336  0.403  0.470  0.484  0.374  0.351  0.255  0.217  0.220  0.100  0.109  0.233  0.228  0.348  0.473  0.472  0.624  0.475
  0.714  0.775  0.867  0.865  0.729  0.624  0.376  0.180 -0.053  0.053  0.146  0.384  0.449  0.699  0.787  0.694  0.354  0.416 -0.230 -0.103 -0.220 -0.081  0.136  0.220  0.239  0.397  0.843  0.472  0.270  0.195 -0.034 -0.319 -0.432 -0.632 -0.663 -0.759 -0.898 -0.951 -0.899 -0.932 -0.980 -0.891 -0.736 -0.494 -0.304 -0.048 -0.144 -0.403 -0.461 -0.691 -0.700 -0.517 -0.425 -0.340  0.040  0.246  0.558  0.643  0.789  0.766  0.917  0.964  1.000  0.966  0.955  0.940  0.922  0.858  0.770  0.715  0.691  0.758  0.832  0.827  0.788  0.823  0.780  0.693  0.579  0.528  0.404  0.233  0.151 -0.020 -0.043  0.199  0.372  0.548  0.688  0.703  0.640  0.635  0.526  0.484  0.493  0.436  0.331  0.374  0.401  0.298  0.270  0.332  0.299  0.387  0.404  0.466  0.529  0.534  0.421  0.401  0.305  0.277  0.289  0.168  0.186  0.321  0.328  0.456  0.581  0.573  0.704  0.528
  0.624  0.656  0.753  0.740  0.563  0.469  0.205  0.002 -0.212 -0.052  0.035  0.263  0.387  0.656  0.730  0.784  0.508  0.601 -0.067  0.050 -0.128  0.030  0.247  0.298  0.321  0.380  0.819  0.268  0.120  0.184  0.076 -0.252 -0.460 -0.606 -0.558 -0.744 -0.932 -0.883 -0.842 -0.949 -0.977 -0.960 -0.807 -0.585 -0.471 -0.195 -0.238 -0.502 -0.488 -0.667 -0.607 -0.353 -0.214 -0.113  0.271  0.448  0.734  0.800  0.910  0.895  0.890  0.913  0.966  1.000  0.980  0.939  0.962  0.916  0.860  0.834  0.799  0.839  0.895  0.861  0.825  0.855  0.847  0.758  0.695  0.684  0.593  0.447  0.379  0.215  0.186  0.421  0.580  0.728  0.827  0.834  0.765  0.729  0.624  0.570  0.607  0.575  0.474  0.518  0.563  0.475  0.441  0.507  0.490  0.572  0.596  0.652  0.710  0.716  0.622  0.604  0.518  0.488  0.493  0.378  0.383  0.492  0.469  0.543  0.642  0.544  0.608  0.358
  0.718  0.734  0.801  0.762  0.557  0.405  0.129 -0.076 -0.303 -0.189 -0.100  0.139  0.237  0.528  0.624  0.660  0.367  0.616  0.029  0.160  0.021  0.169  0.381  0.445  0.465  0.543  0.903  0.332  0.011  0.007 -0.103 -0.424 -0.609 -0.738 -0.682 -0.851 -0.973 -0.912 -0.908 -0.984 -0.960 -0.904 -0.686 -0.428 -0.331 -0.029 -0.057 -0.337 -0.320 -0.533 -0.502 -0.276 -0.196 -0.152  0.208  0.338  0.666  0.730  0.871  0.851  0.829  0.885  0.955  0.980  1.000  0.985  0.991  0.963  0.912  0.871  0.858  0.903  0.948  0.936  0.910  0.932  0.915  0.851  0.774  0.730  0.616  0.452  0.349  0.163  0.104  0.348  0.548  0.708  0.843  0.858  0.821  0.815  0.727  0.687  0.703  0.658  0.568  0.605  0.626  0.535  0.513  0.565  0.528  0.603  0.606  0.651  0.694  0.681  0.582  0.571  0.492  0.487  0.512  0.405  0.430  0.558  0.565  0.663  0.758  0.689  0.726  0.471
  0.793  0.808  0.852  0.796  0.588  0.396  0.122 -0.078 -0.313 -0.249 -0.160  0.084  0.147  0.443  0.557  0.537  0.218  0.561  0.049  0.189  0.097  0.232  0.436  0.518  0.534  0.651  0.953  0.429 -0.022 -0.114 -0.256 -0.556 -0.693 -0.825 -0.787 -0.915 -0.975 -0.936 -0.955 -0.985 -0.932 -0.829 -0.570 -0.285 -0.179  0.129  0.097 -0.187 -0.189 -0.438 -0.447 -0.264 -0.241 -0.241  0.094  0.198  0.557  0.624  0.795  0.771  0.782  0.864  0.940  0.939  0.985  1.000  0.982  0.962  0.906  0.848  0.852  0.908  0.951  0.961  0.943  0.960  0.928  0.882  0.782  0.705  0.567  0.386  0.257  0.057 -0.021  0.228  0.458  0.631  0.801  0.823  0.810  0.834  0.758  0.732  0.726  0.665  0.583  0.615  0.615  0.518  0.505  0.547  0.492  0.563  0.549  0.590  0.621  0.597  0.490  0.482  0.407  0.419  0.458  0.358  0.399  0.545  0.582  0.711  0.809  0.786  0.823  0.590
  0.710  0.707  0.761  0.708  0.477  0.307  0.027 -0.178 -0.397 -0.286 -0.201  0.035  0.143  0.445  0.544  0.628  0.356  0.682  0.135  0.265  0.122  0.272  0.477  0.533  0.552  0.599  0.914  0.273 -0.097 -0.077 -0.138 -0.468 -0.675 -0.774 -0.685 -0.878 -0.987 -0.883 -0.900 -0.987 -0.934 -0.888 -0.647 -0.385 -0.325 -0.010 -0.012 -0.295 -0.249 -0.455 -0.410 -0.173 -0.104 -0.079  0.265  0.360  0.692  0.746  0.885  0.868  0.787  0.846  0.922  0.962  0.991  0.982  1.000  0.988  0.953  0.917  0.909  0.945  0.978  0.964  0.945  0.961  0.955  0.902  0.840  0.797  0.688  0.528  0.416  0.227  0.153  0.394  0.604  0.756  0.889  0.904  0.879  0.875  0.798  0.760  0.778  0.737  0.655  0.690  0.707  0.622  0.603  0.650  0.612  0.680  0.677  0.716  0.747  0.728  0.635  0.627  0.557  0.561  0.590  0.492  0.520  0.644  0.653  0.739  0.819  0.730  0.727  0.446
  0.691  0.664  0.699  0.630  0.370  0.174 -0.109 -0.309 -0.516 -0.416 -0.337 -0.109  0.004  0.316  0.419  0.557  0.318  0.750  0.274  0.401  0.262  0.408  0.599  0.645  0.663  0.672  0.916  0.203 -0.239 -0.200 -0.199 -0.530 -0.758 -0.814 -0.686 -0.902 -0.983 -0.828 -0.874 -0.971 -0.876 -0.840 -0.567 -0.303 -0.293  0.033  0.066 -0.215 -0.135 -0.329 -0.273 -0.033  0.015  0.008  0.321  0.366  0.697  0.739  0.875  0.858  0.707  0.773  0.858  0.916  0.963  0.962  0.988  1.000  0.986  0.957  0.958  0.983  0.998  0.984  0.975  0.982  0.988  0.953  0.909  0.865  0.761  0.609  0.486  0.295  0.200  0.432  0.654  0.793  0.924  0.940  0.935  0.936  0.877  0.845  0.861  0.826  0.757  0.786  0.796  0.720  0.706  0.744  0.702  0.759  0.745  0.773  0.788  0.758  0.674  0.673  0.617  0.637  0.673  0.589  0.623  0.740  0.755  0.827  0.888  0.779  0.725  0.418
  0.606  0.555  0.582  0.503  0.217  0.018 -0.262 -0.454 -0.637 -0.526 -0.457 -0.245 -0.110  0.204  0.300  0.527  0.346  0.838  0.419  0.534  0.378  0.522  0.696  0.720  0.738  0.684  0.867  0.069 -0.378 -0.271 -0.182 -0.517 -0.787 -0.791 -0.613 -0.870 -0.951 -0.728 -0.796 -0.926 -0.800 -0.800 -0.521 -0.275 -0.328 -0.001  0.074 -0.197 -0.068 -0.226 -0.136  0.125  0.177  0.157  0.439  0.438  0.744  0.768  0.881  0.869  0.621  0.682  0.770  0.860  0.912  0.906  0.953  0.986  1.000  0.989  0.992  0.996  0.990  0.965  0.964  0.963  0.991  0.969  0.961  0.935  0.853  0.723  0.603  0.422  0.317  0.530  0.743  0.857  0.963  0.976  0.980  0.972  0.929  0.897  0.923  0.904  0.848  0.872  0.883  0.824  0.811  0.842  0.807  0.852  0.835  0.851  0.855  0.819  0.752  0.757  0.716  0.744  0.781  0.711  0.742  0.840  0.846  0.882  0.917  0.764  0.652  0.312
  0.499  0.440  0.477  0.408  0.115 -0.058 -0.330 -0.518 -0.679 -0.535 -0.473 -0.278 -0.114  0.191  0.272  0.573  0.442  0.897  0.473  0.573  0.383  0.531  0.697  0.697  0.719  0.608  0.792 -0.059 -0.421 -0.229 -0.076 -0.418 -0.733 -0.709 -0.497 -0.794 -0.910 -0.645 -0.708 -0.879 -0.758 -0.806 -0.555 -0.341 -0.430 -0.114 -0.017 -0.273 -0.111 -0.224 -0.095  0.197  0.284  0.285  0.559  0.550  0.817  0.828  0.910  0.903  0.595  0.636  0.715  0.834  0.871  0.848  0.917  0.957  0.989  1.000  0.992  0.978  0.963  0.918  0.916  0.913  0.963  0.937  0.961  0.964  0.910  0.805  0.705  0.542  0.445  0.640  0.827  0.917  0.987  0.993  0.988  0.958  0.916  0.877  0.921  0.919  0.868  0.892  0.916  0.869  0.852  0.886  0.866  0.905  0.897  0.911  0.914  0.884  0.832  0.837  0.804  0.825  0.851  0.787  0.806  0.880  0.863  0.861  0.879  0.680  0.540  0.177
  0.545  0.479  0.496  0.411  0.110 -0.093 -0.366 -0.548 -0.713 -0.602 -0.540 -0.343 -0.199  0.110  0.201  0.479  0.338  0.877  0.516  0.622  0.463  0.602  0.759  0.769  0.787  0.693  0.824 -0.016 -0.476 -0.333 -0.188 -0.517 -0.806 -0.774 -0.564 -0.841 -0.912 -0.648 -0.732 -0.877 -0.728 -0.748 -0.464 -0.232 -0.328 -0.004  0.098 -0.160 -0.003 -0.136 -0.030  0.236  0.283  0.248  0.499  0.462  0.749  0.759  0.858  0.849  0.543  0.603  0.691  0.799  0.858  0.852  0.909  0.958  0.992  0.992  1.000  0.991  0.969  0.940  0.945  0.936  0.978  0.968  0.982  0.964  0.896  0.781  0.663  0.490  0.376  0.573  0.781  0.876  0.968  0.979  0.994  0.984  0.954  0.925  0.954  0.944  0.900  0.919  0.928  0.881  0.871  0.896  0.864  0.898  0.876  0.885  0.878  0.837  0.782  0.791  0.762  0.798  0.836  0.779  0.810  0.894  0.897  0.912  0.927  0.752  0.602  0.247
  0.638  0.585  0.600  0.516  0.228  0.010 -0.268 -0.456 -0.642 -0.553 -0.484 -0.271 -0.152  0.162  0.265  0.469  0.277  0.813  0.430  0.549  0.414  0.552  0.721  0.753  0.769  0.730  0.886  0.106 -0.398 -0.328 -0.251 -0.575 -0.825 -0.829 -0.657 -0.897 -0.949 -0.735 -0.813 -0.923 -0.783 -0.764 -0.467 -0.210 -0.261  0.069  0.143 -0.129 -0.008 -0.180 -0.108  0.134  0.161  0.120  0.390  0.376  0.695  0.718  0.844  0.830  0.593  0.666  0.758  0.839  0.903  0.908  0.945  0.983  0.996  0.978  0.991  1.000  0.991  0.977  0.978  0.974  0.995  0.982  0.964  0.923  0.831  0.694  0.563  0.376  0.263  0.477  0.703  0.822  0.943  0.958  0.974  0.980  0.943  0.917  0.933  0.907  0.856  0.877  0.879  0.818  0.810  0.836  0.793  0.835  0.810  0.824  0.822  0.781  0.711  0.717  0.678  0.715  0.758  0.692  0.730  0.835  0.854  0.903  0.938  0.805  0.692  0.361
  0.683  0.650  0.677  0.605  0.337  0.133 -0.149 -0.346 -0.549 -0.455 -0.378 -0.153 -0.041  0.271  0.375  0.527  0.297  0.763  0.316  0.442  0.307  0.449  0.635  0.678  0.696  0.695  0.913  0.184 -0.283 -0.242 -0.224 -0.552 -0.782 -0.826 -0.688 -0.907 -0.976 -0.807 -0.863 -0.961 -0.852 -0.817 -0.535 -0.270 -0.275  0.053  0.097 -0.184 -0.094 -0.286 -0.228  0.010  0.049  0.030  0.332  0.360  0.690  0.727  0.863  0.847  0.675  0.745  0.832  0.895  0.948  0.951  0.978  0.998  0.990  0.963  0.969  0.991  1.000  0.987  0.981  0.984  0.992  0.964  0.925  0.880  0.777  0.627  0.500  0.309  0.208  0.436  0.662  0.796  0.928  0.944  0.946  0.951  0.898  0.868  0.883  0.849  0.785  0.811  0.818  0.746  0.734  0.767  0.724  0.777  0.759  0.783  0.794  0.760  0.678  0.679  0.628  0.653  0.693  0.613  0.649  0.765  0.783  0.851  0.905  0.793  0.724  0.411
  0.762  0.732  0.739  0.658  0.398  0.163 -0.115 -0.305 -0.519 -0.471 -0.393 -0.163 -0.088  0.222  0.340  0.420  0.157  0.682  0.291  0.427  0.338  0.467  0.648  0.711  0.725  0.774  0.953  0.297 -0.273 -0.324 -0.358 -0.660 -0.836 -0.894 -0.785 -0.956 -0.971 -0.840 -0.910 -0.958 -0.834 -0.750 -0.438 -0.151 -0.133  0.196  0.225 -0.057  0.002 -0.225 -0.212 -0.019 -0.030 -0.085  0.199  0.216  0.574  0.617  0.781  0.760  0.640  0.734  0.827  0.861  0.936  0.961  0.964  0.984  0.965  0.918  0.940  0.977  0.987  1.000  0.997  0.998  0.986  0.971  0.904  0.827  0.700  0.532  0.383  0.181  0.068  0.301  0.551  0.701  0.866  0.889  0.910  0.942  0.897  0.880  0.873  0.822  0.762  0.785  0.773  0.693  0.689  0.715  0.655  0.707  0.674  0.697  0.701  0.659  0.568  0.570  0.518  0.556  0.608  0.532  0.582  0.717  0.762  0.865  0.927  0.868  0.815  0.535
  0.756  0.717  0.714  0.623  0.353  0.104 -0.171 -0.356 -0.564 -0.529 -0.454 -0.229 -0.158  0.153  0.274  0.365  0.115  0.692  0.348  0.482  0.404  0.527  0.698  0.760  0.772  0.813  0.950  0.282 -0.333 -0.389 -0.403 -0.698 -0.872 -0.912 -0.792 -0.963 -0.957 -0.810 -0.895 -0.939 -0.794 -0.708 -0.380 -0.091 -0.092  0.238  0.280  0.001  0.071 -0.155 -0.144  0.041  0.012 -0.062  0.201  0.192  0.551  0.589  0.754  0.733  0.592  0.691  0.788  0.825  0.910  0.943  0.945  0.975  0.964  0.916  0.945  0.978  0.981  0.997  1.000  0.998  0.988  0.984  0.922  0.839  0.712  0.547  0.391  0.189  0.066  0.293  0.549  0.694  0.861  0.886  0.918  0.958  0.923  0.910  0.899  0.848  0.796  0.815  0.796  0.721  0.721  0.740  0.677  0.723  0.684  0.700  0.696  0.648  0.561  0.566  0.521  0.567  0.625  0.556  0.611  0.745  0.797  0.897  0.952  0.893  0.820  0.537
  0.769  0.737  0.743  0.654  0.394  0.155 -0.122 -0.311 -0.526 -0.484 -0.406 -0.176 -0.104  0.208  0.328  0.404  0.140  0.679  0.299  0.435  0.352  0.479  0.658  0.723  0.736  0.789  0.958  0.306 -0.281 -0.340 -0.375 -0.675 -0.846 -0.902 -0.795 -0.962 -0.969 -0.839 -0.912 -0.956 -0.827 -0.739 -0.421 -0.131 -0.114  0.215  0.245 -0.037  0.022 -0.209 -0.199 -0.012 -0.030 -0.090  0.189  0.201  0.562  0.605  0.772  0.750  0.632  0.728  0.823  0.855  0.932  0.960  0.961  0.982  0.963  0.913  0.936  0.974  0.984  0.998  0.998  1.000  0.987  0.975  0.906  0.825  0.696  0.528  0.376  0.172  0.057  0.290  0.542  0.693  0.861  0.885  0.909  0.945  0.902  0.886  0.876  0.824  0.766  0.788  0.773  0.693  0.691  0.715  0.653  0.704  0.669  0.691  0.693  0.649  0.558  0.560  0.510  0.550  0.604  0.529  0.581  0.718  0.767  0.872  0.935  0.880  0.825  0.546
  0.679  0.632  0.644  0.552  0.270  0.045 -0.234 -0.424 -0.619 -0.544 -0.472 -0.253 -0.146  0.171  0.280  0.449  0.237  0.782  0.401  0.526  0.407  0.541  0.713  0.755  0.770  0.757  0.914  0.164 -0.371 -0.338 -0.292 -0.611 -0.839 -0.856 -0.701 -0.922 -0.960 -0.767 -0.846 -0.938 -0.798 -0.758 -0.451 -0.182 -0.216  0.116  0.179 -0.098  0.007 -0.183 -0.128  0.099  0.112  0.063  0.335  0.327  0.660  0.689  0.827  0.811  0.604  0.685  0.780  0.847  0.915  0.928  0.955  0.988  0.991  0.963  0.978  0.995  0.992  0.986  0.988  0.987  1.000  0.988  0.956  0.903  0.799  0.653  0.514  0.321  0.206  0.426  0.662  0.790  0.926  0.944  0.962  0.977  0.940  0.917  0.925  0.891  0.838  0.860  0.856  0.789  0.783  0.808  0.759  0.804  0.775  0.791  0.789  0.746  0.671  0.676  0.634  0.672  0.720  0.651  0.695  0.810  0.838  0.904  0.947  0.835  0.737  0.419
  0.676  0.612  0.599  0.487  0.194 -0.061 -0.330 -0.505 -0.689 -0.650 -0.585 -0.377 -0.288  0.027  0.143  0.317  0.125  0.773  0.498  0.621  0.533  0.652  0.802  0.844  0.856  0.836  0.904  0.156 -0.476 -0.475 -0.403 -0.699 -0.908 -0.893 -0.726 -0.934 -0.918 -0.707 -0.816 -0.887 -0.708 -0.652 -0.313 -0.041 -0.106  0.225  0.309  0.042  0.158 -0.033  0.007  0.205  0.173  0.080  0.305  0.247  0.581  0.601  0.745  0.729  0.492  0.590  0.693  0.758  0.851  0.882  0.902  0.953  0.969  0.937  0.968  0.982  0.964  0.971  0.984  0.975  0.988  1.000  0.971  0.902  0.795  0.652  0.497  0.304  0.169  0.376  0.625  0.744  0.891  0.913  0.957  0.991  0.974  0.964  0.959  0.923  0.886  0.899  0.879  0.819  0.823  0.834  0.775  0.807  0.764  0.767  0.749  0.693  0.625  0.635  0.607  0.664  0.723  0.671  0.726  0.841  0.887  0.956  0.984  0.887  0.756  0.443
  0.506  0.418  0.411  0.299 -0.014 -0.239 -0.497 -0.661 -0.805 -0.723 -0.671 -0.493 -0.357 -0.052  0.040  0.350  0.248  0.889  0.642  0.741  0.607  0.729  0.860  0.862  0.877  0.757  0.788 -0.070 -0.606 -0.469 -0.273 -0.579 -0.863 -0.786 -0.551 -0.829 -0.852 -0.553 -0.670 -0.807 -0.614 -0.634 -0.323 -0.097 -0.241  0.078  0.211 -0.032  0.150  0.030  0.135  0.380  0.388  0.312  0.508  0.414  0.689  0.685  0.780  0.772  0.408  0.480  0.579  0.695  0.774  0.782  0.840  0.909  0.961  0.961  0.982  0.964  0.925  0.904  0.922  0.906  0.956  0.971  1.000  0.975  0.912  0.810  0.680  0.513  0.381  0.557  0.770  0.848  0.939  0.951  0.990  0.993  0.988  0.970  0.990  0.984  0.958  0.970  0.965  0.929  0.929  0.939  0.901  0.920  0.885  0.879  0.853  0.800  0.759  0.774  0.763  0.816  0.864  0.827  0.866  0.943  0.958  0.963  0.958  0.782  0.586  0.229
  0.348  0.255  0.274  0.178 -0.132 -0.301 -0.547 -0.706 -0.822 -0.679 -0.635 -0.479 -0.294 -0.006  0.058  0.466  0.430  0.962  0.666  0.743  0.550  0.683  0.809  0.778  0.797  0.602  0.671 -0.251 -0.612 -0.342 -0.069 -0.391 -0.740 -0.637 -0.366 -0.701 -0.797 -0.450 -0.546 -0.748 -0.582 -0.675 -0.424 -0.248 -0.428 -0.130  0.023 -0.198  0.024 -0.030  0.135  0.431  0.508  0.482  0.682  0.599  0.813  0.797  0.842  0.842  0.406  0.441  0.528  0.684  0.730  0.705  0.797  0.865  0.935  0.964  0.964  0.923  0.880  0.827  0.839  0.825  0.903  0.902  0.975  1.000  0.978  0.913  0.821  0.682  0.573  0.726  0.891  0.937  0.971  0.971  0.985  0.948  0.936  0.902  0.953  0.974  0.947  0.962  0.983  0.963  0.952  0.971  0.960  0.977  0.963  0.957  0.938  0.900  0.878  0.891  0.884  0.919  0.946  0.911  0.928  0.970  0.945  0.895  0.873  0.626  0.408  0.023
  0.166  0.064  0.094  0.011 -0.287 -0.406 -0.623 -0.763 -0.836 -0.655 -0.625 -0.507 -0.290 -0.035 -0.000  0.493  0.537  0.986  0.711  0.761  0.533  0.662  0.765  0.702  0.722  0.455  0.511 -0.433 -0.647 -0.268  0.086 -0.224 -0.617 -0.474 -0.169 -0.542 -0.680 -0.289 -0.375 -0.624 -0.473 -0.630 -0.435 -0.318 -0.544 -0.283 -0.105 -0.288 -0.028 -0.012  0.200  0.521  0.642  0.645  0.815  0.721  0.862  0.829  0.823  0.831  0.326  0.329  0.404  0.593  0.616  0.567  0.688  0.761  0.853  0.910  0.896  0.831  0.777  0.700  0.712  0.696  0.799  0.795  0.912  0.978  1.000  0.977  0.920  0.817  0.725  0.841  0.956  0.962  0.940  0.930  0.931  0.864  0.858  0.816  0.889  0.935  0.917  0.931  0.970  0.971  0.954  0.975  0.986  0.994  0.993  0.982  0.963  0.934  0.937  0.951  0.956  0.979  0.991  0.968  0.966  0.970  0.913  0.810  0.763  0.462  0.213 -0.180
 -0.031 -0.143 -0.108 -0.183 -0.459 -0.529 -0.705 -0.814 -0.838 -0.635 -0.623 -0.551 -0.315 -0.105 -0.099  0.462  0.592  0.966  0.755  0.774  0.529  0.644  0.712  0.618  0.638  0.306  0.320 -0.602 -0.684 -0.219  0.211 -0.066 -0.479 -0.293  0.036 -0.355 -0.516 -0.091 -0.171 -0.454 -0.312 -0.524 -0.388 -0.335 -0.609 -0.397 -0.194 -0.327 -0.037  0.050  0.299  0.623  0.771  0.791  0.908  0.793  0.852  0.800  0.744  0.759  0.195  0.170  0.233  0.447  0.452  0.386  0.528  0.609  0.723  0.805  0.781  0.694  0.627  0.532  0.547  0.528  0.653  0.652  0.810  0.913  0.977  1.000  0.978  0.917  0.841  0.909  0.970  0.932  0.856  0.838  0.831  0.742  0.748  0.703  0.793  0.863  0.859  0.869  0.919  0.944  0.925  0.943  0.974  0.968  0.976  0.957  0.933  0.912  0.943  0.958  0.979  0.995  0.993  0.989  0.972  0.935  0.854  0.700  0.626  0.286  0.008 -0.375
 -0.191 -0.293 -0.236 -0.286 -0.522 -0.524 -0.666 -0.756 -0.747 -0.507 -0.504 -0.464 -0.209 -0.042 -0.067  0.523  0.705  0.917  0.683  0.676  0.402  0.513  0.567  0.451  0.473  0.106  0.157 -0.712 -0.601 -0.058  0.396  0.138 -0.291 -0.102  0.224 -0.177 -0.392  0.028 -0.020 -0.334 -0.239 -0.500 -0.443 -0.449 -0.726 -0.563 -0.365 -0.458 -0.164 -0.020  0.261  0.596  0.796  0.866  0.972  0.884  0.872  0.814  0.713  0.735  0.167  0.107  0.151  0.379  0.349  0.257  0.416  0.486  0.603  0.705  0.663  0.563  0.500  0.383  0.391  0.376  0.514  0.497  0.680  0.821  0.920  0.978  1.000  0.976  0.933  0.969  0.971  0.905  0.779  0.751  0.719  0.600  0.598  0.543  0.653  0.742  0.737  0.749  0.820  0.858  0.830  0.856  0.910  0.903  0.931  0.915  0.902  0.899  0.946  0.957  0.980  0.974  0.951  0.949  0.911  0.843  0.730  0.539  0.457  0.087 -0.178 -0.541
 -0.377 -0.478 -0.417 -0.448 -0.638 -0.581 -0.670 -0.722 -0.664 -0.416 -0.430 -0.440 -0.184 -0.079 -0.133  0.476  0.728  0.819  0.647  0.608  0.333  0.423  0.442  0.304  0.325 -0.077 -0.052 -0.825 -0.564  0.029  0.518  0.310 -0.108  0.102  0.423  0.034 -0.198  0.216  0.185 -0.141 -0.073 -0.372 -0.387 -0.461 -0.755 -0.658 -0.457 -0.492 -0.195  0.012  0.309  0.625  0.846  0.938  0.992  0.901  0.805  0.733  0.588  0.616  0.042 -0.046 -0.020  0.215  0.163  0.057  0.227  0.295  0.422  0.542  0.490  0.376  0.309  0.181  0.189  0.172  0.321  0.304  0.513  0.682  0.817  0.917  0.976  1.000  0.982  0.967  0.909  0.806  0.633  0.598  0.555  0.419  0.425  0.368  0.488  0.595  0.601  0.610  0.690  0.748  0.718  0.741  0.813  0.796  0.835  0.814  0.802  0.809  0.879  0.890  0.925  0.908  0.870  0.883  0.830  0.726  0.594  0.367  0.268 -0.114 -0.380 -0.703
 -0.467 -0.548 -0.464 -0.469 -0.614 -0.501 -0.564 -0.605 -0.533 -0.260 -0.277 -0.305 -0.043  0.026 -0.049  0.542  0.807  0.738  0.518  0.464  0.173  0.261  0.276  0.132  0.154 -0.243 -0.159 -0.846 -0.427  0.196  0.660  0.470  0.061  0.249  0.540  0.164 -0.113  0.264  0.269 -0.065 -0.050 -0.370 -0.453 -0.566 -0.832 -0.774 -0.598 -0.607 -0.330 -0.095  0.211  0.526  0.787  0.926  0.987  0.940  0.798  0.730  0.560  0.589  0.062 -0.051 -0.043  0.186  0.104 -0.021  0.153  0.200  0.317  0.445  0.376  0.263  0.208  0.068  0.066  0.057  0.206  0.169  0.381  0.573  0.725  0.841  0.933  0.982  1.000  0.967  0.866  0.752  0.551  0.509  0.441  0.285  0.277  0.212  0.343  0.457  0.456  0.470  0.565  0.626  0.588  0.620  0.708  0.695  0.752  0.739  0.742  0.766  0.840  0.846  0.875  0.836  0.781  0.789  0.720  0.601  0.448  0.209  0.116 -0.268 -0.494 -0.783
 -0.259 -0.332 -0.236 -0.251 -0.439 -0.372 -0.500 -0.591 -0.580 -0.294 -0.288 -0.254  0.017  0.155  0.110  0.676  0.852  0.852  0.498  0.480  0.172  0.292  0.360  0.239  0.266 -0.090  0.079 -0.715 -0.403  0.183  0.594  0.333 -0.099  0.046  0.335 -0.062 -0.353  0.018  0.024 -0.311 -0.289 -0.577 -0.599 -0.640 -0.866 -0.735 -0.576 -0.655 -0.389 -0.222  0.074  0.428  0.693  0.835  0.983  0.971  0.921  0.873  0.748  0.771  0.268  0.176  0.199  0.421  0.348  0.228  0.394  0.432  0.530  0.640  0.573  0.477  0.436  0.301  0.293  0.290  0.426  0.376  0.557  0.726  0.841  0.909  0.969  0.967  0.967  1.000  0.956  0.889  0.733  0.698  0.624  0.476  0.447  0.376  0.503  0.600  0.576  0.598  0.693  0.728  0.687  0.730  0.803  0.810  0.864  0.863  0.876  0.895  0.940  0.943  0.951  0.913  0.868  0.849  0.790  0.710  0.567  0.367  0.302 -0.077 -0.281 -0.619
 -0.017 -0.097 -0.021 -0.066 -0.317 -0.341 -0.532 -0.662 -0.708 -0.457 -0.433 -0.341 -0.086  0.127  0.124  0.657  0.748  0.957  0.583  0.606  0.321  0.457  0.559  0.470  0.495  0.188  0.343 -0.559 -0.497 -0.003  0.369  0.060 -0.369 -0.239  0.059 -0.341 -0.577 -0.196 -0.228 -0.531 -0.454 -0.679 -0.591 -0.541 -0.755 -0.543 -0.381 -0.529 -0.267 -0.185  0.077  0.435  0.646  0.733  0.923  0.890  0.951  0.915  0.854  0.868  0.369  0.323  0.372  0.580  0.548  0.458  0.604  0.654  0.743  0.827  0.781  0.703  0.662  0.551  0.549  0.542  0.662  0.625  0.770  0.891  0.956  0.970  0.971  0.909  0.866  0.956  1.000  0.977  0.891  0.867  0.822  0.708  0.680  0.618  0.724  0.794  0.765  0.787  0.860  0.872  0.839  0.877  0.921  0.935  0.966  0.966  0.970  0.967  0.984  0.991  0.990  0.977  0.958  0.928  0.895  0.863  0.757  0.608  0.560  0.211 -0.005 -0.386
  0.169  0.103  0.179  0.132 -0.133 -0.195 -0.422 -0.582 -0.676 -0.441 -0.399 -0.263 -0.025  0.227  0.250  0.709  0.712  0.961  0.506  0.559  0.286  0.438  0.575  0.516  0.543  0.303  0.517 -0.388 -0.426 -0.014  0.274 -0.066 -0.472 -0.393 -0.127 -0.505 -0.730 -0.393 -0.421 -0.693 -0.619 -0.793 -0.660 -0.552 -0.710 -0.455 -0.324 -0.519 -0.293 -0.278 -0.052  0.305  0.498  0.579  0.827  0.828  0.963  0.949  0.935  0.942  0.513  0.490  0.548  0.728  0.708  0.631  0.756  0.793  0.857  0.917  0.876  0.822  0.796  0.701  0.694  0.693  0.790  0.744  0.848  0.937  0.962  0.932  0.905  0.806  0.752  0.889  0.977  1.000  0.962  0.947  0.901  0.805  0.761  0.700  0.792  0.840  0.793  0.820  0.886  0.873  0.841  0.886  0.912  0.943  0.968  0.979  0.991  0.986  0.975  0.978  0.958  0.947  0.938  0.887  0.866  0.872  0.786  0.686  0.668  0.358  0.181 -0.204
  0.407  0.346  0.401  0.331  0.046 -0.089 -0.352 -0.535 -0.681 -0.501 -0.443 -0.261 -0.068  0.227  0.289  0.642  0.548  0.933  0.477  0.565  0.344  0.497  0.659  0.642  0.665  0.515  0.723 -0.160 -0.414 -0.146  0.046 -0.305 -0.654 -0.616 -0.388 -0.716 -0.875 -0.586 -0.636 -0.843 -0.739 -0.828 -0.614 -0.428 -0.536 -0.233 -0.128 -0.370 -0.188 -0.263 -0.100  0.220  0.346  0.378  0.654  0.655  0.885  0.891  0.943  0.940  0.590  0.611  0.688  0.827  0.843  0.801  0.889  0.924  0.963  0.987  0.968  0.943  0.928  0.866  0.861  0.861  0.926  0.891  0.939  0.971  0.940  0.856  0.779  0.633  0.551  0.733  0.891  0.962  1.000  0.998  0.976  0.923  0.878  0.829  0.889  0.904  0.850  0.877  0.917  0.878  0.855  0.895  0.890  0.929  0.933  0.948  0.956  0.935  0.894  0.897  0.866  0.875  0.889  0.826  0.832  0.887  0.846  0.814  0.824  0.586  0.438  0.061
  0.448  0.387  0.434  0.362  0.074 -0.076 -0.343 -0.528 -0.681 -0.515 -0.455 -0.267 -0.084  0.216  0.285  0.617  0.507  0.920  0.475  0.569  0.360  0.512  0.676  0.666  0.688  0.554  0.753 -0.121 -0.417 -0.179 -0.003 -0.352 -0.688 -0.656 -0.434 -0.751 -0.893 -0.613 -0.668 -0.862 -0.751 -0.823 -0.593 -0.395 -0.496 -0.186 -0.084 -0.333 -0.158 -0.250 -0.100  0.210  0.321  0.340  0.616  0.614  0.860  0.869  0.933  0.930  0.594  0.623  0.703  0.834  0.858  0.823  0.904  0.940  0.976  0.993  0.979  0.958  0.944  0.889  0.886  0.885  0.944  0.913  0.951  0.971  0.930  0.838  0.751  0.598  0.509  0.698  0.867  0.947  0.998  1.000  0.984  0.940  0.896  0.851  0.905  0.912  0.859  0.885  0.919  0.877  0.856  0.894  0.883  0.923  0.922  0.937  0.942  0.918  0.873  0.876  0.844  0.857  0.876  0.812  0.824  0.887  0.855  0.836  0.849  0.626  0.482  0.110
  0.488  0.411  0.427  0.334  0.027 -0.169 -0.434 -0.609 -0.759 -0.639 -0.583 -0.399 -0.241  0.065  0.148  0.471  0.364  0.913  0.575  0.674  0.505  0.642  0.789  0.786  0.804  0.677  0.782 -0.093 -0.531 -0.348 -0.159 -0.487 -0.797 -0.740 -0.508 -0.805 -0.881 -0.587 -0.678 -0.841 -0.682 -0.725 -0.446 -0.230 -0.355 -0.037  0.084 -0.165  0.016 -0.093  0.032  0.309  0.362  0.326  0.561  0.506  0.772  0.773  0.856  0.850  0.496  0.550  0.640  0.765  0.821  0.810  0.879  0.935  0.980  0.988  0.994  0.974  0.946  0.910  0.918  0.909  0.962  0.957  0.990  0.985  0.931  0.831  0.719  0.555  0.441  0.624  0.822  0.901  0.976  0.984  1.000  0.982  0.960  0.929  0.965  0.965  0.927  0.945  0.957  0.918  0.908  0.930  0.904  0.932  0.912  0.915  0.903  0.862  0.818  0.828  0.807  0.844  0.880  0.830  0.858  0.929  0.924  0.919  0.922  0.723  0.547  0.180
  0.590  0.512  0.502  0.391  0.084 -0.157 -0.422 -0.592 -0.756 -0.693 -0.635 -0.442 -0.327 -0.016  0.087  0.336  0.191  0.841  0.579  0.690  0.576  0.698  0.839  0.859  0.873  0.798  0.846  0.033 -0.552 -0.476 -0.336 -0.639 -0.890 -0.842 -0.637 -0.884 -0.889 -0.628 -0.742 -0.850 -0.662 -0.647 -0.322 -0.072 -0.180  0.146  0.257  0.001  0.154  0.001  0.076  0.301  0.291  0.206  0.417  0.338  0.643  0.650  0.769  0.757  0.451  0.535  0.635  0.729  0.815  0.834  0.875  0.936  0.972  0.958  0.984  0.980  0.951  0.942  0.958  0.945  0.977  0.991  0.993  0.948  0.864  0.742  0.600  0.419  0.285  0.476  0.708  0.805  0.923  0.940  0.982  1.000  0.989  0.974  0.984  0.963  0.932  0.945  0.933  0.885  0.887  0.897  0.850  0.875  0.835  0.834  0.811  0.757  0.702  0.715  0.696  0.752  0.805  0.761  0.807  0.902  0.932  0.966  0.976  0.835  0.668  0.329
  0.547  0.453  0.422  0.297 -0.017 -0.274 -0.523 -0.675 -0.818 -0.782 -0.734 -0.560 -0.457 -0.157 -0.053  0.214  0.104  0.830  0.674  0.777  0.687  0.792  0.908  0.922  0.932  0.839  0.800 -0.008 -0.653 -0.587 -0.409 -0.685 -0.925 -0.840 -0.618 -0.858 -0.821 -0.536 -0.676 -0.773 -0.551 -0.534 -0.192  0.048 -0.097  0.219  0.353  0.115  0.285  0.144  0.214  0.415  0.371  0.250  0.410  0.283  0.574  0.569  0.683  0.672  0.329  0.422  0.526  0.624  0.727  0.758  0.798  0.877  0.929  0.916  0.954  0.943  0.898  0.897  0.923  0.902  0.940  0.974  0.988  0.936  0.858  0.748  0.598  0.425  0.277  0.447  0.680  0.761  0.878  0.896  0.960  0.989  1.000  0.995  0.996  0.978  0.964  0.969  0.945  0.908  0.917  0.915  0.863  0.875  0.824  0.810  0.772  0.708  0.664  0.683  0.679  0.749  0.810  0.784  0.837  0.924  0.965  0.992  0.983  0.847  0.644  0.312
  0.565  0.467  0.420  0.287 -0.024 -0.298 -0.537 -0.679 -0.819 -0.813 -0.768 -0.598 -0.516 -0.224 -0.114  0.126  0.013  0.784  0.688  0.792  0.731  0.825  0.928  0.949  0.957  0.879  0.796  0.026 -0.677 -0.655 -0.487 -0.742 -0.952 -0.862 -0.649 -0.864 -0.790 -0.516 -0.669 -0.741 -0.503 -0.465 -0.107  0.139 -0.008  0.302  0.437  0.206  0.367  0.215  0.264  0.436  0.360  0.213  0.348  0.201  0.497  0.490  0.614  0.602  0.273  0.378  0.484  0.570  0.687  0.732  0.760  0.845  0.897  0.877  0.925  0.917  0.868  0.880  0.910  0.886  0.917  0.964  0.970  0.902  0.816  0.703  0.543  0.368  0.212  0.376  0.618  0.700  0.829  0.851  0.929  0.974  0.995  1.000  0.989  0.964  0.957  0.958  0.922  0.886  0.901  0.892  0.831  0.838  0.778  0.760  0.713  0.643  0.600  0.620  0.621  0.701  0.769  0.751  0.812  0.904  0.960  0.998  0.987  0.876  0.670  0.356
  0.492  0.393  0.366  0.244 -0.075 -0.321 -0.566 -0.715 -0.847 -0.795 -0.750 -0.585 -0.466 -0.171 -0.075  0.231  0.148  0.862  0.708  0.804  0.698  0.805  0.915  0.917  0.928  0.804  0.760 -0.077 -0.683 -0.574 -0.360 -0.639 -0.901 -0.800 -0.559 -0.820 -0.799 -0.489 -0.629 -0.747 -0.525 -0.533 -0.203  0.021 -0.146  0.165  0.312  0.083  0.271  0.153  0.244  0.460  0.432  0.320  0.472  0.338  0.609  0.597  0.695  0.687  0.309  0.392  0.493  0.607  0.703  0.726  0.778  0.861  0.923  0.921  0.954  0.933  0.883  0.873  0.899  0.876  0.925  0.959  0.990  0.953  0.889  0.793  0.653  0.488  0.343  0.503  0.724  0.792  0.889  0.905  0.965  0.984  0.996  0.989  1.000  0.991  0.979  0.984  0.966  0.937  0.944  0.942  0.897  0.906  0.859  0.843  0.803  0.742  0.707  0.725  0.726  0.793  0.849  0.827  0.875  0.949  0.979  0.985  0.967  0.806  0.586  0.242
  0.391  0.283  0.264  0.147 -0.174 -0.394 -0.629 -0.772 -0.882 -0.800 -0.763 -0.616 -0.471 -0.186 -0.106  0.266  0.231  0.909  0.756  0.838  0.703  0.813  0.913  0.894  0.907  0.732  0.684 -0.198 -0.723 -0.537 -0.264 -0.548 -0.848 -0.720 -0.449 -0.745 -0.754 -0.406 -0.542 -0.697 -0.479 -0.529 -0.227 -0.033 -0.234  0.064  0.232  0.018  0.237  0.160  0.286  0.528  0.530  0.436  0.578  0.435  0.668  0.645  0.713  0.710  0.275  0.340  0.436  0.575  0.658  0.665  0.737  0.826  0.904  0.919  0.944  0.907  0.849  0.822  0.848  0.824  0.891  0.923  0.984  0.974  0.935  0.863  0.742  0.595  0.457  0.600  0.794  0.840  0.904  0.912  0.965  0.963  0.978  0.964  0.991  1.000  0.992  0.997  0.990  0.973  0.976  0.977  0.946  0.949  0.910  0.892  0.851  0.794  0.774  0.793  0.800  0.862  0.908  0.892  0.929  0.981  0.990  0.961  0.927  0.725  0.479  0.117
  0.337  0.216  0.180  0.054 -0.265 -0.491 -0.707 -0.831 -0.919 -0.858 -0.830 -0.704 -0.568 -0.300 -0.224  0.166  0.166  0.888  0.824  0.895  0.779  0.873  0.950  0.923  0.933  0.739  0.622 -0.244 -0.796 -0.612 -0.305 -0.562 -0.851 -0.693 -0.410 -0.699 -0.677 -0.312 -0.466 -0.613 -0.373 -0.427 -0.121  0.058 -0.174  0.107  0.294  0.102  0.333  0.274  0.398  0.619  0.598  0.479  0.575  0.394  0.606  0.572  0.631  0.630  0.165  0.232  0.331  0.474  0.568  0.583  0.655  0.757  0.848  0.868  0.900  0.856  0.785  0.762  0.796  0.766  0.838  0.886  0.958  0.947  0.917  0.859  0.737  0.601  0.456  0.576  0.765  0.793  0.850  0.859  0.927  0.932  0.964  0.957  0.979  0.992  1.000  0.998  0.982  0.977  0.986  0.976  0.943  0.934  0.888  0.859  0.807  0.743  0.734  0.758  0.779  0.851  0.902  0.902  0.941  0.983  0.998  0.959  0.908  0.708  0.435  0.083
  0.352  0.236  0.210  0.087 -0.235 -0.454 -0.679 -0.811 -0.907 -0.833 -0.801 -0.666 -0.523 -0.247 -0.172  0.217  0.206  0.903  0.798  0.872  0.745  0.846  0.933  0.907  0.919  0.728  0.643 -0.237 -0.767 -0.573 -0.275 -0.545 -0.844 -0.697 -0.416 -0.712 -0.708 -0.346 -0.492 -0.647 -0.417 -0.474 -0.173  0.009 -0.213  0.075  0.256  0.055  0.284  0.222  0.350  0.584  0.577  0.472  0.588  0.424  0.642  0.611  0.672  0.670  0.213  0.277  0.374  0.518  0.605  0.615  0.690  0.786  0.872  0.892  0.919  0.877  0.811  0.785  0.815  0.788  0.860  0.899  0.970  0.962  0.931  0.869  0.749  0.610  0.470  0.598  0.787  0.820  0.877  0.885  0.945  0.945  0.969  0.958  0.984  0.997  0.998  1.000  0.990  0.980  0.986  0.982  0.951  0.948  0.906  0.881  0.834  0.774  0.762  0.783  0.798  0.864  0.912  0.905  0.942  0.986  0.996  0.958  0.913  0.707  0.444  0.084
  0.296  0.186  0.182  0.075 -0.243 -0.429 -0.657 -0.797 -0.889 -0.772 -0.740 -0.606 -0.433 -0.160 -0.100  0.328  0.331  0.946  0.769  0.838  0.671  0.785  0.882  0.844  0.859  0.640  0.611 -0.305 -0.727 -0.465 -0.148 -0.438 -0.776 -0.632 -0.340 -0.668 -0.717 -0.343 -0.467 -0.658 -0.455 -0.548 -0.281 -0.117 -0.339 -0.055  0.125 -0.074  0.167  0.128  0.288  0.559  0.599  0.533  0.675  0.538  0.734  0.704  0.743  0.745  0.271  0.313  0.401  0.563  0.626  0.615  0.707  0.796  0.883  0.916  0.928  0.879  0.818  0.773  0.796  0.773  0.856  0.879  0.965  0.983  0.970  0.919  0.820  0.690  0.565  0.693  0.860  0.886  0.917  0.919  0.957  0.933  0.945  0.922  0.966  0.990  0.982  0.990  1.000  0.992  0.989  0.996  0.980  0.982  0.955  0.937  0.899  0.851  0.842  0.859  0.869  0.919  0.954  0.939  0.963  0.994  0.979  0.919  0.874  0.631  0.373 -0.004
  0.195  0.075  0.065 -0.039 -0.352 -0.522 -0.730 -0.851 -0.915 -0.794 -0.772 -0.664 -0.484 -0.232 -0.186  0.286  0.339  0.947  0.824  0.877  0.706  0.811  0.886  0.831  0.845  0.588  0.516 -0.403 -0.782 -0.477 -0.109 -0.381 -0.730 -0.555 -0.243 -0.582 -0.633 -0.231 -0.360 -0.567 -0.358 -0.478 -0.230 -0.098 -0.355 -0.093  0.108 -0.066  0.197  0.196  0.374  0.644  0.689  0.622  0.728  0.566  0.723  0.680  0.694  0.701  0.183  0.213  0.298  0.475  0.535  0.518  0.622  0.720  0.824  0.869  0.881  0.818  0.746  0.693  0.721  0.693  0.789  0.819  0.929  0.963  0.971  0.944  0.858  0.748  0.626  0.728  0.872  0.873  0.878  0.877  0.918  0.885  0.908  0.886  0.937  0.973  0.977  0.980  0.992  1.000  0.997  0.998  0.992  0.983  0.956  0.932  0.887  0.840  0.846  0.866  0.888  0.940  0.970  0.969  0.987  0.997  0.973  0.886  0.823  0.559  0.274 -0.102
  0.210  0.085  0.063 -0.050 -0.365 -0.550 -0.752 -0.868 -0.931 -0.830 -0.809 -0.705 -0.537 -0.287 -0.235  0.225  0.278  0.928  0.849  0.902  0.749  0.847  0.914  0.863  0.875  0.625  0.520 -0.384 -0.812 -0.533 -0.167 -0.427 -0.760 -0.578 -0.267 -0.593 -0.618 -0.217 -0.358 -0.550 -0.326 -0.432 -0.170 -0.032 -0.294 -0.033  0.171 -0.000  0.261  0.252  0.418  0.670  0.693  0.605  0.693  0.514  0.677  0.631  0.653  0.658  0.142  0.181  0.270  0.441  0.513  0.505  0.603  0.706  0.811  0.852  0.871  0.810  0.734  0.689  0.721  0.691  0.783  0.823  0.929  0.952  0.954  0.925  0.830  0.718  0.588  0.687  0.839  0.841  0.855  0.856  0.908  0.887  0.917  0.901  0.944  0.976  0.986  0.986  0.989  0.997  1.000  0.995  0.982  0.969  0.935  0.906  0.856  0.802  0.809  0.831  0.858  0.918  0.954  0.958  0.982  0.996  0.983  0.903  0.837  0.588  0.295 -0.072
  0.219  0.103  0.097 -0.008 -0.322 -0.492 -0.706 -0.834 -0.906 -0.780 -0.755 -0.639 -0.457 -0.199 -0.151  0.314  0.353  0.952  0.804  0.860  0.685  0.795  0.877  0.826  0.841  0.591  0.540 -0.384 -0.760 -0.458 -0.103 -0.383 -0.734 -0.569 -0.261 -0.601 -0.659 -0.263 -0.388 -0.595 -0.392 -0.508 -0.259 -0.120 -0.367 -0.099  0.095 -0.086  0.172  0.163  0.340  0.615  0.665  0.603  0.723  0.573  0.738  0.699  0.718  0.724  0.217  0.247  0.332  0.507  0.565  0.547  0.650  0.744  0.842  0.886  0.896  0.836  0.767  0.715  0.740  0.715  0.808  0.834  0.939  0.971  0.975  0.943  0.856  0.741  0.620  0.730  0.877  0.886  0.895  0.894  0.930  0.897  0.915  0.892  0.942  0.977  0.976  0.982  0.996  0.998  0.995  1.000  0.992  0.987  0.963  0.941  0.899  0.853  0.855  0.874  0.892  0.941  0.970  0.964  0.982  0.997  0.972  0.890  0.833  0.570  0.294 -0.085
  0.128  0.013  0.020 -0.070 -0.373 -0.508 -0.710 -0.833 -0.888 -0.730 -0.710 -0.610 -0.405 -0.164 -0.133  0.372  0.444  0.966  0.792  0.836  0.633  0.746  0.825  0.756  0.773  0.490  0.463 -0.473 -0.742 -0.375  0.012 -0.270 -0.648 -0.474 -0.154 -0.517 -0.614 -0.204 -0.313 -0.550 -0.368 -0.521 -0.312 -0.203 -0.462 -0.212 -0.012 -0.178  0.095  0.121  0.327  0.624  0.711  0.679  0.799  0.660  0.788  0.744  0.735  0.745  0.214  0.223  0.299  0.490  0.528  0.492  0.612  0.702  0.807  0.866  0.864  0.793  0.724  0.655  0.677  0.653  0.759  0.775  0.901  0.960  0.986  0.974  0.910  0.813  0.708  0.803  0.921  0.912  0.890  0.883  0.904  0.850  0.863  0.831  0.897  0.946  0.943  0.951  0.980  0.992  0.982  0.992  1.000  0.994  0.981  0.962  0.925  0.889  0.901  0.917  0.936  0.973  0.991  0.985  0.990  0.985  0.939  0.829  0.764  0.470  0.189 -0.194
  0.183  0.078  0.098  0.013 -0.290 -0.423 -0.641 -0.779 -0.853 -0.683 -0.655 -0.536 -0.327 -0.072 -0.037  0.446  0.486  0.976  0.732  0.786  0.572  0.696  0.795  0.735  0.753  0.491  0.520 -0.422 -0.678 -0.319  0.034 -0.269 -0.650 -0.503 -0.197 -0.561 -0.679 -0.287 -0.382 -0.621 -0.456 -0.602 -0.392 -0.269 -0.499 -0.235 -0.052 -0.236  0.022  0.031  0.233  0.543  0.645  0.631  0.788  0.681  0.830  0.795  0.797  0.805  0.303  0.312  0.387  0.572  0.603  0.563  0.680  0.759  0.852  0.905  0.898  0.835  0.777  0.707  0.723  0.704  0.804  0.807  0.920  0.977  0.994  0.968  0.903  0.796  0.695  0.810  0.935  0.943  0.929  0.923  0.932  0.875  0.875  0.838  0.906  0.949  0.934  0.948  0.982  0.983  0.969  0.987  0.994  1.000  0.993  0.981  0.954  0.922  0.924  0.936  0.943  0.972  0.988  0.969  0.973  0.979  0.930  0.832  0.782  0.491  0.236 -0.154
  0.136  0.038  0.077  0.007 -0.284 -0.383 -0.597 -0.738 -0.808 -0.607 -0.579 -0.463 -0.236  0.011  0.032  0.531  0.580  0.979  0.678  0.725  0.485  0.617  0.721  0.653  0.674  0.399  0.479 -0.461 -0.615 -0.212  0.144 -0.168 -0.568 -0.431 -0.127 -0.506 -0.667 -0.279 -0.352 -0.613 -0.478 -0.649 -0.476 -0.371 -0.593 -0.339 -0.165 -0.342 -0.084 -0.056  0.166  0.498  0.638  0.658  0.835  0.756  0.883  0.850  0.834  0.845  0.346  0.336  0.404  0.596  0.606  0.549  0.677  0.745  0.835  0.897  0.876  0.810  0.759  0.674  0.684  0.669  0.775  0.764  0.885  0.963  0.993  0.976  0.931  0.835  0.752  0.864  0.966  0.968  0.933  0.922  0.912  0.835  0.824  0.778  0.859  0.910  0.888  0.906  0.955  0.956  0.935  0.963  0.981  0.993  1.000  0.994  0.976  0.956  0.961  0.969  0.971  0.985  0.988  0.962  0.954  0.950  0.882  0.770  0.723  0.412  0.171 -0.221
  0.163  0.078  0.127  0.071 -0.212 -0.303 -0.525 -0.676 -0.757 -0.543 -0.510 -0.384 -0.155  0.095  0.115  0.592  0.616  0.970  0.611  0.665  0.415  0.555  0.674  0.611  0.634  0.376  0.505 -0.425 -0.549 -0.150  0.176 -0.147 -0.548 -0.436 -0.147 -0.522 -0.703 -0.337 -0.394 -0.655 -0.541 -0.708 -0.545 -0.434 -0.628 -0.370 -0.212 -0.400 -0.156 -0.139  0.081  0.421  0.577  0.616  0.821  0.771  0.908  0.883  0.873  0.883  0.417  0.403  0.466  0.652  0.651  0.590  0.716  0.773  0.851  0.911  0.885  0.824  0.783  0.697  0.700  0.691  0.791  0.767  0.879  0.957  0.982  0.957  0.915  0.814  0.739  0.863  0.966  0.979  0.948  0.937  0.915  0.834  0.810  0.760  0.843  0.892  0.859  0.881  0.937  0.932  0.906  0.941  0.962  0.981  0.994  1.000  0.990  0.977  0.971  0.974  0.967  0.972  0.971  0.935  0.924  0.926  0.853  0.748  0.713  0.406  0.190 -0.199
  0.171  0.102  0.170  0.128 -0.141 -0.210 -0.438 -0.598 -0.688 -0.454 -0.416 -0.282 -0.046  0.203  0.221  0.679  0.682  0.956  0.524  0.579  0.313  0.462  0.596  0.536  0.561  0.319  0.514 -0.396 -0.454 -0.047  0.247 -0.089 -0.492 -0.408 -0.137 -0.512 -0.727 -0.385 -0.419 -0.687 -0.604 -0.775 -0.635 -0.526 -0.690 -0.434 -0.297 -0.490 -0.263 -0.249 -0.026  0.327  0.510  0.580  0.819  0.809  0.946  0.930  0.918  0.926  0.491  0.470  0.529  0.710  0.694  0.621  0.747  0.788  0.855  0.914  0.878  0.822  0.794  0.701  0.696  0.693  0.789  0.749  0.853  0.938  0.963  0.933  0.902  0.802  0.742  0.876  0.970  0.991  0.956  0.942  0.903  0.811  0.772  0.713  0.803  0.851  0.807  0.834  0.899  0.887  0.856  0.899  0.925  0.954  0.976  0.990  1.000  0.993  0.979  0.981  0.961  0.952  0.944  0.895  0.877  0.882  0.799  0.698  0.676  0.370  0.186 -0.199
  0.133  0.071  0.153  0.127 -0.124 -0.162 -0.381 -0.539 -0.623 -0.369 -0.331 -0.204  0.040  0.274  0.280  0.735  0.742  0.929  0.456  0.506  0.224  0.376  0.514  0.449  0.476  0.231  0.468 -0.415 -0.384  0.047  0.332 -0.002 -0.410 -0.339 -0.079 -0.455 -0.702 -0.375 -0.387 -0.666 -0.613 -0.799 -0.694 -0.603 -0.752 -0.512 -0.387 -0.571 -0.351 -0.323 -0.091  0.271  0.482  0.581  0.832  0.848  0.965  0.952  0.927  0.938  0.523  0.484  0.534  0.716  0.681  0.597  0.728  0.758  0.819  0.884  0.837  0.781  0.760  0.659  0.648  0.649  0.746  0.693  0.800  0.900  0.934  0.912  0.899  0.809  0.766  0.895  0.967  0.986  0.935  0.918  0.862  0.757  0.708  0.643  0.742  0.794  0.743  0.774  0.851  0.840  0.802  0.853  0.889  0.922  0.956  0.977  0.993  1.000  0.988  0.983  0.958  0.935  0.917  0.863  0.835  0.832  0.735  0.626  0.608  0.293  0.128 -0.248
  0.023 -0.053  0.026 -0.005 -0.249 -0.267 -0.461 -0.601 -0.654 -0.392 -0.366 -0.267 -0.011  0.200  0.191  0.696  0.760  0.931  0.515  0.546  0.257  0.400  0.514  0.431  0.456  0.166  0.360 -0.526 -0.441  0.042  0.384  0.069 -0.354 -0.248  0.035 -0.356 -0.607 -0.248 -0.266 -0.565 -0.505 -0.724 -0.644 -0.589 -0.777 -0.563 -0.415 -0.570 -0.324 -0.254  0.001  0.363  0.583  0.683  0.895  0.886  0.957  0.930  0.877  0.893  0.427  0.374  0.421  0.622  0.582  0.490  0.635  0.674  0.752  0.832  0.782  0.711  0.678  0.568  0.561  0.558  0.671  0.625  0.759  0.878  0.937  0.943  0.946  0.879  0.840  0.940  0.984  0.975  0.894  0.873  0.818  0.702  0.664  0.600  0.707  0.774  0.734  0.762  0.842  0.846  0.809  0.855  0.901  0.924  0.961  0.971  0.979  0.988  1.000  0.995  0.984  0.960  0.936  0.896  0.862  0.835  0.726  0.586  0.549  0.208  0.012 -0.363
  0.020 -0.062  0.009 -0.028 -0.278 -0.305 -0.498 -0.634 -0.684 -0.431 -0.406 -0.309 -0.055  0.158  0.152  0.669  0.743  0.944  0.552  0.582  0.297  0.437  0.546  0.461  0.486  0.188  0.360 -0.539 -0.478  0.006  0.362  0.050 -0.375 -0.258  0.033 -0.361 -0.601 -0.231 -0.257 -0.556 -0.485 -0.704 -0.614 -0.558 -0.759 -0.543 -0.387 -0.541 -0.287 -0.214  0.041  0.401  0.613  0.702  0.904  0.880  0.951  0.921  0.867  0.883  0.399  0.351  0.401  0.604  0.571  0.482  0.627  0.673  0.757  0.837  0.791  0.717  0.679  0.570  0.566  0.560  0.676  0.635  0.774  0.891  0.951  0.958  0.957  0.890  0.846  0.943  0.991  0.978  0.897  0.876  0.828  0.715  0.683  0.620  0.725  0.793  0.758  0.783  0.859  0.866  0.831  0.874  0.917  0.936  0.969  0.974  0.981  0.983  0.995  1.000  0.992  0.974  0.952  0.916  0.883  0.855  0.750  0.608  0.565  0.222  0.015 -0.365
 -0.045 -0.140 -0.082 -0.126 -0.379 -0.408 -0.585 -0.705 -0.734 -0.491 -0.475 -0.398 -0.145  0.055  0.044  0.594  0.708  0.948  0.630  0.649  0.372  0.501  0.589  0.492  0.516  0.190  0.299 -0.606 -0.557 -0.056  0.344  0.050 -0.378 -0.228  0.084 -0.315 -0.536 -0.138 -0.180 -0.483 -0.390 -0.622 -0.531 -0.492 -0.729 -0.526 -0.347 -0.482 -0.209 -0.113  0.149  0.500  0.697  0.768  0.930  0.871  0.918  0.876  0.810  0.828  0.304  0.255  0.305  0.518  0.492  0.407  0.557  0.617  0.716  0.804  0.762  0.678  0.628  0.518  0.521  0.510  0.634  0.607  0.763  0.884  0.956  0.979  0.980  0.925  0.875  0.951  0.990  0.958  0.866  0.844  0.807  0.696  0.679  0.621  0.726  0.800  0.779  0.798  0.869  0.888  0.858  0.892  0.936  0.943  0.971  0.967  0.961  0.958  0.984  0.992  1.000  0.990  0.970  0.948  0.916  0.876  0.771  0.612  0.552  0.200 -0.039 -0.417
 -0.005 -0.112 -0.075 -0.139 -0.413 -0.479 -0.663 -0.780 -0.811 -0.600 -0.584 -0.505 -0.266 -0.053 -0.050  0.501  0.615  0.967  0.718  0.742  0.490  0.611  0.690  0.599  0.620  0.297  0.342 -0.585 -0.651 -0.186  0.228 -0.060 -0.476 -0.306  0.018 -0.374 -0.549 -0.133 -0.204 -0.489 -0.358 -0.569 -0.435 -0.376 -0.635 -0.417 -0.223 -0.364 -0.082 -0.002  0.246  0.578  0.736  0.766  0.904  0.806  0.874  0.827  0.776  0.792  0.246  0.217  0.277  0.488  0.487  0.419  0.561  0.637  0.744  0.825  0.798  0.715  0.653  0.556  0.567  0.550  0.672  0.664  0.816  0.919  0.979  0.995  0.974  0.908  0.836  0.913  0.977  0.947  0.875  0.857  0.844  0.752  0.749  0.701  0.793  0.862  0.851  0.864  0.919  0.940  0.918  0.941  0.973  0.972  0.985  0.972  0.952  0.935  0.960  0.974  0.990  1.000  0.994  0.982  0.962  0.930  0.845  0.696  0.628  0.289  0.024 -0.360
  0.060 -0.053 -0.030 -0.110 -0.399 -0.499 -0.692 -0.811 -0.854 -0.669 -0.651 -0.561 -0.338 -0.110 -0.091  0.443  0.538  0.975  0.761  0.794  0.564  0.682  0.761  0.680  0.700  0.393  0.403 -0.534 -0.700 -0.279  0.126 -0.162 -0.563 -0.389 -0.064 -0.446 -0.584 -0.167 -0.258 -0.522 -0.365 -0.550 -0.378 -0.295 -0.556 -0.321 -0.122 -0.276  0.003  0.058  0.288  0.605  0.730  0.731  0.861  0.742  0.840  0.794  0.763  0.776  0.230  0.220  0.289  0.493  0.512  0.458  0.590  0.673  0.781  0.851  0.836  0.758  0.693  0.608  0.625  0.604  0.720  0.723  0.864  0.946  0.991  0.993  0.951  0.870  0.781  0.868  0.958  0.938  0.889  0.876  0.880  0.805  0.810  0.769  0.849  0.908  0.902  0.912  0.954  0.970  0.954  0.970  0.991  0.988  0.988  0.971  0.944  0.917  0.936  0.952  0.970  0.994  1.000  0.991  0.983  0.964  0.897  0.766  0.699  0.379  0.105 -0.283
 -0.013 -0.138 -0.131 -0.218 -0.504 -0.605 -0.775 -0.873 -0.890 -0.723 -0.716 -0.651 -0.435 -0.228 -0.216  0.339  0.477  0.950  0.830  0.851  0.638  0.739  0.791  0.700  0.717  0.386  0.323 -0.594 -0.774 -0.348  0.096 -0.161 -0.552 -0.345 -0.006 -0.382 -0.491 -0.055 -0.162 -0.422 -0.244 -0.436 -0.267 -0.205 -0.500 -0.287 -0.069 -0.196  0.099  0.177  0.408  0.704  0.807  0.785  0.864  0.706  0.775  0.716  0.672  0.687  0.110  0.100  0.168  0.378  0.405  0.358  0.492  0.589  0.711  0.787  0.779  0.692  0.613  0.532  0.556  0.529  0.651  0.671  0.827  0.911  0.968  0.989  0.949  0.883  0.789  0.849  0.928  0.887  0.826  0.812  0.830  0.761  0.784  0.751  0.827  0.892  0.902  0.905  0.939  0.969  0.958  0.964  0.985  0.969  0.962  0.935  0.895  0.863  0.896  0.916  0.948  0.982  0.991  1.000  0.993  0.960  0.897  0.752  0.667  0.346  0.042 -0.333
  0.058 -0.070 -0.077 -0.178 -0.476 -0.611 -0.790 -0.891 -0.921 -0.781 -0.772 -0.695 -0.498 -0.276 -0.249  0.278  0.393  0.945  0.859  0.890  0.702  0.799  0.852  0.774  0.788  0.482  0.387 -0.529 -0.809 -0.436 -0.011 -0.265 -0.635 -0.429 -0.096 -0.455 -0.526 -0.096 -0.221 -0.455 -0.254 -0.416 -0.209 -0.121 -0.413 -0.184  0.035 -0.106  0.181  0.232  0.439  0.716  0.785  0.733  0.806  0.631  0.731  0.674  0.652  0.664  0.099  0.109  0.186  0.383  0.430  0.399  0.520  0.623  0.742  0.806  0.810  0.730  0.649  0.582  0.611  0.581  0.695  0.726  0.866  0.928  0.966  0.972  0.911  0.830  0.720  0.790  0.895  0.866  0.832  0.824  0.858  0.807  0.837  0.812  0.875  0.929  0.941  0.942  0.963  0.987  0.982  0.982  0.990  0.973  0.954  0.924  0.877  0.835  0.862  0.883  0.916  0.962  0.983  0.993  1.000  0.982  0.939  0.814  0.733  0.436  0.129 -0.244
  0.230  0.110  0.097 -0.015 -0.330 -0.509 -0.720 -0.844 -0.916 -0.803 -0.778 -0.664 -0.488 -0.230 -0.176  0.283  0.323  0.946  0.820  0.877  0.712  0.818  0.897  0.848  0.862  0.617  0.548 -0.371 -0.777 -0.490 -0.136 -0.411 -0.754 -0.585 -0.278 -0.612 -0.655 -0.259 -0.391 -0.590 -0.378 -0.486 -0.228 -0.084 -0.334 -0.064  0.131 -0.049  0.208  0.194  0.365  0.630  0.668  0.595  0.707  0.547  0.717  0.676  0.700  0.705  0.195  0.233  0.321  0.492  0.558  0.545  0.644  0.740  0.840  0.880  0.894  0.835  0.765  0.717  0.745  0.718  0.810  0.841  0.943  0.970  0.970  0.935  0.843  0.726  0.601  0.710  0.863  0.872  0.887  0.887  0.929  0.902  0.924  0.904  0.949  0.981  0.983  0.986  0.994  0.997  0.996  0.997  0.985  0.979  0.950  0.926  0.882  0.832  0.835  0.855  0.876  0.930  0.964  0.960  0.982  1.000  0.982  0.904  0.846  0.591  0.311 -0.065
  0.340  0.219  0.181  0.050 -0.268 -0.495 -0.710 -0.832 -0.921 -0.864 -0.837 -0.710 -0.576 -0.308 -0.230  0.156  0.155  0.885  0.828  0.900  0.787  0.880  0.955  0.930  0.940  0.749  0.626 -0.238 -0.799 -0.620 -0.316 -0.571 -0.857 -0.697 -0.417 -0.702 -0.676 -0.312 -0.468 -0.612 -0.369 -0.419 -0.109  0.071 -0.161  0.121  0.307  0.115  0.345  0.284  0.405  0.622  0.596  0.474  0.567  0.384  0.597  0.563  0.624  0.623  0.158  0.228  0.328  0.469  0.565  0.582  0.653  0.755  0.846  0.863  0.897  0.854  0.783  0.762  0.797  0.767  0.838  0.887  0.958  0.945  0.913  0.854  0.730  0.594  0.448  0.567  0.757  0.786  0.846  0.855  0.924  0.932  0.965  0.960  0.979  0.990  0.998  0.996  0.979  0.973  0.983  0.972  0.939  0.930  0.882  0.853  0.799  0.735  0.726  0.750  0.771  0.845  0.897  0.897  0.939  0.982  1.000  0.963  0.913  0.715  0.443  0.092
  0.551  0.450  0.399  0.260 -0.049 -0.325 -0.558 -0.695 -0.831 -0.831 -0.788 -0.624 -0.545 -0.255 -0.145  0.098 -0.006  0.779  0.708  0.809  0.754  0.843  0.940  0.961  0.967  0.886  0.783  0.019 -0.695 -0.676 -0.502 -0.749 -0.954 -0.857 -0.642 -0.854 -0.770 -0.492 -0.651 -0.719 -0.475 -0.435 -0.075  0.168  0.013  0.319  0.458  0.233  0.397  0.248  0.296  0.461  0.376  0.223  0.344  0.187  0.478  0.468  0.591  0.579  0.241  0.348  0.456  0.543  0.663  0.711  0.739  0.827  0.882  0.861  0.912  0.903  0.851  0.865  0.897  0.872  0.904  0.956  0.963  0.895  0.810  0.700  0.539  0.367  0.209  0.367  0.608  0.686  0.814  0.836  0.919  0.966  0.992  0.998  0.985  0.961  0.959  0.958  0.919  0.886  0.903  0.890  0.829  0.832  0.770  0.748  0.698  0.626  0.586  0.608  0.612  0.696  0.766  0.752  0.814  0.904  0.963  1.000  0.985  0.876  0.662  0.351
  0.659  0.579  0.540  0.407  0.110 -0.170 -0.420 -0.575 -0.742 -0.746 -0.690 -0.499 -0.434 -0.130 -0.007  0.161 -0.007  0.737  0.585  0.703  0.655  0.752  0.875  0.918  0.926  0.904  0.873  0.155 -0.571 -0.611 -0.518 -0.779 -0.958 -0.911 -0.739 -0.924 -0.847 -0.625 -0.765 -0.809 -0.590 -0.516 -0.151  0.121  0.026  0.346  0.447  0.198  0.321  0.130  0.151  0.309  0.227  0.087  0.255  0.145  0.474  0.483  0.632  0.615  0.357  0.473  0.581  0.642  0.758  0.809  0.819  0.888  0.917  0.879  0.927  0.938  0.905  0.927  0.952  0.935  0.947  0.984  0.958  0.873  0.763  0.626  0.457  0.268  0.116  0.302  0.560  0.668  0.824  0.849  0.922  0.976  0.983  0.987  0.967  0.927  0.908  0.913  0.874  0.823  0.837  0.833  0.764  0.782  0.723  0.713  0.676  0.608  0.549  0.565  0.552  0.628  0.699  0.667  0.733  0.846  0.913  0.985  1.000  0.924  0.762  0.466
  0.809  0.764  0.693  0.569  0.335  0.018 -0.201 -0.334 -0.523 -0.633 -0.573 -0.377 -0.415 -0.145  0.004 -0.056 -0.317  0.435  0.379  0.510  0.575  0.634  0.745  0.842  0.842  0.974  0.907  0.476 -0.393 -0.671 -0.757 -0.936 -0.951 -0.974 -0.920 -0.955 -0.772 -0.699 -0.839 -0.753 -0.545 -0.351  0.036  0.342  0.348  0.637  0.667  0.431  0.445  0.172  0.075  0.107 -0.075 -0.264 -0.128 -0.220  0.152  0.185  0.394  0.366  0.314  0.472  0.573  0.544  0.689  0.786  0.730  0.779  0.764  0.680  0.752  0.805  0.793  0.868  0.893  0.880  0.835  0.887  0.782  0.626  0.462  0.286  0.087 -0.114 -0.268 -0.077  0.211  0.358  0.586  0.626  0.723  0.835  0.847  0.876  0.806  0.725  0.708  0.707  0.631  0.559  0.588  0.570  0.470  0.491  0.412  0.406  0.370  0.293  0.208  0.222  0.200  0.289  0.379  0.346  0.436  0.591  0.715  0.876  0.924  1.000  0.929  0.754
  0.899  0.918  0.875  0.792  0.639  0.360  0.154  0.013 -0.209 -0.331 -0.257 -0.040 -0.124  0.117  0.268  0.019 -0.340  0.200  0.025  0.168  0.264  0.319  0.456  0.591  0.590  0.853  0.923  0.731 -0.042 -0.441 -0.712 -0.864 -0.784 -0.919 -0.985 -0.924 -0.761 -0.845 -0.925 -0.775 -0.657 -0.401 -0.068  0.247  0.391  0.649  0.583  0.346  0.253 -0.073 -0.233 -0.250 -0.422 -0.563 -0.371 -0.353  0.036  0.104  0.339  0.304  0.465  0.624  0.704  0.608  0.726  0.823  0.727  0.725  0.652  0.540  0.602  0.692  0.724  0.815  0.820  0.825  0.737  0.756  0.586  0.408  0.213  0.008 -0.178 -0.380 -0.494 -0.281 -0.005  0.181  0.438  0.482  0.547  0.668  0.644  0.670  0.586  0.479  0.435  0.444  0.373  0.274  0.295  0.294  0.189  0.236  0.171  0.190  0.186  0.128  0.012  0.015 -0.039  0.024  0.105  0.042  0.129  0.311  0.443  0.662  0.762  0.929  1.000  0.918
  0.829  0.888  0.828  0.777  0.737  0.499  0.380  0.295  0.103 -0.095 -0.034  0.136 -0.036  0.105  0.241 -0.198 -0.569 -0.188 -0.236 -0.113  0.078  0.079  0.170  0.329  0.319  0.687  0.718  0.899  0.194 -0.359 -0.764 -0.789 -0.553 -0.737 -0.919 -0.710 -0.484 -0.718 -0.769 -0.518 -0.452 -0.133  0.129  0.397  0.623  0.778  0.646  0.484  0.291 -0.041 -0.286 -0.434 -0.661 -0.810 -0.694 -0.649 -0.316 -0.237  0.001 -0.037  0.315  0.475  0.528  0.358  0.471  0.590  0.446  0.418  0.312  0.177  0.247  0.361  0.411  0.535  0.537  0.546  0.419  0.443  0.229  0.023 -0.180 -0.375 -0.541 -0.703 -0.783 -0.619 -0.386 -0.204  0.061  0.110  0.180  0.329  0.312  0.356  0.242  0.117  0.083  0.084 -0.004 -0.102 -0.072 -0.085 -0.194 -0.154 -0.221 -0.199 -0.199 -0.248 -0.363 -0.365 -0.417 -0.360 -0.283 -0.333 -0.244 -0.065  0.092  0.351  0.466  0.754  0.918  1.000
