  1.000  0.980  0.977  0.937  0.890  0.719  0.592  0.529  0.315  0.191  0.304  0.362  0.369  0.588  0.718  0.403 -0.045 -0.030 -0.477 -0.390 -0.347 -0.292 -0.116  0.032  0.062  0.403  0.736  0.866  0.536  0.159 -0.343 -0.491 -0.369 -0.692 -0.858 -0.732 -0.726 -0.922 -0.896 -0.772 -0.805 -0.605 -0.438 -0.166  0.178  0.356  0.125 -0.093 -0.285 -0.558 -0.687 -0.730 -0.806 -0.815 -0.535 -0.278  0.091  0.238  0.465  0.463  0.818  0.810  0.845  0.749  0.781  0.851  0.772  0.712  0.588  0.547  0.503  0.594  0.683  0.717  0.660  0.666  0.547  0.473  0.277  0.146 -0.038 -0.273 -0.405 -0.593 -0.627 -0.373 -0.139  0.120  0.338  0.322  0.386  0.414  0.283  0.242  0.245  0.150  0.048  0.072  0.026 -0.114 -0.106 -0.075 -0.180 -0.095 -0.131 -0.068  0.051  0.036 -0.142 -0.166 -0.290 -0.307 -0.257 -0.394 -0.314 -0.109 -0.010  0.225  0.378  0.590  0.822  0.901
  0.980  1.000  0.972  0.929  0.927  0.788  0.700  0.647  0.461  0.335  0.433  0.473  0.453  0.628  0.736  0.364 -0.085 -0.188 -0.604 -0.527 -0.466 -0.426 -0.270 -0.122 -0.093  0.265  0.618  0.879  0.646  0.249 -0.288 -0.387 -0.221 -0.574 -0.780 -0.606 -0.606 -0.867 -0.812 -0.665 -0.743 -0.534 -0.423 -0.187  0.187  0.309  0.061 -0.122 -0.343 -0.597 -0.741 -0.811 -0.889 -0.889 -0.635 -0.349 -0.024  0.130  0.353  0.358  0.813  0.780  0.793  0.670  0.690  0.764  0.666  0.585  0.444  0.403  0.350  0.448  0.550  0.588  0.522  0.529  0.398  0.315  0.108 -0.024 -0.203 -0.423 -0.535 -0.692 -0.701 -0.474 -0.279 -0.027  0.184  0.167  0.224  0.251  0.114  0.072  0.074 -0.022 -0.126 -0.101 -0.145 -0.283 -0.277 -0.245 -0.345 -0.259 -0.285 -0.219 -0.092 -0.089 -0.259 -0.297 -0.422 -0.452 -0.413 -0.543 -0.472 -0.278 -0.180  0.060  0.218  0.457  0.727  0.855
  0.977  0.972  1.000  0.959  0.890  0.721  0.589  0.502  0.294  0.185  0.301  0.374  0.381  0.608  0.742  0.442  0.006 -0.004 -0.469 -0.388 -0.355 -0.298 -0.120  0.026  0.060  0.398  0.747  0.890  0.556  0.188 -0.307 -0.465 -0.353 -0.672 -0.842 -0.724 -0.728 -0.923 -0.895 -0.778 -0.817 -0.625 -0.461 -0.189  0.151  0.334  0.103 -0.119 -0.306 -0.575 -0.696 -0.732 -0.797 -0.793 -0.506 -0.240  0.126  0.271  0.491  0.489  0.851  0.830  0.860  0.765  0.793  0.859  0.781  0.719  0.597  0.561  0.515  0.601  0.690  0.719  0.662  0.668  0.556  0.478  0.285  0.161 -0.019 -0.247 -0.377 -0.563 -0.596 -0.337 -0.109  0.146  0.357  0.342  0.398  0.420  0.286  0.244  0.252  0.159  0.052  0.079  0.038 -0.103 -0.100 -0.065 -0.168 -0.080 -0.109 -0.044  0.076  0.067 -0.108 -0.137 -0.261 -0.284 -0.238 -0.376 -0.300 -0.099 -0.005  0.226  0.380  0.582  0.818  0.889
  0.937  0.929  0.959  1.000  0.951  0.833  0.681  0.568  0.347  0.300  0.431  0.534  0.574  0.781  0.883  0.641  0.228  0.053 -0.540 -0.477 -0.497 -0.424 -0.230 -0.097 -0.057  0.266  0.718  0.804  0.664  0.394 -0.077 -0.280 -0.223 -0.566 -0.737 -0.661 -0.757 -0.951 -0.885 -0.818 -0.907 -0.769 -0.661 -0.417 -0.084  0.109 -0.125 -0.353 -0.516 -0.749 -0.827 -0.814 -0.809 -0.733 -0.372 -0.035  0.291  0.438  0.621  0.629  0.937  0.934  0.942  0.860  0.856  0.886  0.820  0.727  0.609  0.593  0.520  0.583  0.676  0.676  0.613  0.635  0.556  0.443  0.267  0.180  0.027 -0.184 -0.280 -0.448 -0.446 -0.176  0.009  0.255  0.421  0.403  0.415  0.394  0.237  0.187  0.229  0.152  0.020  0.058  0.050 -0.098 -0.113 -0.055 -0.136 -0.026 -0.024  0.054  0.193  0.215  0.050 -0.000 -0.140 -0.200 -0.182 -0.341 -0.296 -0.114 -0.059  0.145  0.307  0.470  0.732  0.786
  0.890  0.927  0.890  0.951  1.000  0.953  0.864  0.786  0.602  0.556  0.664  0.730  0.739  0.861  0.912  0.597  0.190 -0.197 -0.752 -0.706 -0.707 -0.656 -0.493 -0.367 -0.331  0.004  0.496  0.742  0.832  0.565  0.057 -0.073  0.039 -0.350 -0.575 -0.436 -0.561 -0.848 -0.729 -0.640 -0.807 -0.672 -0.670 -0.498 -0.127 -0.027 -0.281 -0.447 -0.644 -0.833 -0.923 -0.941 -0.924 -0.823 -0.494 -0.105  0.132  0.289  0.453  0.477  0.905  0.880  0.851  0.733  0.704  0.729  0.639  0.510  0.368  0.355  0.263  0.333  0.445  0.444  0.368  0.396  0.304  0.173 -0.012 -0.091 -0.226 -0.409 -0.461 -0.573 -0.521 -0.301 -0.190  0.038  0.179  0.158  0.153  0.120 -0.046 -0.098 -0.052 -0.126 -0.260 -0.221 -0.218 -0.360 -0.380 -0.318 -0.383 -0.270 -0.247 -0.165 -0.013  0.042 -0.107 -0.179 -0.321 -0.408 -0.412 -0.562 -0.539 -0.383 -0.340 -0.140  0.026  0.222  0.539  0.664
  0.719  0.788  0.721  0.833  0.953  1.000  0.959  0.892  0.753  0.755  0.844  0.895  0.899  0.935  0.923  0.634  0.302 -0.315 -0.866 -0.850 -0.875 -0.835 -0.703 -0.607 -0.574 -0.282  0.254  0.555  0.934  0.768  0.314  0.221  0.320 -0.070 -0.310 -0.172 -0.367 -0.688 -0.518 -0.458 -0.699 -0.622 -0.737 -0.659 -0.310 -0.283 -0.523 -0.627 -0.808 -0.916 -0.973 -0.977 -0.903 -0.744 -0.427  0.004  0.117  0.262  0.367  0.406  0.847  0.811  0.739  0.619  0.551  0.544  0.457  0.295  0.156  0.161  0.048  0.099  0.214  0.193  0.112  0.149  0.082 -0.071 -0.228 -0.264 -0.350 -0.475 -0.464 -0.509 -0.403 -0.238 -0.227 -0.048  0.024  0.002 -0.045 -0.113 -0.283 -0.335 -0.268 -0.319 -0.457 -0.414 -0.379 -0.505 -0.540 -0.466 -0.495 -0.378 -0.320 -0.235 -0.078  0.017 -0.094 -0.190 -0.328 -0.451 -0.489 -0.629 -0.647 -0.544 -0.541 -0.388 -0.233 -0.067  0.271  0.419
  0.592  0.700  0.589  0.681  0.864  0.959  1.000  0.973  0.900  0.882  0.931  0.933  0.896  0.855  0.804  0.461  0.172 -0.537 -0.948 -0.946 -0.936 -0.925 -0.845 -0.765 -0.741 -0.468  0.015  0.462  0.961  0.789  0.348  0.352  0.506  0.126 -0.138  0.056 -0.119 -0.493 -0.304 -0.215 -0.489 -0.411 -0.600 -0.595 -0.250 -0.319 -0.549 -0.578 -0.778 -0.839 -0.913 -0.960 -0.902 -0.757 -0.532 -0.121 -0.097  0.039  0.121  0.166  0.704  0.634  0.537  0.391  0.314  0.314  0.211  0.042 -0.105 -0.102 -0.210 -0.154 -0.036 -0.047 -0.129 -0.098 -0.178 -0.319 -0.470 -0.503 -0.568 -0.652 -0.608 -0.599 -0.466 -0.373 -0.426 -0.284 -0.235 -0.257 -0.303 -0.362 -0.515 -0.559 -0.506 -0.552 -0.668 -0.633 -0.601 -0.704 -0.734 -0.672 -0.687 -0.588 -0.524 -0.448 -0.304 -0.196 -0.278 -0.380 -0.497 -0.621 -0.670 -0.775 -0.807 -0.738 -0.735 -0.599 -0.460 -0.274  0.070  0.275
  0.529  0.647  0.502  0.568  0.786  0.892  0.973  1.000  0.955  0.904  0.934  0.886  0.825  0.743  0.678  0.299  0.028 -0.661 -0.955 -0.952 -0.908 -0.918 -0.870 -0.796 -0.780 -0.520 -0.107  0.403  0.911  0.719  0.288  0.355  0.549  0.186 -0.080  0.151  0.015 -0.376 -0.190 -0.075 -0.346 -0.254 -0.463 -0.489 -0.152 -0.273 -0.491 -0.477 -0.690 -0.734 -0.827 -0.909 -0.880 -0.768 -0.613 -0.242 -0.255 -0.126 -0.046 -0.000  0.574  0.496  0.396  0.240  0.169  0.181  0.070 -0.091 -0.241 -0.246 -0.343 -0.277 -0.162 -0.159 -0.239 -0.214 -0.308 -0.431 -0.580 -0.622 -0.682 -0.750 -0.700 -0.667 -0.533 -0.483 -0.555 -0.432 -0.383 -0.403 -0.435 -0.475 -0.609 -0.647 -0.611 -0.658 -0.753 -0.725 -0.706 -0.792 -0.813 -0.765 -0.779 -0.696 -0.641 -0.576 -0.446 -0.344 -0.413 -0.508 -0.609 -0.720 -0.765 -0.847 -0.874 -0.818 -0.806 -0.673 -0.549 -0.345 -0.014  0.221
  0.315  0.461  0.294  0.347  0.602  0.753  0.900  0.955  1.000  0.952  0.930  0.846  0.753  0.597  0.490  0.112 -0.076 -0.806 -0.937 -0.952 -0.885 -0.922 -0.933 -0.886 -0.881 -0.676 -0.352  0.247  0.846  0.688  0.327  0.480  0.703  0.392  0.129  0.385  0.274 -0.127  0.063  0.187 -0.095 -0.020 -0.291 -0.395 -0.103 -0.311 -0.493 -0.402 -0.606 -0.590 -0.682 -0.793 -0.773 -0.678 -0.629 -0.313 -0.426 -0.321 -0.280 -0.231  0.370  0.265  0.146 -0.017 -0.094 -0.081 -0.194 -0.348 -0.485 -0.489 -0.574 -0.515 -0.411 -0.401 -0.474 -0.456 -0.546 -0.647 -0.770 -0.796 -0.823 -0.836 -0.753 -0.662 -0.511 -0.542 -0.680 -0.613 -0.601 -0.619 -0.652 -0.685 -0.788 -0.815 -0.792 -0.826 -0.891 -0.872 -0.853 -0.905 -0.922 -0.889 -0.883 -0.826 -0.766 -0.716 -0.612 -0.504 -0.532 -0.625 -0.695 -0.799 -0.854 -0.893 -0.936 -0.926 -0.922 -0.828 -0.734 -0.540 -0.237  0.027
  0.191  0.335  0.185  0.300  0.556  0.755  0.882  0.904  0.952  1.000  0.980  0.923  0.850  0.670  0.537  0.258  0.137 -0.707 -0.911 -0.950 -0.937 -0.964 -0.972 -0.949 -0.940 -0.784 -0.406  0.117  0.858  0.818  0.537  0.652  0.806  0.516  0.276  0.472  0.288 -0.078  0.133  0.198 -0.111 -0.103 -0.421 -0.563 -0.319 -0.519 -0.677 -0.581 -0.737 -0.670 -0.710 -0.768 -0.682 -0.525 -0.433 -0.090 -0.262 -0.171 -0.181 -0.125  0.373  0.286  0.150  0.016 -0.085 -0.111 -0.202 -0.370 -0.489 -0.470 -0.574 -0.545 -0.446 -0.467 -0.537 -0.506 -0.553 -0.676 -0.763 -0.745 -0.732 -0.710 -0.591 -0.476 -0.300 -0.337 -0.525 -0.489 -0.535 -0.552 -0.628 -0.700 -0.809 -0.838 -0.787 -0.798 -0.875 -0.849 -0.798 -0.844 -0.878 -0.828 -0.795 -0.727 -0.639 -0.583 -0.474 -0.340 -0.347 -0.455 -0.528 -0.661 -0.740 -0.788 -0.860 -0.882 -0.919 -0.869 -0.785 -0.650 -0.357 -0.132
  0.304  0.433  0.301  0.431  0.664  0.844  0.931  0.934  0.930  0.980  1.000  0.963  0.913  0.774  0.660  0.390  0.226 -0.617 -0.929 -0.960 -0.968 -0.977 -0.950 -0.914 -0.898 -0.714 -0.274  0.192  0.906  0.863  0.546  0.607  0.736  0.414  0.173  0.349  0.139 -0.221 -0.007  0.046 -0.263 -0.253 -0.543 -0.646 -0.378 -0.528 -0.706 -0.654 -0.811 -0.773 -0.807 -0.842 -0.741 -0.565 -0.405 -0.022 -0.143 -0.039 -0.032  0.023  0.503  0.430  0.301  0.172  0.069  0.038 -0.050 -0.226 -0.350 -0.330 -0.443 -0.413 -0.309 -0.337 -0.411 -0.375 -0.421 -0.559 -0.658 -0.643 -0.645 -0.650 -0.545 -0.460 -0.291 -0.281 -0.437 -0.372 -0.403 -0.422 -0.503 -0.585 -0.714 -0.750 -0.688 -0.704 -0.801 -0.768 -0.712 -0.778 -0.817 -0.755 -0.731 -0.646 -0.556 -0.489 -0.365 -0.230 -0.258 -0.369 -0.460 -0.601 -0.679 -0.752 -0.821 -0.821 -0.859 -0.792 -0.690 -0.557 -0.245 -0.041
  0.362  0.473  0.374  0.534  0.730  0.895  0.933  0.886  0.846  0.923  0.963  1.000  0.970  0.873  0.782  0.559  0.382 -0.455 -0.890 -0.922 -0.967 -0.954 -0.893 -0.852 -0.827 -0.635 -0.133  0.244  0.935  0.917  0.600  0.589  0.668  0.335  0.107  0.236 -0.013 -0.342 -0.130 -0.109 -0.413 -0.419 -0.679 -0.744 -0.477 -0.566 -0.752 -0.747 -0.886 -0.866 -0.875 -0.872 -0.740 -0.532 -0.297  0.117  0.041  0.148  0.154  0.206  0.613  0.562  0.444  0.335  0.226  0.181  0.106 -0.074 -0.191 -0.163 -0.286 -0.268 -0.164 -0.207 -0.282 -0.238 -0.265 -0.421 -0.518 -0.493 -0.499 -0.523 -0.427 -0.368 -0.205 -0.148 -0.279 -0.196 -0.227 -0.245 -0.344 -0.446 -0.591 -0.634 -0.553 -0.568 -0.685 -0.644 -0.576 -0.657 -0.705 -0.630 -0.607 -0.506 -0.410 -0.333 -0.197 -0.058 -0.097 -0.214 -0.320 -0.473 -0.553 -0.649 -0.721 -0.708 -0.756 -0.688 -0.573 -0.463 -0.146  0.021
  0.369  0.453  0.381  0.574  0.739  0.899  0.896  0.825  0.753  0.850  0.913  0.970  1.000  0.940  0.847  0.700  0.532 -0.295 -0.827 -0.856 -0.944 -0.909 -0.821 -0.786 -0.756 -0.585 -0.043  0.189  0.907  0.954  0.675  0.596  0.611  0.293  0.092  0.159 -0.134 -0.410 -0.201 -0.226 -0.520 -0.560 -0.801 -0.847 -0.606 -0.641 -0.816 -0.847 -0.950 -0.930 -0.906 -0.853 -0.684 -0.445 -0.150  0.282  0.224  0.327  0.321  0.373  0.690  0.658  0.543  0.457  0.343  0.277  0.222  0.045 -0.056 -0.017 -0.144 -0.142 -0.047 -0.108 -0.180 -0.130 -0.132 -0.300 -0.379 -0.337 -0.335 -0.363 -0.269 -0.229 -0.070  0.019 -0.100 -0.014 -0.060 -0.081 -0.192 -0.314 -0.467 -0.514 -0.414 -0.420 -0.551 -0.504 -0.419 -0.508 -0.565 -0.477 -0.448 -0.336 -0.232 -0.153 -0.014  0.122  0.080 -0.033 -0.146 -0.305 -0.391 -0.505 -0.585 -0.571 -0.639 -0.586 -0.471 -0.404 -0.105  0.013
  0.588  0.628  0.608  0.781  0.861  0.935  0.855  0.743  0.597  0.670  0.774  0.873  0.940  1.000  0.970  0.835  0.585 -0.080 -0.741 -0.740 -0.843 -0.777 -0.627 -0.562 -0.523 -0.307  0.274  0.374  0.871  0.862  0.529  0.353  0.336 -0.000 -0.185 -0.157 -0.437 -0.666 -0.493 -0.523 -0.762 -0.771 -0.899 -0.839 -0.571 -0.492 -0.691 -0.816 -0.919 -0.980 -0.962 -0.883 -0.728 -0.503 -0.121  0.321  0.399  0.519  0.565  0.607  0.878  0.864  0.781  0.712  0.623  0.568  0.521  0.361  0.261  0.291  0.171  0.181  0.276  0.217  0.146  0.194  0.184  0.015 -0.089 -0.072 -0.113 -0.204 -0.167 -0.208 -0.095  0.084  0.065  0.210  0.218  0.196  0.108 -0.005 -0.175 -0.229 -0.127 -0.151 -0.302 -0.249 -0.177 -0.298 -0.352 -0.258 -0.259 -0.131 -0.048  0.039  0.190  0.299  0.212  0.112 -0.023 -0.167 -0.228 -0.378 -0.428 -0.357 -0.403 -0.308 -0.170 -0.099  0.196  0.264
  0.718  0.736  0.742  0.883  0.912  0.923  0.804  0.678  0.490  0.537  0.660  0.782  0.847  0.970  1.000  0.854  0.555  0.035 -0.655 -0.640 -0.735 -0.659 -0.482 -0.394 -0.350 -0.098  0.472  0.534  0.827  0.748  0.375  0.160  0.143 -0.196 -0.373 -0.351 -0.591 -0.796 -0.656 -0.672 -0.864 -0.837 -0.882 -0.752 -0.467 -0.329 -0.540 -0.715 -0.826 -0.945 -0.945 -0.869 -0.745 -0.549 -0.142  0.280  0.448  0.576  0.661  0.691  0.934  0.936  0.886  0.825  0.759  0.723  0.676  0.535  0.431  0.451  0.340  0.362  0.455  0.407  0.340  0.384  0.361  0.202  0.079  0.070 -0.005 -0.139 -0.144 -0.234 -0.157  0.068  0.119  0.301  0.355  0.335  0.268  0.173  0.001 -0.055  0.037 -0.002 -0.155 -0.104 -0.050 -0.185 -0.231 -0.143 -0.168 -0.039  0.024  0.113  0.264  0.349  0.235  0.147  0.006 -0.119 -0.157 -0.319 -0.343 -0.234 -0.254 -0.126  0.024  0.112  0.397  0.443
  0.403  0.364  0.442  0.641  0.597  0.634  0.461  0.299  0.112  0.258  0.390  0.559  0.700  0.835  0.854  1.000  0.883  0.448 -0.284 -0.294 -0.493 -0.388 -0.210 -0.183 -0.138 -0.048  0.472  0.175  0.522  0.694  0.585  0.269  0.067 -0.119 -0.162 -0.323 -0.638 -0.639 -0.534 -0.687 -0.820 -0.928 -0.956 -0.864 -0.766 -0.552 -0.653 -0.840 -0.801 -0.839 -0.724 -0.528 -0.309 -0.056  0.384  0.724  0.828  0.891  0.878  0.902  0.786  0.846  0.804  0.848  0.770  0.667  0.696  0.590  0.568  0.621  0.519  0.477  0.519  0.424  0.388  0.441  0.511  0.362  0.343  0.413  0.415  0.346  0.372  0.295  0.356  0.569  0.586  0.687  0.641  0.627  0.512  0.371  0.233  0.185  0.310  0.320  0.177  0.232  0.328  0.227  0.161  0.262  0.279  0.400  0.485  0.560  0.675  0.756  0.692  0.619  0.504  0.378  0.319  0.166  0.109  0.158  0.070  0.089  0.184  0.108  0.261  0.155
 -0.045 -0.085  0.006  0.228  0.190  0.302  0.172  0.028 -0.076  0.137  0.226  0.382  0.532  0.585  0.555  0.883  1.000  0.553 -0.019 -0.074 -0.315 -0.227 -0.119 -0.162 -0.126 -0.201  0.188 -0.221  0.277  0.643  0.786  0.505  0.217  0.192  0.235 -0.016 -0.351 -0.237 -0.147 -0.380 -0.493 -0.709 -0.805 -0.830 -0.906 -0.750 -0.737 -0.839 -0.694 -0.603 -0.412 -0.174  0.099  0.374  0.713  0.938  0.877  0.868  0.744  0.767  0.447  0.519  0.458  0.563  0.469  0.321  0.396  0.319  0.361  0.436  0.352  0.261  0.258  0.140  0.133  0.187  0.322  0.203  0.282  0.423  0.515  0.555  0.643  0.643  0.719  0.828  0.741  0.721  0.565  0.558  0.405  0.242  0.161  0.130  0.261  0.320  0.219  0.265  0.390  0.350  0.275  0.368  0.435  0.524  0.630  0.679  0.739  0.830  0.848  0.785  0.725  0.601  0.517  0.419  0.320  0.274  0.133  0.036  0.062 -0.131 -0.093 -0.261
 -0.030 -0.188 -0.004  0.053 -0.197 -0.315 -0.537 -0.661 -0.806 -0.707 -0.617 -0.455 -0.295 -0.080  0.035  0.448  0.553  1.000  0.712  0.716  0.547  0.637  0.749  0.726  0.748  0.622  0.615 -0.099 -0.469 -0.248  0.009 -0.310 -0.619 -0.439 -0.229 -0.549 -0.616 -0.251 -0.370 -0.564 -0.376 -0.495 -0.254 -0.100 -0.307  0.004  0.112 -0.079  0.124  0.080  0.225  0.430  0.528  0.577  0.777  0.673  0.844  0.785  0.746  0.712  0.099  0.236  0.325  0.498  0.529  0.463  0.580  0.662  0.772  0.800  0.823  0.751  0.679  0.622  0.669  0.683  0.798  0.811  0.907  0.963  0.983  0.948  0.881  0.750  0.644  0.795  0.939  0.940  0.912  0.919  0.891  0.847  0.864  0.861  0.906  0.941  0.921  0.934  0.966  0.955  0.937  0.960  0.960  0.975  0.964  0.960  0.927  0.871  0.858  0.904  0.905  0.932  0.953  0.903  0.914  0.939  0.892  0.823  0.794  0.583  0.393  0.096
 -0.477 -0.604 -0.469 -0.540 -0.752 -0.866 -0.948 -0.955 -0.937 -0.911 -0.929 -0.890 -0.827 -0.741 -0.655 -0.284 -0.019  0.712  1.000  0.989  0.944  0.952  0.912  0.846  0.835  0.590  0.177 -0.350 -0.901 -0.734 -0.317 -0.398 -0.591 -0.225  0.038 -0.197 -0.052  0.347  0.151  0.039  0.323  0.240  0.472  0.517  0.182  0.317  0.533  0.506  0.717  0.748  0.839  0.919  0.884  0.766  0.619  0.241  0.276  0.146  0.075  0.024 -0.573 -0.476 -0.365 -0.205 -0.127 -0.136 -0.025  0.139  0.285  0.285  0.383  0.323  0.207  0.209  0.290  0.268  0.357  0.484  0.628  0.662  0.712  0.767  0.704  0.659  0.518  0.482  0.571  0.459  0.423  0.442  0.478  0.523  0.657  0.693  0.654  0.698  0.793  0.764  0.739  0.822  0.846  0.795  0.804  0.721  0.661  0.596  0.463  0.357  0.420  0.517  0.619  0.733  0.785  0.862  0.898  0.853  0.848  0.725  0.606  0.409  0.075 -0.166
 -0.390 -0.527 -0.388 -0.477 -0.706 -0.850 -0.946 -0.952 -0.952 -0.950 -0.960 -0.922 -0.856 -0.740 -0.640 -0.294 -0.074  0.716  0.989  1.000  0.967  0.982  0.956  0.903  0.891  0.668  0.252 -0.289 -0.918 -0.790 -0.408 -0.500 -0.683 -0.333 -0.070 -0.296 -0.133  0.266  0.060 -0.038  0.263  0.204  0.471  0.548  0.236  0.396  0.598  0.549  0.747  0.745  0.819  0.893  0.836  0.699  0.564  0.186  0.268  0.149  0.105  0.052 -0.526 -0.428 -0.307 -0.152 -0.063 -0.060  0.047  0.217  0.357  0.350  0.453  0.403  0.290  0.299  0.379  0.353  0.428  0.559  0.687  0.702  0.732  0.762  0.679  0.609  0.452  0.437  0.563  0.474  0.465  0.484  0.537  0.594  0.723  0.758  0.713  0.747  0.839  0.810  0.775  0.848  0.876  0.824  0.818  0.738  0.666  0.601  0.473  0.353  0.399  0.503  0.598  0.722  0.785  0.855  0.905  0.882  0.892  0.791  0.680  0.500  0.171 -0.070
 -0.347 -0.466 -0.355 -0.497 -0.707 -0.875 -0.936 -0.908 -0.885 -0.937 -0.968 -0.967 -0.944 -0.843 -0.735 -0.493 -0.315  0.547  0.944  0.967  1.000  0.991  0.940  0.902  0.883  0.696  0.208 -0.195 -0.928 -0.908 -0.588 -0.608 -0.706 -0.370 -0.136 -0.286 -0.044  0.303  0.084  0.051  0.365  0.368  0.649  0.734  0.461  0.575  0.761  0.737  0.885  0.856  0.876  0.885  0.761  0.562  0.351 -0.062  0.036 -0.073 -0.081 -0.139 -0.601 -0.527 -0.397 -0.277 -0.168 -0.126 -0.045  0.135  0.256  0.230  0.348  0.325  0.220  0.259  0.336  0.298  0.334  0.487  0.586  0.564  0.566  0.582  0.478  0.409  0.240  0.203  0.347  0.270  0.305  0.325  0.414  0.509  0.651  0.691  0.615  0.631  0.743  0.704  0.638  0.716  0.762  0.689  0.665  0.567  0.471  0.399  0.262  0.126  0.164  0.277  0.381  0.531  0.612  0.702  0.776  0.768  0.815  0.747  0.638  0.519  0.200  0.014
 -0.292 -0.426 -0.298 -0.424 -0.656 -0.835 -0.925 -0.918 -0.922 -0.964 -0.977 -0.954 -0.909 -0.777 -0.659 -0.388 -0.227  0.637  0.952  0.982  0.991  1.000  0.974  0.940  0.924  0.743  0.298 -0.176 -0.917 -0.878 -0.562 -0.628 -0.759 -0.433 -0.190 -0.369 -0.154  0.213 -0.006 -0.058  0.259  0.251  0.551  0.660  0.389  0.546  0.726  0.669  0.829  0.786  0.820  0.856  0.751  0.571  0.412  0.022  0.150  0.045  0.041 -0.016 -0.516 -0.430 -0.296 -0.164 -0.057 -0.025  0.064  0.242  0.365  0.343  0.455  0.427  0.322  0.352  0.428  0.394  0.439  0.581  0.679  0.662  0.661  0.662  0.552  0.463  0.289  0.284  0.446  0.384  0.420  0.439  0.521  0.605  0.735  0.771  0.706  0.722  0.820  0.787  0.728  0.794  0.835  0.771  0.745  0.659  0.567  0.501  0.374  0.238  0.265  0.376  0.469  0.611  0.692  0.764  0.837  0.840  0.881  0.816  0.715  0.582  0.266  0.055
 -0.116 -0.270 -0.120 -0.230 -0.493 -0.703 -0.845 -0.870 -0.933 -0.972 -0.950 -0.893 -0.821 -0.627 -0.482 -0.210 -0.119  0.749  0.912  0.956  0.940  0.974  1.000  0.987  0.981  0.845  0.492 -0.053 -0.839 -0.819 -0.564 -0.704 -0.861 -0.584 -0.349 -0.550 -0.368  0.001 -0.214 -0.277  0.039  0.040  0.382  0.550  0.321  0.548  0.695  0.574  0.726  0.637  0.673  0.738  0.648  0.492  0.428  0.098  0.302  0.220  0.245  0.188 -0.321 -0.220 -0.078  0.058  0.166  0.194  0.284  0.451  0.563  0.543  0.642  0.617  0.523  0.544  0.612  0.585  0.628  0.747  0.824  0.798  0.772  0.730  0.598  0.463  0.281  0.343  0.553  0.538  0.599  0.614  0.695  0.768  0.868  0.893  0.844  0.850  0.919  0.895  0.841  0.876  0.911  0.863  0.823  0.761  0.670  0.619  0.517  0.381  0.374  0.480  0.544  0.676  0.761  0.795  0.876  0.915  0.958  0.924  0.850  0.723  0.438  0.205
  0.032 -0.122  0.026 -0.097 -0.367 -0.607 -0.765 -0.796 -0.886 -0.949 -0.914 -0.852 -0.786 -0.562 -0.394 -0.183 -0.162  0.726  0.846  0.903  0.902  0.940  0.987  1.000  0.998  0.918  0.599  0.098 -0.764 -0.819 -0.647 -0.798 -0.923 -0.693 -0.487 -0.658 -0.460 -0.126 -0.341 -0.376 -0.061 -0.019  0.352  0.564  0.390  0.636  0.747  0.598  0.714  0.580  0.589  0.636  0.524  0.356  0.319  0.018  0.280  0.221  0.285  0.225 -0.218 -0.121  0.030  0.147  0.264  0.308  0.383  0.544  0.636  0.607  0.702  0.694  0.614  0.645  0.706  0.677  0.697  0.811  0.854  0.802  0.744  0.666  0.509  0.347  0.156  0.253  0.501  0.526  0.626  0.641  0.736  0.820  0.904  0.924  0.869  0.859  0.916  0.894  0.828  0.844  0.883  0.835  0.777  0.724  0.623  0.579  0.493  0.351  0.317  0.422  0.470  0.604  0.700  0.718  0.815  0.887  0.952  0.957  0.906  0.819  0.568  0.353
  0.062 -0.093  0.060 -0.057 -0.331 -0.574 -0.741 -0.780 -0.881 -0.940 -0.898 -0.827 -0.756 -0.523 -0.350 -0.138 -0.126  0.748  0.835  0.891  0.883  0.924  0.981  0.998  1.000  0.929  0.634  0.126 -0.735 -0.792 -0.631 -0.797 -0.928 -0.708 -0.507 -0.683 -0.494 -0.163 -0.375 -0.414 -0.102 -0.061  0.314  0.534  0.369  0.626  0.730  0.570  0.684  0.544  0.556  0.609  0.503  0.344  0.327  0.041  0.315  0.259  0.327  0.267 -0.177 -0.078  0.074  0.191  0.305  0.348  0.423  0.579  0.669  0.640  0.732  0.724  0.646  0.675  0.733  0.707  0.728  0.835  0.874  0.824  0.762  0.677  0.518  0.350  0.160  0.269  0.523  0.555  0.659  0.672  0.764  0.843  0.920  0.938  0.888  0.876  0.927  0.907  0.843  0.853  0.890  0.846  0.786  0.739  0.641  0.601  0.519  0.380  0.342  0.443  0.486  0.615  0.710  0.721  0.817  0.895  0.958  0.968  0.923  0.837  0.594  0.376
  0.403  0.265  0.398  0.266  0.004 -0.282 -0.468 -0.520 -0.676 -0.784 -0.714 -0.635 -0.585 -0.307 -0.098 -0.048 -0.201  0.622  0.590  0.668  0.696  0.743  0.845  0.918  0.929  1.000  0.823  0.467 -0.475 -0.698 -0.747 -0.925 -0.970 -0.885 -0.774 -0.863 -0.661 -0.448 -0.638 -0.606 -0.331 -0.201  0.201  0.499  0.481  0.759  0.767  0.555  0.575  0.344  0.293  0.301  0.157 -0.010  0.044 -0.140  0.242  0.243  0.394  0.336  0.087  0.170  0.327  0.387  0.508  0.585  0.616  0.741  0.773  0.727  0.799  0.831  0.794  0.842  0.874  0.849  0.816  0.896  0.854  0.750  0.620  0.457  0.260  0.044 -0.142  0.036  0.353  0.476  0.660  0.667  0.782  0.877  0.906  0.910  0.854  0.805  0.823  0.809  0.725  0.688  0.730  0.694  0.597  0.577  0.468  0.451  0.414  0.278  0.180  0.267  0.267  0.386  0.496  0.465  0.589  0.735  0.840  0.941  0.955  0.971  0.836  0.685
  0.736  0.618  0.747  0.718  0.496  0.254  0.015 -0.107 -0.352 -0.406 -0.274 -0.133 -0.043  0.274  0.472  0.472  0.188  0.615  0.177  0.252  0.208  0.298  0.492  0.599  0.634  0.823  1.000  0.677  0.025 -0.185 -0.412 -0.705 -0.778 -0.883 -0.872 -0.960 -0.933 -0.840 -0.928 -0.927 -0.791 -0.680 -0.351 -0.021  0.105  0.440  0.338  0.049  0.021 -0.239 -0.270 -0.202 -0.245 -0.269  0.023  0.097  0.521  0.590  0.761  0.728  0.607  0.688  0.795  0.828  0.895  0.932  0.941  0.972  0.949  0.925  0.924  0.957  0.974  0.981  0.973  0.978  0.947  0.924  0.828  0.742  0.595  0.382  0.211 -0.029 -0.150  0.136  0.440  0.643  0.822  0.818  0.874  0.896  0.825  0.796  0.805  0.746  0.673  0.692  0.654  0.547  0.554  0.576  0.481  0.539  0.484  0.519  0.573  0.504  0.356  0.381  0.300  0.331  0.402  0.281  0.372  0.557  0.627  0.777  0.870  0.915  0.948  0.822
  0.866  0.879  0.890  0.804  0.742  0.555  0.462  0.403  0.247  0.117  0.192  0.244  0.189  0.374  0.534  0.175 -0.221 -0.099 -0.350 -0.289 -0.195 -0.176 -0.053  0.098  0.126  0.467  0.677  1.000  0.472  0.003 -0.489 -0.557 -0.364 -0.631 -0.814 -0.635 -0.530 -0.742 -0.752 -0.577 -0.575 -0.334 -0.149  0.114  0.437  0.556  0.342  0.170 -0.041 -0.312 -0.472 -0.581 -0.719 -0.789 -0.632 -0.469 -0.115  0.008  0.240  0.222  0.600  0.579  0.638  0.527  0.582  0.687  0.595  0.559  0.438  0.384  0.362  0.463  0.545  0.605  0.558  0.553  0.420  0.387  0.189  0.039 -0.152 -0.368 -0.516 -0.680 -0.732 -0.528 -0.298 -0.062  0.174  0.166  0.248  0.315  0.221  0.189  0.156  0.055 -0.009 -0.001 -0.076 -0.188 -0.164 -0.164 -0.275 -0.223 -0.278 -0.231 -0.146 -0.174 -0.332 -0.344 -0.435 -0.423 -0.355 -0.448 -0.348 -0.155 -0.024  0.212  0.350  0.588  0.791  0.902
  0.536  0.646  0.556  0.664  0.832  0.934  0.961  0.911  0.846  0.858  0.906  0.935  0.907  0.871  0.827  0.522  0.277 -0.469 -0.901 -0.918 -0.928 -0.917 -0.839 -0.764 -0.735 -0.475  0.025  0.472  1.000  0.847  0.432  0.417  0.554  0.198 -0.074  0.097 -0.095 -0.459 -0.269 -0.200 -0.480 -0.421 -0.620 -0.621 -0.296 -0.364 -0.587 -0.614 -0.798 -0.843 -0.896 -0.931 -0.850 -0.683 -0.450 -0.036 -0.030  0.095  0.159  0.204  0.704  0.635  0.535  0.400  0.315  0.304  0.208  0.038 -0.099 -0.089 -0.200 -0.156 -0.043 -0.063 -0.143 -0.109 -0.172 -0.317 -0.455 -0.472 -0.524 -0.593 -0.542 -0.524 -0.385 -0.294 -0.363 -0.234 -0.203 -0.224 -0.286 -0.357 -0.509 -0.555 -0.494 -0.532 -0.650 -0.613 -0.572 -0.671 -0.707 -0.641 -0.648 -0.546 -0.473 -0.396 -0.257 -0.141 -0.211 -0.316 -0.430 -0.562 -0.618 -0.722 -0.764 -0.708 -0.716 -0.596 -0.459 -0.295  0.042  0.234
  0.159  0.249  0.188  0.394  0.565  0.768  0.789  0.719  0.688  0.818  0.863  0.917  0.954  0.862  0.748  0.694  0.643 -0.248 -0.734 -0.790 -0.908 -0.878 -0.819 -0.819 -0.792 -0.698 -0.185  0.003  0.847  1.000  0.836  0.764  0.734  0.485  0.312  0.332  0.008 -0.224 -0.012 -0.082 -0.384 -0.485 -0.776 -0.886 -0.723 -0.787 -0.914 -0.904 -0.956 -0.867 -0.799 -0.719 -0.507 -0.238  0.026  0.425  0.276  0.347  0.281  0.337  0.571  0.536  0.400  0.345  0.215  0.120  0.087 -0.087 -0.158 -0.105 -0.229 -0.253 -0.177 -0.255 -0.316 -0.265 -0.232 -0.395 -0.426 -0.342 -0.291 -0.261 -0.128 -0.047  0.128  0.170 -0.012  0.015 -0.095 -0.113 -0.250 -0.394 -0.527 -0.567 -0.457 -0.437 -0.556 -0.510 -0.404 -0.467 -0.533 -0.442 -0.385 -0.282 -0.159 -0.088  0.031  0.181  0.179  0.064 -0.028 -0.196 -0.301 -0.394 -0.502 -0.537 -0.638 -0.643 -0.558 -0.551 -0.295 -0.204
 -0.343 -0.288 -0.307 -0.077  0.057  0.314  0.348  0.288  0.327  0.537  0.546  0.600  0.675  0.529  0.375  0.585  0.786  0.009 -0.317 -0.408 -0.588 -0.562 -0.564 -0.647 -0.631 -0.747 -0.412 -0.489  0.432  0.836  1.000  0.924  0.751  0.715  0.686  0.559  0.216  0.182  0.349  0.166 -0.068 -0.303 -0.617 -0.828 -0.895 -0.969 -0.948 -0.875 -0.775 -0.558 -0.389 -0.233  0.039  0.322  0.492  0.730  0.436  0.417  0.227  0.277  0.182  0.183  0.049  0.088 -0.048 -0.197 -0.159 -0.279 -0.259 -0.179 -0.273 -0.360 -0.348 -0.456 -0.476 -0.426 -0.307 -0.427 -0.334 -0.170 -0.019  0.121  0.305  0.447  0.610  0.558  0.296  0.191 -0.037 -0.046 -0.218 -0.385 -0.446 -0.465 -0.346 -0.270 -0.340 -0.303 -0.167 -0.161 -0.235 -0.155 -0.045  0.019  0.156  0.193  0.243  0.384  0.468  0.378  0.349  0.198  0.075  0.038 -0.107 -0.239 -0.402 -0.544 -0.547 -0.700 -0.615 -0.641
 -0.491 -0.387 -0.465 -0.280 -0.073  0.221  0.352  0.355  0.480  0.652  0.607  0.589  0.596  0.353  0.160  0.269  0.505 -0.310 -0.398 -0.500 -0.608 -0.628 -0.704 -0.798 -0.797 -0.925 -0.705 -0.557  0.417  0.764  0.924  1.000  0.929  0.906  0.846  0.817  0.547  0.437  0.613  0.495  0.240  0.037 -0.346 -0.635 -0.696 -0.901 -0.870 -0.698 -0.640 -0.382 -0.258 -0.185  0.032  0.259  0.279  0.460  0.074  0.046 -0.151 -0.098 -0.052 -0.094 -0.245 -0.247 -0.381 -0.501 -0.491 -0.608 -0.602 -0.535 -0.613 -0.682 -0.667 -0.747 -0.768 -0.730 -0.642 -0.733 -0.644 -0.495 -0.334 -0.153  0.054  0.258  0.440  0.292 -0.029 -0.174 -0.405 -0.411 -0.564 -0.698 -0.727 -0.734 -0.648 -0.575 -0.606 -0.585 -0.469 -0.431 -0.490 -0.436 -0.320 -0.288 -0.160 -0.140 -0.112  0.030  0.145  0.058  0.059 -0.075 -0.198 -0.183 -0.328 -0.492 -0.636 -0.784 -0.808 -0.913 -0.826 -0.767
 -0.369 -0.221 -0.353 -0.223  0.039  0.320  0.506  0.549  0.703  0.806  0.736  0.668  0.611  0.336  0.143  0.067  0.217 -0.619 -0.591 -0.683 -0.706 -0.759 -0.861 -0.923 -0.928 -0.970 -0.778 -0.364  0.554  0.734  0.751  0.929  1.000  0.910  0.765  0.869  0.677  0.439  0.626  0.608  0.327  0.216 -0.185 -0.470 -0.433 -0.717 -0.740 -0.531 -0.567 -0.347 -0.304 -0.328 -0.190 -0.021 -0.077  0.116 -0.255 -0.255 -0.396 -0.341 -0.065 -0.150 -0.303 -0.375 -0.495 -0.564 -0.604 -0.733 -0.773 -0.730 -0.804 -0.831 -0.789 -0.832 -0.867 -0.841 -0.815 -0.895 -0.865 -0.768 -0.649 -0.494 -0.304 -0.091  0.098 -0.073 -0.386 -0.498 -0.670 -0.678 -0.792 -0.883 -0.917 -0.923 -0.871 -0.826 -0.846 -0.834 -0.753 -0.721 -0.761 -0.727 -0.634 -0.613 -0.505 -0.485 -0.449 -0.311 -0.215 -0.304 -0.305 -0.426 -0.533 -0.503 -0.623 -0.763 -0.858 -0.947 -0.950 -0.948 -0.798 -0.632
 -0.692 -0.574 -0.672 -0.566 -0.350 -0.070  0.126  0.186  0.392  0.516  0.414  0.335  0.293 -0.000 -0.196 -0.119  0.192 -0.439 -0.225 -0.333 -0.370 -0.433 -0.584 -0.693 -0.708 -0.885 -0.883 -0.631  0.198  0.485  0.715  0.906  0.910  1.000  0.950  0.968  0.826  0.732  0.857  0.790  0.595  0.427  0.058 -0.270 -0.392 -0.679 -0.597 -0.349 -0.293 -0.011  0.077  0.076  0.212  0.343  0.178  0.210 -0.227 -0.290 -0.492 -0.451 -0.391 -0.454 -0.586 -0.598 -0.700 -0.782 -0.778 -0.848 -0.824 -0.776 -0.810 -0.868 -0.876 -0.921 -0.923 -0.907 -0.837 -0.864 -0.757 -0.628 -0.462 -0.244 -0.047  0.191  0.346  0.109 -0.224 -0.419 -0.640 -0.641 -0.751 -0.830 -0.798 -0.785 -0.749 -0.674 -0.645 -0.647 -0.567 -0.483 -0.517 -0.505 -0.391 -0.411 -0.316 -0.328 -0.356 -0.247 -0.098 -0.153 -0.098 -0.181 -0.281 -0.200 -0.324 -0.515 -0.628 -0.794 -0.862 -0.951 -0.940 -0.850
 -0.858 -0.780 -0.842 -0.737 -0.575 -0.310 -0.138 -0.080  0.129  0.276  0.173  0.107  0.092 -0.185 -0.373 -0.162  0.235 -0.229  0.038 -0.070 -0.136 -0.190 -0.349 -0.487 -0.507 -0.774 -0.872 -0.814 -0.074  0.312  0.686  0.846  0.765  0.950  1.000  0.933  0.801  0.834  0.916  0.796  0.671  0.454  0.132 -0.201 -0.431 -0.677 -0.525 -0.281 -0.150  0.158  0.288  0.331  0.479  0.595  0.407  0.345 -0.101 -0.203 -0.441 -0.410 -0.546 -0.577 -0.686 -0.643 -0.732 -0.832 -0.788 -0.817 -0.746 -0.691 -0.704 -0.787 -0.830 -0.884 -0.863 -0.850 -0.743 -0.742 -0.584 -0.431 -0.236  0.007  0.202  0.434  0.558  0.308 -0.016 -0.253 -0.504 -0.499 -0.611 -0.691 -0.625 -0.602 -0.566 -0.472 -0.420 -0.427 -0.343 -0.235 -0.267 -0.262 -0.138 -0.177 -0.089 -0.118 -0.178 -0.092  0.080  0.047  0.128  0.069 -0.026  0.073 -0.052 -0.267 -0.396 -0.612 -0.718 -0.883 -0.969 -0.959
 -0.732 -0.606 -0.724 -0.661 -0.436 -0.172  0.056  0.151  0.385  0.472  0.349  0.236  0.159 -0.157 -0.351 -0.323 -0.016 -0.549 -0.197 -0.296 -0.286 -0.369 -0.550 -0.658 -0.683 -0.863 -0.960 -0.635  0.097  0.332  0.559  0.817  0.869  0.968  0.933  1.000  0.926  0.821  0.927  0.901  0.734  0.599  0.243 -0.094 -0.218 -0.545 -0.453 -0.172 -0.136  0.140  0.195  0.150  0.232  0.305  0.059  0.030 -0.409 -0.478 -0.666 -0.630 -0.529 -0.603 -0.723 -0.749 -0.833 -0.889 -0.895 -0.945 -0.923 -0.889 -0.904 -0.948 -0.960 -0.983 -0.979 -0.975 -0.927 -0.925 -0.825 -0.718 -0.561 -0.341 -0.156  0.091  0.231 -0.041 -0.366 -0.569 -0.769 -0.767 -0.849 -0.897 -0.841 -0.820 -0.810 -0.744 -0.688 -0.700 -0.645 -0.545 -0.564 -0.572 -0.467 -0.510 -0.435 -0.460 -0.505 -0.414 -0.261 -0.303 -0.230 -0.286 -0.371 -0.263 -0.371 -0.562 -0.651 -0.809 -0.890 -0.951 -0.961 -0.843
 -0.726 -0.606 -0.728 -0.757 -0.561 -0.367 -0.119  0.015  0.274  0.288  0.139 -0.013 -0.134 -0.437 -0.591 -0.638 -0.351 -0.616 -0.052 -0.133 -0.044 -0.154 -0.368 -0.460 -0.494 -0.661 -0.933 -0.530 -0.095  0.008  0.216  0.547  0.677  0.826  0.801  0.926  1.000  0.903  0.943  0.991  0.907  0.849  0.576  0.276  0.147 -0.201 -0.096  0.201  0.207  0.438  0.432  0.311  0.288  0.248 -0.120 -0.271 -0.657 -0.735 -0.875 -0.857 -0.718 -0.802 -0.880 -0.923 -0.959 -0.960 -0.980 -0.981 -0.960 -0.954 -0.928 -0.944 -0.967 -0.946 -0.931 -0.948 -0.940 -0.881 -0.799 -0.744 -0.624 -0.425 -0.290 -0.064  0.024 -0.272 -0.537 -0.733 -0.870 -0.862 -0.884 -0.865 -0.769 -0.735 -0.777 -0.730 -0.631 -0.663 -0.658 -0.541 -0.530 -0.577 -0.501 -0.582 -0.555 -0.603 -0.683 -0.640 -0.494 -0.501 -0.398 -0.395 -0.439 -0.294 -0.356 -0.525 -0.558 -0.686 -0.783 -0.793 -0.853 -0.711
 -0.922 -0.867 -0.923 -0.951 -0.848 -0.688 -0.493 -0.376 -0.127 -0.078 -0.221 -0.342 -0.410 -0.666 -0.796 -0.639 -0.237 -0.251  0.347  0.266  0.303  0.213  0.001 -0.126 -0.163 -0.448 -0.840 -0.742 -0.459 -0.224  0.182  0.437  0.439  0.732  0.834  0.821  0.903  1.000  0.973  0.936  0.958  0.831  0.643  0.358  0.080 -0.183  0.016  0.283  0.401  0.654  0.713  0.666  0.666  0.613  0.237 -0.039 -0.416 -0.546 -0.732 -0.730 -0.887 -0.919 -0.961 -0.920 -0.936 -0.964 -0.925 -0.867 -0.778 -0.761 -0.706 -0.759 -0.831 -0.827 -0.780 -0.799 -0.735 -0.641 -0.487 -0.399 -0.245 -0.020  0.102  0.305  0.343  0.049 -0.187 -0.431 -0.605 -0.591 -0.615 -0.601 -0.461 -0.416 -0.455 -0.381 -0.258 -0.295 -0.282 -0.137 -0.126 -0.180 -0.093 -0.194 -0.179 -0.247 -0.371 -0.363 -0.191 -0.165 -0.031  0.004 -0.031  0.131  0.071 -0.122 -0.178 -0.371 -0.515 -0.638 -0.834 -0.821
 -0.896 -0.812 -0.895 -0.885 -0.729 -0.518 -0.304 -0.190  0.063  0.133 -0.007 -0.130 -0.201 -0.493 -0.656 -0.534 -0.147 -0.370  0.151  0.060  0.084 -0.006 -0.214 -0.341 -0.375 -0.638 -0.928 -0.752 -0.269 -0.012  0.349  0.613  0.626  0.857  0.916  0.927  0.943  0.973  1.000  0.960  0.907  0.764  0.501  0.181 -0.054 -0.352 -0.183  0.101  0.197  0.474  0.539  0.496  0.534  0.532  0.195  0.005 -0.416 -0.529 -0.728 -0.711 -0.785 -0.833 -0.908 -0.888 -0.933 -0.976 -0.951 -0.933 -0.865 -0.839 -0.810 -0.864 -0.917 -0.925 -0.892 -0.902 -0.839 -0.778 -0.635 -0.533 -0.367 -0.132  0.023  0.253  0.333  0.035 -0.248 -0.490 -0.687 -0.676 -0.727 -0.739 -0.627 -0.589 -0.608 -0.532 -0.431 -0.459 -0.426 -0.293 -0.294 -0.331 -0.231 -0.313 -0.272 -0.326 -0.424 -0.382 -0.209 -0.208 -0.093 -0.094 -0.152 -0.005 -0.088 -0.291 -0.366 -0.558 -0.685 -0.795 -0.929 -0.879
 -0.772 -0.665 -0.778 -0.818 -0.640 -0.458 -0.215 -0.075  0.187  0.198  0.046 -0.109 -0.226 -0.523 -0.672 -0.687 -0.380 -0.564  0.039 -0.038  0.051 -0.058 -0.277 -0.376 -0.414 -0.606 -0.927 -0.577 -0.200 -0.082  0.166  0.495  0.608  0.790  0.796  0.901  0.991  0.936  0.960  1.000  0.945  0.881  0.632  0.335  0.175 -0.163 -0.036  0.261  0.286  0.518  0.518  0.403  0.372  0.314 -0.074 -0.265 -0.648 -0.737 -0.883 -0.869 -0.783 -0.859 -0.926 -0.954 -0.981 -0.981 -0.991 -0.974 -0.939 -0.934 -0.897 -0.918 -0.952 -0.929 -0.906 -0.926 -0.912 -0.839 -0.744 -0.688 -0.564 -0.360 -0.232 -0.010  0.063 -0.240 -0.494 -0.701 -0.840 -0.830 -0.845 -0.819 -0.708 -0.669 -0.717 -0.667 -0.557 -0.592 -0.592 -0.466 -0.451 -0.504 -0.429 -0.519 -0.500 -0.556 -0.648 -0.618 -0.467 -0.463 -0.351 -0.334 -0.372 -0.218 -0.274 -0.447 -0.478 -0.617 -0.727 -0.755 -0.849 -0.729
 -0.805 -0.743 -0.817 -0.907 -0.807 -0.699 -0.489 -0.346 -0.095 -0.111 -0.263 -0.413 -0.520 -0.762 -0.864 -0.820 -0.493 -0.376  0.323  0.263  0.365  0.259  0.039 -0.061 -0.102 -0.331 -0.791 -0.575 -0.480 -0.384 -0.068  0.240  0.327  0.595  0.671  0.734  0.907  0.958  0.907  0.945  1.000  0.952  0.815  0.571  0.346  0.065  0.236  0.504  0.564  0.763  0.759  0.645  0.565  0.438  0.003 -0.308 -0.623 -0.737 -0.866 -0.872 -0.919 -0.968 -0.986 -0.981 -0.967 -0.947 -0.935 -0.861 -0.795 -0.802 -0.728 -0.749 -0.812 -0.774 -0.729 -0.762 -0.745 -0.625 -0.513 -0.476 -0.367 -0.179 -0.098  0.083  0.094 -0.199 -0.382 -0.593 -0.700 -0.685 -0.663 -0.603 -0.455 -0.406 -0.479 -0.432 -0.292 -0.339 -0.364 -0.224 -0.193 -0.268 -0.211 -0.327 -0.344 -0.419 -0.548 -0.566 -0.418 -0.377 -0.240 -0.173 -0.178 -0.006 -0.030 -0.187 -0.194 -0.336 -0.471 -0.523 -0.707 -0.646
 -0.605 -0.534 -0.625 -0.769 -0.672 -0.622 -0.411 -0.254 -0.020 -0.103 -0.253 -0.419 -0.560 -0.771 -0.837 -0.928 -0.709 -0.495  0.240  0.204  0.368  0.251  0.040 -0.019 -0.061 -0.201 -0.680 -0.334 -0.421 -0.485 -0.303  0.037  0.216  0.427  0.454  0.599  0.849  0.831  0.764  0.881  0.952  1.000  0.916  0.732  0.593  0.308  0.429  0.677  0.665  0.790  0.718  0.539  0.384  0.197 -0.259 -0.568 -0.797 -0.881 -0.938 -0.951 -0.858 -0.925 -0.921 -0.959 -0.919 -0.851 -0.872 -0.794 -0.761 -0.793 -0.710 -0.693 -0.738 -0.667 -0.632 -0.674 -0.709 -0.578 -0.523 -0.542 -0.491 -0.358 -0.324 -0.179 -0.190 -0.456 -0.574 -0.730 -0.759 -0.745 -0.679 -0.577 -0.437 -0.390 -0.492 -0.476 -0.335 -0.387 -0.449 -0.328 -0.279 -0.369 -0.347 -0.466 -0.513 -0.586 -0.706 -0.746 -0.635 -0.586 -0.459 -0.369 -0.346 -0.178 -0.165 -0.272 -0.227 -0.301 -0.410 -0.377 -0.521 -0.406
 -0.438 -0.423 -0.461 -0.661 -0.670 -0.737 -0.600 -0.463 -0.291 -0.421 -0.543 -0.679 -0.801 -0.899 -0.882 -0.956 -0.805 -0.254  0.472  0.471  0.649  0.551  0.382  0.352  0.314  0.201 -0.351 -0.149 -0.620 -0.776 -0.617 -0.346 -0.185  0.058  0.132  0.243  0.576  0.643  0.501  0.632  0.815  0.916  1.000  0.938  0.792  0.621  0.744  0.907  0.902  0.931  0.836  0.659  0.442  0.184 -0.251 -0.636 -0.708 -0.790 -0.784 -0.820 -0.822 -0.857 -0.790 -0.805 -0.714 -0.615 -0.624 -0.494 -0.449 -0.500 -0.387 -0.357 -0.416 -0.325 -0.277 -0.330 -0.380 -0.217 -0.179 -0.242 -0.244 -0.179 -0.225 -0.168 -0.256 -0.450 -0.439 -0.543 -0.496 -0.479 -0.365 -0.223 -0.071 -0.022 -0.147 -0.152 -0.004 -0.061 -0.159 -0.052  0.014 -0.091 -0.109 -0.237 -0.329 -0.409 -0.543 -0.639 -0.570 -0.485 -0.358 -0.218 -0.150  0.005  0.070  0.022  0.111  0.079 -0.025  0.017 -0.182 -0.127
 -0.166 -0.187 -0.189 -0.417 -0.498 -0.659 -0.595 -0.489 -0.395 -0.563 -0.646 -0.744 -0.847 -0.839 -0.752 -0.864 -0.830 -0.100  0.517  0.548  0.734  0.660  0.550  0.564  0.534  0.499 -0.021  0.114 -0.621 -0.886 -0.828 -0.635 -0.470 -0.270 -0.201 -0.094  0.276  0.358  0.181  0.335  0.571  0.732  0.938  1.000  0.913  0.845  0.924  0.993  0.959  0.885  0.760  0.584  0.329  0.039 -0.322 -0.692 -0.608 -0.663 -0.583 -0.632 -0.635 -0.651 -0.543 -0.560 -0.439 -0.312 -0.327 -0.182 -0.151 -0.217 -0.099 -0.047 -0.099  0.005  0.050 -0.006 -0.081  0.083  0.077 -0.031 -0.094 -0.109 -0.223 -0.251 -0.385 -0.487 -0.361 -0.390 -0.264 -0.248 -0.101  0.063  0.194  0.235  0.102  0.070  0.200  0.146  0.024  0.095  0.170  0.065  0.008 -0.106 -0.227 -0.298 -0.417 -0.544 -0.529 -0.431 -0.329 -0.169 -0.069  0.051  0.156  0.179  0.305  0.338  0.267  0.345  0.161  0.192
  0.178  0.187  0.151 -0.084 -0.127 -0.310 -0.250 -0.152 -0.103 -0.319 -0.378 -0.477 -0.606 -0.571 -0.467 -0.766 -0.906 -0.307  0.182  0.236  0.461  0.389  0.321  0.390  0.369  0.481  0.105  0.437 -0.296 -0.723 -0.895 -0.696 -0.433 -0.392 -0.431 -0.218  0.147  0.080 -0.054  0.175  0.346  0.593  0.792  0.913  1.000  0.928  0.897  0.926  0.783  0.628  0.437  0.212 -0.075 -0.359 -0.647 -0.886 -0.717 -0.706 -0.547 -0.588 -0.346 -0.392 -0.293 -0.379 -0.262 -0.103 -0.169 -0.071 -0.107 -0.188 -0.096 -0.003 -0.007  0.115  0.128  0.075 -0.058  0.068 -0.025 -0.183 -0.310 -0.396 -0.535 -0.596 -0.712 -0.752 -0.585 -0.524 -0.324 -0.316 -0.152  0.020  0.096  0.121 -0.012 -0.082  0.009 -0.036 -0.173 -0.151 -0.074 -0.168 -0.257 -0.340 -0.463 -0.507 -0.572 -0.685 -0.728 -0.653 -0.599 -0.460 -0.354 -0.276 -0.152 -0.066  0.096  0.221  0.213  0.404  0.350  0.469
  0.356  0.309  0.334  0.109 -0.027 -0.283 -0.319 -0.273 -0.311 -0.519 -0.528 -0.566 -0.641 -0.492 -0.329 -0.552 -0.750  0.004  0.317  0.396  0.575  0.546  0.548  0.636  0.626  0.759  0.440  0.556 -0.364 -0.787 -0.969 -0.901 -0.717 -0.679 -0.677 -0.545 -0.201 -0.183 -0.352 -0.163  0.065  0.308  0.621  0.845  0.928  1.000  0.962  0.883  0.772  0.547  0.377  0.213 -0.058 -0.332 -0.501 -0.727 -0.429 -0.409 -0.218 -0.269 -0.159 -0.162 -0.028 -0.076  0.059  0.210  0.167  0.282  0.259  0.179  0.271  0.358  0.348  0.458  0.475  0.427  0.308  0.425  0.326  0.161  0.005 -0.138 -0.324 -0.466 -0.625 -0.567 -0.306 -0.196  0.038  0.045  0.214  0.379  0.436  0.453  0.334  0.257  0.323  0.287  0.150  0.142  0.215  0.135  0.025 -0.037 -0.171 -0.206 -0.258 -0.394 -0.476 -0.390 -0.360 -0.214 -0.090 -0.055  0.089  0.222  0.388  0.536  0.546  0.707  0.634  0.670
  0.125  0.061  0.103 -0.125 -0.281 -0.523 -0.549 -0.491 -0.493 -0.677 -0.706 -0.752 -0.816 -0.691 -0.540 -0.653 -0.737  0.112  0.533  0.598  0.761  0.726  0.695  0.747  0.730  0.767  0.338  0.342 -0.587 -0.914 -0.948 -0.870 -0.740 -0.597 -0.525 -0.453 -0.096  0.016 -0.183 -0.036  0.236  0.429  0.744  0.924  0.897  0.962  1.000  0.953  0.909  0.737  0.604  0.464  0.205 -0.081 -0.312 -0.632 -0.394 -0.417 -0.275 -0.332 -0.369 -0.357 -0.216 -0.222 -0.083  0.052  0.040  0.188  0.207  0.134  0.246  0.309  0.267  0.370  0.408  0.356  0.271  0.417  0.373  0.237  0.122  0.027 -0.144 -0.261 -0.433 -0.423 -0.190 -0.139  0.048  0.061  0.223  0.388  0.484  0.513  0.391  0.337  0.432  0.388  0.258  0.285  0.359  0.268  0.178  0.092 -0.044 -0.098 -0.187 -0.335 -0.379 -0.275 -0.212 -0.048  0.073  0.141  0.274  0.366  0.512  0.601  0.568  0.662  0.501  0.485
 -0.093 -0.122 -0.119 -0.353 -0.447 -0.627 -0.578 -0.477 -0.402 -0.581 -0.654 -0.747 -0.847 -0.816 -0.715 -0.840 -0.839 -0.079  0.506  0.549  0.737  0.669  0.574  0.598  0.570  0.555  0.049  0.170 -0.614 -0.904 -0.875 -0.698 -0.531 -0.349 -0.281 -0.172  0.201  0.283  0.101  0.261  0.504  0.677  0.907  0.993  0.926  0.883  0.953  1.000  0.958  0.859  0.725  0.551  0.287 -0.008 -0.346 -0.708 -0.589 -0.634 -0.537 -0.587 -0.581 -0.594 -0.479 -0.497 -0.370 -0.238 -0.255 -0.110 -0.085 -0.155 -0.037  0.020 -0.027  0.080  0.123  0.066 -0.016  0.146  0.127  0.009 -0.069 -0.102 -0.230 -0.277 -0.421 -0.501 -0.350 -0.359 -0.215 -0.200 -0.046  0.122  0.246  0.285  0.151  0.112  0.236  0.184  0.057  0.118  0.195  0.091  0.024 -0.085 -0.211 -0.279 -0.390 -0.523 -0.524 -0.424 -0.330 -0.167 -0.061  0.049  0.163  0.203  0.337  0.386  0.324  0.413  0.236  0.263
 -0.285 -0.343 -0.306 -0.516 -0.644 -0.808 -0.778 -0.690 -0.606 -0.737 -0.811 -0.886 -0.950 -0.919 -0.826 -0.801 -0.694  0.124  0.717  0.747  0.885  0.829  0.726  0.714  0.684  0.575  0.021 -0.041 -0.798 -0.956 -0.775 -0.640 -0.567 -0.293 -0.150 -0.136  0.207  0.401  0.197  0.286  0.564  0.665  0.902  0.959  0.783  0.772  0.909  0.958  1.000  0.950  0.875  0.760  0.541  0.267 -0.072 -0.491 -0.416 -0.500 -0.458 -0.512 -0.696 -0.681 -0.561 -0.524 -0.402 -0.303 -0.280 -0.111 -0.041 -0.094  0.033  0.056 -0.022  0.063  0.125  0.072  0.038  0.211  0.251  0.175  0.141  0.148  0.038  0.002 -0.151 -0.248 -0.119 -0.179 -0.090 -0.072  0.060  0.208  0.356  0.402  0.281  0.269  0.405  0.352  0.246  0.330  0.398  0.298  0.254  0.136  0.019 -0.059 -0.196 -0.333 -0.301 -0.191 -0.077  0.089  0.185  0.307  0.403  0.406  0.506  0.493  0.396  0.397  0.142  0.091
 -0.558 -0.597 -0.575 -0.749 -0.833 -0.916 -0.839 -0.734 -0.590 -0.670 -0.773 -0.866 -0.930 -0.980 -0.945 -0.839 -0.603  0.080  0.748  0.745  0.856  0.786  0.637  0.580  0.544  0.344 -0.239 -0.312 -0.843 -0.867 -0.558 -0.382 -0.347 -0.011  0.158  0.140  0.438  0.654  0.474  0.518  0.763  0.790  0.931  0.885  0.628  0.547  0.737  0.859  0.950  1.000  0.971  0.877  0.709  0.473  0.083 -0.358 -0.420 -0.538 -0.573 -0.617 -0.867 -0.856 -0.768 -0.711 -0.616 -0.552 -0.511 -0.349 -0.253 -0.288 -0.164 -0.170 -0.263 -0.198 -0.128 -0.176 -0.173  0.000  0.095  0.069  0.098  0.181  0.132  0.166  0.049 -0.122 -0.093 -0.228 -0.221 -0.200 -0.105  0.015  0.185  0.238  0.131  0.150  0.301  0.247  0.169  0.287  0.344  0.246  0.242  0.112  0.023 -0.064 -0.220 -0.331 -0.246 -0.145 -0.006  0.142  0.208  0.359  0.415  0.352  0.408  0.323  0.191  0.133 -0.156 -0.214
 -0.687 -0.741 -0.696 -0.827 -0.923 -0.973 -0.913 -0.827 -0.682 -0.710 -0.807 -0.875 -0.906 -0.962 -0.945 -0.724 -0.412  0.225  0.839  0.819  0.876  0.820  0.673  0.589  0.556  0.293 -0.270 -0.472 -0.896 -0.799 -0.389 -0.258 -0.304  0.077  0.288  0.195  0.432  0.713  0.539  0.518  0.759  0.718  0.836  0.760  0.437  0.377  0.604  0.725  0.875  0.971  1.000  0.962  0.853  0.665  0.307 -0.135 -0.243 -0.383 -0.468 -0.510 -0.888 -0.857 -0.780 -0.683 -0.607 -0.579 -0.509 -0.348 -0.223 -0.239 -0.123 -0.158 -0.266 -0.228 -0.150 -0.190 -0.144  0.019  0.157  0.173  0.242  0.358  0.336  0.386  0.279  0.102  0.097 -0.073 -0.120 -0.099 -0.036  0.051  0.225  0.277  0.194  0.237  0.383  0.334  0.284  0.412  0.455  0.370  0.390  0.265  0.197  0.109 -0.052 -0.151 -0.043  0.055  0.198  0.329  0.377  0.526  0.557  0.462  0.480  0.347  0.198  0.070 -0.253 -0.364
 -0.730 -0.811 -0.732 -0.814 -0.941 -0.977 -0.960 -0.909 -0.793 -0.768 -0.842 -0.872 -0.853 -0.883 -0.869 -0.528 -0.174  0.430  0.919  0.893  0.885  0.856  0.738  0.636  0.609  0.301 -0.202 -0.581 -0.931 -0.719 -0.233 -0.185 -0.328  0.076  0.331  0.150  0.311  0.666  0.496  0.403  0.645  0.539  0.659  0.584  0.212  0.213  0.464  0.551  0.760  0.877  0.962  1.000  0.956  0.824  0.545  0.125  0.012 -0.140 -0.261 -0.300 -0.819 -0.759 -0.686 -0.546 -0.485 -0.496 -0.395 -0.237 -0.087 -0.084  0.021 -0.043 -0.163 -0.155 -0.071 -0.100 -0.013  0.132  0.302  0.356  0.452  0.579  0.573  0.613  0.510  0.361  0.348  0.165  0.077  0.098  0.128  0.178  0.343  0.392  0.339  0.399  0.528  0.488  0.468  0.591  0.618  0.553  0.590  0.480  0.432  0.350  0.194  0.105  0.220  0.313  0.447  0.560  0.592  0.721  0.731  0.624  0.605  0.437  0.283  0.086 -0.260 -0.441
 -0.806 -0.889 -0.797 -0.809 -0.924 -0.903 -0.902 -0.880 -0.773 -0.682 -0.741 -0.740 -0.684 -0.728 -0.745 -0.309  0.099  0.528  0.884  0.836  0.761  0.751  0.648  0.524  0.503  0.157 -0.245 -0.719 -0.850 -0.507  0.039  0.032 -0.190  0.212  0.479  0.232  0.288  0.666  0.534  0.372  0.565  0.384  0.442  0.329 -0.075 -0.058  0.205  0.287  0.541  0.709  0.853  0.956  1.000  0.952  0.750  0.393  0.222  0.063 -0.109 -0.137 -0.736 -0.663 -0.619 -0.452 -0.426 -0.485 -0.362 -0.232 -0.068 -0.041  0.039 -0.055 -0.177 -0.204 -0.123 -0.136 -0.006  0.103  0.305  0.408  0.545  0.703  0.740  0.803  0.734  0.591  0.524  0.317  0.166  0.185  0.165  0.164  0.310  0.352  0.338  0.421  0.525  0.499  0.519  0.639  0.644  0.605  0.670  0.583  0.571  0.501  0.361  0.305  0.438  0.509  0.631  0.703  0.703  0.813  0.785  0.648  0.579  0.369  0.215 -0.043 -0.379 -0.596
 -0.815 -0.889 -0.793 -0.733 -0.823 -0.744 -0.757 -0.768 -0.678 -0.525 -0.565 -0.532 -0.445 -0.503 -0.549 -0.056  0.374  0.577  0.766  0.699  0.562  0.571  0.492  0.356  0.344 -0.010 -0.269 -0.789 -0.683 -0.238  0.322  0.259 -0.021  0.343  0.595  0.305  0.248  0.613  0.532  0.314  0.438  0.197  0.184  0.039 -0.359 -0.332 -0.081 -0.008  0.267  0.473  0.665  0.824  0.952  1.000  0.892  0.633  0.415  0.263  0.051  0.037 -0.587 -0.507 -0.498 -0.319 -0.331 -0.434 -0.302 -0.212 -0.050  0.000  0.046 -0.070 -0.181 -0.244 -0.173 -0.168 -0.007  0.057  0.273  0.418  0.585  0.762  0.841  0.923  0.897  0.773  0.653  0.440  0.236  0.252  0.181  0.127  0.240  0.271  0.299  0.398  0.467  0.456  0.517  0.624  0.604  0.595  0.685  0.628  0.656  0.605  0.493  0.479  0.618  0.659  0.758  0.781  0.748  0.828  0.764  0.607  0.494  0.259  0.119 -0.176 -0.470 -0.703
 -0.535 -0.635 -0.506 -0.372 -0.494 -0.427 -0.532 -0.613 -0.629 -0.433 -0.405 -0.297 -0.150 -0.121 -0.142  0.384  0.713  0.777  0.619  0.564  0.351  0.412  0.428  0.319  0.327  0.044  0.023 -0.632 -0.450  0.026  0.492  0.279 -0.077  0.178  0.407  0.059 -0.120  0.237  0.195 -0.074  0.003 -0.259 -0.251 -0.322 -0.647 -0.501 -0.312 -0.346 -0.072  0.083  0.307  0.545  0.750  0.892  1.000  0.897  0.773  0.662  0.474  0.469 -0.184 -0.074 -0.072  0.121  0.084 -0.052  0.086  0.132  0.275  0.341  0.343  0.220  0.133  0.037  0.089  0.115  0.292  0.289  0.477  0.633  0.779  0.897  0.967  0.990  0.979  0.973  0.897  0.754  0.561  0.569  0.463  0.358  0.402  0.410  0.487  0.579  0.581  0.594  0.687  0.737  0.692  0.728  0.810  0.811  0.865  0.850  0.797  0.808  0.898  0.912  0.949  0.924  0.876  0.877  0.802  0.692  0.555  0.356  0.269 -0.037 -0.251 -0.527
 -0.278 -0.349 -0.240 -0.035 -0.105  0.004 -0.121 -0.242 -0.313 -0.090 -0.022  0.117  0.282  0.321  0.280  0.724  0.938  0.673  0.241  0.186 -0.062  0.022  0.098  0.018  0.041 -0.140  0.097 -0.469 -0.036  0.425  0.730  0.460  0.116  0.210  0.345  0.030 -0.271 -0.039  0.005 -0.265 -0.308 -0.568 -0.636 -0.692 -0.886 -0.727 -0.632 -0.708 -0.491 -0.358 -0.135  0.125  0.393  0.633  0.897  1.000  0.896  0.842  0.675  0.691  0.197  0.292  0.250  0.402  0.323  0.166  0.276  0.245  0.336  0.415  0.362  0.248  0.207  0.088  0.105  0.151  0.317  0.238  0.375  0.536  0.664  0.745  0.838  0.852  0.899  0.962  0.866  0.786  0.596  0.594  0.449  0.296  0.264  0.248  0.368  0.448  0.384  0.420  0.543  0.541  0.473  0.550  0.632  0.688  0.782  0.806  0.823  0.886  0.938  0.904  0.882  0.790  0.713  0.651  0.552  0.470  0.315  0.160  0.135 -0.126 -0.198 -0.425
  0.091 -0.024  0.126  0.291  0.132  0.117 -0.097 -0.255 -0.426 -0.262 -0.143  0.041  0.224  0.399  0.448  0.828  0.877  0.844  0.276  0.268  0.036  0.150  0.302  0.280  0.315  0.242  0.521 -0.115 -0.030  0.276  0.436  0.074 -0.255 -0.227 -0.101 -0.409 -0.657 -0.416 -0.416 -0.648 -0.623 -0.797 -0.708 -0.608 -0.717 -0.429 -0.394 -0.589 -0.416 -0.420 -0.243  0.012  0.222  0.415  0.773  0.896  1.000  0.985  0.919  0.918  0.441  0.558  0.572  0.716  0.677  0.559  0.658  0.646  0.714  0.771  0.725  0.642  0.614  0.515  0.526  0.567  0.695  0.616  0.691  0.790  0.833  0.807  0.809  0.714  0.700  0.882  0.937  0.961  0.878  0.875  0.776  0.655  0.595  0.569  0.676  0.718  0.630  0.670  0.759  0.708  0.654  0.729  0.757  0.832  0.886  0.922  0.962  0.985  0.962  0.945  0.888  0.824  0.790  0.682  0.638  0.651  0.549  0.484  0.503  0.299  0.252  0.001
  0.238  0.130  0.271  0.438  0.289  0.262  0.039 -0.126 -0.321 -0.171 -0.039  0.148  0.327  0.519  0.576  0.891  0.868  0.785  0.146  0.149 -0.073  0.045  0.220  0.221  0.259  0.243  0.590  0.008  0.095  0.347  0.417  0.046 -0.255 -0.290 -0.203 -0.478 -0.735 -0.546 -0.529 -0.737 -0.737 -0.881 -0.790 -0.663 -0.706 -0.409 -0.417 -0.634 -0.500 -0.538 -0.383 -0.140  0.063  0.263  0.662  0.842  0.985  1.000  0.965  0.968  0.575  0.684  0.694  0.815  0.774  0.665  0.747  0.716  0.759  0.811  0.752  0.685  0.676  0.580  0.579  0.622  0.730  0.634  0.675  0.755  0.774  0.716  0.708  0.595  0.586  0.800  0.876  0.938  0.884  0.878  0.784  0.662  0.577  0.544  0.655  0.682  0.575  0.620  0.705  0.633  0.578  0.660  0.675  0.765  0.820  0.868  0.932  0.961  0.913  0.886  0.807  0.733  0.700  0.571  0.534  0.574  0.484  0.455  0.501  0.335  0.340  0.116
  0.465  0.353  0.491  0.621  0.453  0.367  0.121 -0.046 -0.280 -0.181 -0.032  0.154  0.321  0.565  0.661  0.878  0.744  0.746  0.075  0.105 -0.081  0.041  0.245  0.285  0.327  0.394  0.761  0.240  0.159  0.281  0.227 -0.151 -0.396 -0.492 -0.441 -0.666 -0.875 -0.732 -0.728 -0.883 -0.866 -0.938 -0.784 -0.583 -0.547 -0.218 -0.275 -0.537 -0.458 -0.573 -0.468 -0.261 -0.109  0.051  0.474  0.675  0.919  0.965  1.000  0.997  0.701  0.805  0.835  0.927  0.909  0.835  0.892  0.862  0.876  0.910  0.854  0.817  0.825  0.751  0.740  0.778  0.846  0.750  0.739  0.772  0.737  0.618  0.564  0.401  0.370  0.633  0.781  0.905  0.922  0.913  0.854  0.761  0.659  0.620  0.714  0.713  0.597  0.641  0.700  0.600  0.556  0.634  0.615  0.713  0.744  0.799  0.880  0.889  0.798  0.776  0.679  0.619  0.611  0.462  0.458  0.553  0.503  0.539  0.615  0.516  0.559  0.364
  0.463  0.358  0.489  0.629  0.477  0.406  0.166 -0.000 -0.231 -0.125  0.023  0.206  0.373  0.607  0.691  0.902  0.767  0.712  0.024  0.052 -0.139 -0.016  0.188  0.225  0.267  0.336  0.728  0.222  0.204  0.337  0.277 -0.098 -0.341 -0.451 -0.410 -0.630 -0.857 -0.730 -0.711 -0.869 -0.872 -0.951 -0.820 -0.632 -0.588 -0.269 -0.332 -0.587 -0.512 -0.617 -0.510 -0.300 -0.137  0.037  0.469  0.691  0.918  0.968  0.997  1.000  0.723  0.822  0.842  0.929  0.902  0.823  0.878  0.837  0.847  0.884  0.822  0.783  0.796  0.718  0.703  0.743  0.812  0.708  0.697  0.735  0.705  0.591  0.547  0.394  0.375  0.634  0.766  0.888  0.897  0.887  0.821  0.720  0.611  0.571  0.671  0.672  0.550  0.597  0.661  0.560  0.513  0.595  0.581  0.683  0.722  0.780  0.866  0.885  0.796  0.768  0.666  0.598  0.582  0.430  0.418  0.508  0.452  0.486  0.564  0.466  0.524  0.337
  0.818  0.813  0.851  0.937  0.905  0.847  0.704  0.574  0.370  0.373  0.503  0.613  0.690  0.878  0.934  0.786  0.447  0.099 -0.573 -0.526 -0.601 -0.516 -0.321 -0.218 -0.177  0.087  0.607  0.600  0.704  0.571  0.182 -0.052 -0.065 -0.391 -0.546 -0.529 -0.718 -0.887 -0.785 -0.783 -0.919 -0.858 -0.822 -0.635 -0.346 -0.159 -0.369 -0.581 -0.696 -0.867 -0.888 -0.819 -0.736 -0.587 -0.184  0.197  0.441  0.575  0.701  0.723  1.000  0.976  0.941  0.882  0.844  0.827  0.781  0.669  0.571  0.578  0.489  0.524  0.609  0.577  0.514  0.545  0.505  0.365  0.229  0.193  0.089 -0.076 -0.122 -0.259 -0.223  0.031  0.149  0.356  0.451  0.431  0.402  0.336  0.171  0.119  0.194  0.141 -0.005  0.042  0.073 -0.069 -0.105 -0.025 -0.074  0.050  0.086  0.169  0.314  0.366  0.227  0.161  0.019 -0.075 -0.088 -0.254 -0.250 -0.108 -0.103  0.051  0.200  0.300  0.557  0.580
  0.810  0.780  0.830  0.934  0.880  0.811  0.634  0.496  0.265  0.286  0.430  0.562  0.658  0.864  0.936  0.846  0.519  0.236 -0.476 -0.428 -0.527 -0.430 -0.220 -0.121 -0.078  0.170  0.688  0.579  0.635  0.536  0.183 -0.094 -0.150 -0.454 -0.577 -0.603 -0.802 -0.919 -0.833 -0.859 -0.968 -0.925 -0.857 -0.651 -0.392 -0.162 -0.357 -0.594 -0.681 -0.856 -0.857 -0.759 -0.663 -0.507 -0.074  0.292  0.558  0.684  0.805  0.822  0.976  1.000  0.983  0.951  0.918  0.891  0.862  0.759  0.674  0.685  0.597  0.621  0.699  0.658  0.601  0.637  0.613  0.475  0.352  0.322  0.222  0.049 -0.006 -0.158 -0.135  0.139  0.277  0.484  0.577  0.558  0.523  0.450  0.286  0.234  0.315  0.268  0.119  0.168  0.204  0.061  0.023  0.106  0.058  0.184  0.218  0.301  0.443  0.487  0.346  0.286  0.142  0.052  0.041 -0.134 -0.127  0.018  0.016  0.160  0.306  0.378  0.610  0.593
  0.845  0.793  0.860  0.942  0.851  0.739  0.537  0.396  0.146  0.150  0.301  0.444  0.543  0.781  0.886  0.804  0.458  0.325 -0.365 -0.307 -0.397 -0.296 -0.078  0.030  0.074  0.327  0.795  0.638  0.535  0.400  0.049 -0.245 -0.303 -0.586 -0.686 -0.723 -0.880 -0.961 -0.908 -0.926 -0.986 -0.921 -0.790 -0.543 -0.293 -0.028 -0.216 -0.479 -0.561 -0.768 -0.780 -0.686 -0.619 -0.498 -0.072  0.250  0.572  0.694  0.835  0.842  0.941  0.983  1.000  0.977  0.965  0.954  0.930  0.851  0.773  0.776  0.701  0.731  0.801  0.768  0.719  0.750  0.721  0.601  0.474  0.426  0.307  0.111  0.026 -0.155 -0.163  0.130  0.316  0.538  0.659  0.642  0.627  0.572  0.420  0.369  0.438  0.384  0.243  0.289  0.309  0.164  0.135  0.209  0.146  0.263  0.279  0.355  0.487  0.507  0.354  0.310  0.171  0.104  0.112 -0.061 -0.033  0.131  0.147  0.304  0.447  0.523  0.726  0.688
  0.749  0.670  0.765  0.860  0.733  0.619  0.391  0.240 -0.017  0.016  0.172  0.335  0.457  0.712  0.825  0.848  0.563  0.498 -0.205 -0.152 -0.277 -0.164  0.058  0.147  0.191  0.387  0.828  0.527  0.400  0.345  0.088 -0.247 -0.375 -0.598 -0.643 -0.749 -0.923 -0.920 -0.888 -0.954 -0.981 -0.959 -0.805 -0.560 -0.379 -0.076 -0.222 -0.497 -0.524 -0.711 -0.683 -0.546 -0.452 -0.319  0.121  0.402  0.716  0.815  0.927  0.929  0.882  0.951  0.977  1.000  0.989  0.956  0.962  0.901  0.853  0.865  0.797  0.805  0.855  0.809  0.772  0.806  0.809  0.696  0.605  0.582  0.485  0.307  0.225  0.040  0.018  0.313  0.499  0.696  0.788  0.775  0.746  0.680  0.541  0.494  0.571  0.533  0.398  0.444  0.475  0.342  0.308  0.384  0.332  0.445  0.463  0.534  0.652  0.665  0.526  0.491  0.362  0.298  0.304  0.133  0.155  0.304  0.301  0.422  0.546  0.562  0.712  0.612
  0.781  0.690  0.793  0.856  0.704  0.551  0.314  0.169 -0.094 -0.085  0.069  0.226  0.343  0.623  0.759  0.770  0.469  0.529 -0.127 -0.063 -0.168 -0.057  0.166  0.264  0.305  0.508  0.895  0.582  0.315  0.215 -0.048 -0.381 -0.495 -0.700 -0.732 -0.833 -0.959 -0.936 -0.933 -0.981 -0.967 -0.919 -0.714 -0.439 -0.262  0.059 -0.083 -0.370 -0.402 -0.616 -0.607 -0.485 -0.426 -0.331  0.084  0.323  0.677  0.774  0.909  0.902  0.844  0.918  0.965  0.989  1.000  0.985  0.990  0.950  0.905  0.907  0.853  0.871  0.915  0.882  0.851  0.878  0.869  0.775  0.677  0.634  0.520  0.325  0.216  0.010 -0.039  0.264  0.488  0.695  0.816  0.804  0.799  0.755  0.628  0.584  0.646  0.599  0.476  0.516  0.529  0.397  0.373  0.438  0.372  0.475  0.473  0.538  0.645  0.637  0.488  0.468  0.344  0.304  0.327  0.162  0.204  0.370  0.387  0.523  0.644  0.673  0.800  0.694
  0.851  0.764  0.859  0.886  0.729  0.544  0.314  0.181 -0.081 -0.111  0.038  0.181  0.277  0.568  0.723  0.667  0.321  0.463 -0.136 -0.060 -0.126 -0.025  0.194  0.308  0.348  0.585  0.932  0.687  0.304  0.120 -0.197 -0.501 -0.564 -0.782 -0.832 -0.889 -0.960 -0.964 -0.976 -0.981 -0.947 -0.851 -0.615 -0.312 -0.103  0.210  0.052 -0.238 -0.303 -0.552 -0.579 -0.496 -0.485 -0.434 -0.052  0.166  0.559  0.665  0.835  0.823  0.827  0.891  0.954  0.956  0.985  1.000  0.989  0.959  0.901  0.889  0.846  0.883  0.932  0.919  0.887  0.906  0.870  0.791  0.669  0.595  0.453  0.235  0.101 -0.121 -0.186  0.120  0.377  0.605  0.766  0.754  0.777  0.761  0.639  0.597  0.638  0.576  0.461  0.496  0.486  0.351  0.340  0.391  0.307  0.401  0.380  0.441  0.545  0.520  0.357  0.346  0.225  0.203  0.245  0.086  0.150  0.337  0.384  0.550  0.677  0.748  0.881  0.802
  0.772  0.666  0.781  0.820  0.639  0.457  0.211  0.070 -0.194 -0.202 -0.050  0.106  0.222  0.521  0.676  0.696  0.396  0.580 -0.025  0.047 -0.045  0.064  0.284  0.383  0.423  0.616  0.941  0.595  0.208  0.087 -0.159 -0.491 -0.604 -0.778 -0.788 -0.895 -0.980 -0.925 -0.951 -0.991 -0.935 -0.872 -0.624 -0.327 -0.169  0.167  0.040 -0.255 -0.280 -0.511 -0.509 -0.395 -0.362 -0.302  0.086  0.276  0.658  0.747  0.892  0.878  0.781  0.862  0.930  0.962  0.990  0.989  1.000  0.983  0.947  0.943  0.904  0.925  0.959  0.935  0.913  0.934  0.921  0.847  0.752  0.698  0.574  0.371  0.242  0.019 -0.054  0.250  0.504  0.712  0.849  0.840  0.853  0.827  0.716  0.676  0.724  0.675  0.564  0.599  0.599  0.473  0.457  0.511  0.436  0.527  0.509  0.565  0.657  0.628  0.477  0.472  0.360  0.341  0.379  0.224  0.282  0.455  0.486  0.625  0.736  0.763  0.856  0.734
  0.712  0.585  0.719  0.727  0.510  0.295  0.042 -0.091 -0.348 -0.370 -0.226 -0.074  0.045  0.361  0.535  0.590  0.319  0.662  0.139  0.217  0.135  0.242  0.451  0.544  0.579  0.741  0.972  0.559  0.038 -0.087 -0.279 -0.608 -0.733 -0.848 -0.817 -0.945 -0.981 -0.867 -0.933 -0.974 -0.861 -0.794 -0.494 -0.182 -0.071  0.282  0.188 -0.110 -0.111 -0.349 -0.348 -0.237 -0.232 -0.212  0.132  0.245  0.646  0.716  0.862  0.837  0.669  0.759  0.851  0.901  0.950  0.959  0.983  1.000  0.985  0.974  0.960  0.978  0.994  0.979  0.970  0.982  0.973  0.928  0.849  0.788  0.663  0.461  0.312  0.078 -0.027  0.269  0.550  0.744  0.891  0.885  0.918  0.912  0.827  0.795  0.828  0.780  0.691  0.718  0.704  0.592  0.586  0.625  0.545  0.617  0.579  0.621  0.688  0.632  0.488  0.505  0.412  0.423  0.477  0.340  0.411  0.584  0.626  0.755  0.846  0.856  0.892  0.741
  0.588  0.444  0.597  0.609  0.368  0.156 -0.105 -0.241 -0.485 -0.489 -0.350 -0.191 -0.056  0.261  0.431  0.568  0.361  0.772  0.285  0.357  0.256  0.365  0.563  0.636  0.669  0.773  0.949  0.438 -0.099 -0.158 -0.259 -0.602 -0.773 -0.824 -0.746 -0.923 -0.960 -0.778 -0.865 -0.939 -0.795 -0.761 -0.449 -0.151 -0.107  0.259  0.207 -0.085 -0.041 -0.253 -0.223 -0.087 -0.068 -0.050  0.275  0.336  0.714  0.759  0.876  0.847  0.571  0.674  0.773  0.853  0.905  0.901  0.947  0.985  1.000  0.996  0.993  0.992  0.987  0.965  0.969  0.980  0.996  0.966  0.922  0.879  0.777  0.600  0.456  0.228  0.111  0.391  0.664  0.826  0.947  0.944  0.971  0.961  0.897  0.871  0.905  0.872  0.796  0.821  0.813  0.718  0.711  0.747  0.677  0.738  0.700  0.732  0.778  0.713  0.589  0.617  0.542  0.562  0.616  0.492  0.557  0.709  0.737  0.830  0.897  0.859  0.840  0.647
  0.547  0.403  0.561  0.593  0.355  0.161 -0.102 -0.246 -0.489 -0.470 -0.330 -0.163 -0.017  0.291  0.451  0.621  0.436  0.800  0.285  0.350  0.230  0.343  0.543  0.607  0.640  0.727  0.925  0.384 -0.089 -0.105 -0.179 -0.535 -0.730 -0.776 -0.691 -0.889 -0.954 -0.761 -0.839 -0.934 -0.802 -0.793 -0.500 -0.217 -0.188  0.179  0.134 -0.155 -0.094 -0.288 -0.239 -0.084 -0.041  0.000  0.341  0.415  0.771  0.811  0.910  0.884  0.578  0.685  0.776  0.865  0.907  0.889  0.943  0.974  0.996  1.000  0.990  0.979  0.972  0.939  0.943  0.959  0.989  0.950  0.919  0.892  0.805  0.640  0.511  0.291  0.185  0.461  0.716  0.867  0.967  0.963  0.976  0.951  0.885  0.858  0.902  0.876  0.796  0.824  0.828  0.735  0.722  0.764  0.704  0.769  0.742  0.776  0.824  0.769  0.652  0.675  0.599  0.609  0.652  0.526  0.580  0.719  0.731  0.809  0.873  0.814  0.792  0.587
  0.503  0.350  0.515  0.520  0.263  0.048 -0.210 -0.343 -0.574 -0.574 -0.443 -0.286 -0.144  0.171  0.340  0.519  0.352  0.823  0.383  0.453  0.348  0.455  0.642  0.702  0.732  0.799  0.924  0.362 -0.200 -0.229 -0.273 -0.613 -0.804 -0.810 -0.704 -0.904 -0.928 -0.706 -0.810 -0.897 -0.728 -0.710 -0.387 -0.099 -0.096  0.271  0.246 -0.037  0.033 -0.164 -0.123  0.021  0.039  0.046  0.343  0.362  0.725  0.752  0.854  0.822  0.489  0.597  0.701  0.797  0.853  0.846  0.904  0.960  0.993  0.990  1.000  0.991  0.971  0.948  0.961  0.968  0.996  0.980  0.956  0.922  0.832  0.670  0.528  0.304  0.177  0.441  0.711  0.852  0.961  0.959  0.988  0.981  0.935  0.915  0.945  0.919  0.856  0.877  0.869  0.788  0.783  0.813  0.748  0.798  0.756  0.778  0.807  0.734  0.623  0.662  0.601  0.633  0.688  0.578  0.642  0.781  0.804  0.876  0.926  0.863  0.805  0.590
  0.594  0.448  0.601  0.583  0.333  0.099 -0.154 -0.277 -0.515 -0.545 -0.413 -0.268 -0.142  0.181  0.362  0.477  0.261  0.751  0.323  0.403  0.325  0.427  0.617  0.694  0.724  0.831  0.957  0.463 -0.156 -0.253 -0.360 -0.682 -0.831 -0.868 -0.787 -0.948 -0.944 -0.759 -0.864 -0.918 -0.749 -0.693 -0.357 -0.047 -0.003  0.358  0.309  0.020  0.056 -0.170 -0.158 -0.043 -0.055 -0.070  0.220  0.248  0.642  0.685  0.817  0.783  0.524  0.621  0.731  0.805  0.871  0.883  0.925  0.978  0.992  0.979  0.991  1.000  0.991  0.981  0.988  0.991  0.995  0.981  0.931  0.873  0.760  0.575  0.417  0.181  0.050  0.323  0.614  0.780  0.920  0.917  0.964  0.973  0.921  0.899  0.918  0.878  0.815  0.834  0.811  0.721  0.723  0.748  0.669  0.719  0.667  0.692  0.728  0.648  0.520  0.560  0.493  0.532  0.597  0.483  0.562  0.721  0.765  0.867  0.929  0.906  0.873  0.687
  0.683  0.550  0.690  0.676  0.445  0.214 -0.036 -0.162 -0.411 -0.446 -0.309 -0.164 -0.047  0.276  0.455  0.519  0.258  0.679  0.207  0.290  0.220  0.322  0.523  0.614  0.646  0.794  0.974  0.545 -0.043 -0.177 -0.348 -0.667 -0.789 -0.876 -0.830 -0.960 -0.967 -0.831 -0.917 -0.952 -0.812 -0.738 -0.416 -0.099 -0.007  0.348  0.267 -0.027 -0.022 -0.263 -0.266 -0.163 -0.177 -0.181  0.133  0.207  0.614  0.676  0.825  0.796  0.609  0.699  0.801  0.855  0.915  0.932  0.959  0.994  0.987  0.972  0.971  0.991  1.000  0.991  0.987  0.993  0.982  0.953  0.879  0.812  0.684  0.485  0.326  0.087 -0.033  0.254  0.548  0.736  0.889  0.885  0.931  0.937  0.867  0.840  0.862  0.813  0.736  0.759  0.736  0.632  0.632  0.662  0.578  0.639  0.591  0.625  0.679  0.610  0.468  0.497  0.414  0.441  0.503  0.377  0.457  0.630  0.680  0.806  0.887  0.893  0.903  0.746
  0.717  0.588  0.719  0.676  0.444  0.193 -0.047 -0.159 -0.401 -0.467 -0.337 -0.207 -0.108  0.217  0.407  0.424  0.140  0.622  0.209  0.299  0.259  0.352  0.544  0.645  0.675  0.842  0.981  0.605 -0.063 -0.255 -0.456 -0.747 -0.832 -0.921 -0.884 -0.983 -0.946 -0.827 -0.925 -0.929 -0.774 -0.667 -0.325  0.005  0.115  0.458  0.370  0.080  0.063 -0.198 -0.228 -0.155 -0.204 -0.244  0.037  0.088  0.515  0.580  0.751  0.718  0.577  0.658  0.768  0.809  0.882  0.919  0.935  0.979  0.965  0.939  0.948  0.981  0.991  1.000  0.996  0.995  0.964  0.949  0.861  0.773  0.628  0.417  0.242 -0.004 -0.135  0.147  0.459  0.657  0.836  0.832  0.899  0.927  0.864  0.839  0.845  0.786  0.720  0.737  0.697  0.594  0.604  0.623  0.527  0.579  0.517  0.546  0.595  0.513  0.365  0.401  0.323  0.366  0.441  0.324  0.418  0.603  0.673  0.818  0.899  0.935  0.945  0.808
  0.660  0.522  0.662  0.613  0.368  0.112 -0.129 -0.239 -0.474 -0.537 -0.411 -0.282 -0.180  0.146  0.340  0.388  0.133  0.669  0.290  0.379  0.336  0.428  0.612  0.706  0.733  0.874  0.973  0.558 -0.143 -0.316 -0.476 -0.768 -0.867 -0.923 -0.863 -0.979 -0.931 -0.780 -0.892 -0.906 -0.729 -0.632 -0.277  0.050  0.128  0.475  0.408  0.123  0.125 -0.128 -0.150 -0.071 -0.123 -0.173  0.089  0.105  0.526  0.579  0.740  0.703  0.514  0.601  0.719  0.772  0.851  0.887  0.913  0.970  0.969  0.943  0.961  0.988  0.987  0.996  1.000  0.998  0.974  0.971  0.897  0.814  0.677  0.474  0.298  0.053 -0.087  0.185  0.499  0.682  0.855  0.852  0.921  0.953  0.903  0.882  0.884  0.830  0.774  0.788  0.746  0.653  0.665  0.679  0.586  0.630  0.563  0.586  0.622  0.533  0.393  0.437  0.370  0.422  0.500  0.392  0.488  0.664  0.733  0.864  0.933  0.950  0.931  0.775
  0.666  0.529  0.668  0.635  0.396  0.149 -0.098 -0.214 -0.456 -0.506 -0.375 -0.238 -0.130  0.194  0.384  0.441  0.187  0.683  0.268  0.353  0.298  0.394  0.585  0.677  0.707  0.849  0.978  0.553 -0.109 -0.265 -0.426 -0.730 -0.841 -0.907 -0.850 -0.975 -0.948 -0.799 -0.902 -0.926 -0.762 -0.674 -0.330 -0.006  0.075  0.427  0.356  0.066  0.072 -0.176 -0.190 -0.100 -0.136 -0.168  0.115  0.151  0.567  0.622  0.778  0.743  0.545  0.637  0.750  0.806  0.878  0.906  0.934  0.982  0.980  0.959  0.968  0.991  0.993  0.995  0.998  1.000  0.982  0.970  0.897  0.821  0.688  0.487  0.316  0.074 -0.060  0.219  0.525  0.710  0.875  0.872  0.931  0.952  0.895  0.872  0.882  0.830  0.767  0.784  0.750  0.653  0.660  0.680  0.591  0.641  0.581  0.609  0.651  0.570  0.430  0.468  0.395  0.437  0.509  0.394  0.484  0.659  0.720  0.848  0.922  0.933  0.923  0.763
  0.547  0.398  0.556  0.556  0.304  0.082 -0.178 -0.308 -0.546 -0.553 -0.421 -0.265 -0.132  0.184  0.361  0.511  0.322  0.798  0.357  0.428  0.334  0.439  0.628  0.697  0.728  0.816  0.947  0.420 -0.172 -0.232 -0.307 -0.642 -0.815 -0.837 -0.743 -0.927 -0.940 -0.735 -0.839 -0.912 -0.745 -0.709 -0.380 -0.081 -0.058  0.308  0.271 -0.016  0.038 -0.173 -0.144 -0.013 -0.006 -0.007  0.292  0.317  0.695  0.730  0.846  0.812  0.505  0.613  0.721  0.809  0.869  0.870  0.921  0.973  0.996  0.989  0.996  0.995  0.982  0.964  0.974  0.982  1.000  0.984  0.947  0.903  0.802  0.629  0.479  0.250  0.122  0.392  0.671  0.825  0.948  0.946  0.981  0.980  0.930  0.907  0.933  0.901  0.837  0.857  0.843  0.757  0.754  0.783  0.712  0.763  0.717  0.742  0.776  0.702  0.583  0.620  0.555  0.588  0.647  0.534  0.605  0.754  0.786  0.873  0.930  0.885  0.841  0.639
  0.473  0.315  0.478  0.443  0.173 -0.071 -0.319 -0.431 -0.647 -0.676 -0.559 -0.421 -0.300  0.015  0.202  0.362  0.203  0.811  0.484  0.559  0.487  0.581  0.747  0.811  0.835  0.896  0.924  0.387 -0.317 -0.395 -0.427 -0.733 -0.895 -0.864 -0.742 -0.925 -0.881 -0.641 -0.778 -0.839 -0.625 -0.578 -0.217  0.083  0.068  0.425  0.417  0.146  0.211  0.000  0.019  0.132  0.103  0.057  0.289  0.238  0.616  0.634  0.750  0.708  0.365  0.475  0.601  0.696  0.775  0.791  0.847  0.928  0.966  0.950  0.980  0.981  0.953  0.949  0.971  0.970  0.984  1.000  0.975  0.921  0.819  0.654  0.491  0.262  0.110  0.355  0.648  0.785  0.916  0.918  0.973  0.996  0.975  0.962  0.967  0.935  0.897  0.907  0.876  0.808  0.817  0.827  0.752  0.781  0.717  0.727  0.734  0.638  0.530  0.586  0.543  0.604  0.678  0.590  0.675  0.818  0.864  0.943  0.980  0.930  0.839  0.627
  0.277  0.108  0.285  0.267 -0.012 -0.228 -0.470 -0.580 -0.770 -0.763 -0.658 -0.518 -0.379 -0.089  0.079  0.343  0.282  0.907  0.628  0.687  0.586  0.679  0.824  0.854  0.874  0.854  0.828  0.189 -0.455 -0.426 -0.334 -0.644 -0.865 -0.757 -0.584 -0.825 -0.799 -0.487 -0.635 -0.744 -0.513 -0.523 -0.179  0.077 -0.025  0.326  0.373  0.127  0.251  0.095  0.157  0.302  0.305  0.273  0.477  0.375  0.691  0.675  0.739  0.697  0.229  0.352  0.474  0.605  0.677  0.669  0.752  0.849  0.922  0.919  0.956  0.931  0.879  0.861  0.897  0.897  0.947  0.975  1.000  0.981  0.921  0.801  0.662  0.459  0.308  0.518  0.773  0.858  0.938  0.943  0.979  0.988  0.992  0.985  0.998  0.990  0.967  0.976  0.960  0.918  0.921  0.930  0.879  0.894  0.840  0.839  0.822  0.726  0.653  0.716  0.696  0.759  0.821  0.753  0.819  0.922  0.940  0.963  0.967  0.853  0.700  0.444
  0.146 -0.024  0.161  0.180 -0.091 -0.264 -0.503 -0.622 -0.796 -0.745 -0.643 -0.493 -0.337 -0.072  0.070  0.413  0.423  0.963  0.662  0.702  0.564  0.662  0.798  0.802  0.824  0.750  0.742  0.039 -0.472 -0.342 -0.170 -0.495 -0.768 -0.628 -0.431 -0.718 -0.744 -0.399 -0.533 -0.688 -0.476 -0.542 -0.242 -0.031 -0.183  0.161  0.237  0.009  0.175  0.069  0.173  0.356  0.408  0.418  0.633  0.536  0.790  0.755  0.772  0.735  0.193  0.322  0.426  0.582  0.634  0.595  0.698  0.788  0.879  0.892  0.922  0.873  0.812  0.773  0.814  0.821  0.903  0.921  0.981  1.000  0.977  0.896  0.789  0.615  0.482  0.672  0.879  0.927  0.955  0.960  0.966  0.947  0.954  0.949  0.981  0.993  0.968  0.980  0.989  0.959  0.950  0.969  0.942  0.960  0.927  0.926  0.904  0.827  0.778  0.833  0.820  0.865  0.907  0.843  0.882  0.951  0.935  0.915  0.904  0.739  0.567  0.283
 -0.038 -0.203 -0.019  0.027 -0.226 -0.350 -0.568 -0.682 -0.823 -0.732 -0.645 -0.499 -0.335 -0.113 -0.005  0.415  0.515  0.983  0.712  0.732  0.566  0.661  0.772  0.744  0.762  0.620  0.595 -0.152 -0.524 -0.291 -0.019 -0.334 -0.649 -0.462 -0.236 -0.561 -0.624 -0.245 -0.367 -0.564 -0.367 -0.491 -0.244 -0.094 -0.310  0.005  0.122 -0.069  0.141  0.098  0.242  0.452  0.545  0.585  0.779  0.664  0.833  0.774  0.737  0.705  0.089  0.222  0.307  0.485  0.520  0.453  0.574  0.663  0.777  0.805  0.832  0.760  0.684  0.628  0.677  0.688  0.802  0.819  0.921  0.977  1.000  0.968  0.901  0.766  0.653  0.800  0.948  0.945  0.915  0.922  0.901  0.860  0.881  0.881  0.924  0.959  0.943  0.956  0.986  0.978  0.960  0.983  0.983  0.995  0.981  0.974  0.939  0.877  0.864  0.914  0.916  0.949  0.972  0.923  0.936  0.960  0.912  0.840  0.804  0.587  0.384  0.079
 -0.273 -0.423 -0.247 -0.184 -0.409 -0.475 -0.652 -0.750 -0.836 -0.710 -0.650 -0.523 -0.363 -0.204 -0.139  0.346  0.555  0.948  0.767  0.762  0.582  0.662  0.730  0.666  0.677  0.457  0.382 -0.368 -0.593 -0.261  0.121 -0.153 -0.494 -0.244  0.007 -0.341 -0.425 -0.020 -0.132 -0.360 -0.179 -0.358 -0.179 -0.109 -0.396 -0.138  0.027 -0.102  0.148  0.181  0.358  0.579  0.703  0.762  0.897  0.745  0.807  0.716  0.618  0.591 -0.076  0.049  0.111  0.307  0.325  0.235  0.371  0.461  0.600  0.640  0.670  0.575  0.485  0.417  0.474  0.487  0.629  0.654  0.801  0.896  0.968  1.000  0.977  0.898  0.806  0.888  0.960  0.893  0.800  0.810  0.765  0.709  0.755  0.762  0.811  0.870  0.873  0.881  0.930  0.953  0.929  0.949  0.979  0.977  0.980  0.962  0.906  0.860  0.892  0.939  0.967  0.992  0.995  0.976  0.961  0.930  0.852  0.721  0.653  0.388  0.147 -0.165
 -0.405 -0.535 -0.377 -0.280 -0.461 -0.464 -0.608 -0.700 -0.753 -0.591 -0.545 -0.427 -0.269 -0.167 -0.144  0.372  0.643  0.881  0.704  0.679  0.478  0.552  0.598  0.509  0.518  0.260  0.211 -0.516 -0.542 -0.128  0.305  0.054 -0.304 -0.047  0.202 -0.156 -0.290  0.102  0.023 -0.232 -0.098 -0.324 -0.225 -0.223 -0.535 -0.324 -0.144 -0.230  0.038  0.132  0.336  0.573  0.740  0.841  0.967  0.838  0.809  0.708  0.564  0.547 -0.122 -0.006  0.026  0.225  0.216  0.101  0.242  0.312  0.456  0.511  0.528  0.417  0.326  0.242  0.298  0.316  0.479  0.491  0.662  0.789  0.901  0.977  1.000  0.968  0.912  0.953  0.954  0.848  0.702  0.712  0.636  0.555  0.600  0.608  0.673  0.749  0.751  0.763  0.835  0.871  0.836  0.865  0.921  0.921  0.950  0.933  0.878  0.859  0.920  0.951  0.984  0.984  0.962  0.952  0.907  0.836  0.726  0.559  0.479  0.186 -0.048 -0.351
 -0.593 -0.692 -0.563 -0.448 -0.573 -0.509 -0.599 -0.667 -0.662 -0.476 -0.460 -0.368 -0.229 -0.208 -0.234  0.295  0.643  0.750  0.659  0.609  0.409  0.463  0.463  0.347  0.350  0.044 -0.029 -0.680 -0.524 -0.047  0.447  0.258 -0.091  0.191  0.434  0.091 -0.064  0.305  0.253 -0.010  0.083 -0.179 -0.168 -0.251 -0.596 -0.466 -0.261 -0.277  0.002  0.166  0.386  0.613  0.803  0.923  0.990  0.852  0.714  0.595  0.401  0.394 -0.259 -0.158 -0.155  0.040  0.010 -0.121  0.019  0.078  0.228  0.291  0.304  0.181  0.087 -0.004  0.053  0.074  0.250  0.262  0.459  0.615  0.766  0.898  0.968  1.000  0.979  0.951  0.870  0.712  0.515  0.525  0.428  0.333  0.393  0.406  0.474  0.568  0.583  0.592  0.679  0.740  0.700  0.727  0.810  0.799  0.848  0.825  0.759  0.763  0.862  0.883  0.934  0.920  0.875  0.893  0.820  0.701  0.568  0.359  0.258 -0.052 -0.290 -0.566
 -0.627 -0.701 -0.596 -0.446 -0.521 -0.403 -0.466 -0.533 -0.511 -0.300 -0.291 -0.205 -0.070 -0.095 -0.157  0.356  0.719  0.644  0.518  0.452  0.240  0.289  0.281  0.156  0.160 -0.142 -0.150 -0.732 -0.385  0.128  0.610  0.440  0.098  0.346  0.558  0.231  0.024  0.343  0.333  0.063  0.094 -0.190 -0.256 -0.385 -0.712 -0.625 -0.433 -0.421 -0.151  0.049  0.279  0.510  0.734  0.897  0.979  0.899  0.700  0.586  0.370  0.375 -0.223 -0.135 -0.163  0.018 -0.039 -0.186 -0.054 -0.027  0.111  0.185  0.177  0.050 -0.033 -0.135 -0.087 -0.060  0.122  0.110  0.308  0.482  0.653  0.806  0.912  0.979  1.000  0.952  0.814  0.644  0.416  0.424  0.301  0.183  0.227  0.236  0.319  0.421  0.424  0.438  0.544  0.604  0.554  0.593  0.693  0.693  0.765  0.750  0.700  0.734  0.845  0.845  0.887  0.844  0.777  0.790  0.693  0.553  0.400  0.179  0.085 -0.223 -0.419 -0.665
 -0.373 -0.474 -0.337 -0.176 -0.301 -0.238 -0.373 -0.483 -0.542 -0.337 -0.281 -0.148  0.019  0.084  0.068  0.569  0.828  0.795  0.482  0.437  0.203  0.284  0.343  0.253  0.269  0.036  0.136 -0.528 -0.294  0.170  0.558  0.292 -0.073  0.109  0.308 -0.041 -0.272  0.049  0.035 -0.240 -0.199 -0.456 -0.450 -0.487 -0.752 -0.567 -0.423 -0.501 -0.248 -0.122  0.102  0.361  0.591  0.773  0.973  0.962  0.882  0.800  0.633  0.634  0.031  0.139  0.130  0.313  0.264  0.120  0.250  0.269  0.391  0.461  0.441  0.323  0.254  0.147  0.185  0.219  0.392  0.355  0.518  0.672  0.800  0.888  0.953  0.951  0.952  1.000  0.941  0.839  0.658  0.663  0.544  0.420  0.427  0.423  0.520  0.603  0.571  0.596  0.700  0.719  0.665  0.720  0.795  0.825  0.891  0.895  0.876  0.903  0.965  0.961  0.967  0.917  0.862  0.826  0.748  0.664  0.522  0.351  0.295  0.004 -0.153 -0.426
 -0.139 -0.279 -0.109  0.009 -0.190 -0.227 -0.426 -0.555 -0.680 -0.525 -0.437 -0.279 -0.100  0.065  0.119  0.586  0.741  0.939  0.571  0.563  0.347  0.446  0.553  0.501  0.523  0.353  0.440 -0.298 -0.363 -0.012  0.296 -0.029 -0.386 -0.224 -0.016 -0.366 -0.537 -0.187 -0.248 -0.494 -0.382 -0.574 -0.439 -0.361 -0.585 -0.306 -0.190 -0.350 -0.119 -0.093  0.097  0.348  0.524  0.653  0.897  0.866  0.937  0.876  0.781  0.766  0.149  0.277  0.316  0.499  0.488  0.377  0.504  0.550  0.664  0.716  0.711  0.614  0.548  0.459  0.499  0.525  0.671  0.648  0.773  0.879  0.948  0.960  0.954  0.870  0.814  0.941  1.000  0.965  0.864  0.868  0.793  0.700  0.700  0.692  0.773  0.829  0.791  0.815  0.888  0.880  0.839  0.887  0.922  0.955  0.985  0.991  0.977  0.963  0.975  0.993  0.984  0.966  0.948  0.889  0.855  0.838  0.740  0.627  0.593  0.338  0.175 -0.125
  0.120 -0.027  0.146  0.255  0.038 -0.048 -0.284 -0.432 -0.613 -0.489 -0.372 -0.196 -0.014  0.210  0.301  0.687  0.721  0.940  0.459  0.474  0.270  0.384  0.538  0.526  0.555  0.476  0.643 -0.062 -0.234  0.015  0.191 -0.174 -0.498 -0.419 -0.253 -0.569 -0.733 -0.431 -0.490 -0.701 -0.593 -0.730 -0.543 -0.390 -0.524 -0.196 -0.139 -0.359 -0.179 -0.228 -0.073  0.165  0.317  0.440  0.754  0.786  0.961  0.938  0.905  0.888  0.356  0.484  0.538  0.696  0.695  0.605  0.712  0.744  0.826  0.867  0.852  0.780  0.736  0.657  0.682  0.710  0.825  0.785  0.858  0.927  0.945  0.893  0.848  0.712  0.644  0.839  0.965  1.000  0.961  0.961  0.903  0.820  0.787  0.769  0.849  0.880  0.815  0.845  0.904  0.860  0.822  0.877  0.882  0.936  0.955  0.977  0.992  0.972  0.937  0.950  0.909  0.890  0.887  0.792  0.782  0.820  0.750  0.701  0.707  0.508  0.402  0.121
  0.338  0.184  0.357  0.421  0.179  0.024 -0.235 -0.383 -0.601 -0.535 -0.403 -0.227 -0.060  0.218  0.355  0.641  0.565  0.912  0.423  0.465  0.305  0.420  0.599  0.626  0.659  0.660  0.822  0.174 -0.203 -0.095 -0.037 -0.405 -0.670 -0.640 -0.504 -0.769 -0.870 -0.605 -0.687 -0.840 -0.700 -0.759 -0.496 -0.264 -0.324  0.038  0.048 -0.215 -0.090 -0.221 -0.120  0.077  0.166  0.236  0.561  0.596  0.878  0.884  0.922  0.897  0.451  0.577  0.659  0.788  0.816  0.766  0.849  0.891  0.947  0.967  0.961  0.920  0.889  0.836  0.855  0.875  0.948  0.916  0.938  0.955  0.915  0.800  0.702  0.515  0.416  0.658  0.864  0.961  1.000  0.999  0.982  0.933  0.889  0.867  0.925  0.927  0.858  0.885  0.912  0.844  0.822  0.867  0.835  0.891  0.881  0.906  0.932  0.885  0.807  0.832  0.776  0.780  0.807  0.697  0.726  0.820  0.796  0.812  0.845  0.713  0.636  0.382
  0.322  0.167  0.342  0.403  0.158  0.002 -0.257 -0.403 -0.619 -0.552 -0.422 -0.245 -0.081  0.196  0.335  0.627  0.558  0.919  0.442  0.484  0.325  0.439  0.614  0.641  0.672  0.667  0.818  0.166 -0.224 -0.113 -0.046 -0.411 -0.678 -0.641 -0.499 -0.767 -0.862 -0.591 -0.676 -0.830 -0.685 -0.745 -0.479 -0.248 -0.316  0.045  0.061 -0.200 -0.072 -0.200 -0.099  0.098  0.185  0.252  0.569  0.594  0.875  0.878  0.913  0.887  0.431  0.558  0.642  0.775  0.804  0.754  0.840  0.885  0.944  0.963  0.959  0.917  0.885  0.832  0.852  0.872  0.946  0.918  0.943  0.960  0.922  0.810  0.712  0.525  0.424  0.663  0.868  0.961  0.999  1.000  0.982  0.936  0.894  0.874  0.931  0.933  0.867  0.893  0.919  0.854  0.832  0.876  0.845  0.898  0.886  0.910  0.933  0.885  0.809  0.835  0.782  0.788  0.816  0.710  0.739  0.831  0.808  0.821  0.850  0.715  0.631  0.373
  0.386  0.224  0.398  0.415  0.153 -0.045 -0.303 -0.435 -0.652 -0.628 -0.503 -0.344 -0.192  0.108  0.268  0.512  0.405  0.891  0.478  0.537  0.414  0.521  0.695  0.736  0.764  0.782  0.874  0.248 -0.286 -0.250 -0.218 -0.564 -0.792 -0.751 -0.611 -0.849 -0.884 -0.615 -0.727 -0.845 -0.663 -0.679 -0.365 -0.101 -0.152  0.214  0.223 -0.046  0.060 -0.105 -0.036  0.128  0.165  0.181  0.463  0.449  0.776  0.784  0.854  0.821  0.402  0.523  0.627  0.746  0.799  0.777  0.853  0.918  0.971  0.976  0.988  0.964  0.931  0.899  0.921  0.931  0.981  0.973  0.979  0.966  0.901  0.765  0.636  0.428  0.301  0.544  0.793  0.903  0.982  0.982  1.000  0.984  0.953  0.936  0.971  0.959  0.906  0.925  0.926  0.860  0.852  0.881  0.831  0.873  0.836  0.852  0.867  0.794  0.703  0.746  0.699  0.732  0.781  0.682  0.736  0.851  0.857  0.896  0.926  0.823  0.728  0.484
  0.414  0.251  0.420  0.394  0.120 -0.113 -0.362 -0.475 -0.685 -0.700 -0.585 -0.446 -0.314 -0.005  0.173  0.371  0.242  0.847  0.523  0.594  0.509  0.605  0.768  0.820  0.843  0.877  0.896  0.315 -0.357 -0.394 -0.385 -0.698 -0.883 -0.830 -0.691 -0.897 -0.865 -0.601 -0.739 -0.819 -0.603 -0.577 -0.223  0.063  0.020  0.379  0.388  0.122  0.208  0.015  0.051  0.178  0.164  0.127  0.358  0.296  0.655  0.662  0.761  0.720  0.336  0.450  0.572  0.680  0.755  0.761  0.827  0.912  0.961  0.951  0.981  0.973  0.937  0.927  0.953  0.952  0.980  0.996  0.988  0.947  0.860  0.709  0.555  0.333  0.183  0.420  0.700  0.820  0.933  0.936  0.984  1.000  0.984  0.973  0.983  0.959  0.924  0.935  0.911  0.849  0.855  0.867  0.800  0.827  0.768  0.775  0.776  0.681  0.583  0.641  0.603  0.663  0.732  0.647  0.725  0.855  0.890  0.950  0.976  0.904  0.794  0.565
  0.283  0.114  0.286  0.237 -0.046 -0.283 -0.515 -0.609 -0.788 -0.809 -0.714 -0.591 -0.467 -0.175  0.001  0.233  0.161  0.864  0.657  0.723  0.651  0.735  0.868  0.904  0.920  0.906  0.825  0.221 -0.509 -0.527 -0.446 -0.727 -0.917 -0.798 -0.625 -0.841 -0.769 -0.461 -0.627 -0.708 -0.455 -0.437 -0.071  0.194  0.096  0.436  0.484  0.246  0.356  0.185  0.225  0.343  0.310  0.240  0.402  0.264  0.595  0.577  0.659  0.611  0.171  0.286  0.420  0.541  0.628  0.639  0.716  0.827  0.897  0.885  0.935  0.921  0.867  0.864  0.903  0.895  0.930  0.975  0.992  0.954  0.881  0.755  0.600  0.393  0.227  0.427  0.700  0.787  0.889  0.894  0.953  0.984  1.000  0.998  0.993  0.978  0.969  0.971  0.939  0.902  0.915  0.912  0.850  0.854  0.784  0.775  0.748  0.637  0.560  0.634  0.623  0.706  0.781  0.725  0.806  0.916  0.953  0.988  0.987  0.893  0.728  0.486
  0.242  0.072  0.244  0.187 -0.098 -0.335 -0.559 -0.647 -0.815 -0.838 -0.750 -0.634 -0.514 -0.229 -0.055  0.185  0.130  0.861  0.693  0.758  0.691  0.771  0.893  0.924  0.938  0.910  0.796  0.189 -0.555 -0.567 -0.465 -0.734 -0.923 -0.785 -0.602 -0.820 -0.735 -0.416 -0.589 -0.669 -0.406 -0.390 -0.022  0.235  0.121  0.453  0.513  0.285  0.402  0.238  0.277  0.392  0.352  0.271  0.410  0.248  0.569  0.544  0.620  0.571  0.119  0.234  0.369  0.494  0.584  0.597  0.676  0.795  0.871  0.858  0.915  0.899  0.840  0.839  0.882  0.872  0.907  0.962  0.985  0.949  0.881  0.762  0.608  0.406  0.236  0.423  0.692  0.769  0.867  0.874  0.936  0.973  0.998  1.000  0.990  0.976  0.977  0.976  0.941  0.911  0.927  0.919  0.859  0.855  0.782  0.768  0.732  0.617  0.547  0.625  0.623  0.712  0.790  0.743  0.824  0.928  0.966  0.993  0.984  0.885  0.704  0.459
  0.245  0.074  0.252  0.229 -0.052 -0.268 -0.506 -0.611 -0.792 -0.787 -0.688 -0.553 -0.414 -0.127  0.037  0.310  0.261  0.906  0.654  0.713  0.615  0.706  0.844  0.869  0.888  0.854  0.805  0.156 -0.494 -0.457 -0.346 -0.648 -0.871 -0.749 -0.566 -0.810 -0.777 -0.455 -0.608 -0.717 -0.479 -0.492 -0.147  0.102 -0.012  0.334  0.391  0.151  0.281  0.131  0.194  0.339  0.338  0.299  0.487  0.368  0.676  0.655  0.714  0.671  0.194  0.315  0.438  0.571  0.646  0.638  0.724  0.828  0.905  0.902  0.945  0.918  0.862  0.845  0.884  0.882  0.933  0.967  0.998  0.981  0.924  0.811  0.673  0.474  0.319  0.520  0.773  0.849  0.925  0.931  0.971  0.983  0.993  0.990  1.000  0.994  0.977  0.984  0.967  0.930  0.935  0.941  0.891  0.902  0.845  0.839  0.816  0.716  0.648  0.715  0.701  0.770  0.833  0.771  0.837  0.935  0.952  0.969  0.965  0.846  0.680  0.421
  0.150 -0.022  0.159  0.152 -0.126 -0.319 -0.552 -0.658 -0.826 -0.798 -0.704 -0.568 -0.420 -0.151 -0.002  0.320  0.320  0.941  0.698  0.747  0.631  0.722  0.850  0.859  0.876  0.805  0.746  0.055 -0.532 -0.437 -0.270 -0.575 -0.826 -0.674 -0.472 -0.744 -0.730 -0.381 -0.532 -0.667 -0.432 -0.476 -0.152  0.070 -0.082  0.257  0.337  0.112  0.269  0.150  0.237  0.399  0.421  0.398  0.579  0.448  0.718  0.682  0.713  0.672  0.141  0.268  0.384  0.533  0.599  0.576  0.675  0.780  0.872  0.876  0.919  0.878  0.813  0.786  0.830  0.830  0.901  0.935  0.990  0.993  0.959  0.870  0.749  0.568  0.421  0.603  0.829  0.880  0.927  0.933  0.959  0.959  0.978  0.976  0.994  1.000  0.987  0.994  0.989  0.963  0.963  0.972  0.935  0.943  0.895  0.886  0.855  0.762  0.711  0.777  0.772  0.835  0.889  0.835  0.887  0.963  0.962  0.951  0.934  0.784  0.597  0.320
  0.048 -0.126  0.052  0.020 -0.260 -0.457 -0.668 -0.753 -0.891 -0.875 -0.801 -0.685 -0.551 -0.302 -0.155  0.177  0.219  0.921  0.793  0.839  0.743  0.820  0.919  0.916  0.927  0.823  0.673 -0.009 -0.650 -0.556 -0.340 -0.606 -0.846 -0.645 -0.420 -0.688 -0.631 -0.258 -0.431 -0.557 -0.292 -0.335 -0.004  0.200  0.009  0.323  0.432  0.236  0.405  0.301  0.383  0.528  0.525  0.467  0.581  0.384  0.630  0.575  0.597  0.550 -0.005  0.119  0.243  0.398  0.476  0.461  0.564  0.691  0.796  0.796  0.856  0.815  0.736  0.720  0.774  0.767  0.837  0.897  0.967  0.968  0.943  0.873  0.751  0.583  0.424  0.571  0.791  0.815  0.858  0.867  0.906  0.924  0.969  0.977  0.977  0.987  1.000  0.998  0.982  0.977  0.986  0.979  0.944  0.931  0.872  0.849  0.794  0.687  0.653  0.733  0.750  0.834  0.896  0.867  0.925  0.985  0.992  0.964  0.926  0.768  0.541  0.263
  0.072 -0.101  0.079  0.058 -0.221 -0.414 -0.633 -0.725 -0.872 -0.849 -0.768 -0.644 -0.504 -0.249 -0.104  0.232  0.265  0.934  0.764  0.810  0.704  0.787  0.895  0.894  0.907  0.809  0.692 -0.001 -0.613 -0.510 -0.303 -0.585 -0.834 -0.647 -0.427 -0.700 -0.663 -0.295 -0.459 -0.592 -0.339 -0.387 -0.061  0.146 -0.036  0.287  0.388  0.184  0.352  0.247  0.334  0.488  0.499  0.456  0.594  0.420  0.670  0.620  0.641  0.597  0.042  0.168  0.289  0.444  0.516  0.496  0.599  0.718  0.821  0.824  0.877  0.834  0.759  0.737  0.788  0.784  0.857  0.907  0.976  0.980  0.956  0.881  0.763  0.592  0.438  0.596  0.815  0.845  0.885  0.893  0.925  0.935  0.971  0.976  0.984  0.994  0.998  1.000  0.990  0.978  0.983  0.982  0.949  0.943  0.890  0.871  0.824  0.722  0.684  0.760  0.770  0.845  0.903  0.865  0.919  0.982  0.983  0.958  0.926  0.765  0.550  0.270
  0.026 -0.145  0.038  0.050 -0.218 -0.379 -0.601 -0.706 -0.853 -0.798 -0.712 -0.576 -0.419 -0.177 -0.050  0.328  0.390  0.966  0.739  0.775  0.638  0.728  0.841  0.828  0.843  0.725  0.654 -0.076 -0.572 -0.404 -0.167 -0.469 -0.753 -0.567 -0.343 -0.645 -0.658 -0.282 -0.426 -0.592 -0.364 -0.449 -0.159  0.024 -0.173  0.150  0.258  0.057  0.246  0.169  0.284  0.468  0.519  0.517  0.687  0.543  0.759  0.705  0.700  0.661  0.073  0.204  0.309  0.475  0.529  0.486  0.599  0.704  0.813  0.828  0.869  0.811  0.736  0.697  0.746  0.750  0.843  0.876  0.960  0.989  0.986  0.930  0.835  0.679  0.544  0.700  0.888  0.904  0.912  0.919  0.926  0.911  0.939  0.941  0.967  0.989  0.982  0.990  1.000  0.988  0.982  0.994  0.976  0.980  0.945  0.932  0.891  0.807  0.779  0.844  0.849  0.904  0.945  0.900  0.934  0.980  0.957  0.910  0.876  0.688  0.478  0.184
 -0.114 -0.283 -0.103 -0.098 -0.360 -0.505 -0.704 -0.792 -0.905 -0.844 -0.778 -0.657 -0.508 -0.298 -0.185  0.227  0.350  0.955  0.822  0.848  0.716  0.794  0.876  0.844  0.853  0.688  0.547 -0.188 -0.671 -0.467 -0.161 -0.431 -0.721 -0.483 -0.235 -0.545 -0.541 -0.137 -0.293 -0.466 -0.224 -0.328 -0.052  0.095 -0.151  0.142  0.285  0.118  0.330  0.287  0.412  0.591  0.639  0.624  0.737  0.541  0.708  0.633  0.600  0.560 -0.069  0.061  0.164  0.342  0.397  0.351  0.473  0.592  0.718  0.735  0.788  0.721  0.632  0.594  0.653  0.653  0.757  0.808  0.918  0.959  0.978  0.953  0.871  0.740  0.604  0.719  0.880  0.860  0.844  0.854  0.860  0.849  0.902  0.911  0.930  0.963  0.977  0.978  0.988  1.000  0.997  0.998  0.992  0.978  0.942  0.917  0.855  0.767  0.764  0.837  0.863  0.929  0.968  0.948  0.976  0.995  0.965  0.888  0.831  0.620  0.371  0.070
 -0.106 -0.277 -0.100 -0.113 -0.380 -0.540 -0.734 -0.813 -0.922 -0.878 -0.817 -0.705 -0.565 -0.352 -0.231  0.161  0.275  0.937  0.846  0.876  0.762  0.835  0.911  0.883  0.890  0.730  0.554 -0.164 -0.707 -0.533 -0.235 -0.490 -0.761 -0.517 -0.267 -0.564 -0.530 -0.126 -0.294 -0.451 -0.193 -0.279  0.014  0.170 -0.074  0.215  0.359  0.195  0.398  0.344  0.455  0.618  0.644  0.604  0.692  0.473  0.654  0.578  0.556  0.513 -0.105  0.023  0.135  0.308  0.373  0.340  0.457  0.586  0.711  0.722  0.783  0.723  0.632  0.604  0.665  0.660  0.754  0.817  0.921  0.950  0.960  0.929  0.836  0.700  0.554  0.665  0.839  0.822  0.822  0.832  0.852  0.855  0.915  0.927  0.935  0.963  0.986  0.983  0.982  0.997  1.000  0.994  0.981  0.959  0.913  0.883  0.814  0.716  0.711  0.790  0.823  0.901  0.948  0.936  0.974  0.999  0.981  0.912  0.852  0.654  0.396  0.102
 -0.075 -0.245 -0.065 -0.055 -0.318 -0.466 -0.672 -0.765 -0.889 -0.828 -0.755 -0.630 -0.477 -0.258 -0.143  0.262  0.368  0.960  0.795  0.824  0.689  0.771  0.863  0.835  0.846  0.694  0.576 -0.164 -0.641 -0.442 -0.155 -0.436 -0.727 -0.505 -0.262 -0.572 -0.577 -0.180 -0.331 -0.504 -0.268 -0.369 -0.091  0.065 -0.168  0.135  0.268  0.091  0.298  0.246  0.370  0.553  0.605  0.595  0.728  0.550  0.729  0.660  0.634  0.595 -0.025  0.106  0.209  0.384  0.438  0.391  0.511  0.625  0.747  0.764  0.813  0.748  0.662  0.623  0.679  0.680  0.783  0.827  0.930  0.969  0.983  0.949  0.865  0.727  0.593  0.720  0.887  0.877  0.867  0.876  0.881  0.867  0.912  0.919  0.941  0.972  0.979  0.982  0.994  0.998  0.994  1.000  0.991  0.983  0.948  0.927  0.872  0.785  0.775  0.845  0.865  0.927  0.965  0.937  0.966  0.992  0.962  0.892  0.842  0.635  0.398  0.098
 -0.180 -0.345 -0.168 -0.136 -0.383 -0.495 -0.687 -0.779 -0.883 -0.795 -0.731 -0.607 -0.448 -0.259 -0.168  0.279  0.435  0.960  0.804  0.818  0.665  0.745  0.823  0.777  0.786  0.597  0.481 -0.275 -0.648 -0.385 -0.045 -0.320 -0.634 -0.391 -0.138 -0.467 -0.501 -0.093 -0.231 -0.429 -0.211 -0.347 -0.109  0.008 -0.257  0.025  0.178  0.024  0.254  0.242  0.390  0.590  0.670  0.685  0.810  0.632  0.757  0.675  0.615  0.581 -0.074  0.058  0.146  0.332  0.372  0.307  0.436  0.545  0.677  0.704  0.748  0.669  0.578  0.527  0.586  0.591  0.712  0.752  0.879  0.942  0.983  0.979  0.921  0.810  0.693  0.795  0.922  0.882  0.835  0.845  0.831  0.800  0.850  0.859  0.891  0.935  0.944  0.949  0.976  0.992  0.981  0.991  1.000  0.991  0.970  0.947  0.887  0.813  0.825  0.889  0.916  0.966  0.990  0.969  0.979  0.978  0.927  0.827  0.764  0.529  0.280 -0.028
 -0.095 -0.259 -0.080 -0.026 -0.270 -0.378 -0.588 -0.696 -0.826 -0.727 -0.646 -0.506 -0.336 -0.131 -0.039  0.400  0.524  0.975  0.721  0.738  0.567  0.659  0.761  0.724  0.739  0.577  0.539 -0.223 -0.546 -0.282  0.019 -0.288 -0.613 -0.411 -0.177 -0.510 -0.582 -0.194 -0.313 -0.519 -0.327 -0.466 -0.237 -0.106 -0.340 -0.037  0.092 -0.085  0.136  0.112  0.265  0.480  0.583  0.628  0.811  0.688  0.832  0.765  0.713  0.683  0.050  0.184  0.263  0.445  0.475  0.401  0.527  0.617  0.738  0.769  0.798  0.719  0.639  0.579  0.630  0.641  0.763  0.781  0.894  0.960  0.995  0.977  0.921  0.799  0.693  0.825  0.955  0.936  0.891  0.898  0.873  0.827  0.854  0.855  0.902  0.943  0.931  0.943  0.980  0.978  0.959  0.983  0.991  1.000  0.990  0.978  0.939  0.878  0.875  0.927  0.935  0.967  0.984  0.941  0.946  0.956  0.898  0.811  0.767  0.537  0.323  0.016
 -0.131 -0.285 -0.109 -0.024 -0.247 -0.320 -0.524 -0.641 -0.766 -0.639 -0.556 -0.410 -0.232 -0.048  0.024  0.485  0.630  0.964  0.661  0.666  0.471  0.567  0.670  0.623  0.641  0.468  0.484 -0.278 -0.473 -0.159  0.156 -0.160 -0.505 -0.316 -0.089 -0.435 -0.555 -0.179 -0.272 -0.500 -0.344 -0.513 -0.329 -0.227 -0.463 -0.171 -0.044 -0.211  0.019  0.023  0.197  0.432  0.571  0.656  0.865  0.782  0.886  0.820  0.744  0.722  0.086  0.218  0.279  0.463  0.473  0.380  0.509  0.579  0.700  0.742  0.756  0.667  0.591  0.517  0.563  0.581  0.717  0.717  0.840  0.927  0.981  0.980  0.950  0.848  0.765  0.891  0.985  0.955  0.881  0.886  0.836  0.768  0.784  0.782  0.845  0.895  0.872  0.890  0.945  0.942  0.913  0.948  0.970  0.990  1.000  0.995  0.965  0.924  0.931  0.970  0.971  0.981  0.981  0.931  0.916  0.910  0.830  0.727  0.684  0.438  0.242 -0.065
 -0.068 -0.219 -0.044  0.054 -0.165 -0.235 -0.448 -0.576 -0.716 -0.583 -0.489 -0.333 -0.153  0.039  0.113  0.560  0.679  0.960  0.596  0.601  0.399  0.501  0.619  0.579  0.601  0.451  0.519 -0.231 -0.396 -0.088  0.193 -0.140 -0.485 -0.328 -0.118 -0.460 -0.603 -0.247 -0.326 -0.556 -0.419 -0.586 -0.409 -0.298 -0.507 -0.206 -0.098 -0.279 -0.059 -0.064  0.109  0.350  0.501  0.605  0.850  0.806  0.922  0.868  0.799  0.780  0.169  0.301  0.355  0.534  0.538  0.441  0.565  0.621  0.732  0.776  0.778  0.692  0.625  0.546  0.586  0.609  0.742  0.727  0.839  0.926  0.974  0.962  0.933  0.825  0.750  0.895  0.991  0.977  0.906  0.910  0.852  0.775  0.775  0.768  0.839  0.886  0.849  0.871  0.932  0.917  0.883  0.927  0.947  0.978  0.995  1.000  0.985  0.955  0.951  0.979  0.967  0.964  0.959  0.895  0.877  0.881  0.799  0.707  0.678  0.440  0.272 -0.030
  0.051 -0.092  0.076  0.193 -0.013 -0.078 -0.304 -0.446 -0.612 -0.474 -0.365 -0.197 -0.014  0.190  0.264  0.675  0.739  0.927  0.463  0.473  0.262  0.374  0.517  0.493  0.519  0.414  0.573 -0.146 -0.257  0.031  0.243 -0.112 -0.449 -0.356 -0.178 -0.505 -0.683 -0.371 -0.424 -0.648 -0.548 -0.706 -0.543 -0.417 -0.572 -0.258 -0.187 -0.390 -0.196 -0.220 -0.052  0.194  0.361  0.493  0.797  0.823  0.962  0.932  0.880  0.866  0.314  0.443  0.487  0.652  0.645  0.545  0.657  0.688  0.778  0.824  0.807  0.728  0.679  0.595  0.622  0.651  0.776  0.734  0.822  0.904  0.939  0.906  0.878  0.759  0.700  0.876  0.977  0.992  0.932  0.933  0.867  0.776  0.748  0.732  0.816  0.855  0.794  0.824  0.891  0.855  0.814  0.872  0.887  0.939  0.965  0.985  1.000  0.985  0.959  0.971  0.933  0.908  0.898  0.807  0.789  0.811  0.728  0.660  0.656  0.440  0.325  0.040
  0.036 -0.089  0.067  0.215  0.042  0.017 -0.196 -0.344 -0.504 -0.340 -0.230 -0.058  0.122  0.299  0.349  0.756  0.830  0.871  0.357  0.353  0.126  0.238  0.381  0.351  0.380  0.278  0.504 -0.174 -0.141  0.181  0.384  0.030 -0.311 -0.247 -0.092 -0.414 -0.640 -0.363 -0.382 -0.618 -0.566 -0.746 -0.639 -0.544 -0.685 -0.394 -0.335 -0.523 -0.333 -0.331 -0.151  0.105  0.305  0.479  0.808  0.886  0.985  0.961  0.889  0.885  0.366  0.487  0.507  0.665  0.637  0.520  0.628  0.632  0.713  0.769  0.734  0.648  0.610  0.513  0.533  0.570  0.702  0.638  0.726  0.827  0.877  0.860  0.859  0.763  0.734  0.903  0.963  0.972  0.885  0.885  0.794  0.681  0.637  0.617  0.716  0.762  0.687  0.722  0.807  0.767  0.716  0.785  0.813  0.878  0.924  0.955  0.985  1.000  0.982  0.971  0.923  0.870  0.841  0.743  0.705  0.713  0.613  0.535  0.539  0.320  0.239 -0.030
 -0.142 -0.259 -0.108  0.050 -0.107 -0.094 -0.278 -0.413 -0.532 -0.347 -0.258 -0.097  0.080  0.212  0.235  0.692  0.848  0.858  0.420  0.399  0.164  0.265  0.374  0.317  0.342  0.180  0.356 -0.332 -0.211  0.179  0.468  0.145 -0.215 -0.098  0.080 -0.261 -0.494 -0.191 -0.209 -0.467 -0.418 -0.635 -0.570 -0.529 -0.728 -0.476 -0.379 -0.524 -0.301 -0.246 -0.043  0.220  0.438  0.618  0.898  0.938  0.962  0.913  0.798  0.796  0.227  0.346  0.354  0.526  0.488  0.357  0.477  0.488  0.589  0.652  0.623  0.520  0.468  0.365  0.393  0.430  0.583  0.530  0.653  0.778  0.864  0.892  0.920  0.862  0.845  0.965  0.975  0.937  0.807  0.809  0.703  0.583  0.560  0.547  0.648  0.711  0.653  0.684  0.779  0.764  0.711  0.775  0.825  0.875  0.931  0.951  0.959  0.982  1.000  0.990  0.966  0.912  0.870  0.798  0.741  0.709  0.588  0.468  0.446  0.191  0.074 -0.203
 -0.166 -0.297 -0.137 -0.000 -0.179 -0.190 -0.380 -0.508 -0.625 -0.455 -0.369 -0.214 -0.033  0.112  0.147  0.619  0.785  0.904  0.517  0.503  0.277  0.376  0.480  0.422  0.443  0.267  0.381 -0.344 -0.316  0.064  0.378  0.058 -0.304 -0.153  0.047 -0.303 -0.501 -0.165 -0.208 -0.463 -0.377 -0.586 -0.485 -0.431 -0.653 -0.390 -0.275 -0.424 -0.191 -0.145  0.055  0.313  0.509  0.659  0.912  0.904  0.945  0.886  0.776  0.768  0.161  0.286  0.310  0.491  0.468  0.346  0.472  0.505  0.617  0.675  0.662  0.560  0.497  0.401  0.437  0.468  0.620  0.586  0.716  0.833  0.914  0.939  0.951  0.883  0.845  0.961  0.993  0.950  0.832  0.835  0.746  0.641  0.634  0.625  0.715  0.777  0.733  0.760  0.844  0.837  0.790  0.845  0.889  0.927  0.970  0.979  0.971  0.971  0.990  1.000  0.987  0.955  0.925  0.863  0.817  0.787  0.676  0.554  0.520  0.259  0.108 -0.184
 -0.290 -0.422 -0.261 -0.140 -0.321 -0.328 -0.497 -0.609 -0.695 -0.528 -0.460 -0.320 -0.146 -0.023  0.006  0.504  0.725  0.905  0.619  0.598  0.381  0.469  0.544  0.470  0.486  0.267  0.300 -0.435 -0.430 -0.028  0.349  0.059 -0.305 -0.098  0.128 -0.230 -0.398 -0.031 -0.093 -0.351 -0.240 -0.459 -0.358 -0.329 -0.599 -0.360 -0.212 -0.330 -0.077 -0.006  0.198  0.447  0.631  0.758  0.949  0.882  0.888  0.807  0.679  0.666  0.019  0.142  0.171  0.362  0.344  0.225  0.360  0.412  0.542  0.599  0.601  0.493  0.414  0.323  0.370  0.395  0.555  0.543  0.696  0.820  0.916  0.967  0.984  0.934  0.887  0.967  0.984  0.909  0.776  0.782  0.699  0.603  0.623  0.623  0.701  0.772  0.750  0.770  0.849  0.863  0.823  0.865  0.916  0.935  0.971  0.967  0.933  0.923  0.966  0.987  1.000  0.984  0.957  0.921  0.873  0.821  0.709  0.562  0.505  0.225  0.030 -0.270
 -0.307 -0.452 -0.284 -0.200 -0.408 -0.451 -0.621 -0.720 -0.799 -0.661 -0.601 -0.473 -0.305 -0.167 -0.119  0.378  0.601  0.932  0.733  0.722  0.531  0.611  0.676  0.604  0.615  0.386  0.331 -0.423 -0.562 -0.196  0.198 -0.075 -0.426 -0.181  0.069 -0.286 -0.395  0.004 -0.094 -0.334 -0.173 -0.369 -0.218 -0.169 -0.460 -0.214 -0.048 -0.167  0.089  0.142  0.329  0.560  0.703  0.781  0.924  0.790  0.824  0.733  0.619  0.598 -0.075  0.052  0.104  0.298  0.304  0.203  0.341  0.423  0.562  0.609  0.633  0.532  0.441  0.366  0.422  0.437  0.588  0.604  0.759  0.865  0.949  0.992  0.984  0.920  0.844  0.917  0.966  0.890  0.780  0.788  0.732  0.663  0.706  0.712  0.770  0.835  0.834  0.845  0.904  0.929  0.901  0.927  0.966  0.967  0.981  0.964  0.908  0.870  0.912  0.955  0.984  1.000  0.992  0.973  0.943  0.899  0.807  0.664  0.595  0.320  0.085 -0.224
 -0.257 -0.413 -0.238 -0.182 -0.412 -0.489 -0.670 -0.765 -0.854 -0.740 -0.679 -0.553 -0.391 -0.228 -0.157  0.319  0.517  0.953  0.785  0.785  0.612  0.692  0.761  0.700  0.710  0.496  0.402 -0.355 -0.618 -0.301  0.075 -0.198 -0.533 -0.281 -0.026 -0.371 -0.439 -0.031 -0.152 -0.372 -0.178 -0.346 -0.150 -0.069 -0.354 -0.090  0.073 -0.061  0.185  0.208  0.377  0.592  0.703  0.748  0.876  0.713  0.790  0.700  0.611  0.582 -0.088  0.041  0.112  0.304  0.327  0.245  0.379  0.477  0.616  0.652  0.688  0.597  0.503  0.441  0.500  0.509  0.647  0.678  0.821  0.907  0.972  0.995  0.962  0.875  0.777  0.862  0.948  0.887  0.807  0.816  0.781  0.732  0.781  0.790  0.833  0.889  0.896  0.903  0.945  0.968  0.948  0.965  0.990  0.984  0.981  0.959  0.898  0.841  0.870  0.925  0.957  0.992  1.000  0.984  0.973  0.947  0.875  0.751  0.682  0.424  0.177 -0.134
 -0.394 -0.543 -0.376 -0.341 -0.562 -0.629 -0.775 -0.847 -0.893 -0.788 -0.752 -0.649 -0.505 -0.378 -0.319  0.166  0.419  0.903  0.862  0.855  0.702  0.764  0.795  0.718  0.721  0.465  0.281 -0.448 -0.722 -0.394  0.038 -0.183 -0.503 -0.200  0.073 -0.263 -0.294  0.131 -0.005 -0.218 -0.006 -0.178  0.005  0.051 -0.276 -0.055  0.141  0.049  0.307  0.359  0.526  0.721  0.813  0.828  0.877  0.651  0.682  0.571  0.462  0.430 -0.254 -0.134 -0.061  0.133  0.162  0.086  0.224  0.340  0.492  0.526  0.578  0.483  0.377  0.324  0.392  0.394  0.534  0.590  0.753  0.843  0.923  0.976  0.952  0.893  0.790  0.826  0.889  0.792  0.697  0.710  0.682  0.647  0.725  0.743  0.771  0.835  0.867  0.865  0.900  0.948  0.936  0.937  0.969  0.941  0.931  0.895  0.807  0.743  0.798  0.863  0.921  0.973  0.984  1.000  0.987  0.936  0.866  0.719  0.625  0.357  0.071 -0.234
 -0.314 -0.472 -0.300 -0.296 -0.539 -0.647 -0.807 -0.874 -0.936 -0.860 -0.821 -0.721 -0.585 -0.428 -0.343  0.109  0.320  0.914  0.898  0.905  0.776  0.837  0.876  0.815  0.817  0.589  0.372 -0.348 -0.764 -0.502 -0.107 -0.328 -0.623 -0.324 -0.052 -0.371 -0.356  0.071 -0.088 -0.274 -0.030 -0.165  0.070  0.156 -0.152  0.089  0.274  0.163  0.403  0.415  0.557  0.731  0.785  0.764  0.802  0.552  0.638  0.534  0.458  0.418 -0.250 -0.127 -0.033  0.155  0.204  0.150  0.282  0.411  0.557  0.580  0.642  0.562  0.457  0.418  0.488  0.484  0.605  0.675  0.819  0.882  0.936  0.961  0.907  0.820  0.693  0.748  0.855  0.782  0.726  0.739  0.736  0.725  0.806  0.824  0.837  0.887  0.925  0.919  0.934  0.976  0.974  0.966  0.979  0.946  0.916  0.877  0.789  0.705  0.741  0.817  0.873  0.943  0.973  0.987  1.000  0.975  0.931  0.810  0.722  0.480  0.189 -0.112
 -0.109 -0.278 -0.099 -0.114 -0.383 -0.544 -0.738 -0.818 -0.926 -0.882 -0.821 -0.708 -0.571 -0.357 -0.234  0.158  0.274  0.939  0.853  0.882  0.768  0.840  0.915  0.887  0.895  0.735  0.557 -0.155 -0.708 -0.537 -0.239 -0.492 -0.763 -0.515 -0.267 -0.562 -0.525 -0.122 -0.291 -0.447 -0.187 -0.272  0.022  0.179 -0.066  0.222  0.366  0.203  0.406  0.352  0.462  0.624  0.648  0.607  0.692  0.470  0.651  0.574  0.553  0.508 -0.108  0.018  0.131  0.304  0.370  0.337  0.455  0.584  0.709  0.719  0.781  0.721  0.630  0.603  0.664  0.659  0.754  0.818  0.922  0.951  0.960  0.930  0.836  0.701  0.553  0.664  0.838  0.820  0.820  0.831  0.851  0.855  0.916  0.928  0.935  0.963  0.985  0.982  0.980  0.995  0.999  0.992  0.978  0.956  0.910  0.881  0.811  0.713  0.709  0.787  0.821  0.899  0.947  0.936  0.975  1.000  0.984  0.915  0.855  0.656  0.398  0.104
 -0.010 -0.180 -0.005 -0.059 -0.340 -0.541 -0.735 -0.806 -0.922 -0.919 -0.859 -0.756 -0.639 -0.403 -0.254  0.070  0.133  0.892  0.848  0.892  0.815  0.881  0.958  0.952  0.958  0.840  0.627 -0.024 -0.716 -0.638 -0.402 -0.636 -0.858 -0.628 -0.396 -0.651 -0.558 -0.178 -0.366 -0.478 -0.194 -0.227  0.111  0.305  0.096  0.388  0.512  0.337  0.506  0.408  0.480  0.605  0.579  0.494  0.555  0.315  0.549  0.484  0.503  0.452 -0.103  0.016  0.147  0.301  0.387  0.384  0.486  0.626  0.737  0.731  0.804  0.765  0.680  0.673  0.733  0.720  0.786  0.864  0.940  0.935  0.912  0.852  0.726  0.568  0.400  0.522  0.740  0.750  0.796  0.808  0.857  0.890  0.953  0.966  0.952  0.962  0.992  0.983  0.957  0.965  0.981  0.962  0.927  0.898  0.830  0.799  0.728  0.613  0.588  0.676  0.709  0.807  0.875  0.866  0.931  0.984  1.000  0.967  0.917  0.762  0.512  0.241
  0.225  0.060  0.226  0.145 -0.140 -0.388 -0.599 -0.673 -0.828 -0.869 -0.792 -0.688 -0.586 -0.308 -0.126  0.089  0.036  0.823  0.725  0.791  0.747  0.816  0.924  0.957  0.968  0.941  0.777  0.212 -0.596 -0.643 -0.544 -0.784 -0.947 -0.794 -0.612 -0.809 -0.686 -0.371 -0.558 -0.617 -0.336 -0.301  0.079  0.338  0.221  0.536  0.601  0.386  0.493  0.323  0.347  0.437  0.369  0.259  0.356  0.160  0.484  0.455  0.539  0.486  0.051  0.160  0.304  0.422  0.523  0.550  0.625  0.755  0.830  0.809  0.876  0.867  0.806  0.818  0.864  0.848  0.873  0.943  0.963  0.915  0.840  0.721  0.559  0.359  0.179  0.351  0.627  0.701  0.812  0.821  0.896  0.950  0.988  0.993  0.969  0.951  0.964  0.958  0.910  0.888  0.912  0.892  0.827  0.811  0.727  0.707  0.660  0.535  0.468  0.554  0.562  0.664  0.751  0.719  0.810  0.915  0.967  1.000  0.985  0.901  0.708  0.476
  0.378  0.218  0.380  0.307  0.026 -0.233 -0.460 -0.549 -0.734 -0.785 -0.690 -0.573 -0.471 -0.170  0.024  0.184  0.062  0.794  0.606  0.680  0.638  0.715  0.850  0.906  0.923  0.955  0.870  0.350 -0.459 -0.558 -0.547 -0.808 -0.950 -0.862 -0.718 -0.890 -0.783 -0.515 -0.685 -0.727 -0.471 -0.410 -0.025  0.267  0.213  0.546  0.568  0.324  0.396  0.191  0.198  0.283  0.215  0.119  0.269  0.135  0.503  0.501  0.615  0.564  0.200  0.306  0.447  0.546  0.644  0.677  0.736  0.846  0.897  0.873  0.926  0.929  0.887  0.899  0.933  0.922  0.930  0.980  0.967  0.904  0.804  0.653  0.479  0.258  0.085  0.295  0.593  0.707  0.845  0.850  0.926  0.976  0.987  0.984  0.965  0.934  0.926  0.926  0.876  0.831  0.852  0.842  0.764  0.767  0.684  0.678  0.656  0.539  0.446  0.520  0.505  0.595  0.682  0.625  0.722  0.855  0.917  0.985  1.000  0.950  0.809  0.598
  0.590  0.457  0.582  0.470  0.222 -0.067 -0.274 -0.345 -0.540 -0.650 -0.557 -0.463 -0.404 -0.099  0.112  0.108 -0.131  0.583  0.409  0.500  0.519  0.582  0.723  0.819  0.837  0.971  0.915  0.588 -0.295 -0.551 -0.700 -0.913 -0.948 -0.951 -0.883 -0.951 -0.793 -0.638 -0.795 -0.755 -0.523 -0.377  0.017  0.345  0.404  0.707  0.662  0.413  0.397  0.133  0.070  0.086 -0.043 -0.176 -0.037 -0.126  0.299  0.335  0.516  0.466  0.300  0.378  0.523  0.562  0.673  0.748  0.763  0.856  0.859  0.814  0.863  0.906  0.893  0.935  0.950  0.933  0.885  0.930  0.853  0.739  0.587  0.388  0.186 -0.052 -0.223  0.004  0.338  0.508  0.713  0.715  0.823  0.904  0.893  0.885  0.846  0.784  0.768  0.765  0.688  0.620  0.654  0.635  0.529  0.537  0.438  0.440  0.440  0.320  0.191  0.259  0.225  0.320  0.424  0.357  0.480  0.656  0.762  0.901  0.950  1.000  0.935  0.805
  0.822  0.727  0.818  0.732  0.539  0.271  0.070 -0.014 -0.237 -0.357 -0.245 -0.146 -0.105  0.196  0.397  0.261 -0.093  0.393  0.075  0.171  0.200  0.266  0.438  0.568  0.594  0.836  0.948  0.791  0.042 -0.295 -0.615 -0.826 -0.798 -0.940 -0.969 -0.961 -0.853 -0.834 -0.929 -0.849 -0.707 -0.521 -0.182  0.161  0.350  0.634  0.501  0.236  0.142 -0.156 -0.253 -0.260 -0.379 -0.470 -0.251 -0.198  0.252  0.340  0.559  0.524  0.557  0.610  0.726  0.712  0.800  0.881  0.856  0.892  0.840  0.792  0.805  0.873  0.903  0.945  0.931  0.923  0.841  0.839  0.700  0.567  0.384  0.147 -0.048 -0.290 -0.419 -0.153  0.175  0.402  0.636  0.631  0.728  0.794  0.728  0.704  0.680  0.597  0.541  0.550  0.478  0.371  0.396  0.398  0.280  0.323  0.242  0.272  0.325  0.239  0.074  0.108  0.030  0.085  0.177  0.071  0.189  0.398  0.512  0.708  0.809  0.935  1.000  0.947
  0.901  0.855  0.889  0.786  0.664  0.419  0.275  0.221  0.027 -0.132 -0.041  0.021  0.013  0.264  0.443  0.155 -0.261  0.096 -0.166 -0.070  0.014  0.055  0.205  0.353  0.376  0.685  0.822  0.902  0.234 -0.204 -0.641 -0.767 -0.632 -0.850 -0.959 -0.843 -0.711 -0.821 -0.879 -0.729 -0.646 -0.406 -0.127  0.192  0.469  0.670  0.485  0.263  0.091 -0.214 -0.364 -0.441 -0.596 -0.703 -0.527 -0.425  0.001  0.116  0.364  0.337  0.580  0.593  0.688  0.612  0.694  0.802  0.734  0.741  0.647  0.587  0.590  0.687  0.746  0.808  0.775  0.763  0.639  0.627  0.444  0.283  0.079 -0.165 -0.351 -0.566 -0.665 -0.426 -0.125  0.121  0.382  0.373  0.484  0.565  0.486  0.459  0.421  0.320  0.263  0.270  0.184  0.070  0.102  0.098 -0.028  0.016 -0.065 -0.030  0.040 -0.030 -0.203 -0.184 -0.270 -0.224 -0.134 -0.234 -0.112  0.104  0.241  0.476  0.598  0.805  0.947  1.000
