  1.000  0.984  0.965  0.949  0.931  0.879  0.829  0.668  0.462  0.550  0.651  0.747  0.760  0.819  0.845  0.550  0.168 -0.183 -0.542 -0.616 -0.683 -0.674 -0.585 -0.523 -0.469 -0.237  0.208  0.585  0.632  0.580  0.169  0.131  0.147 -0.376 -0.416 -0.378 -0.664 -0.802 -0.705 -0.744 -0.869 -0.771 -0.710 -0.566 -0.198 -0.249 -0.506 -0.581 -0.733 -0.823 -0.829 -0.797 -0.689 -0.529 -0.275  0.042  0.166  0.367  0.424  0.486  0.723  0.786  0.834  0.736  0.668  0.600  0.575  0.414  0.227  0.204  0.093  0.180  0.340  0.323  0.215  0.273  0.160 -0.031 -0.178 -0.177 -0.249 -0.322 -0.294 -0.332 -0.263 -0.121 -0.108  0.017  0.093  0.162  0.026 -0.079 -0.248 -0.292 -0.214 -0.255 -0.375 -0.340 -0.298 -0.393 -0.435 -0.371 -0.380 -0.287 -0.238 -0.162 -0.048 -0.007 -0.108 -0.148 -0.254 -0.332 -0.358 -0.456 -0.478 -0.415 -0.428 -0.334 -0.198 -0.044  0.354  0.495
  0.984  1.000  0.977  0.946  0.945  0.893  0.857  0.716  0.519  0.577  0.674  0.757  0.752  0.806  0.840  0.518  0.135 -0.205 -0.545 -0.622 -0.679 -0.676 -0.590 -0.522 -0.468 -0.222  0.208  0.622  0.654  0.566  0.133  0.098  0.136 -0.386 -0.445 -0.395 -0.656 -0.809 -0.721 -0.742 -0.858 -0.738 -0.666 -0.512 -0.135 -0.190 -0.458 -0.535 -0.700 -0.799 -0.818 -0.801 -0.706 -0.557 -0.315 -0.004  0.122  0.327  0.385  0.447  0.686  0.763  0.821  0.714  0.656  0.593  0.555  0.394  0.199  0.170  0.067  0.164  0.327  0.319  0.210  0.265  0.142 -0.045 -0.201 -0.208 -0.287 -0.362 -0.340 -0.378 -0.309 -0.169 -0.153 -0.029  0.054  0.125 -0.003 -0.098 -0.264 -0.308 -0.238 -0.283 -0.398 -0.366 -0.332 -0.426 -0.463 -0.403 -0.417 -0.327 -0.283 -0.209 -0.099 -0.060 -0.162 -0.200 -0.305 -0.378 -0.400 -0.495 -0.510 -0.443 -0.445 -0.341 -0.204 -0.030  0.373  0.538
  0.965  0.977  1.000  0.974  0.953  0.903  0.855  0.685  0.474  0.557  0.661  0.764  0.783  0.848  0.886  0.591  0.207 -0.153 -0.527 -0.610 -0.686 -0.677 -0.585 -0.520 -0.457 -0.216  0.251  0.625  0.686  0.618  0.200  0.151  0.166 -0.354 -0.406 -0.375 -0.668 -0.805 -0.711 -0.758 -0.881 -0.786 -0.721 -0.576 -0.210 -0.256 -0.513 -0.591 -0.743 -0.832 -0.833 -0.800 -0.683 -0.515 -0.254  0.069  0.198  0.400  0.458  0.520  0.746  0.814  0.864  0.769  0.699  0.627  0.606  0.445  0.257  0.233  0.123  0.211  0.375  0.355  0.242  0.302  0.190 -0.005 -0.157 -0.154 -0.229 -0.303 -0.276 -0.315 -0.244 -0.099 -0.083  0.043  0.122  0.192  0.054 -0.056 -0.230 -0.277 -0.195 -0.237 -0.361 -0.326 -0.283 -0.383 -0.426 -0.359 -0.370 -0.272 -0.220 -0.143 -0.026  0.016 -0.088 -0.129 -0.239 -0.320 -0.346 -0.448 -0.468 -0.402 -0.415 -0.318 -0.177 -0.023  0.383  0.516
  0.949  0.946  0.974  1.000  0.970  0.937  0.881  0.679  0.473  0.611  0.703  0.822  0.856  0.913  0.929  0.648  0.253 -0.161 -0.564 -0.652 -0.742 -0.729 -0.640 -0.583 -0.517 -0.288  0.215  0.587  0.726  0.701  0.282  0.246  0.263 -0.285 -0.340 -0.297 -0.627 -0.786 -0.669 -0.726 -0.885 -0.809 -0.774 -0.632 -0.275 -0.329 -0.591 -0.662 -0.808 -0.885 -0.875 -0.834 -0.697 -0.506 -0.227  0.118  0.232  0.442  0.486  0.551  0.800  0.847  0.877  0.779  0.686  0.597  0.590  0.417  0.234  0.222  0.097  0.169  0.331  0.300  0.184  0.251  0.151 -0.055 -0.193 -0.172 -0.234 -0.299 -0.255 -0.285 -0.203 -0.060 -0.060  0.062  0.123  0.189  0.029 -0.101 -0.281 -0.331 -0.235 -0.268 -0.401 -0.363 -0.305 -0.404 -0.456 -0.381 -0.381 -0.277 -0.211 -0.132 -0.006  0.044 -0.056 -0.100 -0.217 -0.310 -0.345 -0.450 -0.482 -0.428 -0.456 -0.378 -0.235 -0.098  0.321  0.452
  0.931  0.945  0.953  0.970  1.000  0.980  0.956  0.825  0.649  0.732  0.819  0.880  0.846  0.865  0.871  0.497  0.075 -0.330 -0.665 -0.747 -0.794 -0.796 -0.722 -0.652 -0.597 -0.344  0.103  0.610  0.725  0.635  0.137  0.141  0.246 -0.341 -0.446 -0.333 -0.588 -0.821 -0.715 -0.694 -0.851 -0.702 -0.650 -0.481 -0.082 -0.162 -0.462 -0.534 -0.729 -0.836 -0.886 -0.893 -0.810 -0.653 -0.413 -0.079  0.031  0.252  0.299  0.369  0.698  0.764  0.809  0.662  0.577  0.508  0.465  0.280  0.072  0.043 -0.070  0.025  0.199  0.197  0.080  0.140  0.004 -0.191 -0.351 -0.350 -0.421 -0.485 -0.450 -0.473 -0.392 -0.260 -0.263 -0.144 -0.072 -0.003 -0.147 -0.249 -0.417 -0.462 -0.393 -0.435 -0.550 -0.519 -0.480 -0.572 -0.610 -0.550 -0.557 -0.466 -0.409 -0.334 -0.214 -0.165 -0.266 -0.307 -0.418 -0.501 -0.530 -0.622 -0.642 -0.584 -0.589 -0.486 -0.346 -0.147  0.291  0.512
  0.879  0.893  0.903  0.937  0.980  1.000  0.982  0.846  0.695  0.826  0.892  0.952  0.911  0.893  0.859  0.487  0.063 -0.404 -0.735 -0.819 -0.870 -0.873 -0.816 -0.760 -0.707 -0.478 -0.027  0.509  0.736  0.704  0.200  0.247  0.389 -0.228 -0.353 -0.193 -0.461 -0.752 -0.617 -0.579 -0.786 -0.640 -0.633 -0.466 -0.087 -0.203 -0.512 -0.567 -0.765 -0.849 -0.901 -0.919 -0.833 -0.663 -0.428 -0.082 -0.008  0.213  0.235  0.308  0.670  0.715  0.737  0.573  0.458  0.372  0.338  0.141 -0.059 -0.076 -0.196 -0.116  0.054  0.043 -0.076 -0.014 -0.137 -0.332 -0.470 -0.447 -0.495 -0.537 -0.479 -0.481 -0.385 -0.273 -0.307 -0.205 -0.164 -0.104 -0.266 -0.384 -0.544 -0.589 -0.513 -0.541 -0.654 -0.624 -0.572 -0.654 -0.698 -0.636 -0.628 -0.537 -0.467 -0.394 -0.264 -0.207 -0.299 -0.344 -0.455 -0.551 -0.588 -0.674 -0.705 -0.669 -0.689 -0.612 -0.482 -0.300  0.140  0.393
  0.829  0.857  0.855  0.881  0.956  0.982  1.000  0.913  0.805  0.874  0.920  0.942  0.861  0.824  0.803  0.387 -0.021 -0.454 -0.722 -0.810 -0.832 -0.847 -0.803 -0.737 -0.687 -0.443 -0.046  0.557  0.760  0.648  0.116  0.176  0.369 -0.223 -0.389 -0.200 -0.399 -0.721 -0.607 -0.524 -0.712 -0.526 -0.502 -0.322  0.061 -0.066 -0.386 -0.438 -0.660 -0.759 -0.840 -0.891 -0.840 -0.699 -0.505 -0.187 -0.117  0.097  0.122  0.192  0.579  0.635  0.668  0.491  0.396  0.326  0.264  0.071 -0.138 -0.170 -0.269 -0.174 -0.004  0.006 -0.108 -0.052 -0.193 -0.371 -0.521 -0.513 -0.572 -0.612 -0.567 -0.567 -0.474 -0.373 -0.405 -0.309 -0.258 -0.199 -0.340 -0.432 -0.578 -0.619 -0.565 -0.599 -0.696 -0.674 -0.639 -0.712 -0.745 -0.696 -0.696 -0.617 -0.559 -0.494 -0.378 -0.327 -0.413 -0.453 -0.552 -0.634 -0.664 -0.736 -0.755 -0.715 -0.713 -0.620 -0.494 -0.277  0.153  0.448
  0.668  0.716  0.685  0.679  0.825  0.846  0.913  1.000  0.946  0.860  0.913  0.808  0.617  0.535  0.521  0.003 -0.380 -0.667 -0.749 -0.799 -0.727 -0.764 -0.748 -0.664 -0.648 -0.395 -0.197  0.521  0.553  0.321 -0.251 -0.149  0.146 -0.386 -0.597 -0.339 -0.336 -0.702 -0.650 -0.440 -0.550 -0.260 -0.176  0.017  0.418  0.288 -0.030 -0.080 -0.354 -0.507 -0.690 -0.817 -0.886 -0.855 -0.771 -0.544 -0.473 -0.281 -0.236 -0.170  0.272  0.358  0.434  0.223  0.180  0.173  0.045 -0.123 -0.347 -0.413 -0.470 -0.335 -0.167 -0.094 -0.189 -0.163 -0.357 -0.478 -0.655 -0.705 -0.783 -0.828 -0.820 -0.821 -0.757 -0.690 -0.700 -0.618 -0.539 -0.476 -0.544 -0.553 -0.652 -0.675 -0.686 -0.741 -0.783 -0.778 -0.796 -0.846 -0.846 -0.834 -0.858 -0.818 -0.797 -0.752 -0.678 -0.643 -0.715 -0.744 -0.808 -0.848 -0.855 -0.891 -0.879 -0.830 -0.773 -0.636 -0.535 -0.231  0.137  0.526
  0.462  0.519  0.474  0.473  0.649  0.695  0.805  0.946  1.000  0.874  0.858  0.710  0.482  0.360  0.334 -0.170 -0.474 -0.703 -0.673 -0.717 -0.611 -0.662 -0.679 -0.603 -0.599 -0.381 -0.293  0.432  0.489  0.215 -0.314 -0.176  0.171 -0.270 -0.512 -0.217 -0.122 -0.513 -0.480 -0.222 -0.321 -0.017  0.050  0.236  0.572  0.430  0.132  0.102 -0.170 -0.311 -0.514 -0.676 -0.787 -0.798 -0.791 -0.633 -0.602 -0.447 -0.421 -0.366  0.072  0.142  0.207 -0.001 -0.028 -0.014 -0.159 -0.304 -0.502 -0.572 -0.597 -0.470 -0.335 -0.245 -0.316 -0.303 -0.486 -0.562 -0.715 -0.767 -0.834 -0.857 -0.854 -0.839 -0.783 -0.754 -0.778 -0.727 -0.665 -0.619 -0.657 -0.635 -0.691 -0.704 -0.744 -0.791 -0.800 -0.807 -0.840 -0.863 -0.850 -0.859 -0.880 -0.867 -0.859 -0.836 -0.788 -0.761 -0.804 -0.824 -0.863 -0.884 -0.884 -0.889 -0.869 -0.834 -0.764 -0.640 -0.568 -0.269  0.029  0.442
  0.550  0.577  0.557  0.611  0.732  0.826  0.874  0.860  0.874  1.000  0.965  0.917  0.776  0.638  0.523  0.119 -0.229 -0.673 -0.804 -0.866 -0.842 -0.872 -0.889 -0.854 -0.832 -0.675 -0.417  0.229  0.576  0.550  0.059  0.234  0.536 -0.027 -0.229  0.083 -0.030 -0.460 -0.320 -0.147 -0.392 -0.188 -0.244 -0.077  0.221  0.029 -0.278 -0.289 -0.511 -0.574 -0.699 -0.803 -0.810 -0.711 -0.605 -0.348 -0.370 -0.187 -0.217 -0.151  0.287  0.298  0.293  0.085 -0.039 -0.103 -0.166 -0.353 -0.526 -0.540 -0.627 -0.563 -0.431 -0.411 -0.502 -0.460 -0.577 -0.705 -0.796 -0.767 -0.774 -0.761 -0.688 -0.641 -0.543 -0.512 -0.600 -0.562 -0.573 -0.543 -0.674 -0.749 -0.835 -0.858 -0.829 -0.838 -0.890 -0.880 -0.845 -0.873 -0.898 -0.870 -0.848 -0.800 -0.738 -0.696 -0.595 -0.536 -0.582 -0.619 -0.693 -0.772 -0.807 -0.841 -0.869 -0.876 -0.883 -0.842 -0.767 -0.577 -0.225  0.146
  0.651  0.674  0.661  0.703  0.819  0.892  0.920  0.913  0.858  0.965  1.000  0.946  0.804  0.683  0.578  0.139 -0.262 -0.705 -0.871 -0.925 -0.900 -0.924 -0.923 -0.877 -0.858 -0.673 -0.389  0.272  0.552  0.531 -0.002  0.154  0.440 -0.172 -0.361 -0.062 -0.188 -0.605 -0.470 -0.301 -0.528 -0.310 -0.330 -0.163  0.186  0.009 -0.300 -0.325 -0.561 -0.652 -0.793 -0.888 -0.896 -0.798 -0.663 -0.380 -0.371 -0.166 -0.175 -0.101  0.349  0.381  0.399  0.182  0.061 -0.002 -0.069 -0.265 -0.459 -0.480 -0.579 -0.500 -0.342 -0.318 -0.423 -0.379 -0.518 -0.665 -0.782 -0.768 -0.789 -0.794 -0.727 -0.693 -0.600 -0.550 -0.622 -0.562 -0.552 -0.507 -0.639 -0.714 -0.819 -0.844 -0.811 -0.832 -0.895 -0.880 -0.849 -0.892 -0.917 -0.884 -0.870 -0.812 -0.751 -0.698 -0.589 -0.531 -0.593 -0.632 -0.715 -0.797 -0.833 -0.878 -0.905 -0.899 -0.903 -0.838 -0.751 -0.535 -0.153  0.220
  0.747  0.757  0.764  0.822  0.880  0.952  0.942  0.808  0.710  0.917  0.946  1.000  0.949  0.868  0.763  0.424  0.025 -0.508 -0.807 -0.886 -0.936 -0.941 -0.918 -0.890 -0.846 -0.678 -0.258  0.284  0.676  0.753  0.279  0.396  0.587 -0.040 -0.182  0.048 -0.226 -0.588 -0.413 -0.349 -0.624 -0.495 -0.560 -0.413 -0.093 -0.264 -0.560 -0.585 -0.770 -0.811 -0.865 -0.898 -0.814 -0.638 -0.426 -0.088 -0.080  0.131  0.106  0.179  0.557  0.567  0.554  0.374  0.222  0.110  0.096 -0.108 -0.281 -0.274 -0.399 -0.353 -0.201 -0.228 -0.343 -0.279 -0.371 -0.553 -0.642 -0.585 -0.589 -0.589 -0.498 -0.464 -0.351 -0.279 -0.365 -0.300 -0.312 -0.272 -0.453 -0.588 -0.723 -0.762 -0.680 -0.683 -0.784 -0.757 -0.687 -0.745 -0.795 -0.735 -0.703 -0.618 -0.533 -0.467 -0.333 -0.264 -0.335 -0.381 -0.487 -0.595 -0.646 -0.717 -0.765 -0.767 -0.812 -0.785 -0.683 -0.545 -0.135  0.151
  0.760  0.752  0.783  0.856  0.846  0.911  0.861  0.617  0.482  0.776  0.804  0.949  1.000  0.967  0.870  0.669  0.313 -0.258 -0.662 -0.758 -0.878 -0.864 -0.822 -0.815 -0.752 -0.621 -0.108  0.251  0.727  0.902  0.539  0.606  0.687  0.112  0.026  0.167 -0.226 -0.500 -0.302 -0.349 -0.646 -0.622 -0.728 -0.620 -0.368 -0.518 -0.765 -0.785 -0.895 -0.879 -0.843 -0.810 -0.645 -0.407 -0.140  0.219  0.221  0.418  0.376  0.440  0.706  0.693  0.650  0.524  0.354  0.203  0.246  0.053 -0.079 -0.042 -0.185 -0.180 -0.049 -0.125 -0.238 -0.160 -0.193 -0.390 -0.440 -0.344 -0.327 -0.320 -0.212 -0.180 -0.060  0.025 -0.067 -0.005 -0.042 -0.013 -0.225 -0.408 -0.558 -0.605 -0.483 -0.466 -0.594 -0.557 -0.454 -0.521 -0.591 -0.508 -0.460 -0.357 -0.253 -0.180 -0.034  0.039 -0.034 -0.082 -0.199 -0.326 -0.388 -0.477 -0.543 -0.556 -0.641 -0.658 -0.552 -0.509 -0.117  0.049
  0.819  0.806  0.848  0.913  0.865  0.893  0.824  0.535  0.360  0.638  0.683  0.868  0.967  1.000  0.957  0.804  0.464 -0.063 -0.521 -0.627 -0.776 -0.753 -0.683 -0.667 -0.589 -0.438  0.123  0.387  0.783  0.916  0.593  0.589  0.587  0.063  0.012  0.063 -0.367 -0.547 -0.371 -0.484 -0.738 -0.751 -0.824 -0.722 -0.474 -0.570 -0.796 -0.833 -0.914 -0.903 -0.826 -0.756 -0.556 -0.301 -0.003  0.357  0.400  0.589  0.572  0.630  0.829  0.827  0.794  0.708  0.560  0.414  0.468  0.291  0.164  0.196  0.055  0.063  0.191  0.106 -0.005  0.077  0.051 -0.156 -0.219 -0.130 -0.134 -0.152 -0.062 -0.055  0.054  0.168  0.110  0.193  0.181  0.217  0.011 -0.176 -0.345 -0.399 -0.265 -0.256 -0.402 -0.359 -0.257 -0.341 -0.414 -0.323 -0.286 -0.173 -0.075  0.004  0.148  0.212  0.128  0.082 -0.040 -0.162 -0.218 -0.324 -0.384 -0.376 -0.458 -0.462 -0.339 -0.311  0.080  0.163
  0.845  0.840  0.886  0.929  0.871  0.859  0.803  0.521  0.334  0.523  0.578  0.763  0.870  0.957  1.000  0.844  0.535  0.101 -0.352 -0.470 -0.621 -0.599 -0.506 -0.467 -0.377 -0.181  0.376  0.605  0.863  0.856  0.541  0.465  0.422 -0.020 -0.072 -0.097 -0.489 -0.590 -0.468 -0.606 -0.782 -0.789 -0.799 -0.686 -0.429 -0.468 -0.684 -0.742 -0.819 -0.837 -0.748 -0.672 -0.474 -0.236  0.054  0.387  0.480  0.655  0.676  0.724  0.878  0.907  0.899  0.842  0.743  0.625  0.658  0.504  0.369  0.379  0.259  0.293  0.418  0.351  0.248  0.325  0.283  0.083 -0.013  0.044  0.001 -0.047  0.005 -0.017  0.072  0.210  0.199  0.303  0.337  0.383  0.209  0.048 -0.129 -0.187 -0.066 -0.077 -0.224 -0.183 -0.102 -0.199 -0.264 -0.179 -0.163 -0.053  0.025  0.102  0.229  0.278  0.185  0.144  0.029 -0.072 -0.111 -0.220 -0.259 -0.220 -0.273 -0.238 -0.097 -0.042  0.340  0.374
  0.550  0.518  0.591  0.648  0.497  0.487  0.387  0.003 -0.170  0.119  0.139  0.424  0.669  0.804  0.844  1.000  0.887  0.525  0.047 -0.067 -0.297 -0.250 -0.160 -0.175 -0.078 -0.020  0.514  0.340  0.691  0.855  0.850  0.717  0.501  0.315  0.369  0.199 -0.269 -0.188 -0.065 -0.351 -0.516 -0.710 -0.799 -0.795 -0.764 -0.757 -0.808 -0.833 -0.747 -0.649 -0.426 -0.265  0.013  0.284  0.566  0.817  0.860  0.944  0.920  0.934  0.835  0.811  0.743  0.799  0.700  0.548  0.674  0.593  0.584  0.644  0.538  0.482  0.520  0.387  0.324  0.402  0.486  0.330  0.344  0.458  0.471  0.457  0.524  0.512  0.587  0.695  0.670  0.726  0.698  0.704  0.533  0.340  0.200  0.146  0.300  0.332  0.187  0.231  0.346  0.270  0.190  0.284  0.326  0.431  0.516  0.577  0.682  0.722  0.662  0.632  0.537  0.439  0.392  0.290  0.232  0.235  0.128  0.065  0.162  0.022  0.238  0.046
  0.168  0.135  0.207  0.253  0.075  0.063 -0.021 -0.380 -0.474 -0.229 -0.262  0.025  0.313  0.464  0.535  0.887  1.000  0.818  0.462  0.358  0.124  0.171  0.235  0.193  0.283  0.242  0.612  0.177  0.495  0.653  0.893  0.724  0.438  0.561  0.649  0.390  0.018  0.230  0.296 -0.033 -0.121 -0.402 -0.515 -0.587 -0.756 -0.709 -0.619 -0.611 -0.419 -0.256  0.022  0.196  0.462  0.685  0.866  0.966  0.968  0.946  0.897  0.873  0.581  0.538  0.446  0.584  0.537  0.405  0.554  0.559  0.649  0.723  0.671  0.570  0.524  0.381  0.374  0.432  0.590  0.520  0.607  0.727  0.766  0.779  0.823  0.817  0.860  0.918  0.899  0.903  0.846  0.817  0.707  0.552  0.482  0.441  0.572  0.625  0.523  0.553  0.656  0.617  0.549  0.620  0.667  0.735  0.795  0.823  0.874  0.888  0.871  0.862  0.814  0.754  0.722  0.657  0.610  0.592  0.486  0.375  0.421  0.178  0.200 -0.128
 -0.183 -0.205 -0.153 -0.161 -0.330 -0.404 -0.454 -0.667 -0.703 -0.673 -0.705 -0.508 -0.258 -0.063  0.101  0.525  0.818  1.000  0.866  0.809  0.649  0.686  0.742  0.716  0.775  0.706  0.795  0.184  0.145  0.121  0.527  0.286 -0.051  0.398  0.524  0.161  0.030  0.418  0.346  0.045  0.162 -0.108 -0.117 -0.231 -0.498 -0.342 -0.130 -0.128  0.108  0.230  0.479  0.631  0.796  0.876  0.911  0.812  0.850  0.726  0.728  0.667  0.234  0.223  0.177  0.387  0.460  0.430  0.534  0.649  0.791  0.826  0.859  0.780  0.674  0.590  0.643  0.656  0.807  0.842  0.923  0.966  0.967  0.953  0.915  0.872  0.840  0.871  0.932  0.922  0.919  0.886  0.908  0.871  0.873  0.856  0.908  0.936  0.903  0.912  0.942  0.928  0.905  0.928  0.932  0.945  0.935  0.925  0.890  0.857  0.869  0.888  0.904  0.925  0.937  0.915  0.919  0.931  0.893  0.826  0.830  0.601  0.426  0.004
 -0.542 -0.545 -0.527 -0.564 -0.665 -0.735 -0.722 -0.749 -0.673 -0.804 -0.871 -0.807 -0.662 -0.521 -0.352  0.047  0.462  0.866  1.000  0.986  0.931  0.941  0.947  0.926  0.944  0.833  0.629  0.041 -0.166 -0.309  0.158 -0.038 -0.281  0.359  0.446  0.136  0.264  0.643  0.489  0.314  0.534  0.338  0.368  0.237 -0.102  0.059  0.329  0.353  0.574  0.670  0.832  0.903  0.933  0.874  0.742  0.480  0.487  0.293  0.299  0.217 -0.219 -0.216 -0.237 -0.034  0.108  0.154  0.198  0.374  0.545  0.551  0.654  0.592  0.445  0.424  0.523  0.496  0.626  0.761  0.850  0.841  0.837  0.835  0.755  0.719  0.644  0.612  0.689  0.637  0.644  0.596  0.718  0.785  0.872  0.882  0.853  0.870  0.917  0.900  0.870  0.903  0.921  0.891  0.876  0.828  0.769  0.720  0.618  0.558  0.611  0.650  0.726  0.807  0.847  0.885  0.924  0.931  0.950  0.904  0.854  0.671  0.345 -0.023
 -0.616 -0.622 -0.610 -0.652 -0.747 -0.819 -0.810 -0.799 -0.717 -0.866 -0.925 -0.886 -0.758 -0.627 -0.470 -0.067  0.358  0.809  0.986  1.000  0.968  0.978  0.978  0.953  0.955  0.822  0.557 -0.048 -0.309 -0.432  0.057 -0.126 -0.370  0.290  0.399  0.095  0.260  0.652  0.489  0.332  0.572  0.383  0.420  0.278 -0.067  0.105  0.392  0.416  0.639  0.725  0.867  0.934  0.940  0.850  0.695  0.405  0.409  0.202  0.214  0.131 -0.304 -0.306 -0.322 -0.118  0.030  0.094  0.136  0.326  0.505  0.510  0.620  0.558  0.403  0.392  0.499  0.462  0.589  0.740  0.834  0.814  0.813  0.811  0.726  0.689  0.601  0.558  0.640  0.584  0.591  0.544  0.684  0.769  0.871  0.889  0.847  0.862  0.923  0.903  0.864  0.904  0.930  0.892  0.872  0.814  0.747  0.692  0.578  0.514  0.573  0.616  0.702  0.792  0.836  0.883  0.925  0.930  0.955  0.910  0.845  0.663  0.303 -0.062
 -0.683 -0.679 -0.686 -0.742 -0.794 -0.870 -0.832 -0.727 -0.611 -0.842 -0.900 -0.936 -0.878 -0.776 -0.621 -0.297  0.124  0.649  0.931  0.968  1.000  0.995  0.979  0.968  0.948  0.827  0.454 -0.059 -0.423 -0.620 -0.175 -0.329 -0.507  0.159  0.243 -0.011  0.267  0.623  0.428  0.351  0.632  0.511  0.585  0.460  0.147  0.317  0.591  0.612  0.791  0.836  0.912  0.934  0.869  0.716  0.503  0.171  0.179 -0.033 -0.005 -0.087 -0.464 -0.453 -0.444 -0.263 -0.090  0.016  0.014  0.212  0.373  0.355  0.487  0.453  0.303  0.332  0.447  0.393  0.481  0.659  0.729  0.673  0.657  0.649  0.544  0.504  0.400  0.342  0.438  0.379  0.407  0.365  0.543  0.677  0.801  0.829  0.749  0.748  0.839  0.810  0.739  0.790  0.837  0.777  0.742  0.662  0.574  0.509  0.374  0.302  0.368  0.416  0.519  0.632  0.689  0.756  0.814  0.828  0.886  0.873  0.797  0.677  0.296 -0.000
 -0.674 -0.676 -0.677 -0.729 -0.796 -0.873 -0.847 -0.764 -0.662 -0.872 -0.924 -0.941 -0.864 -0.753 -0.599 -0.250  0.171  0.686  0.941  0.978  0.995  1.000  0.989  0.972  0.954  0.826  0.475 -0.075 -0.428 -0.595 -0.133 -0.297 -0.501  0.165  0.266 -0.007  0.242  0.618  0.430  0.330  0.606  0.464  0.532  0.398  0.078  0.256  0.539  0.560  0.753  0.804  0.896  0.934  0.886  0.746  0.549  0.226  0.236  0.024  0.052 -0.030 -0.423 -0.418 -0.415 -0.224 -0.058  0.040  0.052  0.250  0.418  0.406  0.533  0.491  0.339  0.358  0.472  0.420  0.518  0.690  0.767  0.717  0.705  0.697  0.596  0.554  0.451  0.397  0.492  0.436  0.461  0.419  0.590  0.713  0.831  0.857  0.786  0.789  0.873  0.846  0.782  0.830  0.872  0.818  0.786  0.711  0.628  0.565  0.434  0.363  0.427  0.475  0.575  0.682  0.736  0.798  0.851  0.864  0.913  0.893  0.817  0.679  0.297 -0.024
 -0.585 -0.590 -0.585 -0.640 -0.722 -0.816 -0.803 -0.748 -0.679 -0.889 -0.923 -0.918 -0.822 -0.683 -0.506 -0.160  0.235  0.742  0.947  0.978  0.979  0.989  1.000  0.991  0.980  0.876  0.576  0.015 -0.368 -0.552 -0.106 -0.301 -0.537  0.107  0.221 -0.085  0.128  0.532  0.342  0.213  0.499  0.348  0.435  0.308  0.017  0.214  0.488  0.496  0.687  0.728  0.834  0.890  0.864  0.740  0.577  0.278  0.315  0.116  0.159  0.081 -0.315 -0.304 -0.294 -0.096  0.072  0.168  0.183  0.377  0.534  0.518  0.637  0.602  0.461  0.476  0.582  0.536  0.628  0.781  0.841  0.788  0.761  0.737  0.631  0.576  0.472  0.441  0.552  0.514  0.555  0.522  0.686  0.799  0.898  0.917  0.857  0.853  0.921  0.899  0.838  0.871  0.909  0.863  0.826  0.762  0.680  0.625  0.503  0.430  0.482  0.527  0.618  0.721  0.775  0.823  0.877  0.903  0.953  0.945  0.886  0.754  0.402  0.058
 -0.523 -0.522 -0.520 -0.583 -0.652 -0.760 -0.737 -0.664 -0.603 -0.854 -0.877 -0.890 -0.815 -0.667 -0.467 -0.175  0.193  0.716  0.926  0.953  0.968  0.972  0.991  1.000  0.992  0.926  0.630  0.125 -0.318 -0.572 -0.178 -0.385 -0.604  0.017  0.114 -0.189  0.047  0.443  0.237  0.127  0.434  0.317  0.437  0.332  0.086  0.293  0.541  0.536  0.701  0.711  0.797  0.840  0.799  0.666  0.502  0.211  0.272  0.086  0.150  0.074 -0.287 -0.258 -0.230 -0.043  0.138  0.249  0.243  0.430  0.562  0.529  0.652  0.640  0.514  0.547  0.648  0.600  0.664  0.811  0.841  0.768  0.720  0.680  0.560  0.492  0.385  0.368  0.496  0.474  0.541  0.518  0.690  0.817  0.905  0.923  0.853  0.835  0.902  0.880  0.806  0.831  0.874  0.826  0.776  0.713  0.625  0.573  0.449  0.374  0.417  0.462  0.550  0.659  0.719  0.764  0.828  0.870  0.937  0.959  0.914  0.827  0.502  0.181
 -0.469 -0.468 -0.457 -0.517 -0.597 -0.707 -0.687 -0.648 -0.599 -0.832 -0.858 -0.846 -0.752 -0.589 -0.377 -0.078  0.283  0.775  0.944  0.955  0.948  0.954  0.980  0.992  1.000  0.946  0.701  0.190 -0.224 -0.486 -0.099 -0.321 -0.555  0.054  0.147 -0.173  0.027  0.428  0.229  0.095  0.390  0.260  0.376  0.275  0.034  0.244  0.482  0.474  0.643  0.661  0.766  0.820  0.803  0.694  0.554  0.284  0.353  0.174  0.237  0.162 -0.208 -0.176 -0.153  0.037  0.214  0.313  0.314  0.493  0.622  0.592  0.706  0.692  0.571  0.594  0.690  0.650  0.719  0.852  0.879  0.814  0.763  0.720  0.603  0.534  0.433  0.428  0.557  0.540  0.608  0.586  0.745  0.856  0.931  0.943  0.885  0.868  0.922  0.903  0.838  0.855  0.892  0.851  0.803  0.749  0.668  0.621  0.506  0.435  0.471  0.513  0.592  0.694  0.751  0.787  0.848  0.893  0.955  0.975  0.943  0.848  0.547  0.211
 -0.237 -0.222 -0.216 -0.288 -0.344 -0.478 -0.443 -0.395 -0.381 -0.675 -0.673 -0.678 -0.621 -0.438 -0.181 -0.020  0.242  0.706  0.833  0.822  0.827  0.826  0.876  0.926  0.946  1.000  0.825  0.474 -0.020 -0.419 -0.186 -0.433 -0.628 -0.129 -0.083 -0.389 -0.187  0.173 -0.039 -0.145  0.166  0.111  0.290  0.248  0.133  0.351  0.507  0.468  0.566  0.520  0.589  0.623  0.597  0.495  0.389  0.177  0.303  0.174  0.277  0.215 -0.060  0.011  0.072  0.225  0.415  0.529  0.487  0.632  0.691  0.629  0.736  0.774  0.701  0.752  0.823  0.790  0.795  0.891  0.845  0.749  0.650  0.571  0.434  0.341  0.248  0.284  0.442  0.468  0.589  0.593  0.747  0.866  0.900  0.901  0.838  0.793  0.828  0.811  0.731  0.722  0.761  0.723  0.656  0.616  0.530  0.498  0.398  0.329  0.336  0.372  0.432  0.533  0.597  0.614  0.689  0.771  0.862  0.945  0.956  0.962  0.767  0.497
  0.208  0.208  0.251  0.215  0.103 -0.027 -0.046 -0.197 -0.293 -0.417 -0.389 -0.258 -0.108  0.123  0.376  0.514  0.612  0.795  0.629  0.557  0.454  0.475  0.576  0.630  0.701  0.825  1.000  0.706  0.423  0.109  0.217 -0.066 -0.322 -0.078 -0.024 -0.356 -0.434 -0.113 -0.229 -0.448 -0.268 -0.374 -0.236 -0.234 -0.239 -0.043  0.011 -0.056  0.028  0.002  0.151  0.255  0.371  0.426  0.507  0.494  0.654  0.617  0.716  0.683  0.467  0.527  0.561  0.698  0.806  0.835  0.844  0.903  0.910  0.872  0.900  0.930  0.916  0.904  0.917  0.933  0.945  0.921  0.851  0.810  0.710  0.616  0.529  0.432  0.394  0.504  0.640  0.715  0.830  0.853  0.888  0.892  0.824  0.793  0.817  0.780  0.724  0.734  0.719  0.657  0.650  0.670  0.624  0.653  0.624  0.637  0.618  0.583  0.542  0.552  0.542  0.573  0.604  0.555  0.594  0.683  0.719  0.789  0.872  0.857  0.867  0.580
  0.585  0.622  0.625  0.587  0.610  0.509  0.557  0.521  0.432  0.229  0.272  0.284  0.251  0.387  0.605  0.340  0.177  0.184  0.041 -0.048 -0.059 -0.075  0.015  0.125  0.190  0.474  0.706  1.000  0.715  0.221 -0.086 -0.251 -0.243 -0.374 -0.484 -0.579 -0.586 -0.567 -0.651 -0.663 -0.559 -0.422 -0.229 -0.081  0.191  0.277  0.097  0.005 -0.128 -0.275 -0.295 -0.314 -0.291 -0.253 -0.160 -0.045  0.142  0.233  0.357  0.371  0.511  0.625  0.714  0.680  0.759  0.804  0.703  0.647  0.495  0.405  0.409  0.542  0.637  0.697  0.652  0.674  0.538  0.452  0.260  0.174  0.025 -0.090 -0.174 -0.261 -0.259 -0.126 -0.006  0.113  0.277  0.340  0.347  0.370  0.258  0.220  0.212  0.135  0.074  0.080  0.038 -0.042 -0.037 -0.025 -0.089 -0.050 -0.074 -0.041 -0.019 -0.033 -0.110 -0.117 -0.159 -0.146 -0.115 -0.170 -0.118 -0.001  0.087  0.257  0.390  0.610  0.858  0.906
  0.632  0.654  0.686  0.726  0.725  0.736  0.760  0.553  0.489  0.576  0.552  0.676  0.727  0.783  0.863  0.691  0.495  0.145 -0.166 -0.309 -0.423 -0.428 -0.368 -0.318 -0.224 -0.020  0.423  0.715  1.000  0.794  0.489  0.426  0.475  0.183  0.030  0.037 -0.206 -0.351 -0.281 -0.351 -0.491 -0.454 -0.460 -0.336 -0.143 -0.196 -0.403 -0.442 -0.532 -0.546 -0.482 -0.471 -0.329 -0.139  0.044  0.287  0.353  0.481  0.490  0.519  0.686  0.727  0.712  0.643  0.588  0.501  0.491  0.361  0.242  0.227  0.161  0.206  0.295  0.262  0.189  0.255  0.209  0.066 -0.027  0.015 -0.037 -0.070 -0.044 -0.055  0.026  0.128  0.118  0.190  0.226  0.253  0.127  0.017 -0.114 -0.168 -0.091 -0.101 -0.208 -0.187 -0.135 -0.204 -0.251 -0.195 -0.186 -0.107 -0.052 -0.001  0.089  0.121  0.054  0.028 -0.054 -0.121 -0.142 -0.216 -0.229 -0.193 -0.207 -0.165 -0.037  0.050  0.371  0.440
  0.580  0.566  0.618  0.701  0.635  0.704  0.648  0.321  0.215  0.550  0.531  0.753  0.902  0.916  0.856  0.855  0.653  0.121 -0.309 -0.432 -0.620 -0.595 -0.552 -0.572 -0.486 -0.419  0.109  0.221  0.794  1.000  0.825  0.831  0.809  0.438  0.378  0.408 -0.031 -0.190 -0.004 -0.159 -0.445 -0.542 -0.695 -0.646 -0.556 -0.676 -0.824 -0.821 -0.823 -0.725 -0.584 -0.503 -0.273  0.003  0.259  0.563  0.538  0.671  0.598  0.635  0.722  0.687  0.601  0.553  0.397  0.218  0.313  0.167  0.114  0.177  0.053  0.006  0.075 -0.044 -0.128 -0.044  0.007 -0.162 -0.147 -0.011  0.031  0.059  0.169  0.208  0.324  0.394  0.295  0.327  0.256  0.255  0.046 -0.159 -0.289 -0.341 -0.196 -0.150 -0.283 -0.246 -0.121 -0.177 -0.259 -0.170 -0.106 -0.004  0.103  0.165  0.295  0.358  0.306  0.267  0.164  0.042 -0.021 -0.108 -0.179 -0.211 -0.323 -0.399 -0.309 -0.388 -0.093 -0.083
  0.169  0.133  0.200  0.282  0.137  0.200  0.116 -0.251 -0.314  0.059 -0.002  0.279  0.539  0.593  0.541  0.850  0.893  0.527  0.158  0.057 -0.175 -0.133 -0.106 -0.178 -0.099 -0.186  0.217 -0.086  0.489  0.825  1.000  0.954  0.771  0.733  0.782  0.668  0.237  0.281  0.437  0.164 -0.064 -0.329 -0.542 -0.609 -0.773 -0.834 -0.792 -0.753 -0.589 -0.385 -0.134  0.013  0.281  0.539  0.733  0.894  0.816  0.828  0.719  0.714  0.528  0.447  0.314  0.387  0.260  0.078  0.246  0.200  0.283  0.388  0.302  0.173  0.140 -0.025 -0.052  0.017  0.188  0.098  0.225  0.396  0.489  0.552  0.658  0.704  0.788  0.810  0.710  0.683  0.557  0.514  0.345  0.145  0.080  0.042  0.193  0.276  0.171  0.204  0.341  0.319  0.237  0.317  0.399  0.474  0.569  0.603  0.687  0.729  0.723  0.701  0.638  0.541  0.483  0.422  0.344  0.278  0.132 -0.032 -0.005 -0.268 -0.197 -0.409
  0.131  0.098  0.151  0.246  0.141  0.247  0.176 -0.149 -0.176  0.234  0.154  0.396  0.606  0.589  0.465  0.717  0.724  0.286 -0.038 -0.126 -0.329 -0.297 -0.301 -0.385 -0.321 -0.433 -0.066 -0.251  0.426  0.831  0.954  1.000  0.910  0.783  0.800  0.798  0.388  0.315  0.509  0.309  0.015 -0.207 -0.467 -0.524 -0.675 -0.806 -0.799 -0.739 -0.610 -0.396 -0.191 -0.083  0.152  0.400  0.571  0.745  0.618  0.646  0.506  0.511  0.413  0.315  0.170  0.191  0.030 -0.163 -0.003 -0.075 -0.001  0.114  0.017 -0.117 -0.141 -0.302 -0.335 -0.267 -0.104 -0.191 -0.048  0.136  0.257  0.348  0.480  0.557  0.657  0.650  0.507  0.458  0.299  0.248  0.064 -0.140 -0.188 -0.219 -0.075  0.018 -0.072 -0.042  0.100  0.095  0.014  0.089  0.185  0.253  0.359  0.390  0.483  0.539  0.542  0.516  0.453  0.345  0.277  0.230  0.142  0.049 -0.105 -0.287 -0.278 -0.526 -0.440 -0.551
  0.147  0.136  0.166  0.263  0.246  0.389  0.369  0.146  0.171  0.536  0.440  0.587  0.687  0.587  0.422  0.501  0.438 -0.051 -0.281 -0.370 -0.507 -0.501 -0.537 -0.604 -0.555 -0.628 -0.322 -0.243  0.475  0.809  0.771  0.910  1.000  0.759  0.666  0.820  0.515  0.262  0.464  0.406  0.073 -0.025 -0.285 -0.292 -0.367 -0.577 -0.651 -0.580 -0.544 -0.368 -0.265 -0.245 -0.090  0.121  0.240  0.424  0.273  0.335  0.184  0.203  0.270  0.191  0.060 -0.010 -0.179 -0.359 -0.256 -0.367 -0.345 -0.250 -0.345 -0.444 -0.437 -0.556 -0.600 -0.538 -0.432 -0.513 -0.402 -0.235 -0.119 -0.015  0.122  0.222  0.336  0.305  0.137  0.079 -0.081 -0.128 -0.307 -0.483 -0.517 -0.541 -0.431 -0.347 -0.413 -0.393 -0.270 -0.261 -0.329 -0.272 -0.179 -0.124 -0.020  0.007  0.103  0.167  0.173  0.143  0.084 -0.022 -0.088 -0.115 -0.195 -0.294 -0.420 -0.574 -0.566 -0.713 -0.573 -0.509
 -0.376 -0.386 -0.354 -0.285 -0.341 -0.228 -0.223 -0.386 -0.270 -0.027 -0.172 -0.040  0.112  0.063 -0.020  0.315  0.561  0.398  0.359  0.290  0.159  0.165  0.107  0.017  0.054 -0.129 -0.078 -0.374  0.183  0.438  0.733  0.783  0.759  1.000  0.948  0.940  0.816  0.788  0.870  0.756  0.587  0.385  0.141  0.029 -0.305 -0.420 -0.287 -0.185 -0.006  0.229  0.396  0.430  0.549  0.669  0.636  0.590  0.416  0.326  0.170  0.131 -0.082 -0.164 -0.305 -0.252 -0.317 -0.446 -0.328 -0.305 -0.154 -0.058 -0.066 -0.209 -0.314 -0.427 -0.391 -0.362 -0.174 -0.129  0.058  0.207  0.335  0.453  0.534  0.624  0.676  0.588  0.460  0.344  0.177  0.091  0.022 -0.076 -0.015 -0.020  0.043  0.142  0.139  0.139  0.226  0.279  0.236  0.256  0.338  0.339  0.392  0.373  0.379  0.398  0.458  0.460  0.473  0.437  0.403  0.425  0.375  0.268  0.164 -0.026 -0.082 -0.344 -0.483 -0.627
 -0.416 -0.445 -0.406 -0.340 -0.446 -0.353 -0.389 -0.597 -0.512 -0.229 -0.361 -0.182  0.026  0.012 -0.072  0.369  0.649  0.524  0.446  0.399  0.243  0.266  0.221  0.114  0.147 -0.083 -0.024 -0.484  0.030  0.378  0.782  0.800  0.666  0.948  1.000  0.917  0.728  0.808  0.898  0.708  0.557  0.281  0.030 -0.117 -0.496 -0.568 -0.381 -0.285 -0.051  0.205  0.422  0.511  0.667  0.794  0.788  0.731  0.562  0.450  0.299  0.255 -0.047 -0.152 -0.303 -0.197 -0.267 -0.397 -0.241 -0.191 -0.006  0.108  0.097 -0.071 -0.197 -0.335 -0.290 -0.264 -0.041  0.005  0.219  0.377  0.516  0.631  0.715  0.793  0.833  0.752  0.636  0.521  0.346  0.258  0.188  0.076  0.136  0.133  0.214  0.319  0.309  0.314  0.412  0.462  0.414  0.441  0.526  0.531  0.585  0.566  0.571  0.586  0.648  0.652  0.665  0.626  0.589  0.604  0.546  0.437  0.313  0.100  0.032 -0.296 -0.480 -0.717
 -0.378 -0.395 -0.375 -0.297 -0.333 -0.193 -0.200 -0.339 -0.217  0.083 -0.062  0.048  0.167  0.063 -0.097  0.199  0.390  0.161  0.136  0.095 -0.011 -0.007 -0.085 -0.189 -0.173 -0.389 -0.356 -0.579  0.037  0.408  0.668  0.798  0.820  0.940  0.917  1.000  0.855  0.750  0.883  0.814  0.584  0.404  0.121  0.016 -0.294 -0.458 -0.354 -0.243 -0.090  0.148  0.280  0.302  0.402  0.514  0.486  0.465  0.256  0.186  0.010 -0.014 -0.152 -0.259 -0.410 -0.393 -0.500 -0.636 -0.513 -0.512 -0.372 -0.261 -0.287 -0.438 -0.531 -0.647 -0.620 -0.595 -0.412 -0.374 -0.173 -0.012  0.141  0.279  0.388  0.498  0.562  0.456  0.296  0.169 -0.027 -0.114 -0.203 -0.312 -0.245 -0.242 -0.177 -0.071 -0.067 -0.066  0.030  0.093  0.049  0.069  0.163  0.163  0.228  0.210  0.232  0.264  0.328  0.324  0.331  0.279  0.233  0.261  0.196  0.068 -0.051 -0.259 -0.332 -0.592 -0.712 -0.780
 -0.664 -0.656 -0.668 -0.627 -0.588 -0.461 -0.399 -0.336 -0.122 -0.030 -0.188 -0.226 -0.226 -0.367 -0.489 -0.269  0.018  0.030  0.264  0.260  0.267  0.242  0.128  0.047  0.027 -0.187 -0.434 -0.586 -0.206 -0.031  0.237  0.388  0.515  0.816  0.728  0.855  1.000  0.884  0.910  0.983  0.884  0.811  0.605  0.501  0.166  0.020  0.161  0.281  0.395  0.575  0.600  0.530  0.484  0.451  0.260  0.085 -0.121 -0.248 -0.397 -0.439 -0.560 -0.628 -0.732 -0.731 -0.750 -0.798 -0.755 -0.699 -0.554 -0.488 -0.444 -0.554 -0.670 -0.707 -0.640 -0.656 -0.522 -0.392 -0.216 -0.128 -0.004  0.126  0.177  0.279  0.295  0.143  0.021 -0.129 -0.286 -0.376 -0.356 -0.347 -0.208 -0.182 -0.206 -0.125 -0.045 -0.070 -0.046  0.051  0.054  0.019  0.081  0.023  0.033 -0.019 -0.066 -0.063  0.029  0.044  0.107  0.121  0.111  0.192  0.172  0.060  0.015 -0.140 -0.250 -0.421 -0.664 -0.667
 -0.802 -0.809 -0.805 -0.786 -0.821 -0.752 -0.721 -0.702 -0.513 -0.460 -0.605 -0.588 -0.500 -0.547 -0.590 -0.188  0.230  0.418  0.643  0.652  0.623  0.618  0.532  0.443  0.428  0.173 -0.113 -0.567 -0.351 -0.190  0.281  0.315  0.262  0.788  0.808  0.750  0.884  1.000  0.966  0.915  0.929  0.746  0.580  0.416 -0.025 -0.056  0.204  0.311  0.526  0.725  0.835  0.837  0.830  0.782  0.587  0.332  0.162 -0.031 -0.151 -0.221 -0.543 -0.615 -0.717 -0.606 -0.573 -0.596 -0.518 -0.387 -0.177 -0.109 -0.035 -0.167 -0.334 -0.388 -0.289 -0.314 -0.131  0.031  0.231  0.307  0.419  0.527  0.542  0.609  0.585  0.447  0.379  0.233  0.098  0.003  0.066  0.091  0.241  0.269  0.249  0.328  0.409  0.385  0.401  0.494  0.500  0.465  0.512  0.448  0.435  0.372  0.293  0.269  0.369  0.398  0.481  0.522  0.526  0.605  0.597  0.502  0.458  0.294  0.173 -0.083 -0.443 -0.642
 -0.705 -0.721 -0.711 -0.669 -0.715 -0.617 -0.607 -0.650 -0.480 -0.320 -0.470 -0.413 -0.302 -0.371 -0.468 -0.065  0.296  0.346  0.489  0.489  0.428  0.430  0.342  0.237  0.229 -0.039 -0.229 -0.651 -0.281 -0.004  0.437  0.509  0.464  0.870  0.898  0.883  0.910  0.966  1.000  0.930  0.853  0.647  0.424  0.265 -0.161 -0.238 -0.011  0.104  0.316  0.546  0.675  0.694  0.730  0.737  0.596  0.411  0.214  0.052 -0.096 -0.152 -0.435 -0.532 -0.660 -0.571 -0.592 -0.657 -0.550 -0.456 -0.253 -0.160 -0.121 -0.273 -0.426 -0.510 -0.431 -0.440 -0.240 -0.115  0.105  0.218  0.357  0.483  0.536  0.622  0.627  0.492  0.385  0.237  0.068 -0.030 -0.020 -0.046  0.084  0.106  0.118  0.214  0.271  0.257  0.305  0.393  0.380  0.364  0.433  0.389  0.404  0.355  0.308  0.304  0.398  0.416  0.476  0.484  0.469  0.532  0.500  0.385  0.306  0.111 -0.005 -0.289 -0.591 -0.765
 -0.744 -0.742 -0.758 -0.726 -0.694 -0.579 -0.524 -0.440 -0.222 -0.147 -0.301 -0.349 -0.349 -0.484 -0.606 -0.351 -0.033  0.045  0.314  0.332  0.351  0.330  0.213  0.127  0.095 -0.145 -0.448 -0.663 -0.351 -0.159  0.164  0.309  0.406  0.756  0.708  0.814  0.983  0.915  0.930  1.000  0.930  0.844  0.646  0.524  0.163  0.040  0.213  0.333  0.465  0.643  0.668  0.606  0.546  0.486  0.276  0.065 -0.141 -0.289 -0.430 -0.478 -0.632 -0.707 -0.808 -0.787 -0.794 -0.823 -0.776 -0.697 -0.535 -0.469 -0.414 -0.527 -0.659 -0.691 -0.613 -0.638 -0.497 -0.349 -0.163 -0.086  0.041  0.169  0.211  0.307  0.307  0.148  0.037 -0.117 -0.272 -0.363 -0.322 -0.298 -0.144 -0.110 -0.144 -0.065  0.028  0.001  0.016  0.119  0.128  0.087  0.144  0.076  0.076  0.017 -0.044 -0.048  0.051  0.071  0.145  0.170  0.165  0.253  0.238  0.126  0.085 -0.072 -0.197 -0.383 -0.672 -0.702
 -0.869 -0.858 -0.881 -0.885 -0.851 -0.786 -0.712 -0.550 -0.321 -0.392 -0.528 -0.624 -0.646 -0.738 -0.782 -0.516 -0.121  0.162  0.534  0.572  0.632  0.606  0.499  0.434  0.390  0.166 -0.268 -0.559 -0.491 -0.445 -0.064  0.015  0.073  0.587  0.557  0.584  0.884  0.929  0.853  0.930  1.000  0.930  0.821  0.688  0.306  0.263  0.492  0.595  0.736  0.870  0.874  0.804  0.691  0.554  0.278 -0.028 -0.188 -0.379 -0.475 -0.540 -0.763 -0.808 -0.868 -0.805 -0.736 -0.703 -0.691 -0.555 -0.381 -0.348 -0.246 -0.333 -0.484 -0.477 -0.372 -0.420 -0.300 -0.106  0.053  0.075  0.162  0.259  0.245  0.309  0.265  0.108  0.058 -0.087 -0.190 -0.274 -0.158 -0.064  0.114  0.156  0.080  0.134  0.256  0.219  0.189  0.295  0.330  0.264  0.289  0.196  0.153  0.078 -0.028 -0.061  0.044  0.079  0.184  0.255  0.278  0.383  0.400  0.320  0.326  0.216  0.082 -0.071 -0.445 -0.529
 -0.771 -0.738 -0.786 -0.809 -0.702 -0.640 -0.526 -0.260 -0.017 -0.188 -0.310 -0.495 -0.622 -0.751 -0.789 -0.710 -0.402 -0.108  0.338  0.383  0.511  0.464  0.348  0.317  0.260  0.111 -0.374 -0.422 -0.454 -0.542 -0.329 -0.207 -0.025  0.385  0.281  0.404  0.811  0.746  0.647  0.844  0.930  1.000  0.949  0.877  0.607  0.533  0.676  0.765  0.809  0.871  0.775  0.633  0.441  0.253 -0.056 -0.353 -0.488 -0.641 -0.710 -0.761 -0.844 -0.848 -0.864 -0.873 -0.784 -0.716 -0.772 -0.665 -0.559 -0.561 -0.451 -0.479 -0.588 -0.527 -0.436 -0.495 -0.454 -0.262 -0.167 -0.190 -0.138 -0.059 -0.092 -0.034 -0.080 -0.232 -0.269 -0.396 -0.459 -0.523 -0.385 -0.248 -0.072 -0.027 -0.141 -0.114  0.025 -0.020 -0.084  0.020  0.073 -0.010 -0.006 -0.110 -0.168 -0.243 -0.352 -0.385 -0.290 -0.258 -0.152 -0.068 -0.034  0.080  0.118  0.060  0.111  0.064 -0.056 -0.082 -0.390 -0.330
 -0.710 -0.666 -0.721 -0.774 -0.650 -0.633 -0.502 -0.176  0.050 -0.244 -0.330 -0.560 -0.728 -0.824 -0.799 -0.799 -0.515 -0.117  0.368  0.420  0.585  0.532  0.435  0.437  0.376  0.290 -0.236 -0.229 -0.460 -0.695 -0.542 -0.467 -0.285  0.141  0.030  0.121  0.605  0.580  0.424  0.646  0.821  0.949  1.000  0.961  0.748  0.728  0.855  0.913  0.920  0.911  0.775  0.616  0.381  0.147 -0.179 -0.496 -0.572 -0.719 -0.736 -0.786 -0.857 -0.820 -0.785 -0.792 -0.654 -0.538 -0.639 -0.519 -0.446 -0.487 -0.356 -0.338 -0.428 -0.326 -0.235 -0.306 -0.318 -0.121 -0.084 -0.160 -0.156 -0.117 -0.192 -0.166 -0.236 -0.365 -0.350 -0.446 -0.449 -0.490 -0.310 -0.127  0.041  0.087 -0.057 -0.061  0.085  0.036 -0.064  0.027  0.098  0.002 -0.025 -0.136 -0.221 -0.296 -0.423 -0.472 -0.390 -0.353 -0.240 -0.131 -0.078  0.035  0.100  0.080  0.175  0.192  0.088  0.139 -0.158 -0.084
 -0.566 -0.512 -0.576 -0.632 -0.481 -0.466 -0.322  0.017  0.236 -0.077 -0.163 -0.413 -0.620 -0.722 -0.686 -0.795 -0.587 -0.231  0.237  0.278  0.460  0.398  0.308  0.332  0.275  0.248 -0.234 -0.081 -0.336 -0.646 -0.609 -0.524 -0.292  0.029 -0.117  0.016  0.501  0.416  0.265  0.524  0.688  0.877  0.961  1.000  0.866  0.828  0.872  0.907  0.854  0.805  0.635  0.453  0.205 -0.027 -0.334 -0.606 -0.657 -0.768 -0.768 -0.805 -0.787 -0.730 -0.677 -0.720 -0.586 -0.461 -0.590 -0.503 -0.480 -0.539 -0.414 -0.361 -0.422 -0.301 -0.226 -0.293 -0.349 -0.178 -0.184 -0.277 -0.296 -0.273 -0.352 -0.334 -0.394 -0.504 -0.481 -0.556 -0.533 -0.559 -0.387 -0.202 -0.057 -0.015 -0.164 -0.184 -0.047 -0.095 -0.203 -0.124 -0.052 -0.146 -0.182 -0.286 -0.371 -0.439 -0.551 -0.597 -0.530 -0.498 -0.399 -0.294 -0.239 -0.134 -0.065 -0.067  0.045  0.097  0.018  0.136 -0.082  0.065
 -0.198 -0.135 -0.210 -0.275 -0.082 -0.087  0.061  0.418  0.572  0.221  0.186 -0.093 -0.368 -0.474 -0.429 -0.764 -0.756 -0.498 -0.102 -0.067  0.147  0.078  0.017  0.086  0.034  0.133 -0.239  0.191 -0.143 -0.556 -0.773 -0.675 -0.367 -0.305 -0.496 -0.294  0.166 -0.025 -0.161  0.163  0.306  0.607  0.748  0.866  1.000  0.937  0.829  0.824  0.637  0.492  0.248  0.039 -0.224 -0.441 -0.679 -0.837 -0.820 -0.838 -0.788 -0.792 -0.565 -0.474 -0.380 -0.502 -0.383 -0.242 -0.428 -0.411 -0.496 -0.591 -0.498 -0.378 -0.354 -0.200 -0.171 -0.226 -0.378 -0.275 -0.380 -0.509 -0.582 -0.603 -0.689 -0.694 -0.738 -0.792 -0.746 -0.759 -0.675 -0.660 -0.517 -0.334 -0.252 -0.223 -0.373 -0.431 -0.322 -0.364 -0.485 -0.443 -0.369 -0.454 -0.512 -0.592 -0.672 -0.715 -0.792 -0.827 -0.806 -0.784 -0.720 -0.630 -0.574 -0.497 -0.420 -0.381 -0.239 -0.106 -0.128  0.135  0.094  0.380
 -0.249 -0.190 -0.256 -0.329 -0.162 -0.203 -0.066  0.288  0.430  0.029  0.009 -0.264 -0.518 -0.570 -0.468 -0.757 -0.709 -0.342  0.059  0.105  0.317  0.256  0.214  0.293  0.244  0.351 -0.043  0.277 -0.196 -0.676 -0.834 -0.806 -0.577 -0.420 -0.568 -0.458  0.020 -0.056 -0.238  0.040  0.263  0.533  0.728  0.828  0.937  1.000  0.930  0.888  0.728  0.551  0.327  0.147 -0.113 -0.352 -0.592 -0.787 -0.728 -0.772 -0.686 -0.699 -0.543 -0.440 -0.328 -0.406 -0.252 -0.076 -0.260 -0.208 -0.278 -0.389 -0.276 -0.150 -0.145  0.021  0.065  0.002 -0.150 -0.036 -0.155 -0.310 -0.408 -0.457 -0.572 -0.607 -0.678 -0.714 -0.623 -0.618 -0.500 -0.477 -0.302 -0.096 -0.016  0.015 -0.144 -0.217 -0.105 -0.147 -0.286 -0.254 -0.172 -0.260 -0.337 -0.422 -0.520 -0.567 -0.661 -0.710 -0.691 -0.663 -0.590 -0.482 -0.414 -0.342 -0.250 -0.187 -0.028  0.126  0.108  0.365  0.282  0.485
 -0.506 -0.458 -0.513 -0.591 -0.462 -0.512 -0.386 -0.030  0.132 -0.278 -0.300 -0.560 -0.765 -0.796 -0.684 -0.808 -0.619 -0.130  0.329  0.392  0.591  0.539  0.488  0.541  0.482  0.507  0.011  0.097 -0.403 -0.824 -0.792 -0.799 -0.651 -0.287 -0.381 -0.354  0.161  0.204 -0.011  0.213  0.492  0.676  0.855  0.872  0.829  0.930  1.000  0.984  0.918  0.789  0.610  0.458  0.201 -0.066 -0.355 -0.645 -0.612 -0.725 -0.654 -0.692 -0.693 -0.609 -0.513 -0.522 -0.340 -0.160 -0.312 -0.197 -0.189 -0.284 -0.145 -0.061 -0.110  0.040  0.118  0.043 -0.050  0.117  0.056 -0.091 -0.164 -0.196 -0.321 -0.354 -0.450 -0.517 -0.421 -0.448 -0.354 -0.353 -0.142  0.080  0.203  0.243  0.079  0.023  0.157  0.111 -0.029  0.024  0.111  0.013 -0.059 -0.162 -0.272 -0.336 -0.465 -0.530 -0.484 -0.443 -0.341 -0.212 -0.140 -0.048  0.044  0.090  0.236  0.350  0.293  0.459  0.233  0.313
 -0.581 -0.535 -0.591 -0.662 -0.534 -0.567 -0.438 -0.080  0.102 -0.289 -0.325 -0.585 -0.785 -0.833 -0.742 -0.833 -0.611 -0.128  0.353  0.416  0.612  0.560  0.496  0.536  0.474  0.468 -0.056  0.005 -0.442 -0.821 -0.753 -0.739 -0.580 -0.185 -0.285 -0.243  0.281  0.311  0.104  0.333  0.595  0.765  0.913  0.907  0.824  0.888  0.984  1.000  0.949  0.848  0.674  0.517  0.259 -0.008 -0.316 -0.625 -0.618 -0.745 -0.695 -0.738 -0.755 -0.685 -0.604 -0.609 -0.432 -0.265 -0.407 -0.286 -0.259 -0.342 -0.202 -0.135 -0.196 -0.054  0.030 -0.046 -0.119  0.062  0.026 -0.107 -0.161 -0.175 -0.291 -0.310 -0.404 -0.490 -0.411 -0.458 -0.386 -0.396 -0.186  0.032  0.172  0.215  0.051  0.007  0.149  0.100 -0.034  0.032  0.116  0.016 -0.046 -0.154 -0.262 -0.332 -0.465 -0.529 -0.472 -0.428 -0.319 -0.191 -0.122 -0.020  0.067  0.096  0.233  0.324  0.253  0.392  0.135  0.212
 -0.733 -0.700 -0.743 -0.808 -0.729 -0.765 -0.660 -0.354 -0.170 -0.511 -0.561 -0.770 -0.895 -0.914 -0.819 -0.747 -0.419  0.108  0.574  0.639  0.791  0.753  0.687  0.701  0.643  0.566  0.028 -0.128 -0.532 -0.823 -0.589 -0.610 -0.544 -0.006 -0.051 -0.090  0.395  0.526  0.316  0.465  0.736  0.809  0.920  0.854  0.637  0.728  0.918  0.949  1.000  0.961  0.857  0.745  0.527  0.275 -0.039 -0.392 -0.411 -0.585 -0.558 -0.620 -0.783 -0.734 -0.682 -0.628 -0.448 -0.299 -0.391 -0.230 -0.136 -0.191 -0.045 -0.024 -0.132 -0.024  0.082  0.006 -0.000  0.204  0.226  0.122  0.096  0.100 -0.010 -0.024 -0.127 -0.227 -0.155 -0.227 -0.187 -0.218 -0.004  0.199  0.358  0.404  0.258  0.236  0.378  0.332  0.216  0.292  0.368  0.273  0.224  0.113  0.009 -0.067 -0.212 -0.281 -0.208 -0.160 -0.040  0.089  0.155  0.259  0.337  0.347  0.456  0.496  0.401  0.436  0.090  0.044
 -0.823 -0.799 -0.832 -0.885 -0.836 -0.849 -0.759 -0.507 -0.311 -0.574 -0.652 -0.811 -0.879 -0.903 -0.837 -0.649 -0.256  0.230  0.670  0.725  0.836  0.804  0.728  0.711  0.661  0.520  0.002 -0.275 -0.546 -0.725 -0.385 -0.396 -0.368  0.229  0.205  0.148  0.575  0.725  0.546  0.643  0.870  0.871  0.911  0.805  0.492  0.551  0.789  0.848  0.961  1.000  0.953  0.866  0.688  0.471  0.161 -0.202 -0.265 -0.465 -0.480 -0.551 -0.797 -0.775 -0.760 -0.680 -0.521 -0.411 -0.460 -0.287 -0.147 -0.169 -0.030 -0.054 -0.189 -0.122 -0.007 -0.076 -0.023  0.191  0.270  0.209  0.223  0.258  0.173  0.180  0.089 -0.032  0.008 -0.095 -0.104 -0.157  0.035  0.205  0.379  0.424  0.301  0.309  0.446  0.403  0.315  0.403  0.466  0.380  0.355  0.247  0.158  0.079 -0.062 -0.125 -0.037  0.010  0.131  0.248  0.302  0.408  0.469  0.449  0.522  0.505  0.391  0.339 -0.052 -0.157
 -0.829 -0.818 -0.833 -0.875 -0.886 -0.901 -0.840 -0.690 -0.514 -0.699 -0.793 -0.865 -0.843 -0.826 -0.748 -0.426  0.022  0.479  0.832  0.867  0.912  0.896  0.834  0.797  0.766  0.589  0.151 -0.295 -0.482 -0.584 -0.134 -0.191 -0.265  0.396  0.422  0.280  0.600  0.835  0.675  0.668  0.874  0.775  0.775  0.635  0.248  0.327  0.610  0.674  0.857  0.953  1.000  0.972  0.870  0.709  0.442  0.090  0.017 -0.203 -0.235 -0.317 -0.672 -0.674 -0.690 -0.555 -0.410 -0.336 -0.333 -0.147  0.035  0.039  0.169  0.108 -0.054 -0.032  0.088  0.032  0.142  0.346  0.465  0.441  0.474  0.518  0.447  0.455  0.371  0.259  0.291  0.182  0.149  0.083  0.249  0.377  0.540  0.577  0.491  0.518  0.632  0.596  0.538  0.621  0.665  0.597  0.588  0.495  0.421  0.346  0.213  0.153  0.243  0.288  0.401  0.505  0.550  0.642  0.687  0.656  0.695  0.635  0.523  0.379 -0.034 -0.251
 -0.797 -0.801 -0.800 -0.834 -0.893 -0.919 -0.891 -0.817 -0.676 -0.803 -0.888 -0.898 -0.810 -0.756 -0.672 -0.265  0.196  0.631  0.903  0.934  0.934  0.934  0.890  0.840  0.820  0.623  0.255 -0.314 -0.471 -0.503  0.013 -0.083 -0.245  0.430  0.511  0.302  0.530  0.837  0.694  0.606  0.804  0.633  0.616  0.453  0.039  0.147  0.458  0.517  0.745  0.866  0.972  1.000  0.954  0.832  0.613  0.283  0.217 -0.008 -0.042 -0.126 -0.550 -0.569 -0.601 -0.425 -0.295 -0.240 -0.199 -0.006  0.197  0.219  0.336  0.251  0.079  0.071  0.188  0.141  0.285  0.471  0.609  0.606  0.648  0.689  0.628  0.629  0.548  0.450  0.484  0.383  0.341  0.273  0.418  0.514  0.660  0.692  0.634  0.670  0.762  0.735  0.698  0.770  0.801  0.749  0.747  0.669  0.607  0.538  0.416  0.358  0.443  0.487  0.590  0.680  0.718  0.793  0.826  0.793  0.807  0.724  0.617  0.414 -0.004 -0.304
 -0.689 -0.706 -0.683 -0.697 -0.810 -0.833 -0.840 -0.886 -0.787 -0.810 -0.896 -0.814 -0.645 -0.556 -0.474  0.013  0.462  0.796  0.933  0.940  0.869  0.886  0.864  0.799  0.803  0.597  0.371 -0.291 -0.329 -0.273  0.281  0.152 -0.090  0.549  0.667  0.402  0.484  0.830  0.730  0.546  0.691  0.441  0.381  0.205 -0.224 -0.113  0.201  0.259  0.527  0.688  0.870  0.954  1.000  0.957  0.818  0.550  0.483  0.272  0.224  0.142 -0.330 -0.372 -0.435 -0.230 -0.136 -0.127 -0.037  0.141  0.358  0.405  0.493  0.379  0.207  0.151  0.255  0.229  0.413  0.560  0.720  0.758  0.815  0.859  0.823  0.825  0.765  0.690  0.711  0.618  0.555  0.484  0.579  0.614  0.727  0.745  0.735  0.787  0.840  0.825  0.826  0.882  0.889  0.864  0.880  0.829  0.793  0.739  0.645  0.598  0.673  0.709  0.788  0.849  0.871  0.920  0.931  0.891  0.865  0.748  0.659  0.389  0.011 -0.363
 -0.529 -0.557 -0.515 -0.506 -0.653 -0.663 -0.699 -0.855 -0.798 -0.711 -0.798 -0.638 -0.407 -0.301 -0.236  0.284  0.685  0.876  0.874  0.850  0.716  0.746  0.740  0.666  0.694  0.495  0.426 -0.253 -0.139  0.003  0.539  0.400  0.121  0.669  0.794  0.514  0.451  0.782  0.737  0.486  0.554  0.253  0.147 -0.027 -0.441 -0.352 -0.066 -0.008  0.275  0.471  0.709  0.832  0.957  1.000  0.943  0.760  0.689  0.509  0.442  0.369 -0.104 -0.163 -0.253 -0.047  0.001 -0.044  0.086  0.229  0.441  0.512  0.562  0.427  0.269  0.170  0.253  0.251  0.460  0.558  0.731  0.811  0.883  0.934  0.930  0.940  0.909  0.859  0.854  0.771  0.686  0.614  0.647  0.618  0.693  0.696  0.734  0.800  0.813  0.810  0.851  0.888  0.870  0.874  0.909  0.890  0.885  0.849  0.792  0.763  0.823  0.848  0.896  0.922  0.924  0.946  0.933  0.884  0.819  0.674  0.609  0.296 -0.008 -0.409
 -0.275 -0.315 -0.254 -0.227 -0.413 -0.428 -0.505 -0.771 -0.791 -0.605 -0.663 -0.426 -0.140 -0.003  0.054  0.566  0.866  0.911  0.742  0.695  0.503  0.549  0.577  0.502  0.554  0.389  0.507 -0.160  0.044  0.259  0.733  0.571  0.240  0.636  0.788  0.486  0.260  0.587  0.596  0.276  0.278 -0.056 -0.179 -0.334 -0.679 -0.592 -0.355 -0.316 -0.039  0.161  0.442  0.613  0.818  0.943  1.000  0.929  0.882  0.756  0.692  0.637  0.190  0.123  0.022  0.226  0.227  0.139  0.301  0.400  0.583  0.668  0.671  0.532  0.408  0.275  0.324  0.347  0.559  0.588  0.746  0.854  0.924  0.963  0.985  0.988  0.985  0.978  0.966  0.915  0.830  0.772  0.741  0.648  0.664  0.651  0.738  0.807  0.768  0.783  0.858  0.864  0.821  0.859  0.903  0.923  0.949  0.940  0.927  0.916  0.948  0.959  0.967  0.954  0.938  0.920  0.886  0.843  0.745  0.595  0.567  0.241  0.044 -0.374
  0.042 -0.004  0.069  0.118 -0.079 -0.082 -0.187 -0.544 -0.633 -0.348 -0.380 -0.088  0.219  0.357  0.387  0.817  0.966  0.812  0.480  0.405  0.171  0.226  0.278  0.211  0.284  0.177  0.494 -0.045  0.287  0.563  0.894  0.745  0.424  0.590  0.731  0.465  0.085  0.332  0.411  0.065 -0.028 -0.353 -0.496 -0.606 -0.837 -0.787 -0.645 -0.625 -0.392 -0.202  0.090  0.283  0.550  0.760  0.929  1.000  0.972  0.924  0.859  0.830  0.484  0.414  0.307  0.469  0.410  0.274  0.451  0.478  0.606  0.699  0.648  0.518  0.448  0.290  0.294  0.345  0.536  0.484  0.612  0.747  0.814  0.844  0.902  0.907  0.942  0.978  0.944  0.928  0.842  0.802  0.696  0.537  0.489  0.457  0.591  0.659  0.568  0.599  0.709  0.684  0.615  0.685  0.742  0.803  0.864  0.886  0.929  0.944  0.942  0.935  0.896  0.837  0.799  0.742  0.685  0.646  0.521  0.376  0.392  0.091  0.049 -0.316
  0.166  0.122  0.198  0.232  0.031 -0.008 -0.117 -0.473 -0.602 -0.370 -0.371 -0.080  0.221  0.400  0.480  0.860  0.968  0.850  0.487  0.409  0.179  0.236  0.315  0.272  0.353  0.303  0.654  0.142  0.353  0.538  0.816  0.618  0.273  0.416  0.562  0.256 -0.121  0.162  0.214 -0.141 -0.188 -0.488 -0.572 -0.657 -0.820 -0.728 -0.612 -0.618 -0.411 -0.265  0.017  0.217  0.483  0.689  0.882  0.972  1.000  0.971  0.946  0.921  0.590  0.546  0.469  0.635  0.599  0.484  0.641  0.666  0.762  0.833  0.782  0.683  0.635  0.494  0.490  0.541  0.698  0.628  0.710  0.815  0.844  0.840  0.873  0.849  0.874  0.945  0.951  0.968  0.928  0.908  0.812  0.666  0.591  0.554  0.684  0.729  0.627  0.660  0.756  0.709  0.645  0.717  0.754  0.823  0.874  0.904  0.948  0.956  0.935  0.927  0.881  0.828  0.799  0.728  0.684  0.677  0.574  0.473  0.515  0.263  0.262 -0.111
  0.367  0.327  0.400  0.442  0.252  0.213  0.097 -0.281 -0.447 -0.187 -0.166  0.131  0.418  0.589  0.655  0.944  0.946  0.726  0.293  0.202 -0.033  0.024  0.116  0.086  0.174  0.174  0.617  0.233  0.481  0.671  0.828  0.646  0.335  0.326  0.450  0.186 -0.248 -0.031  0.052 -0.289 -0.379 -0.641 -0.719 -0.768 -0.838 -0.772 -0.725 -0.745 -0.585 -0.465 -0.203 -0.008  0.272  0.509  0.756  0.924  0.971  1.000  0.981  0.974  0.728  0.696  0.628  0.754  0.691  0.559  0.707  0.686  0.735  0.802  0.722  0.642  0.635  0.494  0.462  0.526  0.651  0.536  0.585  0.691  0.710  0.695  0.742  0.717  0.761  0.857  0.855  0.898  0.869  0.865  0.734  0.563  0.453  0.407  0.553  0.590  0.463  0.503  0.609  0.544  0.471  0.557  0.595  0.683  0.749  0.796  0.869  0.890  0.848  0.830  0.759  0.684  0.646  0.555  0.504  0.506  0.399  0.318  0.388  0.181  0.279 -0.030
  0.424  0.385  0.458  0.486  0.299  0.235  0.122 -0.236 -0.421 -0.217 -0.175  0.106  0.376  0.572  0.676  0.920  0.897  0.728  0.299  0.214 -0.005  0.052  0.159  0.150  0.237  0.277  0.716  0.357  0.490  0.598  0.719  0.506  0.184  0.170  0.299  0.010 -0.397 -0.151 -0.096 -0.430 -0.475 -0.710 -0.736 -0.768 -0.788 -0.686 -0.654 -0.695 -0.558 -0.480 -0.235 -0.042  0.224  0.442  0.692  0.859  0.946  0.981  1.000  0.995  0.773  0.756  0.711  0.841  0.800  0.695  0.823  0.806  0.832  0.878  0.805  0.753  0.758  0.639  0.604  0.664  0.757  0.637  0.649  0.726  0.714  0.672  0.695  0.647  0.678  0.796  0.828  0.895  0.904  0.915  0.803  0.653  0.530  0.483  0.617  0.634  0.505  0.545  0.633  0.556  0.492  0.574  0.593  0.681  0.734  0.784  0.851  0.865  0.811  0.795  0.724  0.660  0.632  0.536  0.497  0.524  0.440  0.397  0.482  0.319  0.434  0.125
  0.486  0.447  0.520  0.551  0.369  0.308  0.192 -0.170 -0.366 -0.151 -0.101  0.179  0.440  0.630  0.724  0.934  0.873  0.667  0.217  0.131 -0.087 -0.030  0.081  0.074  0.162  0.215  0.683  0.371  0.519  0.635  0.714  0.511  0.203  0.131  0.255 -0.014 -0.439 -0.221 -0.152 -0.478 -0.540 -0.761 -0.786 -0.805 -0.792 -0.699 -0.692 -0.738 -0.620 -0.551 -0.317 -0.126  0.142  0.369  0.637  0.830  0.921  0.974  0.995  1.000  0.811  0.794  0.753  0.869  0.816  0.706  0.832  0.799  0.808  0.853  0.770  0.724  0.744  0.625  0.580  0.643  0.725  0.590  0.591  0.668  0.655  0.610  0.639  0.592  0.630  0.754  0.782  0.857  0.868  0.885  0.760  0.602  0.468  0.418  0.557  0.572  0.436  0.479  0.570  0.487  0.420  0.506  0.526  0.621  0.680  0.735  0.812  0.832  0.772  0.751  0.671  0.600  0.568  0.466  0.424  0.453  0.367  0.330  0.422  0.275  0.423  0.141
  0.723  0.686  0.746  0.800  0.698  0.670  0.579  0.272  0.072  0.287  0.349  0.557  0.706  0.829  0.878  0.835  0.581  0.234 -0.219 -0.304 -0.464 -0.423 -0.315 -0.287 -0.208 -0.060  0.467  0.511  0.686  0.722  0.528  0.413  0.270 -0.082 -0.047 -0.152 -0.560 -0.543 -0.435 -0.632 -0.763 -0.844 -0.857 -0.787 -0.565 -0.543 -0.693 -0.755 -0.783 -0.797 -0.672 -0.550 -0.330 -0.104  0.190  0.484  0.590  0.728  0.773  0.811  1.000  0.974  0.920  0.901  0.790  0.697  0.758  0.638  0.547  0.560  0.449  0.456  0.552  0.475  0.393  0.464  0.452  0.267  0.191  0.245  0.203  0.143  0.183  0.139  0.202  0.349  0.367  0.476  0.516  0.559  0.401  0.244  0.073  0.016  0.141  0.132 -0.013  0.028  0.109  0.014 -0.050  0.033  0.047  0.151  0.223  0.298  0.412  0.447  0.358  0.327  0.226  0.133  0.096 -0.013 -0.054 -0.011 -0.070 -0.049  0.083  0.089  0.409  0.336
  0.786  0.763  0.814  0.847  0.764  0.715  0.635  0.358  0.142  0.298  0.381  0.567  0.693  0.827  0.907  0.811  0.538  0.223 -0.216 -0.306 -0.453 -0.418 -0.304 -0.258 -0.176  0.011  0.527  0.625  0.727  0.687  0.447  0.315  0.191 -0.164 -0.152 -0.259 -0.628 -0.615 -0.532 -0.707 -0.808 -0.848 -0.820 -0.730 -0.474 -0.440 -0.609 -0.685 -0.734 -0.775 -0.674 -0.569 -0.372 -0.163  0.123  0.414  0.546  0.696  0.756  0.794  0.974  1.000  0.976  0.935  0.854  0.773  0.809  0.687  0.572  0.571  0.465  0.498  0.606  0.547  0.462  0.530  0.491  0.306  0.201  0.232  0.170  0.093  0.117  0.062  0.119  0.276  0.312  0.433  0.499  0.551  0.409  0.271  0.095  0.038  0.150  0.127 -0.016  0.024  0.089 -0.012 -0.070  0.009  0.009  0.111  0.172  0.248  0.359  0.390  0.290  0.261  0.158  0.075  0.047 -0.064 -0.090 -0.029 -0.068 -0.017  0.126  0.175  0.514  0.462
  0.834  0.821  0.864  0.877  0.809  0.737  0.668  0.434  0.207  0.293  0.399  0.554  0.650  0.794  0.899  0.743  0.446  0.177 -0.237 -0.322 -0.444 -0.415 -0.294 -0.230 -0.153  0.072  0.561  0.714  0.712  0.601  0.314  0.170  0.060 -0.305 -0.303 -0.410 -0.732 -0.717 -0.660 -0.808 -0.868 -0.864 -0.785 -0.677 -0.380 -0.328 -0.513 -0.604 -0.682 -0.760 -0.690 -0.601 -0.435 -0.253  0.022  0.307  0.469  0.628  0.711  0.753  0.920  0.976  1.000  0.957  0.906  0.846  0.854  0.734  0.594  0.573  0.475  0.536  0.662  0.626  0.537  0.598  0.525  0.340  0.202  0.204  0.117  0.022  0.026 -0.042  0.005  0.172  0.230  0.367  0.463  0.528  0.406  0.294  0.114  0.060  0.154  0.114 -0.023  0.014  0.060 -0.049 -0.097 -0.024 -0.041  0.059  0.106  0.182  0.286  0.311  0.205  0.175  0.073  0.002 -0.017 -0.128 -0.140 -0.061 -0.076  0.012  0.161  0.259  0.609  0.584
  0.736  0.714  0.769  0.779  0.662  0.573  0.491  0.223 -0.001  0.085  0.182  0.374  0.524  0.708  0.842  0.799  0.584  0.387 -0.034 -0.118 -0.263 -0.224 -0.096 -0.043  0.037  0.225  0.698  0.680  0.643  0.553  0.387  0.191 -0.010 -0.252 -0.197 -0.393 -0.731 -0.606 -0.571 -0.787 -0.805 -0.873 -0.792 -0.720 -0.502 -0.406 -0.522 -0.609 -0.628 -0.680 -0.555 -0.425 -0.230 -0.047  0.226  0.469  0.635  0.754  0.841  0.869  0.901  0.935  0.957  1.000  0.970  0.911  0.945  0.864  0.765  0.752  0.667  0.708  0.805  0.752  0.677  0.735  0.700  0.531  0.418  0.426  0.343  0.247  0.241  0.163  0.197  0.361  0.435  0.566  0.659  0.717  0.611  0.498  0.327  0.273  0.375  0.341  0.204  0.242  0.291  0.183  0.134  0.209  0.192  0.291  0.331  0.400  0.485  0.501  0.406  0.381  0.290  0.230  0.214  0.104  0.089  0.168  0.145  0.213  0.352  0.386  0.661  0.530
  0.668  0.656  0.699  0.686  0.577  0.458  0.396  0.180 -0.028 -0.039  0.061  0.222  0.354  0.560  0.743  0.700  0.537  0.460  0.108  0.030 -0.090 -0.058  0.072  0.138  0.214  0.415  0.806  0.759  0.588  0.397  0.260  0.030 -0.179 -0.317 -0.267 -0.500 -0.750 -0.573 -0.592 -0.794 -0.736 -0.784 -0.654 -0.586 -0.383 -0.252 -0.340 -0.432 -0.448 -0.521 -0.410 -0.295 -0.136  0.001  0.227  0.410  0.599  0.691  0.800  0.816  0.790  0.854  0.906  0.970  1.000  0.972  0.978  0.928  0.833  0.800  0.744  0.804  0.890  0.862  0.803  0.848  0.799  0.661  0.532  0.508  0.402  0.291  0.251  0.157  0.167  0.329  0.436  0.568  0.690  0.750  0.690  0.620  0.467  0.418  0.492  0.445  0.327  0.358  0.379  0.275  0.242  0.301  0.265  0.348  0.363  0.420  0.476  0.475  0.384  0.369  0.297  0.266  0.267  0.170  0.176  0.273  0.280  0.375  0.510  0.568  0.791  0.639
  0.600  0.593  0.627  0.597  0.508  0.372  0.326  0.173 -0.014 -0.103 -0.002  0.110  0.203  0.414  0.625  0.548  0.405  0.430  0.154  0.094  0.016  0.040  0.168  0.249  0.313  0.529  0.835  0.804  0.501  0.218  0.078 -0.163 -0.359 -0.446 -0.397 -0.636 -0.798 -0.596 -0.657 -0.823 -0.703 -0.716 -0.538 -0.461 -0.242 -0.076 -0.160 -0.265 -0.299 -0.411 -0.336 -0.240 -0.127 -0.044  0.139  0.274  0.484  0.559  0.695  0.706  0.697  0.773  0.846  0.911  0.972  1.000  0.975  0.946  0.845  0.788  0.759  0.841  0.920  0.925  0.881  0.910  0.833  0.719  0.568  0.507  0.378  0.249  0.181  0.071  0.057  0.218  0.355  0.494  0.647  0.714  0.695  0.670  0.532  0.490  0.533  0.468  0.372  0.396  0.387  0.286  0.271  0.313  0.258  0.322  0.314  0.361  0.394  0.380  0.292  0.285  0.228  0.224  0.240  0.155  0.181  0.296  0.334  0.462  0.592  0.691  0.883  0.741
  0.575  0.555  0.606  0.590  0.465  0.338  0.264  0.045 -0.159 -0.166 -0.069  0.096  0.246  0.468  0.658  0.674  0.554  0.534  0.198  0.136  0.014  0.052  0.183  0.243  0.314  0.487  0.844  0.703  0.491  0.313  0.246 -0.003 -0.256 -0.328 -0.241 -0.513 -0.755 -0.518 -0.550 -0.776 -0.691 -0.772 -0.639 -0.590 -0.428 -0.260 -0.312 -0.407 -0.391 -0.460 -0.333 -0.199 -0.037  0.086  0.301  0.451  0.641  0.707  0.823  0.832  0.758  0.809  0.854  0.945  0.978  0.975  1.000  0.976  0.907  0.878  0.831  0.879  0.941  0.912  0.868  0.905  0.872  0.749  0.635  0.607  0.504  0.390  0.343  0.241  0.236  0.394  0.514  0.642  0.765  0.822  0.778  0.718  0.575  0.531  0.603  0.555  0.445  0.476  0.493  0.392  0.363  0.419  0.380  0.454  0.463  0.515  0.559  0.552  0.469  0.457  0.393  0.372  0.376  0.281  0.290  0.388  0.393  0.481  0.603  0.630  0.807  0.601
  0.414  0.394  0.445  0.417  0.280  0.141  0.071 -0.123 -0.304 -0.353 -0.265 -0.108  0.053  0.291  0.504  0.593  0.559  0.649  0.374  0.326  0.212  0.250  0.377  0.430  0.493  0.632  0.903  0.647  0.361  0.167  0.200 -0.075 -0.367 -0.305 -0.191 -0.512 -0.699 -0.387 -0.456 -0.697 -0.555 -0.665 -0.519 -0.503 -0.411 -0.208 -0.197 -0.286 -0.230 -0.287 -0.147 -0.006  0.141  0.229  0.400  0.478  0.666  0.686  0.806  0.799  0.638  0.687  0.734  0.864  0.928  0.946  0.976  1.000  0.969  0.938  0.920  0.957  0.986  0.961  0.941  0.965  0.952  0.868  0.774  0.735  0.633  0.520  0.454  0.346  0.318  0.461  0.597  0.712  0.836  0.884  0.878  0.844  0.730  0.694  0.749  0.703  0.613  0.639  0.641  0.553  0.534  0.577  0.532  0.589  0.580  0.617  0.633  0.613  0.545  0.543  0.501  0.502  0.517  0.437  0.456  0.554  0.567  0.648  0.749  0.744  0.835  0.567
  0.227  0.199  0.257  0.234  0.072 -0.059 -0.138 -0.347 -0.502 -0.526 -0.459 -0.281 -0.079  0.164  0.369  0.584  0.649  0.791  0.545  0.505  0.373  0.418  0.534  0.562  0.622  0.691  0.910  0.495  0.242  0.114  0.283 -0.001 -0.345 -0.154 -0.006 -0.372 -0.554 -0.177 -0.253 -0.535 -0.381 -0.559 -0.446 -0.480 -0.496 -0.278 -0.189 -0.259 -0.136 -0.147  0.035  0.197  0.358  0.441  0.583  0.606  0.762  0.735  0.832  0.808  0.547  0.572  0.594  0.765  0.833  0.845  0.907  0.969  1.000  0.988  0.983  0.980  0.964  0.920  0.924  0.943  0.983  0.932  0.890  0.871  0.796  0.703  0.641  0.542  0.503  0.621  0.749  0.834  0.928  0.956  0.963  0.929  0.845  0.814  0.872  0.845  0.769  0.791  0.802  0.730  0.711  0.750  0.716  0.761  0.750  0.774  0.773  0.746  0.699  0.705  0.680  0.688  0.703  0.636  0.650  0.728  0.724  0.763  0.834  0.751  0.750  0.402
  0.204  0.170  0.233  0.222  0.043 -0.076 -0.170 -0.413 -0.572 -0.540 -0.480 -0.274 -0.042  0.196  0.379  0.644  0.723  0.826  0.551  0.510  0.355  0.406  0.518  0.529  0.592  0.629  0.872  0.405  0.227  0.177  0.388  0.114 -0.250 -0.058  0.108 -0.261 -0.488 -0.109 -0.160 -0.469 -0.348 -0.561 -0.487 -0.539 -0.591 -0.389 -0.284 -0.342 -0.191 -0.169  0.039  0.219  0.405  0.512  0.668  0.699  0.833  0.802  0.878  0.853  0.560  0.571  0.573  0.752  0.800  0.788  0.878  0.938  0.988  1.000  0.982  0.955  0.931  0.862  0.865  0.888  0.957  0.903  0.890  0.895  0.842  0.764  0.720  0.633  0.602  0.713  0.820  0.893  0.961  0.980  0.969  0.912  0.830  0.799  0.873  0.860  0.778  0.804  0.832  0.765  0.736  0.784  0.763  0.813  0.813  0.840  0.846  0.825  0.783  0.786  0.757  0.753  0.759  0.690  0.692  0.754  0.727  0.736  0.799  0.671  0.661  0.288
  0.093  0.067  0.123  0.097 -0.070 -0.196 -0.269 -0.470 -0.597 -0.627 -0.579 -0.399 -0.185  0.055  0.259  0.538  0.671  0.859  0.654  0.620  0.487  0.533  0.637  0.652  0.706  0.736  0.900  0.409  0.161  0.053  0.302  0.017 -0.345 -0.066  0.097 -0.287 -0.444 -0.035 -0.121 -0.414 -0.246 -0.451 -0.356 -0.414 -0.498 -0.276 -0.145 -0.202 -0.045 -0.030  0.169  0.336  0.493  0.562  0.671  0.648  0.782  0.722  0.805  0.770  0.449  0.465  0.475  0.667  0.744  0.759  0.831  0.920  0.983  0.982  1.000  0.980  0.934  0.882  0.902  0.913  0.980  0.957  0.944  0.932  0.871  0.792  0.728  0.636  0.589  0.687  0.809  0.873  0.950  0.965  0.989  0.964  0.904  0.879  0.931  0.914  0.852  0.871  0.879  0.823  0.806  0.839  0.808  0.841  0.823  0.836  0.819  0.785  0.754  0.766  0.757  0.775  0.793  0.739  0.755  0.821  0.814  0.832  0.882  0.760  0.699  0.316
  0.180  0.164  0.211  0.169  0.025 -0.116 -0.174 -0.335 -0.470 -0.563 -0.500 -0.353 -0.180  0.063  0.293  0.482  0.570  0.780  0.592  0.558  0.453  0.491  0.602  0.640  0.692  0.774  0.930  0.542  0.206  0.006  0.173 -0.117 -0.444 -0.209 -0.071 -0.438 -0.554 -0.167 -0.273 -0.527 -0.333 -0.479 -0.338 -0.361 -0.378 -0.150 -0.061 -0.135 -0.024 -0.054  0.108  0.251  0.379  0.427  0.532  0.518  0.683  0.642  0.753  0.724  0.456  0.498  0.536  0.708  0.804  0.841  0.879  0.957  0.980  0.955  0.980  1.000  0.978  0.953  0.965  0.970  0.993  0.962  0.907  0.865  0.775  0.675  0.593  0.487  0.436  0.548  0.691  0.776  0.888  0.918  0.956  0.952  0.882  0.855  0.891  0.854  0.794  0.811  0.800  0.734  0.727  0.753  0.706  0.738  0.709  0.724  0.705  0.668  0.626  0.637  0.626  0.653  0.680  0.625  0.653  0.741  0.761  0.821  0.886  0.831  0.809  0.476
  0.340  0.327  0.375  0.331  0.199  0.054 -0.004 -0.167 -0.335 -0.431 -0.342 -0.201 -0.049  0.191  0.418  0.520  0.524  0.674  0.445  0.403  0.303  0.339  0.461  0.514  0.571  0.701  0.916  0.637  0.295  0.075  0.140 -0.141 -0.437 -0.314 -0.197 -0.531 -0.670 -0.334 -0.426 -0.659 -0.484 -0.588 -0.428 -0.422 -0.354 -0.145 -0.110 -0.196 -0.132 -0.189 -0.054  0.079  0.207  0.269  0.408  0.448  0.635  0.635  0.758  0.744  0.552  0.606  0.662  0.805  0.890  0.920  0.941  0.986  0.964  0.931  0.934  0.978  1.000  0.980  0.967  0.979  0.967  0.905  0.814  0.764  0.658  0.545  0.466  0.355  0.316  0.449  0.595  0.702  0.831  0.876  0.895  0.882  0.784  0.752  0.793  0.745  0.669  0.690  0.680  0.599  0.588  0.622  0.570  0.616  0.594  0.623  0.623  0.594  0.533  0.535  0.507  0.523  0.546  0.478  0.505  0.605  0.630  0.716  0.805  0.800  0.852  0.575
  0.323  0.319  0.355  0.300  0.197  0.043  0.006 -0.094 -0.245 -0.411 -0.318 -0.228 -0.125  0.106  0.351  0.387  0.381  0.590  0.424  0.392  0.332  0.358  0.476  0.547  0.594  0.752  0.904  0.697  0.262 -0.044 -0.025 -0.302 -0.556 -0.427 -0.335 -0.647 -0.707 -0.388 -0.510 -0.691 -0.477 -0.527 -0.326 -0.301 -0.200  0.021  0.040 -0.054 -0.024 -0.122 -0.032  0.071  0.151  0.170  0.275  0.290  0.494  0.494  0.639  0.625  0.475  0.547  0.626  0.752  0.862  0.925  0.912  0.961  0.920  0.862  0.882  0.953  0.980  1.000  0.990  0.991  0.944  0.895  0.775  0.694  0.567  0.440  0.341  0.221  0.169  0.301  0.465  0.579  0.735  0.788  0.836  0.860  0.771  0.743  0.756  0.692  0.633  0.648  0.613  0.533  0.537  0.556  0.489  0.522  0.484  0.507  0.492  0.456  0.395  0.401  0.384  0.417  0.452  0.393  0.436  0.550  0.605  0.725  0.814  0.865  0.914  0.680
  0.215  0.210  0.242  0.184  0.080 -0.076 -0.108 -0.189 -0.316 -0.502 -0.423 -0.343 -0.238 -0.005  0.248  0.324  0.374  0.643  0.523  0.499  0.447  0.472  0.582  0.648  0.690  0.823  0.917  0.652  0.189 -0.128 -0.052 -0.335 -0.600 -0.391 -0.290 -0.620 -0.640 -0.289 -0.431 -0.613 -0.372 -0.436 -0.235 -0.226 -0.171  0.065  0.118  0.030  0.082 -0.007  0.088  0.188  0.255  0.253  0.324  0.294  0.490  0.462  0.604  0.580  0.393  0.462  0.537  0.677  0.803  0.881  0.868  0.941  0.924  0.865  0.902  0.965  0.967  0.990  1.000  0.995  0.961  0.938  0.833  0.747  0.624  0.502  0.393  0.274  0.209  0.328  0.498  0.599  0.751  0.796  0.866  0.907  0.839  0.816  0.818  0.756  0.713  0.723  0.679  0.611  0.621  0.631  0.562  0.583  0.534  0.547  0.516  0.472  0.423  0.435  0.432  0.478  0.519  0.472  0.521  0.632  0.692  0.804  0.879  0.912  0.909  0.647
  0.273  0.265  0.302  0.251  0.140 -0.014 -0.052 -0.163 -0.303 -0.460 -0.379 -0.279 -0.160  0.077  0.325  0.402  0.432  0.656  0.496  0.462  0.393  0.420  0.536  0.600  0.650  0.790  0.933  0.674  0.255 -0.044  0.017 -0.267 -0.538 -0.362 -0.264 -0.595 -0.656 -0.314 -0.440 -0.638 -0.420 -0.495 -0.306 -0.293 -0.226  0.002  0.043 -0.046  0.006 -0.076  0.032  0.141  0.229  0.251  0.347  0.345  0.541  0.526  0.664  0.643  0.464  0.530  0.598  0.735  0.848  0.910  0.905  0.965  0.943  0.888  0.913  0.970  0.979  0.991  0.995  1.000  0.970  0.931  0.826  0.751  0.631  0.510  0.410  0.293  0.238  0.364  0.527  0.633  0.780  0.826  0.877  0.900  0.819  0.792  0.807  0.748  0.692  0.706  0.673  0.599  0.602  0.620  0.556  0.587  0.548  0.567  0.547  0.509  0.454  0.463  0.450  0.486  0.521  0.465  0.507  0.616  0.667  0.774  0.858  0.884  0.908  0.644
  0.160  0.142  0.190  0.151  0.004 -0.137 -0.193 -0.357 -0.486 -0.577 -0.518 -0.371 -0.193  0.051  0.283  0.486  0.590  0.807  0.626  0.589  0.481  0.518  0.628  0.664  0.719  0.795  0.945  0.538  0.209  0.007  0.188 -0.104 -0.432 -0.174 -0.041 -0.412 -0.522 -0.131 -0.240 -0.497 -0.300 -0.454 -0.318 -0.349 -0.378 -0.150 -0.050 -0.119 -0.000 -0.023  0.142  0.285  0.413  0.460  0.559  0.536  0.698  0.651  0.757  0.725  0.452  0.491  0.525  0.700  0.799  0.833  0.872  0.952  0.983  0.957  0.980  0.993  0.967  0.944  0.961  0.970  1.000  0.975  0.924  0.885  0.797  0.699  0.616  0.512  0.460  0.569  0.712  0.792  0.901  0.927  0.966  0.964  0.898  0.873  0.907  0.872  0.815  0.830  0.820  0.757  0.749  0.774  0.729  0.759  0.730  0.744  0.723  0.685  0.645  0.657  0.648  0.677  0.704  0.651  0.680  0.765  0.785  0.840  0.905  0.843  0.808  0.465
 -0.031 -0.045 -0.005 -0.055 -0.191 -0.332 -0.371 -0.478 -0.562 -0.705 -0.665 -0.553 -0.390 -0.156  0.083  0.330  0.520  0.842  0.761  0.740  0.659  0.690  0.781  0.811  0.852  0.891  0.921  0.452  0.066 -0.162  0.098 -0.191 -0.513 -0.129  0.005 -0.374 -0.392  0.031 -0.115 -0.349 -0.106 -0.262 -0.121 -0.178 -0.275 -0.036  0.117  0.062  0.204  0.191  0.346  0.471  0.560  0.558  0.588  0.484  0.628  0.536  0.637  0.590  0.267  0.306  0.340  0.531  0.661  0.719  0.749  0.868  0.932  0.903  0.957  0.962  0.905  0.895  0.938  0.931  0.975  1.000  0.970  0.919  0.837  0.749  0.650  0.549  0.477  0.557  0.705  0.761  0.864  0.877  0.959  0.994  0.969  0.954  0.961  0.929  0.904  0.909  0.880  0.838  0.844  0.850  0.800  0.805  0.757  0.752  0.700  0.648  0.630  0.652  0.671  0.726  0.764  0.736  0.777  0.856  0.890  0.939  0.975  0.898  0.774  0.410
 -0.178 -0.201 -0.157 -0.193 -0.351 -0.470 -0.521 -0.655 -0.715 -0.796 -0.782 -0.642 -0.440 -0.219 -0.013  0.344  0.607  0.923  0.850  0.834  0.729  0.767  0.841  0.841  0.879  0.845  0.851  0.260 -0.027 -0.147  0.225 -0.048 -0.402  0.058  0.219 -0.173 -0.216  0.231  0.105 -0.163  0.053 -0.167 -0.084 -0.184 -0.380 -0.155  0.056  0.026  0.226  0.270  0.465  0.609  0.720  0.731  0.746  0.612  0.710  0.585  0.649  0.591  0.191  0.201  0.202  0.418  0.532  0.568  0.635  0.774  0.890  0.890  0.944  0.907  0.814  0.775  0.833  0.826  0.924  0.970  1.000  0.981  0.938  0.881  0.802  0.721  0.651  0.703  0.823  0.846  0.904  0.895  0.969  0.987  0.987  0.977  0.996  0.989  0.971  0.977  0.966  0.942  0.942  0.949  0.919  0.919  0.879  0.866  0.808  0.758  0.760  0.785  0.814  0.863  0.894  0.875  0.902  0.951  0.956  0.951  0.959  0.800  0.610  0.193
 -0.177 -0.208 -0.154 -0.172 -0.350 -0.447 -0.513 -0.705 -0.767 -0.767 -0.768 -0.585 -0.344 -0.130  0.044  0.458  0.727  0.966  0.841  0.814  0.673  0.717  0.788  0.768  0.814  0.749  0.810  0.174  0.015 -0.011  0.396  0.136 -0.235  0.207  0.377 -0.012 -0.128  0.307  0.218 -0.086  0.075 -0.190 -0.160 -0.277 -0.509 -0.310 -0.091 -0.107  0.122  0.209  0.441  0.606  0.758  0.811  0.854  0.747  0.815  0.691  0.726  0.668  0.245  0.232  0.204  0.426  0.508  0.507  0.607  0.735  0.871  0.895  0.932  0.865  0.764  0.694  0.747  0.751  0.885  0.919  0.981  1.000  0.984  0.948  0.895  0.832  0.779  0.825  0.915  0.924  0.947  0.927  0.967  0.947  0.943  0.929  0.974  0.987  0.956  0.966  0.983  0.962  0.946  0.966  0.956  0.966  0.946  0.938  0.896  0.856  0.862  0.883  0.902  0.931  0.949  0.924  0.933  0.961  0.935  0.890  0.894  0.683  0.498  0.059
 -0.249 -0.287 -0.229 -0.234 -0.421 -0.495 -0.572 -0.783 -0.834 -0.774 -0.789 -0.589 -0.327 -0.134  0.001  0.471  0.766  0.967  0.837  0.813  0.657  0.705  0.761  0.720  0.763  0.650  0.710  0.025 -0.037  0.031  0.489  0.257 -0.119  0.335  0.516  0.141 -0.004  0.419  0.357  0.041  0.162 -0.138 -0.156 -0.296 -0.582 -0.408 -0.164 -0.161  0.096  0.223  0.474  0.648  0.815  0.883  0.924  0.814  0.844  0.710  0.714  0.655  0.203  0.170  0.117  0.343  0.402  0.378  0.504  0.633  0.796  0.842  0.871  0.775  0.658  0.567  0.624  0.631  0.797  0.837  0.938  0.984  1.000  0.988  0.958  0.914  0.870  0.895  0.956  0.943  0.929  0.895  0.920  0.881  0.889  0.878  0.935  0.967  0.938  0.949  0.984  0.974  0.951  0.975  0.982  0.992  0.984  0.973  0.936  0.902  0.920  0.939  0.959  0.979  0.986  0.965  0.961  0.964  0.913  0.830  0.816  0.555  0.343 -0.109
 -0.322 -0.362 -0.303 -0.299 -0.485 -0.537 -0.612 -0.828 -0.857 -0.761 -0.794 -0.589 -0.320 -0.152 -0.047  0.457  0.779  0.953  0.835  0.811  0.649  0.697  0.737  0.680  0.720  0.571  0.616 -0.090 -0.070  0.059  0.552  0.348 -0.015  0.453  0.631  0.279  0.126  0.527  0.483  0.169  0.259 -0.059 -0.117 -0.273 -0.603 -0.457 -0.196 -0.175  0.100  0.258  0.518  0.689  0.859  0.934  0.963  0.844  0.840  0.695  0.672  0.610  0.143  0.093  0.022  0.247  0.291  0.249  0.390  0.520  0.703  0.764  0.792  0.675  0.545  0.440  0.502  0.510  0.699  0.749  0.881  0.948  0.988  1.000  0.986  0.961  0.924  0.928  0.963  0.928  0.884  0.837  0.853  0.803  0.827  0.819  0.880  0.928  0.904  0.914  0.960  0.962  0.936  0.960  0.980  0.987  0.987  0.971  0.934  0.905  0.935  0.954  0.978  0.992  0.993  0.980  0.967  0.949  0.883  0.770  0.740  0.446  0.210 -0.241
 -0.294 -0.340 -0.276 -0.255 -0.450 -0.479 -0.567 -0.820 -0.854 -0.688 -0.727 -0.498 -0.212 -0.062  0.005  0.524  0.823  0.915  0.755  0.726  0.544  0.596  0.631  0.560  0.603  0.434  0.529 -0.174 -0.044  0.169  0.658  0.480  0.122  0.534  0.715  0.388  0.177  0.542  0.536  0.211  0.245 -0.092 -0.192 -0.352 -0.689 -0.572 -0.321 -0.291 -0.010  0.173  0.447  0.628  0.823  0.930  0.985  0.902  0.873  0.742  0.695  0.639  0.183  0.117  0.026  0.241  0.251  0.181  0.343  0.454  0.641  0.720  0.728  0.593  0.466  0.341  0.393  0.410  0.616  0.650  0.802  0.895  0.958  0.986  1.000  0.990  0.970  0.969  0.975  0.932  0.861  0.809  0.793  0.713  0.729  0.719  0.800  0.861  0.826  0.841  0.908  0.911  0.873  0.908  0.944  0.961  0.979  0.969  0.950  0.933  0.963  0.977  0.989  0.983  0.971  0.953  0.923  0.888  0.797  0.657  0.626  0.304  0.089 -0.352
 -0.332 -0.378 -0.315 -0.285 -0.473 -0.481 -0.567 -0.821 -0.839 -0.641 -0.693 -0.464 -0.180 -0.055 -0.017  0.512  0.817  0.872  0.719  0.689  0.504  0.554  0.576  0.492  0.534  0.341  0.432 -0.261 -0.055  0.208  0.704  0.557  0.222  0.624  0.793  0.498  0.279  0.609  0.622  0.307  0.309 -0.034 -0.166 -0.334 -0.694 -0.607 -0.354 -0.310 -0.024  0.180  0.455  0.629  0.825  0.940  0.988  0.907  0.849  0.717  0.647  0.592  0.139  0.062 -0.042  0.163  0.157  0.071  0.241  0.346  0.542  0.633  0.636  0.487  0.355  0.221  0.274  0.293  0.512  0.549  0.721  0.832  0.914  0.961  0.990  1.000  0.990  0.970  0.951  0.892  0.796  0.736  0.709  0.618  0.643  0.635  0.721  0.793  0.761  0.776  0.852  0.865  0.823  0.858  0.906  0.921  0.947  0.935  0.921  0.910  0.947  0.960  0.972  0.959  0.941  0.928  0.890  0.838  0.735  0.573  0.532  0.191 -0.030 -0.453
 -0.263 -0.309 -0.244 -0.203 -0.392 -0.385 -0.474 -0.757 -0.783 -0.543 -0.600 -0.351 -0.060  0.054  0.072  0.587  0.860  0.840  0.644  0.601  0.400  0.451  0.472  0.385  0.433  0.248  0.394 -0.259  0.026  0.324  0.788  0.657  0.336  0.676  0.833  0.562  0.295  0.585  0.627  0.307  0.265 -0.080 -0.236 -0.394 -0.738 -0.678 -0.450 -0.404 -0.127  0.089  0.371  0.548  0.765  0.909  0.985  0.942  0.874  0.761  0.678  0.630  0.202  0.119  0.005  0.197  0.167  0.057  0.236  0.318  0.503  0.602  0.589  0.436  0.316  0.169  0.209  0.238  0.460  0.477  0.651  0.779  0.870  0.924  0.970  0.990  1.000  0.983  0.944  0.886  0.777  0.716  0.661  0.545  0.558  0.544  0.645  0.725  0.680  0.697  0.789  0.798  0.746  0.791  0.849  0.875  0.915  0.910  0.912  0.911  0.944  0.951  0.951  0.921  0.895  0.874  0.826  0.767  0.650  0.478  0.445  0.100 -0.081 -0.481
 -0.121 -0.169 -0.099 -0.060 -0.260 -0.273 -0.373 -0.690 -0.754 -0.512 -0.550 -0.279  0.025  0.168  0.210  0.695  0.918  0.871  0.612  0.558  0.342  0.397  0.441  0.368  0.428  0.284  0.504 -0.126  0.128  0.394  0.810  0.650  0.305  0.588  0.752  0.456  0.143  0.447  0.492  0.148  0.108 -0.232 -0.365 -0.504 -0.792 -0.714 -0.517 -0.490 -0.227 -0.032  0.259  0.450  0.690  0.859  0.978  0.978  0.945  0.857  0.796  0.754  0.349  0.276  0.172  0.361  0.329  0.218  0.394  0.461  0.621  0.713  0.687  0.548  0.449  0.301  0.328  0.364  0.569  0.557  0.703  0.825  0.895  0.928  0.969  0.970  0.983  1.000  0.980  0.948  0.862  0.814  0.745  0.617  0.599  0.577  0.691  0.759  0.693  0.717  0.812  0.800  0.744  0.799  0.850  0.891  0.935  0.942  0.958  0.960  0.975  0.976  0.961  0.923  0.895  0.856  0.808  0.768  0.653  0.503  0.495  0.173  0.049 -0.358
 -0.108 -0.153 -0.083 -0.060 -0.263 -0.307 -0.405 -0.700 -0.778 -0.600 -0.622 -0.365 -0.067  0.110  0.199  0.670  0.899  0.932  0.689  0.640  0.438  0.492  0.552  0.496  0.557  0.442  0.640 -0.006  0.118  0.295  0.710  0.507  0.137  0.460  0.636  0.296  0.021  0.379  0.385  0.037  0.058 -0.269 -0.350 -0.481 -0.746 -0.623 -0.421 -0.411 -0.155  0.008  0.291  0.484  0.711  0.854  0.966  0.944  0.951  0.855  0.828  0.782  0.367  0.312  0.230  0.435  0.436  0.355  0.514  0.597  0.749  0.820  0.809  0.691  0.595  0.465  0.498  0.527  0.712  0.705  0.823  0.915  0.956  0.963  0.975  0.951  0.944  0.980  1.000  0.986  0.937  0.899  0.858  0.756  0.733  0.711  0.811  0.861  0.798  0.820  0.895  0.874  0.827  0.877  0.908  0.946  0.973  0.978  0.981  0.972  0.979  0.985  0.974  0.954  0.939  0.898  0.866  0.850  0.759  0.642  0.645  0.353  0.221 -0.211
  0.017 -0.029  0.043  0.062 -0.144 -0.205 -0.309 -0.618 -0.727 -0.562 -0.562 -0.300 -0.005  0.193  0.303  0.726  0.903  0.922  0.637  0.584  0.379  0.436  0.514  0.474  0.540  0.468  0.715  0.113  0.190  0.327  0.683  0.458  0.079  0.344  0.521  0.169 -0.129  0.233  0.237 -0.117 -0.087 -0.396 -0.446 -0.556 -0.759 -0.618 -0.448 -0.458 -0.227 -0.095  0.182  0.383  0.618  0.771  0.915  0.928  0.968  0.898  0.895  0.857  0.476  0.433  0.367  0.566  0.568  0.494  0.642  0.712  0.834  0.893  0.873  0.776  0.702  0.579  0.599  0.633  0.792  0.761  0.846  0.924  0.943  0.928  0.932  0.892  0.886  0.948  0.986  1.000  0.977  0.955  0.907  0.801  0.753  0.725  0.829  0.866  0.787  0.814  0.885  0.848  0.799  0.855  0.877  0.925  0.953  0.968  0.982  0.973  0.963  0.965  0.943  0.918  0.905  0.848  0.820  0.823  0.741  0.651  0.676  0.418  0.335 -0.087
  0.093  0.054  0.122  0.123 -0.072 -0.164 -0.258 -0.539 -0.665 -0.573 -0.552 -0.312 -0.042  0.181  0.337  0.698  0.846  0.919  0.644  0.591  0.407  0.461  0.555  0.541  0.608  0.589  0.830  0.277  0.226  0.256  0.557  0.299 -0.081  0.177  0.346 -0.027 -0.286  0.098  0.068 -0.272 -0.190 -0.459 -0.449 -0.533 -0.675 -0.500 -0.354 -0.386 -0.187 -0.104  0.149  0.341  0.555  0.686  0.830  0.842  0.928  0.869  0.904  0.868  0.516  0.499  0.463  0.659  0.690  0.647  0.765  0.836  0.928  0.961  0.950  0.888  0.831  0.735  0.751  0.780  0.901  0.864  0.904  0.947  0.929  0.884  0.861  0.796  0.777  0.862  0.937  0.977  1.000  0.995  0.968  0.888  0.826  0.796  0.885  0.898  0.819  0.844  0.894  0.843  0.804  0.855  0.855  0.903  0.914  0.933  0.939  0.921  0.898  0.903  0.880  0.870  0.868  0.807  0.795  0.828  0.775  0.731  0.775  0.575  0.518  0.107
  0.162  0.125  0.192  0.189 -0.003 -0.104 -0.199 -0.476 -0.619 -0.543 -0.507 -0.272 -0.013  0.217  0.383  0.704  0.817  0.886  0.596  0.544  0.365  0.419  0.522  0.518  0.586  0.593  0.853  0.340  0.253  0.255  0.514  0.248 -0.128  0.091  0.258 -0.114 -0.376  0.003 -0.030 -0.363 -0.274 -0.523 -0.490 -0.559 -0.660 -0.477 -0.353 -0.396 -0.218 -0.157  0.083  0.273  0.484  0.614  0.772  0.802  0.908  0.865  0.915  0.885  0.559  0.551  0.528  0.717  0.750  0.714  0.822  0.884  0.956  0.980  0.965  0.918  0.876  0.788  0.796  0.826  0.927  0.877  0.895  0.927  0.895  0.837  0.809  0.736  0.716  0.814  0.899  0.955  0.995  1.000  0.973  0.895  0.820  0.788  0.876  0.879  0.794  0.821  0.866  0.806  0.769  0.821  0.814  0.866  0.876  0.900  0.910  0.893  0.860  0.863  0.835  0.823  0.823  0.755  0.747  0.791  0.746  0.722  0.776  0.604  0.576  0.181
  0.026 -0.003  0.054  0.029 -0.147 -0.266 -0.340 -0.544 -0.657 -0.674 -0.639 -0.453 -0.225  0.011  0.209  0.533  0.707  0.908  0.718  0.684  0.543  0.590  0.686  0.690  0.745  0.747  0.888  0.347  0.127  0.046  0.345  0.064 -0.307  0.022  0.188 -0.203 -0.356  0.066 -0.020 -0.322 -0.158 -0.385 -0.310 -0.387 -0.517 -0.302 -0.142 -0.186 -0.004  0.035  0.249  0.418  0.579  0.647  0.741  0.696  0.812  0.734  0.803  0.760  0.401  0.409  0.406  0.611  0.690  0.695  0.778  0.878  0.963  0.969  0.989  0.956  0.895  0.836  0.866  0.877  0.966  0.959  0.969  0.967  0.920  0.853  0.793  0.709  0.661  0.745  0.858  0.907  0.968  0.973  1.000  0.973  0.927  0.905  0.958  0.950  0.895  0.912  0.925  0.877  0.860  0.890  0.866  0.894  0.877  0.884  0.861  0.826  0.805  0.819  0.816  0.837  0.854  0.807  0.820  0.875  0.860  0.858  0.896  0.743  0.646  0.240
 -0.079 -0.098 -0.056 -0.101 -0.249 -0.384 -0.432 -0.553 -0.635 -0.749 -0.714 -0.588 -0.408 -0.176  0.048  0.340  0.552  0.871  0.785  0.769  0.677  0.713  0.799  0.817  0.856  0.866  0.892  0.370  0.017 -0.159  0.145 -0.140 -0.483 -0.076  0.076 -0.312 -0.347  0.091 -0.046 -0.298 -0.064 -0.248 -0.127 -0.202 -0.334 -0.096  0.080  0.032  0.199  0.205  0.377  0.514  0.614  0.618  0.648  0.537  0.666  0.563  0.653  0.602  0.244  0.271  0.294  0.498  0.620  0.670  0.718  0.844  0.929  0.912  0.964  0.952  0.882  0.860  0.907  0.900  0.964  0.994  0.987  0.947  0.881  0.803  0.713  0.618  0.545  0.617  0.756  0.801  0.888  0.895  0.973  1.000  0.981  0.969  0.982  0.959  0.935  0.942  0.920  0.883  0.887  0.895  0.852  0.857  0.812  0.806  0.752  0.701  0.689  0.712  0.733  0.785  0.819  0.792  0.827  0.895  0.916  0.944  0.969  0.858  0.710  0.321
 -0.248 -0.264 -0.230 -0.281 -0.417 -0.544 -0.578 -0.652 -0.691 -0.835 -0.819 -0.723 -0.558 -0.345 -0.129  0.200  0.482  0.873  0.872  0.871  0.801  0.831  0.898  0.905  0.931  0.900  0.824  0.258 -0.114 -0.289  0.080 -0.188 -0.517 -0.015  0.136 -0.245 -0.208  0.241  0.084 -0.144  0.114 -0.072  0.041 -0.057 -0.252 -0.016  0.203  0.172  0.358  0.379  0.540  0.660  0.727  0.693  0.664  0.489  0.591  0.453  0.530  0.468  0.073  0.095  0.114  0.327  0.467  0.532  0.575  0.730  0.845  0.830  0.904  0.882  0.784  0.771  0.839  0.819  0.898  0.969  0.987  0.943  0.889  0.827  0.729  0.643  0.558  0.599  0.733  0.753  0.826  0.820  0.927  0.981  1.000  0.998  0.990  0.973  0.977  0.976  0.942  0.926  0.940  0.932  0.890  0.874  0.816  0.794  0.717  0.657  0.665  0.696  0.740  0.809  0.850  0.846  0.887  0.943  0.971  0.985  0.982  0.853  0.631  0.235
 -0.292 -0.308 -0.277 -0.331 -0.462 -0.589 -0.619 -0.675 -0.704 -0.858 -0.844 -0.762 -0.605 -0.399 -0.187  0.146  0.441  0.856  0.882  0.889  0.829  0.857  0.917  0.923  0.943  0.901  0.793  0.220 -0.168 -0.341  0.042 -0.219 -0.541 -0.020  0.133 -0.242 -0.182  0.269  0.106 -0.110  0.156 -0.027  0.087 -0.015 -0.223  0.015  0.243  0.215  0.404  0.424  0.577  0.692  0.745  0.696  0.651  0.457  0.554  0.407  0.483  0.418  0.016  0.038  0.060  0.273  0.418  0.490  0.531  0.694  0.814  0.799  0.879  0.855  0.752  0.743  0.816  0.792  0.873  0.954  0.977  0.929  0.878  0.819  0.719  0.635  0.544  0.577  0.711  0.725  0.796  0.788  0.905  0.969  0.998  1.000  0.985  0.968  0.981  0.978  0.939  0.929  0.947  0.934  0.891  0.867  0.805  0.779  0.695  0.633  0.646  0.679  0.729  0.804  0.847  0.848  0.891  0.945  0.976  0.989  0.978  0.847  0.605  0.212
 -0.214 -0.238 -0.195 -0.235 -0.393 -0.513 -0.565 -0.686 -0.744 -0.829 -0.811 -0.680 -0.483 -0.265 -0.066  0.300  0.572  0.908  0.853  0.847  0.749  0.786  0.857  0.853  0.885  0.838  0.817  0.212 -0.091 -0.196  0.193 -0.075 -0.431  0.043  0.214 -0.177 -0.206  0.249  0.118 -0.144  0.080 -0.141 -0.057 -0.164 -0.373 -0.144  0.079  0.051  0.258  0.301  0.491  0.634  0.735  0.734  0.738  0.591  0.684  0.553  0.617  0.557  0.141  0.150  0.154  0.375  0.492  0.533  0.603  0.749  0.872  0.873  0.931  0.891  0.793  0.756  0.818  0.807  0.907  0.961  0.996  0.974  0.935  0.880  0.800  0.721  0.645  0.691  0.811  0.829  0.885  0.876  0.958  0.982  0.990  0.985  1.000  0.993  0.982  0.987  0.973  0.953  0.956  0.960  0.929  0.925  0.881  0.866  0.802  0.750  0.756  0.782  0.815  0.869  0.900  0.885  0.912  0.958  0.963  0.955  0.954  0.790  0.580  0.161
 -0.255 -0.283 -0.237 -0.268 -0.435 -0.541 -0.599 -0.741 -0.791 -0.838 -0.832 -0.683 -0.466 -0.256 -0.077  0.332  0.625  0.936  0.870  0.862  0.748  0.789  0.853  0.835  0.868  0.793  0.780  0.135 -0.101 -0.150  0.276  0.018 -0.347  0.142  0.319 -0.071 -0.125  0.328  0.214 -0.065  0.134 -0.114 -0.061 -0.184 -0.431 -0.217  0.023  0.007  0.236  0.309  0.518  0.670  0.787  0.800  0.807  0.659  0.729  0.590  0.634  0.572  0.132  0.127  0.114  0.341  0.445  0.468  0.555  0.703  0.845  0.860  0.914  0.854  0.745  0.692  0.756  0.748  0.872  0.929  0.989  0.987  0.967  0.928  0.861  0.793  0.725  0.759  0.861  0.866  0.898  0.879  0.950  0.959  0.973  0.968  0.993  1.000  0.987  0.993  0.992  0.978  0.975  0.983  0.964  0.961  0.925  0.909  0.848  0.800  0.813  0.839  0.872  0.918  0.943  0.930  0.948  0.979  0.967  0.934  0.923  0.723  0.498  0.063
 -0.375 -0.398 -0.361 -0.401 -0.550 -0.654 -0.696 -0.783 -0.800 -0.890 -0.895 -0.784 -0.594 -0.402 -0.224  0.187  0.523  0.903  0.917  0.923  0.839  0.873  0.921  0.902  0.922  0.828  0.724  0.074 -0.208 -0.283  0.171 -0.072 -0.413  0.139  0.309 -0.067 -0.045  0.409  0.271  0.028  0.256  0.025  0.085 -0.047 -0.322 -0.105  0.157  0.149  0.378  0.446  0.632  0.762  0.840  0.813  0.768  0.568  0.627  0.463  0.505  0.436 -0.013 -0.016 -0.023  0.204  0.327  0.372  0.445  0.613  0.769  0.778  0.852  0.794  0.669  0.633  0.713  0.692  0.815  0.904  0.971  0.956  0.938  0.904  0.826  0.761  0.680  0.693  0.798  0.787  0.819  0.794  0.895  0.935  0.977  0.981  0.982  0.987  1.000  0.998  0.980  0.981  0.990  0.983  0.958  0.936  0.886  0.857  0.776  0.719  0.745  0.778  0.830  0.894  0.928  0.933  0.961  0.989  0.992  0.960  0.931  0.738  0.462  0.037
 -0.340 -0.366 -0.326 -0.363 -0.519 -0.624 -0.674 -0.778 -0.807 -0.880 -0.880 -0.757 -0.557 -0.359 -0.183  0.231  0.553  0.912  0.900  0.903  0.810  0.846  0.899  0.880  0.903  0.811  0.734  0.080 -0.187 -0.246  0.204 -0.042 -0.393  0.139  0.314 -0.066 -0.070  0.385  0.257  0.001  0.219 -0.020  0.036 -0.095 -0.364 -0.147  0.111  0.100  0.332  0.403  0.596  0.735  0.825  0.810  0.783  0.599  0.660  0.503  0.545  0.479  0.028  0.024  0.014  0.242  0.358  0.396  0.476  0.639  0.791  0.804  0.871  0.811  0.690  0.648  0.723  0.706  0.830  0.909  0.977  0.966  0.949  0.914  0.841  0.776  0.697  0.717  0.820  0.814  0.844  0.821  0.912  0.942  0.976  0.978  0.987  0.993  0.998  1.000  0.988  0.984  0.989  0.987  0.965  0.948  0.903  0.878  0.804  0.750  0.772  0.802  0.848  0.907  0.937  0.936  0.960  0.988  0.985  0.950  0.926  0.727  0.465  0.035
 -0.298 -0.332 -0.283 -0.305 -0.480 -0.572 -0.639 -0.796 -0.840 -0.845 -0.849 -0.687 -0.454 -0.257 -0.102  0.346  0.656  0.942  0.870  0.864  0.739  0.782  0.838  0.806  0.838  0.731  0.719  0.038 -0.135 -0.121  0.341  0.100 -0.270  0.226  0.412  0.030 -0.046  0.401  0.305  0.016  0.189 -0.084 -0.064 -0.203 -0.485 -0.286 -0.029 -0.034  0.216  0.315  0.538  0.698  0.826  0.851  0.858  0.709  0.756  0.609  0.633  0.570  0.109  0.089  0.060  0.291  0.379  0.387  0.493  0.641  0.802  0.832  0.879  0.800  0.680  0.613  0.679  0.673  0.820  0.880  0.966  0.983  0.984  0.960  0.908  0.852  0.789  0.812  0.895  0.885  0.894  0.866  0.925  0.920  0.942  0.939  0.973  0.992  0.980  0.988  1.000  0.993  0.984  0.996  0.988  0.985  0.957  0.939  0.882  0.838  0.858  0.883  0.917  0.956  0.974  0.962  0.971  0.986  0.957  0.897  0.876  0.642  0.400 -0.047
 -0.393 -0.426 -0.383 -0.404 -0.572 -0.654 -0.712 -0.846 -0.863 -0.873 -0.892 -0.745 -0.521 -0.341 -0.199  0.270  0.617  0.928  0.903  0.904  0.790  0.830  0.871  0.831  0.855  0.722  0.657 -0.042 -0.204 -0.177  0.319  0.095 -0.261  0.279  0.462  0.093  0.051  0.494  0.393  0.119  0.295  0.020  0.027 -0.124 -0.443 -0.254  0.024  0.032  0.292  0.403  0.621  0.770  0.882  0.888  0.864  0.684  0.709  0.544  0.556  0.487  0.014 -0.012 -0.049  0.183  0.275  0.286  0.392  0.553  0.730  0.765  0.823  0.734  0.599  0.533  0.611  0.599  0.757  0.838  0.942  0.962  0.974  0.962  0.911  0.865  0.798  0.800  0.874  0.848  0.843  0.806  0.877  0.883  0.926  0.929  0.953  0.978  0.981  0.984  0.993  1.000  0.995  0.998  0.994  0.979  0.947  0.920  0.852  0.805  0.838  0.867  0.913  0.959  0.979  0.980  0.990  0.995  0.967  0.894  0.856  0.609  0.328 -0.116
 -0.435 -0.463 -0.426 -0.456 -0.610 -0.698 -0.745 -0.846 -0.850 -0.898 -0.917 -0.795 -0.591 -0.414 -0.264  0.190  0.549  0.905  0.921  0.930  0.837  0.872  0.909  0.874  0.892  0.761  0.650 -0.037 -0.251 -0.259  0.237  0.014 -0.329  0.236  0.414  0.049  0.054  0.500  0.380  0.128  0.330  0.073  0.098 -0.052 -0.369 -0.172  0.111  0.116  0.368  0.466  0.665  0.801  0.889  0.870  0.821  0.615  0.645  0.471  0.492  0.420 -0.050 -0.070 -0.097  0.134  0.242  0.271  0.363  0.534  0.711  0.736  0.806  0.727  0.588  0.537  0.621  0.602  0.749  0.844  0.942  0.946  0.951  0.936  0.873  0.823  0.746  0.744  0.827  0.799  0.804  0.769  0.860  0.887  0.940  0.947  0.956  0.975  0.990  0.989  0.984  0.995  1.000  0.994  0.982  0.958  0.915  0.883  0.803  0.750  0.787  0.819  0.873  0.932  0.958  0.968  0.986  0.995  0.981  0.921  0.877  0.647  0.348 -0.086
 -0.371 -0.403 -0.359 -0.381 -0.550 -0.636 -0.696 -0.834 -0.859 -0.870 -0.884 -0.735 -0.508 -0.323 -0.179  0.284  0.620  0.928  0.891  0.892  0.777  0.818  0.863  0.826  0.851  0.723  0.670 -0.025 -0.195 -0.170  0.317  0.089 -0.272  0.256  0.441  0.069  0.019  0.465  0.364  0.087  0.264 -0.010  0.002 -0.146 -0.454 -0.260  0.013  0.016  0.273  0.380  0.597  0.749  0.864  0.874  0.859  0.685  0.717  0.557  0.574  0.506  0.033  0.009 -0.024  0.209  0.301  0.313  0.419  0.577  0.750  0.784  0.839  0.753  0.622  0.556  0.631  0.620  0.774  0.850  0.949  0.966  0.975  0.960  0.908  0.858  0.791  0.799  0.877  0.855  0.855  0.821  0.890  0.895  0.932  0.934  0.960  0.983  0.983  0.987  0.996  0.998  0.994  1.000  0.994  0.982  0.950  0.926  0.859  0.812  0.842  0.870  0.912  0.958  0.977  0.975  0.984  0.992  0.964  0.896  0.862  0.619  0.347 -0.098
 -0.380 -0.417 -0.370 -0.381 -0.557 -0.628 -0.696 -0.858 -0.880 -0.848 -0.870 -0.703 -0.460 -0.286 -0.163  0.326  0.667  0.932  0.876  0.872  0.742  0.786  0.826  0.776  0.803  0.656  0.624 -0.089 -0.186 -0.106  0.399  0.185 -0.179  0.338  0.526  0.163  0.081  0.512  0.433  0.144  0.289 -0.006 -0.025 -0.182 -0.512 -0.337 -0.059 -0.046  0.224  0.355  0.588  0.747  0.880  0.909  0.903  0.742  0.754  0.595  0.593  0.526  0.047  0.009 -0.041  0.192  0.265  0.258  0.380  0.532  0.716  0.763  0.808  0.706  0.570  0.489  0.562  0.556  0.729  0.800  0.919  0.956  0.982  0.980  0.944  0.906  0.849  0.850  0.908  0.877  0.855  0.814  0.866  0.852  0.890  0.891  0.929  0.964  0.958  0.965  0.988  0.994  0.982  0.994  1.000  0.992  0.971  0.948  0.889  0.847  0.881  0.907  0.946  0.981  0.992  0.989  0.988  0.983  0.938  0.847  0.808  0.538  0.267 -0.183
 -0.287 -0.327 -0.272 -0.277 -0.466 -0.537 -0.617 -0.818 -0.867 -0.800 -0.812 -0.618 -0.357 -0.173 -0.053  0.431  0.735  0.945  0.828  0.814  0.662  0.711  0.762  0.713  0.749  0.616  0.653 -0.050 -0.107 -0.004  0.474  0.253 -0.124  0.339  0.531  0.163  0.023  0.448  0.389  0.076  0.196 -0.110 -0.136 -0.286 -0.592 -0.422 -0.162 -0.154  0.113  0.247  0.495  0.669  0.829  0.890  0.923  0.803  0.823  0.683  0.681  0.621  0.151  0.111  0.059  0.291  0.348  0.322  0.454  0.589  0.761  0.813  0.841  0.738  0.616  0.522  0.583  0.587  0.759  0.805  0.919  0.966  0.992  0.987  0.961  0.921  0.875  0.891  0.946  0.925  0.903  0.866  0.894  0.857  0.874  0.867  0.925  0.961  0.936  0.948  0.985  0.979  0.958  0.982  0.992  1.000  0.991  0.978  0.936  0.901  0.924  0.945  0.969  0.989  0.993  0.975  0.966  0.962  0.906  0.813  0.788  0.514  0.284 -0.169
 -0.238 -0.283 -0.220 -0.211 -0.409 -0.467 -0.559 -0.797 -0.859 -0.738 -0.751 -0.533 -0.253 -0.075  0.025  0.516  0.795  0.935  0.769  0.747  0.574  0.628  0.680  0.625  0.668  0.530  0.624 -0.074 -0.052  0.103  0.569  0.359 -0.020  0.392  0.585  0.228  0.033  0.435  0.404  0.076  0.153 -0.168 -0.221 -0.371 -0.672 -0.520 -0.272 -0.262  0.009  0.158  0.421  0.607  0.793  0.885  0.949  0.864  0.874  0.749  0.734  0.680  0.223  0.172  0.106  0.331  0.363  0.314  0.463  0.580  0.750  0.813  0.823  0.709  0.594  0.484  0.534  0.548  0.730  0.757  0.879  0.946  0.984  0.987  0.979  0.947  0.915  0.935  0.973  0.953  0.914  0.876  0.877  0.812  0.816  0.805  0.881  0.925  0.886  0.903  0.957  0.947  0.915  0.950  0.971  0.991  1.000  0.995  0.968  0.944  0.962  0.977  0.989  0.992  0.986  0.959  0.937  0.924  0.849  0.740  0.722  0.431  0.229 -0.222
 -0.162 -0.209 -0.143 -0.132 -0.334 -0.394 -0.494 -0.752 -0.836 -0.696 -0.698 -0.467 -0.180  0.004  0.102  0.577  0.823  0.925  0.720  0.692  0.509  0.565  0.625  0.573  0.621  0.498  0.637 -0.041 -0.001  0.165  0.603  0.390  0.007  0.373  0.566  0.210 -0.019  0.372  0.355  0.017  0.078 -0.243 -0.296 -0.439 -0.715 -0.567 -0.336 -0.332 -0.067  0.079  0.346  0.538  0.739  0.849  0.940  0.886  0.904  0.796  0.784  0.735  0.298  0.248  0.182  0.400  0.420  0.361  0.515  0.617  0.774  0.840  0.836  0.724  0.623  0.507  0.547  0.567  0.744  0.752  0.866  0.938  0.973  0.971  0.969  0.935  0.910  0.942  0.978  0.968  0.933  0.900  0.884  0.806  0.794  0.779  0.866  0.909  0.857  0.878  0.939  0.920  0.883  0.926  0.948  0.978  0.995  1.000  0.985  0.967  0.974  0.984  0.985  0.978  0.967  0.930  0.904  0.894  0.813  0.707  0.700  0.415  0.246 -0.198
 -0.048 -0.099 -0.026 -0.006 -0.214 -0.264 -0.378 -0.678 -0.788 -0.595 -0.589 -0.333 -0.034  0.148  0.229  0.682  0.874  0.890  0.618  0.578  0.374  0.434  0.503  0.449  0.506  0.398  0.618 -0.019  0.089  0.295  0.687  0.483  0.103  0.379  0.571  0.232 -0.066  0.293  0.308 -0.044 -0.028 -0.352 -0.423 -0.551 -0.792 -0.661 -0.465 -0.465 -0.212 -0.062  0.213  0.416  0.645  0.792  0.927  0.929  0.948  0.869  0.851  0.812  0.412  0.359  0.286  0.485  0.476  0.394  0.559  0.633  0.773  0.846  0.819  0.705  0.623  0.492  0.516  0.547  0.723  0.700  0.808  0.896  0.936  0.934  0.950  0.921  0.912  0.958  0.981  0.982  0.939  0.910  0.861  0.752  0.717  0.695  0.802  0.848  0.776  0.804  0.882  0.852  0.803  0.859  0.889  0.936  0.968  0.985  1.000  0.992  0.985  0.988  0.968  0.939  0.919  0.867  0.831  0.818  0.722  0.612  0.619  0.334  0.223 -0.205
 -0.007 -0.060  0.016  0.044 -0.165 -0.207 -0.327 -0.643 -0.761 -0.536 -0.531 -0.264  0.039  0.212  0.278  0.722  0.888  0.857  0.558  0.514  0.302  0.363  0.430  0.374  0.435  0.329  0.583 -0.033  0.121  0.358  0.729  0.539  0.167  0.398  0.586  0.264 -0.063  0.269  0.304 -0.048 -0.061 -0.385 -0.472 -0.597 -0.827 -0.710 -0.530 -0.529 -0.281 -0.125  0.153  0.358  0.598  0.763  0.916  0.944  0.956  0.890  0.865  0.832  0.447  0.390  0.311  0.501  0.475  0.380  0.552  0.613  0.746  0.825  0.785  0.668  0.594  0.456  0.472  0.509  0.685  0.648  0.758  0.856  0.902  0.905  0.933  0.910  0.911  0.960  0.972  0.973  0.921  0.893  0.826  0.701  0.657  0.633  0.750  0.800  0.719  0.750  0.838  0.805  0.750  0.812  0.847  0.901  0.944  0.967  0.992  1.000  0.991  0.983  0.954  0.913  0.886  0.828  0.785  0.767  0.662  0.545  0.557  0.269  0.183 -0.230
 -0.108 -0.162 -0.088 -0.056 -0.266 -0.299 -0.413 -0.715 -0.804 -0.582 -0.593 -0.335 -0.034  0.128  0.185  0.662  0.871  0.869  0.611  0.573  0.368  0.427  0.482  0.417  0.471  0.336  0.542 -0.110  0.054  0.306  0.723  0.542  0.173  0.458  0.648  0.328  0.029  0.369  0.398  0.051  0.044 -0.290 -0.390 -0.530 -0.806 -0.691 -0.484 -0.472 -0.208 -0.037  0.243  0.443  0.673  0.823  0.948  0.942  0.935  0.848  0.811  0.772  0.358  0.290  0.205  0.406  0.384  0.292  0.469  0.545  0.699  0.783  0.754  0.626  0.533  0.395  0.423  0.454  0.645  0.630  0.760  0.862  0.920  0.935  0.963  0.947  0.944  0.975  0.979  0.963  0.898  0.860  0.805  0.689  0.665  0.646  0.756  0.813  0.745  0.772  0.858  0.838  0.787  0.842  0.881  0.924  0.962  0.974  0.985  0.991  1.000  0.995  0.980  0.945  0.919  0.873  0.829  0.802  0.695  0.563  0.558  0.250  0.121 -0.303
 -0.148 -0.200 -0.129 -0.100 -0.307 -0.344 -0.453 -0.744 -0.824 -0.619 -0.632 -0.381 -0.082  0.082  0.144  0.632  0.862  0.888  0.650  0.616  0.416  0.475  0.527  0.462  0.513  0.372  0.552 -0.117  0.028  0.267  0.701  0.516  0.143  0.460  0.652  0.324  0.044  0.398  0.416  0.071  0.079 -0.258 -0.353 -0.498 -0.784 -0.663 -0.443 -0.428 -0.160  0.010  0.288  0.487  0.709  0.848  0.959  0.935  0.927  0.830  0.795  0.751  0.327  0.261  0.175  0.381  0.369  0.285  0.457  0.543  0.705  0.786  0.766  0.637  0.535  0.401  0.435  0.463  0.657  0.652  0.785  0.883  0.939  0.954  0.977  0.960  0.951  0.976  0.985  0.965  0.903  0.863  0.819  0.712  0.696  0.679  0.782  0.839  0.778  0.802  0.883  0.867  0.819  0.870  0.907  0.945  0.977  0.984  0.988  0.983  0.995  1.000  0.990  0.963  0.941  0.899  0.860  0.833  0.731  0.599  0.590  0.279  0.130 -0.303
 -0.254 -0.305 -0.239 -0.217 -0.418 -0.455 -0.552 -0.808 -0.863 -0.693 -0.715 -0.487 -0.199 -0.040  0.029  0.537  0.814  0.904  0.726  0.702  0.519  0.575  0.618  0.550  0.592  0.432  0.542 -0.159 -0.054  0.164  0.638  0.453  0.084  0.473  0.665  0.331  0.107  0.481  0.476  0.145  0.184 -0.152 -0.240 -0.399 -0.720 -0.590 -0.341 -0.319 -0.040  0.131  0.401  0.590  0.788  0.896  0.967  0.896  0.881  0.759  0.724  0.671  0.226  0.158  0.073  0.290  0.297  0.228  0.393  0.501  0.680  0.757  0.757  0.626  0.507  0.384  0.432  0.450  0.648  0.671  0.814  0.902  0.959  0.978  0.989  0.972  0.951  0.961  0.974  0.943  0.880  0.835  0.816  0.733  0.740  0.729  0.815  0.872  0.830  0.848  0.917  0.913  0.873  0.912  0.946  0.969  0.989  0.985  0.968  0.954  0.980  0.990  1.000  0.989  0.973  0.947  0.913  0.884  0.792  0.659  0.635  0.320  0.121 -0.322
 -0.332 -0.378 -0.320 -0.310 -0.501 -0.551 -0.634 -0.848 -0.884 -0.772 -0.797 -0.595 -0.326 -0.162 -0.072  0.439  0.754  0.925  0.807  0.792  0.632  0.682  0.721  0.659  0.694  0.533  0.573 -0.146 -0.121  0.042  0.541  0.345 -0.022  0.437  0.626  0.279  0.121  0.522  0.484  0.170  0.255 -0.068 -0.131 -0.294 -0.630 -0.482 -0.212 -0.191  0.089  0.248  0.505  0.680  0.849  0.922  0.954  0.837  0.828  0.684  0.660  0.600  0.133  0.075  0.002  0.230  0.266  0.224  0.372  0.502  0.688  0.753  0.775  0.653  0.523  0.417  0.478  0.486  0.677  0.726  0.863  0.931  0.979  0.992  0.983  0.959  0.921  0.923  0.954  0.918  0.870  0.823  0.837  0.785  0.809  0.804  0.869  0.918  0.894  0.907  0.956  0.959  0.932  0.958  0.981  0.989  0.992  0.978  0.939  0.913  0.945  0.963  0.989  1.000  0.996  0.982  0.961  0.938  0.866  0.747  0.713  0.412  0.170 -0.280
 -0.358 -0.400 -0.346 -0.345 -0.530 -0.588 -0.664 -0.855 -0.884 -0.807 -0.833 -0.646 -0.388 -0.218 -0.111  0.392  0.722  0.937  0.847  0.836  0.689  0.736  0.775  0.719  0.751  0.597  0.604 -0.115 -0.142 -0.021  0.483  0.277 -0.088  0.403  0.589  0.233  0.111  0.526  0.469  0.165  0.278 -0.034 -0.078 -0.239 -0.574 -0.414 -0.140 -0.122  0.155  0.302  0.550  0.718  0.871  0.924  0.938  0.799  0.799  0.646  0.632  0.568  0.096  0.047 -0.017  0.214  0.267  0.240  0.376  0.517  0.703  0.759  0.793  0.680  0.546  0.452  0.519  0.521  0.704  0.764  0.894  0.949  0.986  0.993  0.971  0.941  0.895  0.895  0.939  0.905  0.868  0.823  0.854  0.819  0.850  0.847  0.900  0.943  0.928  0.937  0.974  0.979  0.958  0.977  0.992  0.993  0.986  0.967  0.919  0.886  0.919  0.941  0.973  0.996  1.000  0.992  0.980  0.964  0.905  0.798  0.763  0.475  0.218 -0.235
 -0.456 -0.495 -0.448 -0.450 -0.622 -0.674 -0.736 -0.891 -0.889 -0.841 -0.878 -0.717 -0.477 -0.324 -0.220  0.290  0.657  0.915  0.885  0.883  0.756  0.798  0.823  0.764  0.787  0.614  0.555 -0.170 -0.216 -0.108  0.422  0.230 -0.115  0.425  0.604  0.261  0.192  0.605  0.532  0.253  0.383  0.080  0.035 -0.134 -0.497 -0.342 -0.048 -0.020  0.259  0.408  0.642  0.793  0.920  0.946  0.920  0.742  0.728  0.555  0.536  0.466 -0.013 -0.064 -0.128  0.104  0.170  0.155  0.281  0.437  0.636  0.690  0.739  0.625  0.478  0.393  0.472  0.465  0.651  0.736  0.875  0.924  0.965  0.980  0.953  0.928  0.874  0.856  0.898  0.848  0.807  0.755  0.807  0.792  0.846  0.848  0.885  0.930  0.933  0.936  0.962  0.980  0.968  0.975  0.989  0.975  0.959  0.930  0.867  0.828  0.873  0.899  0.947  0.982  0.992  1.000  0.993  0.972  0.921  0.811  0.760  0.472  0.174 -0.270
 -0.478 -0.510 -0.468 -0.482 -0.642 -0.705 -0.755 -0.879 -0.869 -0.869 -0.905 -0.765 -0.543 -0.384 -0.259  0.232  0.610  0.919  0.924  0.925  0.814  0.851  0.877  0.828  0.848  0.689  0.594 -0.118 -0.229 -0.179  0.344  0.142 -0.195  0.375  0.546  0.196  0.172  0.597  0.500  0.238  0.400  0.118  0.100 -0.065 -0.420 -0.250  0.044  0.067  0.337  0.469  0.687  0.826  0.931  0.933  0.886  0.685  0.684  0.504  0.497  0.424 -0.054 -0.090 -0.140  0.089  0.176  0.181  0.290  0.456  0.650  0.692  0.755  0.653  0.505  0.436  0.521  0.507  0.680  0.777  0.902  0.933  0.961  0.967  0.923  0.890  0.826  0.808  0.866  0.820  0.795  0.747  0.820  0.827  0.887  0.891  0.912  0.948  0.961  0.960  0.971  0.990  0.986  0.984  0.988  0.966  0.937  0.904  0.831  0.785  0.829  0.860  0.913  0.961  0.980  0.993  1.000  0.990  0.956  0.865  0.814  0.549  0.240 -0.201
 -0.415 -0.443 -0.402 -0.428 -0.584 -0.669 -0.715 -0.830 -0.834 -0.876 -0.899 -0.767 -0.556 -0.376 -0.220  0.235  0.592  0.931  0.931  0.930  0.828  0.864  0.903  0.870  0.893  0.771  0.683 -0.001 -0.193 -0.211  0.278  0.049 -0.294  0.268  0.437  0.068  0.060  0.502  0.385  0.126  0.320  0.060  0.080 -0.067 -0.381 -0.187  0.090  0.096  0.347  0.449  0.656  0.793  0.891  0.884  0.843  0.646  0.677  0.506  0.524  0.453 -0.011 -0.029 -0.061  0.168  0.273  0.296  0.388  0.554  0.728  0.754  0.821  0.741  0.605  0.550  0.632  0.616  0.765  0.856  0.951  0.961  0.964  0.949  0.888  0.838  0.767  0.768  0.850  0.823  0.828  0.791  0.875  0.895  0.943  0.945  0.958  0.979  0.989  0.988  0.986  0.995  0.995  0.992  0.983  0.962  0.924  0.894  0.818  0.767  0.802  0.833  0.884  0.938  0.964  0.972  0.990  1.000  0.984  0.923  0.886  0.655  0.368 -0.070
 -0.428 -0.445 -0.415 -0.456 -0.589 -0.689 -0.713 -0.773 -0.764 -0.883 -0.903 -0.812 -0.641 -0.458 -0.273  0.128  0.486  0.893  0.950  0.955  0.886  0.913  0.953  0.937  0.955  0.862  0.719  0.087 -0.207 -0.323  0.132 -0.105 -0.420  0.164  0.313 -0.051  0.015  0.458  0.306  0.085  0.326  0.111  0.175  0.045 -0.239 -0.028  0.236  0.233  0.456  0.522  0.695  0.807  0.865  0.819  0.745  0.521  0.574  0.399  0.440  0.367 -0.070 -0.068 -0.076  0.145  0.280  0.334  0.393  0.567  0.724  0.727  0.814  0.761  0.630  0.605  0.692  0.667  0.785  0.890  0.956  0.935  0.913  0.883  0.797  0.735  0.650  0.653  0.759  0.741  0.775  0.746  0.860  0.916  0.971  0.976  0.963  0.967  0.992  0.985  0.957  0.967  0.981  0.964  0.938  0.906  0.849  0.813  0.722  0.662  0.695  0.731  0.792  0.866  0.905  0.921  0.956  0.984  1.000  0.973  0.939  0.758  0.465  0.055
 -0.334 -0.341 -0.318 -0.378 -0.486 -0.612 -0.620 -0.636 -0.640 -0.842 -0.838 -0.785 -0.658 -0.462 -0.238  0.065  0.375  0.826  0.904  0.910  0.873  0.893  0.945  0.959  0.975  0.945  0.789  0.257 -0.165 -0.399 -0.032 -0.287 -0.574 -0.026  0.100 -0.259 -0.140  0.294  0.111 -0.072  0.216  0.064  0.192  0.097 -0.106  0.126  0.350  0.324  0.496  0.505  0.635  0.724  0.748  0.674  0.595  0.376  0.473  0.318  0.397  0.330 -0.049 -0.017  0.012  0.213  0.375  0.462  0.481  0.648  0.763  0.736  0.832  0.821  0.716  0.725  0.804  0.774  0.840  0.939  0.951  0.890  0.830  0.770  0.657  0.573  0.478  0.503  0.642  0.651  0.731  0.722  0.858  0.944  0.985  0.989  0.955  0.934  0.960  0.950  0.897  0.894  0.921  0.896  0.847  0.813  0.740  0.707  0.612  0.545  0.563  0.599  0.659  0.747  0.798  0.811  0.865  0.923  0.973  1.000  0.986  0.884  0.630  0.263
 -0.198 -0.204 -0.177 -0.235 -0.346 -0.482 -0.494 -0.535 -0.568 -0.767 -0.751 -0.683 -0.552 -0.339 -0.097  0.162  0.421  0.830  0.854  0.845  0.797  0.817  0.886  0.914  0.943  0.956  0.872  0.390 -0.037 -0.309 -0.005 -0.278 -0.566 -0.082  0.032 -0.332 -0.250  0.173 -0.005 -0.197  0.082 -0.056  0.088  0.018 -0.128  0.108  0.293  0.253  0.401  0.391  0.523  0.617  0.659  0.609  0.567  0.392  0.515  0.388  0.482  0.422  0.083  0.126  0.161  0.352  0.510  0.592  0.603  0.749  0.834  0.799  0.882  0.886  0.805  0.814  0.879  0.858  0.905  0.975  0.959  0.894  0.816  0.740  0.626  0.532  0.445  0.495  0.645  0.676  0.775  0.776  0.896  0.969  0.982  0.978  0.954  0.923  0.931  0.926  0.876  0.856  0.877  0.862  0.808  0.788  0.722  0.700  0.619  0.557  0.558  0.590  0.635  0.713  0.763  0.760  0.814  0.886  0.939  0.986  1.000  0.927  0.734  0.379
 -0.044 -0.030 -0.023 -0.098 -0.147 -0.300 -0.277 -0.231 -0.269 -0.577 -0.535 -0.545 -0.509 -0.311 -0.042  0.022  0.178  0.601  0.671  0.663  0.677  0.679  0.754  0.827  0.848  0.962  0.857  0.610  0.050 -0.388 -0.268 -0.526 -0.713 -0.344 -0.296 -0.592 -0.421 -0.083 -0.289 -0.383 -0.071 -0.082  0.139  0.136  0.135  0.365  0.459  0.392  0.436  0.339  0.379  0.414  0.389  0.296  0.241  0.091  0.263  0.181  0.319  0.275  0.089  0.175  0.259  0.386  0.568  0.691  0.630  0.744  0.751  0.671  0.760  0.831  0.800  0.865  0.912  0.884  0.843  0.898  0.800  0.683  0.555  0.446  0.304  0.191  0.100  0.173  0.353  0.418  0.575  0.604  0.743  0.858  0.853  0.847  0.790  0.723  0.738  0.727  0.642  0.609  0.647  0.619  0.538  0.514  0.431  0.415  0.334  0.269  0.250  0.279  0.320  0.412  0.475  0.472  0.549  0.655  0.758  0.884  0.927  1.000  0.894  0.667
  0.354  0.373  0.383  0.321  0.291  0.140  0.153  0.137  0.029 -0.225 -0.153 -0.135 -0.117  0.080  0.340  0.238  0.200  0.426  0.345  0.303  0.296  0.297  0.402  0.502  0.547  0.767  0.867  0.858  0.371 -0.093 -0.197 -0.440 -0.573 -0.483 -0.480 -0.712 -0.664 -0.443 -0.591 -0.672 -0.445 -0.390 -0.158 -0.082  0.094  0.282  0.233  0.135  0.090 -0.052 -0.034 -0.004  0.011 -0.008  0.044  0.049  0.262  0.279  0.434  0.423  0.409  0.514  0.609  0.661  0.791  0.883  0.807  0.835  0.750  0.661  0.699  0.809  0.852  0.914  0.909  0.908  0.808  0.774  0.610  0.498  0.343  0.210  0.089 -0.030 -0.081  0.049  0.221  0.335  0.518  0.576  0.646  0.710  0.631  0.605  0.580  0.498  0.462  0.465  0.400  0.328  0.348  0.347  0.267  0.284  0.229  0.246  0.223  0.183  0.121  0.130  0.121  0.170  0.218  0.174  0.240  0.368  0.465  0.630  0.734  0.894  1.000  0.886
  0.495  0.538  0.516  0.452  0.512  0.393  0.448  0.526  0.442  0.146  0.220  0.151  0.049  0.163  0.374  0.046 -0.128  0.004 -0.023 -0.062 -0.000 -0.024  0.058  0.181  0.211  0.497  0.580  0.906  0.440 -0.083 -0.409 -0.551 -0.509 -0.627 -0.717 -0.780 -0.667 -0.642 -0.765 -0.702 -0.529 -0.330 -0.084  0.065  0.380  0.485  0.313  0.212  0.044 -0.157 -0.251 -0.304 -0.363 -0.409 -0.374 -0.316 -0.111 -0.030  0.125  0.141  0.336  0.462  0.584  0.530  0.639  0.741  0.601  0.567  0.402  0.288  0.316  0.476  0.575  0.680  0.647  0.644  0.465  0.410  0.193  0.059 -0.109 -0.241 -0.352 -0.453 -0.481 -0.358 -0.211 -0.087  0.107  0.181  0.240  0.321  0.235  0.212  0.161  0.063  0.037  0.035 -0.047 -0.116 -0.086 -0.098 -0.183 -0.169 -0.222 -0.198 -0.205 -0.230 -0.303 -0.303 -0.322 -0.280 -0.235 -0.270 -0.201 -0.070  0.055  0.263  0.379  0.667  0.886  1.000
