  1.000  0.977  0.949  0.914  0.896  0.755  0.741  0.664  0.441  0.321  0.433  0.407  0.275  0.380  0.519 -0.076 -0.489 -0.419 -0.500 -0.445 -0.316 -0.302 -0.207 -0.078 -0.075  0.251  0.502  0.846  0.459 -0.052 -0.533 -0.520 -0.292 -0.611 -0.805 -0.609 -0.533 -0.850 -0.817 -0.609 -0.650 -0.249  0.004  0.286  0.539  0.554  0.344  0.269  0.023 -0.279 -0.523 -0.652 -0.781 -0.837 -0.750 -0.643 -0.421 -0.296 -0.027  0.016  0.568  0.622  0.739  0.566  0.629  0.772  0.655  0.559  0.354  0.293  0.232  0.374  0.530  0.555  0.474  0.479  0.282  0.217 -0.039 -0.227 -0.397 -0.564 -0.647 -0.747 -0.782 -0.680 -0.532 -0.344 -0.080 -0.095  0.045  0.145  0.028  0.007 -0.045 -0.165 -0.212 -0.209 -0.301 -0.398 -0.357 -0.364 -0.468 -0.442 -0.503 -0.470 -0.380 -0.399 -0.530 -0.549 -0.622 -0.618 -0.563 -0.626 -0.524 -0.360 -0.226  0.021  0.163  0.472  0.741  0.848
  0.977  1.000  0.959  0.909  0.890  0.733  0.726  0.654  0.425  0.297  0.413  0.388  0.258  0.374  0.530 -0.078 -0.496 -0.419 -0.501 -0.446 -0.312 -0.299 -0.203 -0.068 -0.063  0.273  0.528  0.874  0.465 -0.063 -0.551 -0.536 -0.306 -0.637 -0.828 -0.627 -0.555 -0.874 -0.838 -0.629 -0.669 -0.271 -0.015  0.269  0.540  0.566  0.354  0.272  0.012 -0.295 -0.543 -0.678 -0.801 -0.855 -0.767 -0.659 -0.430 -0.304 -0.028  0.016  0.576  0.622  0.737  0.570  0.636  0.782  0.667  0.575  0.367  0.305  0.246  0.393  0.549  0.575  0.492  0.497  0.295  0.231 -0.032 -0.226 -0.403 -0.575 -0.663 -0.767 -0.803 -0.699 -0.544 -0.353 -0.079 -0.094  0.052  0.157  0.039  0.017 -0.038 -0.160 -0.207 -0.206 -0.302 -0.400 -0.355 -0.364 -0.472 -0.448 -0.514 -0.482 -0.391 -0.415 -0.549 -0.565 -0.640 -0.633 -0.573 -0.637 -0.529 -0.361 -0.221  0.033  0.178  0.495  0.774  0.881
  0.949  0.959  1.000  0.931  0.840  0.672  0.636  0.518  0.271  0.157  0.282  0.278  0.169  0.333  0.518  0.004 -0.410 -0.233 -0.357 -0.294 -0.182 -0.156 -0.043  0.085  0.093  0.406  0.671  0.850  0.350 -0.129 -0.555 -0.601 -0.434 -0.716 -0.867 -0.744 -0.695 -0.914 -0.912 -0.758 -0.746 -0.385 -0.063  0.247  0.487  0.565  0.382  0.268  0.050 -0.262 -0.477 -0.571 -0.685 -0.742 -0.630 -0.544 -0.268 -0.149  0.134  0.180  0.601  0.662  0.805  0.687  0.763  0.882  0.797  0.721  0.542  0.487  0.429  0.556  0.695  0.706  0.635  0.647  0.477  0.410  0.166 -0.022 -0.201 -0.387 -0.486 -0.613 -0.671 -0.549 -0.360 -0.158  0.123  0.110  0.253  0.345  0.226  0.203  0.160  0.041 -0.013 -0.007 -0.098 -0.203 -0.161 -0.165 -0.277 -0.248 -0.319 -0.286 -0.194 -0.232 -0.379 -0.385 -0.465 -0.451 -0.384 -0.458 -0.345 -0.168 -0.036  0.206  0.343  0.610  0.845  0.880
  0.914  0.909  0.931  1.000  0.949  0.849  0.757  0.644  0.436  0.408  0.535  0.557  0.483  0.625  0.755  0.245 -0.207 -0.315 -0.560 -0.525 -0.467 -0.435 -0.317 -0.205 -0.188  0.116  0.509  0.759  0.602  0.207 -0.266 -0.303 -0.138 -0.482 -0.673 -0.527 -0.585 -0.891 -0.805 -0.683 -0.815 -0.514 -0.325 -0.043  0.241  0.282  0.059 -0.046 -0.275 -0.552 -0.720 -0.763 -0.794 -0.760 -0.587 -0.390 -0.167 -0.012  0.240  0.281  0.788  0.834  0.912  0.768  0.779  0.851  0.753  0.603  0.416  0.392  0.287  0.385  0.539  0.510  0.434  0.468  0.329  0.208 -0.018 -0.155 -0.292 -0.451 -0.496 -0.591 -0.604 -0.474 -0.352 -0.148  0.068  0.050  0.121  0.151  0.003 -0.029 -0.032 -0.131 -0.213 -0.192 -0.239 -0.348 -0.332 -0.310 -0.390 -0.332 -0.356 -0.302 -0.182 -0.156 -0.291 -0.343 -0.437 -0.479 -0.455 -0.545 -0.486 -0.343 -0.259 -0.050  0.092  0.345  0.644  0.704
  0.896  0.890  0.840  0.949  1.000  0.955  0.906  0.839  0.678  0.635  0.735  0.728  0.626  0.689  0.761  0.156 -0.283 -0.554 -0.748 -0.728 -0.652 -0.638 -0.548 -0.438 -0.425 -0.111  0.266  0.730  0.753  0.332 -0.199 -0.157  0.083 -0.309 -0.554 -0.313 -0.349 -0.783 -0.647 -0.464 -0.678 -0.350 -0.279 -0.050  0.264  0.228 -0.026 -0.083 -0.353 -0.608 -0.803 -0.884 -0.915 -0.866 -0.724 -0.492 -0.354 -0.193  0.026  0.063  0.751  0.770  0.803  0.591  0.580  0.671  0.537  0.357  0.140  0.115  0.003  0.115  0.289  0.272  0.182  0.209  0.045 -0.073 -0.305 -0.433 -0.549 -0.674 -0.690 -0.743 -0.721 -0.623 -0.565 -0.390 -0.212 -0.231 -0.172 -0.137 -0.278 -0.307 -0.320 -0.413 -0.485 -0.469 -0.511 -0.605 -0.592 -0.573 -0.637 -0.583 -0.590 -0.537 -0.421 -0.364 -0.473 -0.544 -0.628 -0.685 -0.680 -0.755 -0.716 -0.600 -0.520 -0.314 -0.171  0.126  0.472  0.623
  0.755  0.733  0.672  0.849  0.955  1.000  0.959  0.906  0.812  0.807  0.872  0.863  0.774  0.778  0.787  0.225 -0.163 -0.615 -0.821 -0.828 -0.784 -0.777 -0.711 -0.626 -0.611 -0.340  0.049  0.587  0.858  0.524  0.016  0.087  0.327 -0.055 -0.319 -0.061 -0.134 -0.609 -0.429 -0.261 -0.555 -0.290 -0.349 -0.189  0.118  0.029 -0.224 -0.245 -0.500 -0.696 -0.850 -0.907 -0.889 -0.793 -0.654 -0.382 -0.329 -0.172 -0.016  0.010  0.731  0.727  0.706  0.479  0.427  0.485  0.347  0.136 -0.068 -0.073 -0.199 -0.114  0.055  0.024 -0.064 -0.029 -0.163 -0.290 -0.483 -0.561 -0.629 -0.705 -0.677 -0.685 -0.627 -0.555 -0.569 -0.434 -0.333 -0.353 -0.347 -0.346 -0.478 -0.506 -0.502 -0.569 -0.640 -0.620 -0.631 -0.707 -0.712 -0.684 -0.714 -0.654 -0.627 -0.569 -0.457 -0.360 -0.435 -0.530 -0.604 -0.690 -0.717 -0.781 -0.786 -0.717 -0.674 -0.517 -0.390 -0.125  0.226  0.409
  0.741  0.726  0.636  0.757  0.906  0.959  1.000  0.971  0.894  0.819  0.855  0.803  0.673  0.627  0.628  0.009 -0.331 -0.716 -0.805 -0.809 -0.720 -0.730 -0.691 -0.601 -0.594 -0.315 -0.025  0.620  0.802  0.404 -0.105  0.014  0.306 -0.058 -0.335 -0.029 -0.017 -0.519 -0.360 -0.131 -0.389 -0.077 -0.140 -0.010  0.290  0.163 -0.084 -0.071 -0.343 -0.541 -0.738 -0.852 -0.882 -0.831 -0.759 -0.539 -0.517 -0.383 -0.237 -0.211  0.571  0.558  0.544  0.288  0.263  0.360  0.206  0.022 -0.194 -0.219 -0.318 -0.208 -0.038 -0.036 -0.127 -0.110 -0.278 -0.366 -0.569 -0.667 -0.744 -0.808 -0.791 -0.788 -0.733 -0.692 -0.712 -0.604 -0.495 -0.515 -0.473 -0.431 -0.536 -0.556 -0.583 -0.657 -0.700 -0.693 -0.727 -0.787 -0.778 -0.770 -0.807 -0.769 -0.758 -0.715 -0.626 -0.548 -0.609 -0.687 -0.741 -0.804 -0.818 -0.858 -0.846 -0.778 -0.709 -0.540 -0.418 -0.120  0.216  0.449
  0.664  0.654  0.518  0.644  0.839  0.906  0.971  1.000  0.955  0.866  0.883  0.816  0.677  0.583  0.552 -0.081 -0.379 -0.811 -0.841 -0.855 -0.755 -0.777 -0.761 -0.678 -0.675 -0.413 -0.173  0.553  0.805  0.416 -0.084  0.080  0.399  0.038 -0.246  0.097  0.136 -0.401 -0.231  0.025 -0.251  0.058 -0.066  0.018  0.307  0.141 -0.101 -0.056 -0.332 -0.498 -0.703 -0.840 -0.877 -0.831 -0.793 -0.581 -0.613 -0.490 -0.375 -0.352  0.474  0.442  0.406  0.131  0.100  0.209  0.045 -0.136 -0.352 -0.378 -0.467 -0.353 -0.187 -0.173 -0.265 -0.257 -0.431 -0.505 -0.696 -0.787 -0.847 -0.886 -0.857 -0.829 -0.759 -0.746 -0.800 -0.721 -0.638 -0.656 -0.619 -0.570 -0.657 -0.673 -0.708 -0.775 -0.804 -0.802 -0.836 -0.880 -0.871 -0.869 -0.895 -0.867 -0.850 -0.813 -0.739 -0.654 -0.693 -0.772 -0.813 -0.875 -0.896 -0.919 -0.917 -0.868 -0.803 -0.647 -0.535 -0.229  0.103  0.375
  0.441  0.425  0.271  0.436  0.678  0.812  0.894  0.955  1.000  0.941  0.911  0.841  0.722  0.565  0.474 -0.064 -0.265 -0.815 -0.821 -0.861 -0.791 -0.823 -0.841 -0.789 -0.786 -0.593 -0.397  0.353  0.807  0.529  0.108  0.299  0.599  0.289  0.016  0.355  0.375 -0.154  0.037  0.267 -0.050  0.175 -0.071 -0.074  0.173 -0.039 -0.252 -0.166 -0.403 -0.488 -0.642 -0.758 -0.756 -0.680 -0.669 -0.453 -0.576 -0.477 -0.440 -0.432  0.360  0.302  0.214 -0.054 -0.115 -0.039 -0.194 -0.376 -0.560 -0.570 -0.654 -0.571 -0.429 -0.421 -0.500 -0.492 -0.628 -0.692 -0.825 -0.862 -0.871 -0.853 -0.787 -0.714 -0.616 -0.639 -0.761 -0.737 -0.738 -0.756 -0.764 -0.743 -0.805 -0.816 -0.839 -0.873 -0.891 -0.890 -0.895 -0.912 -0.917 -0.911 -0.903 -0.878 -0.833 -0.801 -0.745 -0.635 -0.632 -0.721 -0.742 -0.819 -0.866 -0.871 -0.907 -0.911 -0.883 -0.789 -0.707 -0.456 -0.159  0.130
  0.321  0.297  0.157  0.408  0.635  0.807  0.819  0.866  0.941  1.000  0.978  0.945  0.890  0.749  0.620  0.207  0.005 -0.714 -0.849 -0.905 -0.907 -0.925 -0.932 -0.907 -0.896 -0.754 -0.468  0.183  0.889  0.757  0.380  0.534  0.762  0.456  0.202  0.486  0.387 -0.111  0.124  0.266 -0.125 -0.009 -0.326 -0.348 -0.114 -0.317 -0.524 -0.450 -0.645 -0.677 -0.748 -0.786 -0.700 -0.549 -0.477 -0.192 -0.340 -0.227 -0.230 -0.231  0.481  0.416  0.280  0.046 -0.072 -0.060 -0.193 -0.408 -0.558 -0.535 -0.648 -0.612 -0.486 -0.519 -0.587 -0.559 -0.633 -0.739 -0.825 -0.803 -0.768 -0.727 -0.622 -0.533 -0.410 -0.419 -0.579 -0.560 -0.625 -0.643 -0.723 -0.770 -0.850 -0.868 -0.844 -0.850 -0.895 -0.880 -0.838 -0.857 -0.887 -0.854 -0.816 -0.766 -0.685 -0.638 -0.565 -0.414 -0.401 -0.517 -0.548 -0.665 -0.745 -0.766 -0.849 -0.885 -0.912 -0.872 -0.802 -0.620 -0.321 -0.070
  0.433  0.413  0.282  0.535  0.735  0.872  0.855  0.883  0.911  0.978  1.000  0.971  0.917  0.813  0.707  0.253 -0.019 -0.719 -0.900 -0.940 -0.939 -0.946 -0.930 -0.892 -0.881 -0.707 -0.372  0.250  0.910  0.747  0.322  0.458  0.687  0.337  0.081  0.365  0.246 -0.262 -0.023  0.119 -0.274 -0.128 -0.395 -0.367 -0.108 -0.279 -0.506 -0.462 -0.674 -0.745 -0.833 -0.867 -0.786 -0.635 -0.529 -0.223 -0.324 -0.190 -0.154 -0.147  0.595  0.538  0.417  0.179  0.061  0.081 -0.057 -0.281 -0.447 -0.426 -0.551 -0.505 -0.366 -0.404 -0.480 -0.447 -0.533 -0.657 -0.770 -0.768 -0.753 -0.741 -0.646 -0.580 -0.466 -0.450 -0.582 -0.529 -0.559 -0.576 -0.645 -0.691 -0.793 -0.815 -0.788 -0.808 -0.867 -0.848 -0.812 -0.848 -0.876 -0.838 -0.814 -0.755 -0.681 -0.627 -0.537 -0.389 -0.399 -0.518 -0.565 -0.683 -0.757 -0.795 -0.865 -0.879 -0.896 -0.829 -0.743 -0.539 -0.211  0.027
  0.407  0.388  0.278  0.557  0.728  0.863  0.803  0.816  0.841  0.945  0.971  1.000  0.970  0.898  0.798  0.411  0.126 -0.605 -0.860 -0.910 -0.944 -0.941 -0.909 -0.878 -0.859 -0.700 -0.308  0.227  0.934  0.824  0.423  0.518  0.699  0.359  0.118  0.353  0.176 -0.291 -0.045  0.043 -0.363 -0.265 -0.527 -0.488 -0.232 -0.380 -0.601 -0.574 -0.765 -0.828 -0.873 -0.864 -0.745 -0.562 -0.416 -0.085 -0.167 -0.026  0.009  0.014  0.669  0.628  0.502  0.301  0.167  0.151  0.033 -0.201 -0.351 -0.315 -0.454 -0.430 -0.299 -0.362 -0.430 -0.386 -0.441 -0.587 -0.685 -0.663 -0.640 -0.632 -0.531 -0.472 -0.356 -0.321 -0.449 -0.384 -0.426 -0.444 -0.539 -0.615 -0.730 -0.757 -0.708 -0.719 -0.795 -0.768 -0.715 -0.759 -0.797 -0.746 -0.715 -0.644 -0.559 -0.497 -0.395 -0.236 -0.253 -0.381 -0.438 -0.570 -0.651 -0.702 -0.785 -0.801 -0.838 -0.786 -0.700 -0.534 -0.213 -0.019
  0.275  0.258  0.169  0.483  0.626  0.774  0.673  0.677  0.722  0.890  0.917  0.970  1.000  0.952  0.843  0.585  0.329 -0.458 -0.789 -0.848 -0.934 -0.920 -0.884 -0.874 -0.850 -0.744 -0.317  0.089  0.912  0.920  0.591  0.646  0.757  0.455  0.249  0.419  0.170 -0.228  0.026  0.039 -0.384 -0.380 -0.672 -0.651 -0.427 -0.550 -0.746 -0.732 -0.874 -0.891 -0.868 -0.801 -0.627 -0.403 -0.224  0.126  0.036  0.172  0.175  0.173  0.698  0.655  0.507  0.355  0.192  0.125  0.037 -0.197 -0.307 -0.248 -0.396 -0.409 -0.304 -0.393 -0.446 -0.392 -0.393 -0.556 -0.610 -0.546 -0.494 -0.470 -0.350 -0.285 -0.161 -0.119 -0.262 -0.206 -0.291 -0.309 -0.448 -0.568 -0.685 -0.716 -0.637 -0.625 -0.714 -0.679 -0.596 -0.637 -0.691 -0.626 -0.575 -0.491 -0.387 -0.319 -0.214 -0.040 -0.050 -0.185 -0.245 -0.394 -0.491 -0.551 -0.659 -0.697 -0.771 -0.764 -0.694 -0.597 -0.307 -0.166
  0.380  0.374  0.333  0.625  0.689  0.778  0.627  0.583  0.565  0.749  0.813  0.898  0.952  1.000  0.955  0.725  0.405 -0.285 -0.703 -0.748 -0.849 -0.817 -0.742 -0.717 -0.687 -0.557 -0.058  0.191  0.877  0.871  0.537  0.519  0.580  0.277  0.094  0.197 -0.092 -0.419 -0.190 -0.223 -0.605 -0.601 -0.784 -0.688 -0.454 -0.502 -0.700 -0.742 -0.875 -0.938 -0.902 -0.801 -0.619 -0.393 -0.159  0.195  0.198  0.348  0.405  0.409  0.831  0.817  0.708  0.602  0.450  0.367  0.303  0.077 -0.028  0.033 -0.124 -0.140 -0.036 -0.141 -0.192 -0.128 -0.119 -0.303 -0.376 -0.330 -0.307 -0.329 -0.235 -0.215 -0.117 -0.030 -0.110 -0.006 -0.040 -0.059 -0.187 -0.315 -0.458 -0.497 -0.405 -0.405 -0.516 -0.475 -0.396 -0.463 -0.515 -0.441 -0.411 -0.314 -0.224 -0.148 -0.022  0.133  0.087 -0.042 -0.124 -0.268 -0.349 -0.435 -0.522 -0.524 -0.591 -0.560 -0.473 -0.390 -0.100 -0.034
  0.519  0.530  0.518  0.755  0.761  0.787  0.628  0.552  0.474  0.620  0.707  0.798  0.843  0.955  1.000  0.730  0.369 -0.171 -0.601 -0.638 -0.722 -0.685 -0.584 -0.533 -0.496 -0.318  0.207  0.394  0.845  0.744  0.385  0.323  0.380  0.079 -0.103 -0.027 -0.291 -0.579 -0.392 -0.421 -0.735 -0.686 -0.750 -0.588 -0.333 -0.330 -0.533 -0.612 -0.764 -0.884 -0.873 -0.785 -0.629 -0.431 -0.187  0.139  0.228  0.382  0.500  0.511  0.885  0.895  0.836  0.753  0.644  0.577  0.520  0.314  0.197  0.244  0.092  0.096  0.206  0.107  0.055  0.117  0.108 -0.073 -0.184 -0.179 -0.202 -0.272 -0.219 -0.241 -0.174 -0.057 -0.068  0.077  0.114  0.091  0.005 -0.098 -0.253 -0.296 -0.217 -0.239 -0.356 -0.316 -0.263 -0.348 -0.387 -0.320 -0.319 -0.225 -0.163 -0.085  0.048  0.171  0.089 -0.022 -0.116 -0.238 -0.291 -0.389 -0.438 -0.396 -0.429 -0.353 -0.244 -0.137  0.154  0.179
 -0.076 -0.078  0.004  0.245  0.156  0.225  0.009 -0.081 -0.064  0.207  0.253  0.411  0.585  0.725  0.730  1.000  0.877  0.417 -0.077 -0.136 -0.351 -0.295 -0.214 -0.251 -0.207 -0.263  0.165 -0.149  0.427  0.726  0.747  0.564  0.364  0.327  0.328  0.144 -0.239 -0.166 -0.043 -0.310 -0.530 -0.796 -0.897 -0.850 -0.799 -0.717 -0.751 -0.842 -0.770 -0.716 -0.487 -0.240  0.026  0.266  0.519  0.767  0.809  0.884  0.862  0.845  0.629  0.648  0.549  0.665  0.520  0.311  0.379  0.260  0.316  0.414  0.297  0.179  0.164  0.020  0.038  0.110  0.276  0.116  0.185  0.319  0.391  0.392  0.476  0.472  0.530  0.631  0.589  0.652  0.546  0.532  0.346  0.147  0.048  0.010  0.151  0.208  0.096  0.144  0.268  0.222  0.150  0.236  0.294  0.388  0.483  0.548  0.639  0.755  0.725  0.635  0.569  0.448  0.370  0.285  0.181  0.142  0.010 -0.081 -0.061 -0.226 -0.164 -0.329
 -0.489 -0.496 -0.410 -0.207 -0.283 -0.163 -0.331 -0.379 -0.265  0.005 -0.019  0.126  0.329  0.405  0.369  0.877  1.000  0.621  0.255  0.165 -0.077 -0.041 -0.018 -0.104 -0.062 -0.254 -0.010 -0.434  0.158  0.616  0.867  0.692  0.418  0.571  0.651  0.389  0.057  0.284  0.349  0.028 -0.108 -0.512 -0.691 -0.778 -0.865 -0.808 -0.733 -0.770 -0.588 -0.404 -0.095  0.165  0.441  0.660  0.818  0.954  0.897  0.892  0.754  0.716  0.240  0.247  0.118  0.306  0.174 -0.070  0.044 -0.002  0.144  0.248  0.184  0.021 -0.067 -0.194 -0.138 -0.081  0.151  0.056  0.230  0.426  0.556  0.630  0.729  0.766  0.826  0.865  0.773  0.740  0.538  0.528  0.314  0.109  0.084  0.061  0.198  0.302  0.233  0.269  0.409  0.416  0.339  0.410  0.503  0.566  0.668  0.707  0.737  0.834  0.866  0.805  0.787  0.691  0.608  0.568  0.442  0.341  0.176 -0.011 -0.054 -0.338 -0.427 -0.624
 -0.419 -0.419 -0.233 -0.315 -0.554 -0.615 -0.716 -0.811 -0.815 -0.714 -0.719 -0.605 -0.458 -0.285 -0.171  0.417  0.621  1.000  0.860  0.838  0.695  0.731  0.765  0.711  0.738  0.547  0.518 -0.242 -0.528 -0.214  0.197 -0.061 -0.396 -0.059  0.156 -0.236 -0.349  0.177  0.016 -0.286 -0.042 -0.345 -0.150 -0.148 -0.361 -0.166  0.025 -0.065  0.183  0.279  0.513  0.699  0.794  0.806  0.854  0.715  0.837  0.753  0.705  0.683 -0.152 -0.076 -0.032  0.263  0.297  0.140  0.310  0.445  0.637  0.676  0.720  0.602  0.462  0.409  0.494  0.509  0.696  0.717  0.863  0.948  0.974  0.965  0.926  0.860  0.791  0.840  0.940  0.929  0.892  0.892  0.839  0.759  0.795  0.789  0.850  0.906  0.893  0.903  0.946  0.952  0.932  0.948  0.962  0.966  0.956  0.949  0.919  0.853  0.842  0.897  0.902  0.938  0.961  0.944  0.948  0.937  0.876  0.757  0.699  0.400  0.121 -0.204
 -0.500 -0.501 -0.357 -0.560 -0.748 -0.821 -0.805 -0.841 -0.821 -0.849 -0.900 -0.860 -0.789 -0.703 -0.601 -0.077  0.255  0.860  1.000  0.986  0.936  0.936  0.912  0.861  0.871  0.670  0.390 -0.232 -0.779 -0.567 -0.104 -0.272 -0.526 -0.112  0.114 -0.209 -0.122  0.405  0.169 -0.018  0.349  0.132  0.344  0.279  0.001  0.142  0.379  0.354  0.599  0.713  0.862  0.930  0.905  0.801  0.698  0.412  0.478  0.334  0.260  0.239 -0.563 -0.497 -0.421 -0.162 -0.056 -0.125  0.023  0.234  0.423  0.418  0.531  0.457  0.303  0.324  0.412  0.388  0.515  0.632  0.775  0.817  0.826  0.841  0.767  0.719  0.627  0.608  0.709  0.637  0.620  0.626  0.651  0.663  0.768  0.783  0.776  0.820  0.873  0.855  0.846  0.890  0.901  0.872  0.870  0.821  0.770  0.725  0.634  0.510  0.534  0.638  0.688  0.788  0.845  0.883  0.928  0.916  0.907  0.802  0.719  0.466  0.116 -0.134
 -0.445 -0.446 -0.294 -0.525 -0.728 -0.828 -0.809 -0.855 -0.861 -0.905 -0.940 -0.910 -0.848 -0.748 -0.638 -0.136  0.165  0.838  0.986  1.000  0.968  0.974  0.958  0.914  0.916  0.727  0.429 -0.222 -0.847 -0.658 -0.208 -0.379 -0.631 -0.232  0.008 -0.315 -0.215  0.323  0.076 -0.100  0.293  0.107  0.367  0.330  0.055  0.216  0.452  0.412  0.652  0.737  0.863  0.924  0.873  0.743  0.644  0.344  0.440  0.300  0.249  0.235 -0.560 -0.489 -0.390 -0.134 -0.018 -0.070  0.078  0.300  0.482  0.469  0.588  0.525  0.376  0.403  0.488  0.460  0.572  0.691  0.819  0.840  0.834  0.831  0.743  0.679  0.572  0.561  0.687  0.628  0.640  0.649  0.696  0.722  0.824  0.841  0.826  0.858  0.912  0.894  0.872  0.909  0.928  0.896  0.881  0.829  0.765  0.717  0.628  0.489  0.502  0.614  0.661  0.772  0.839  0.874  0.935  0.939  0.944  0.858  0.777  0.539  0.189 -0.068
 -0.316 -0.312 -0.182 -0.467 -0.652 -0.784 -0.720 -0.755 -0.791 -0.907 -0.939 -0.944 -0.934 -0.849 -0.722 -0.351 -0.077  0.695  0.936  0.968  1.000  0.995  0.973  0.952  0.945  0.809  0.453 -0.086 -0.875 -0.812 -0.427 -0.556 -0.738 -0.374 -0.158 -0.416 -0.228  0.252 -0.014 -0.109  0.322  0.240  0.549  0.535  0.285  0.431  0.647  0.617  0.808  0.845  0.893  0.886  0.766  0.582  0.440  0.104  0.217  0.077  0.063  0.058 -0.621 -0.549 -0.417 -0.206 -0.053 -0.044  0.076  0.310  0.454  0.414  0.550  0.530  0.403  0.463  0.533  0.491  0.544  0.689  0.771  0.740  0.698  0.675  0.560  0.486  0.363  0.343  0.494  0.445  0.511  0.521  0.624  0.704  0.812  0.834  0.783  0.789  0.861  0.833  0.774  0.809  0.848  0.797  0.757  0.688  0.598  0.540  0.443  0.278  0.282  0.410  0.462  0.598  0.688  0.733  0.828  0.859  0.909  0.872  0.804  0.640  0.313  0.105
 -0.302 -0.299 -0.156 -0.435 -0.638 -0.777 -0.730 -0.777 -0.823 -0.925 -0.946 -0.941 -0.920 -0.817 -0.685 -0.295 -0.041  0.731  0.936  0.974  0.995  1.000  0.988  0.966  0.959  0.821  0.491 -0.096 -0.880 -0.800 -0.413 -0.561 -0.761 -0.403 -0.179 -0.455 -0.293  0.205 -0.059 -0.173  0.255  0.163  0.488  0.490  0.242  0.407  0.623  0.577  0.775  0.805  0.863  0.874  0.764  0.587  0.468  0.143  0.274  0.140  0.134  0.130 -0.571 -0.495 -0.360 -0.138  0.009  0.007  0.134  0.365  0.514  0.478  0.608  0.582  0.454  0.506  0.576  0.539  0.600  0.734  0.817  0.788  0.745  0.714  0.599  0.517  0.391  0.382  0.543  0.505  0.574  0.585  0.682  0.752  0.852  0.872  0.829  0.835  0.898  0.873  0.819  0.848  0.884  0.838  0.798  0.735  0.646  0.592  0.503  0.339  0.335  0.461  0.506  0.638  0.727  0.764  0.858  0.894  0.938  0.901  0.835  0.660  0.334  0.105
 -0.207 -0.203 -0.043 -0.317 -0.548 -0.711 -0.691 -0.761 -0.841 -0.932 -0.930 -0.909 -0.884 -0.742 -0.584 -0.214 -0.018  0.765  0.912  0.958  0.973  0.988  1.000  0.989  0.985  0.874  0.603 -0.025 -0.843 -0.785 -0.433 -0.610 -0.819 -0.490 -0.270 -0.561 -0.427  0.072 -0.188 -0.315  0.110  0.032  0.402  0.449  0.227  0.421  0.619  0.546  0.731  0.727  0.783  0.809  0.706  0.537  0.455  0.152  0.329  0.214  0.243  0.244 -0.457 -0.370 -0.220  0.008  0.155  0.150  0.279  0.499  0.637  0.603  0.719  0.696  0.579  0.619  0.686  0.655  0.713  0.828  0.890  0.849  0.789  0.733  0.608  0.505  0.372  0.389  0.577  0.570  0.668  0.677  0.778  0.843  0.921  0.935  0.900  0.896  0.943  0.924  0.868  0.880  0.916  0.877  0.826  0.774  0.682  0.636  0.564  0.399  0.373  0.496  0.525  0.652  0.745  0.766  0.867  0.923  0.972  0.956  0.905  0.739  0.435  0.184
 -0.078 -0.068  0.085 -0.205 -0.438 -0.626 -0.601 -0.678 -0.789 -0.907 -0.892 -0.878 -0.874 -0.717 -0.533 -0.251 -0.104  0.711  0.861  0.914  0.952  0.966  0.989  1.000  0.997  0.933  0.684  0.108 -0.793 -0.818 -0.530 -0.702 -0.877 -0.587 -0.392 -0.654 -0.497 -0.039 -0.301 -0.394  0.037  0.019  0.429  0.513  0.327  0.523  0.695  0.613  0.761  0.714  0.731  0.731  0.605  0.422  0.343  0.045  0.254  0.153  0.221  0.228 -0.403 -0.308 -0.138  0.068  0.231  0.251  0.364  0.577  0.687  0.642  0.755  0.755  0.657  0.706  0.762  0.729  0.756  0.868  0.892  0.821  0.734  0.652  0.511  0.393  0.252  0.282  0.494  0.512  0.652  0.659  0.786  0.871  0.937  0.949  0.902  0.880  0.924  0.903  0.830  0.830  0.875  0.831  0.763  0.711  0.606  0.563  0.499  0.327  0.283  0.407  0.428  0.561  0.666  0.680  0.800  0.882  0.954  0.975  0.944  0.825  0.554  0.319
 -0.075 -0.063  0.093 -0.188 -0.425 -0.611 -0.594 -0.675 -0.786 -0.896 -0.881 -0.859 -0.850 -0.687 -0.496 -0.207 -0.062  0.738  0.871  0.916  0.945  0.959  0.985  0.997  1.000  0.938  0.709  0.127 -0.764 -0.786 -0.500 -0.681 -0.861 -0.569 -0.379 -0.649 -0.503 -0.042 -0.303 -0.404  0.020 -0.006  0.402  0.489  0.306  0.504  0.673  0.589  0.737  0.692  0.718  0.725  0.610  0.437  0.365  0.075  0.288  0.189  0.259  0.265 -0.378 -0.280 -0.113  0.099  0.260  0.272  0.387  0.595  0.706  0.664  0.772  0.768  0.671  0.714  0.771  0.742  0.774  0.880  0.906  0.839  0.752  0.669  0.530  0.411  0.272  0.306  0.518  0.540  0.678  0.684  0.804  0.883  0.945  0.955  0.912  0.892  0.932  0.913  0.844  0.841  0.884  0.843  0.776  0.727  0.626  0.584  0.525  0.356  0.310  0.430  0.449  0.578  0.681  0.692  0.810  0.891  0.960  0.980  0.952  0.829  0.560  0.319
  0.251  0.273  0.406  0.116 -0.111 -0.340 -0.315 -0.413 -0.593 -0.754 -0.707 -0.700 -0.744 -0.557 -0.318 -0.263 -0.254  0.547  0.670  0.727  0.809  0.821  0.874  0.933  0.938  1.000  0.853  0.443 -0.571 -0.790 -0.685 -0.844 -0.924 -0.755 -0.644 -0.822 -0.638 -0.316 -0.558 -0.569 -0.171 -0.051  0.422  0.594  0.514  0.705  0.793  0.692  0.737  0.590  0.522  0.469  0.309  0.120  0.067 -0.184  0.092  0.036  0.195  0.216 -0.198 -0.092  0.112  0.251  0.435  0.506  0.572  0.742  0.773  0.708  0.795  0.846  0.807  0.864  0.890  0.861  0.816  0.904  0.836  0.702  0.557  0.422  0.256  0.109 -0.036  0.025  0.280  0.361  0.588  0.588  0.759  0.879  0.903  0.907  0.841  0.778  0.806  0.786  0.683  0.651  0.709  0.662  0.561  0.517  0.395  0.364  0.333  0.160  0.073  0.186  0.182  0.312  0.434  0.428  0.580  0.715  0.834  0.942  0.965  0.964  0.803  0.620
  0.502  0.528  0.671  0.509  0.266  0.049 -0.025 -0.173 -0.397 -0.468 -0.372 -0.308 -0.317 -0.058  0.207  0.165 -0.010  0.518  0.390  0.429  0.453  0.491  0.603  0.684  0.709  0.853  1.000  0.628 -0.154 -0.399 -0.460 -0.670 -0.746 -0.723 -0.692 -0.857 -0.832 -0.629 -0.776 -0.828 -0.588 -0.466 -0.015  0.245  0.291  0.500  0.492  0.338  0.318  0.112  0.069  0.081  0.016 -0.063  0.025 -0.054  0.279  0.306  0.527  0.553  0.283  0.399  0.574  0.688  0.812  0.834  0.881  0.945  0.928  0.892  0.898  0.940  0.952  0.949  0.951  0.959  0.924  0.912  0.795  0.671  0.517  0.343  0.205  0.042 -0.073  0.058  0.312  0.474  0.716  0.705  0.823  0.879  0.819  0.799  0.783  0.712  0.674  0.677  0.608  0.529  0.563  0.556  0.457  0.466  0.378  0.389  0.431  0.322  0.189  0.244  0.188  0.252  0.345  0.282  0.406  0.563  0.657  0.797  0.874  0.909  0.889  0.696
  0.846  0.874  0.850  0.759  0.730  0.587  0.620  0.553  0.353  0.183  0.250  0.227  0.089  0.191  0.394 -0.149 -0.434 -0.242 -0.232 -0.222 -0.086 -0.096 -0.025  0.108  0.127  0.443  0.628  1.000  0.409 -0.152 -0.555 -0.554 -0.330 -0.543 -0.734 -0.569 -0.419 -0.669 -0.696 -0.486 -0.444 -0.075  0.192  0.430  0.655  0.665  0.495  0.444  0.208 -0.064 -0.291 -0.454 -0.586 -0.663 -0.645 -0.620 -0.407 -0.326 -0.077 -0.043  0.365  0.426  0.559  0.431  0.548  0.694  0.590  0.542  0.362  0.290  0.261  0.404  0.531  0.579  0.516  0.509  0.321  0.303  0.064 -0.123 -0.302 -0.457 -0.564 -0.664 -0.711 -0.630 -0.468 -0.310 -0.045 -0.065  0.094  0.220  0.141  0.123  0.049 -0.063 -0.083 -0.094 -0.201 -0.276 -0.226 -0.253 -0.359 -0.358 -0.436 -0.418 -0.360 -0.410 -0.527 -0.520 -0.571 -0.536 -0.460 -0.500 -0.378 -0.218 -0.066  0.170  0.305  0.592  0.800  0.892
  0.459  0.465  0.350  0.602  0.753  0.858  0.802  0.805  0.807  0.889  0.910  0.934  0.912  0.877  0.845  0.427  0.158 -0.528 -0.779 -0.847 -0.875 -0.880 -0.843 -0.793 -0.764 -0.571 -0.154  0.409  1.000  0.808  0.388  0.467  0.664  0.339  0.074  0.306  0.156 -0.310 -0.087  0.013 -0.366 -0.250 -0.477 -0.420 -0.146 -0.283 -0.512 -0.492 -0.705 -0.783 -0.837 -0.849 -0.734 -0.555 -0.420 -0.105 -0.158 -0.022  0.038  0.041  0.669  0.636  0.531  0.343  0.236  0.228  0.108 -0.117 -0.275 -0.248 -0.383 -0.346 -0.213 -0.267 -0.336 -0.293 -0.358 -0.496 -0.614 -0.609 -0.610 -0.620 -0.538 -0.494 -0.386 -0.342 -0.443 -0.364 -0.375 -0.400 -0.475 -0.536 -0.653 -0.684 -0.644 -0.663 -0.739 -0.716 -0.676 -0.723 -0.755 -0.712 -0.692 -0.625 -0.553 -0.491 -0.389 -0.245 -0.275 -0.395 -0.454 -0.575 -0.641 -0.694 -0.757 -0.754 -0.772 -0.699 -0.598 -0.411 -0.081  0.105
 -0.052 -0.063 -0.129  0.207  0.332  0.524  0.404  0.416  0.529  0.757  0.747  0.824  0.920  0.871  0.744  0.726  0.616 -0.214 -0.567 -0.658 -0.812 -0.800 -0.785 -0.818 -0.786 -0.790 -0.399 -0.152  0.808  1.000  0.843  0.861  0.870  0.693  0.549  0.620  0.316  0.049  0.289  0.201 -0.213 -0.372 -0.741 -0.805 -0.665 -0.777 -0.901 -0.876 -0.925 -0.837 -0.703 -0.569 -0.325 -0.061  0.109  0.437  0.289  0.384  0.301  0.280  0.561  0.508  0.321  0.252  0.065 -0.075 -0.112 -0.318 -0.351 -0.265 -0.400 -0.473 -0.424 -0.534 -0.556 -0.496 -0.411 -0.564 -0.527 -0.389 -0.278 -0.204 -0.056  0.036  0.173  0.195  0.009  0.012 -0.165 -0.181 -0.381 -0.551 -0.638 -0.667 -0.557 -0.500 -0.584 -0.547 -0.424 -0.438 -0.511 -0.437 -0.349 -0.266 -0.137 -0.074  0.009  0.194  0.221  0.087  0.046 -0.111 -0.229 -0.276 -0.423 -0.514 -0.642 -0.724 -0.696 -0.723 -0.523 -0.448
 -0.533 -0.551 -0.555 -0.266 -0.199  0.016 -0.105 -0.084  0.108  0.380  0.322  0.423  0.591  0.537  0.385  0.747  0.867  0.197 -0.104 -0.208 -0.427 -0.413 -0.433 -0.530 -0.500 -0.685 -0.460 -0.555  0.388  0.843  1.000  0.955  0.794  0.851  0.852  0.746  0.427  0.442  0.602  0.373  0.084 -0.285 -0.669 -0.842 -0.881 -0.947 -0.925 -0.888 -0.768 -0.542 -0.274 -0.062  0.220  0.472  0.594  0.803  0.605  0.617  0.420  0.379  0.216  0.167 -0.034  0.037 -0.147 -0.362 -0.310 -0.421 -0.322 -0.214 -0.297 -0.445 -0.498 -0.615 -0.582 -0.529 -0.332 -0.433 -0.261 -0.043  0.132  0.266  0.423  0.532  0.650  0.637  0.433  0.353  0.078  0.070 -0.174 -0.383 -0.401 -0.418 -0.287 -0.175 -0.231 -0.198 -0.042 -0.012 -0.099 -0.027  0.097  0.160  0.297  0.337  0.364  0.520  0.597  0.500  0.496  0.365  0.243  0.225  0.054 -0.097 -0.279 -0.481 -0.530 -0.748 -0.750 -0.799
 -0.520 -0.536 -0.601 -0.303 -0.157  0.087  0.014  0.080  0.299  0.534  0.458  0.518  0.646  0.519  0.323  0.564  0.692 -0.061 -0.272 -0.379 -0.556 -0.561 -0.610 -0.702 -0.681 -0.844 -0.670 -0.554  0.467  0.861  0.955  1.000  0.926  0.930  0.889  0.888  0.627  0.520  0.710  0.566  0.229 -0.078 -0.544 -0.757 -0.770 -0.905 -0.910 -0.828 -0.756 -0.523 -0.310 -0.160  0.090  0.329  0.403  0.619  0.354  0.367  0.152  0.112  0.139  0.062 -0.160 -0.161 -0.348 -0.520 -0.509 -0.638 -0.575 -0.479 -0.558 -0.679 -0.709 -0.802 -0.784 -0.742 -0.588 -0.674 -0.519 -0.312 -0.132  0.026  0.197  0.337  0.477  0.428  0.181  0.075 -0.212 -0.219 -0.450 -0.631 -0.637 -0.647 -0.540 -0.433 -0.471 -0.445 -0.301 -0.257 -0.336 -0.276 -0.148 -0.097  0.042  0.075  0.093  0.261  0.360  0.255  0.265  0.133  0.004  0.006 -0.169 -0.334 -0.503 -0.693 -0.742 -0.897 -0.856 -0.809
 -0.292 -0.306 -0.434 -0.138  0.083  0.327  0.306  0.399  0.599  0.762  0.687  0.699  0.757  0.580  0.380  0.364  0.418 -0.396 -0.526 -0.631 -0.738 -0.761 -0.819 -0.877 -0.861 -0.924 -0.746 -0.330  0.664  0.870  0.794  0.926  1.000  0.894  0.753  0.901  0.727  0.426  0.647  0.639  0.251  0.095 -0.395 -0.589 -0.519 -0.723 -0.802 -0.687 -0.720 -0.548 -0.444 -0.389 -0.200  0.012  0.050  0.291  0.008  0.047 -0.125 -0.155  0.178  0.086 -0.129 -0.239 -0.410 -0.506 -0.562 -0.728 -0.746 -0.678 -0.765 -0.827 -0.800 -0.860 -0.875 -0.843 -0.777 -0.858 -0.778 -0.627 -0.480 -0.336 -0.172 -0.022  0.130  0.068 -0.189 -0.279 -0.519 -0.529 -0.713 -0.842 -0.859 -0.868 -0.798 -0.724 -0.751 -0.733 -0.623 -0.585 -0.648 -0.603 -0.495 -0.452 -0.325 -0.292 -0.267 -0.092 -0.001 -0.115 -0.106 -0.236 -0.357 -0.347 -0.502 -0.644 -0.766 -0.888 -0.903 -0.926 -0.783 -0.617
 -0.611 -0.637 -0.716 -0.482 -0.309 -0.055 -0.058  0.038  0.289  0.456  0.337  0.359  0.455  0.277  0.079  0.327  0.571 -0.059 -0.112 -0.232 -0.374 -0.403 -0.490 -0.587 -0.569 -0.755 -0.723 -0.543  0.339  0.693  0.851  0.930  0.894  1.000  0.949  0.964  0.825  0.741  0.873  0.780  0.522  0.237 -0.235 -0.506 -0.580 -0.756 -0.721 -0.591 -0.498 -0.235 -0.045  0.046  0.239  0.421  0.398  0.520  0.211  0.177 -0.070 -0.115 -0.125 -0.199 -0.413 -0.418 -0.563 -0.702 -0.695 -0.775 -0.698 -0.624 -0.660 -0.768 -0.817 -0.871 -0.843 -0.822 -0.685 -0.711 -0.540 -0.343 -0.163  0.019  0.174  0.330  0.460  0.368  0.114 -0.039 -0.332 -0.339 -0.537 -0.675 -0.633 -0.632 -0.560 -0.450 -0.448 -0.438 -0.317 -0.245 -0.311 -0.277 -0.150 -0.131 -0.009  0.002 -0.021  0.117  0.242  0.166  0.206  0.110 -0.002  0.036 -0.122 -0.298 -0.444 -0.643 -0.710 -0.864 -0.886 -0.811
 -0.805 -0.828 -0.867 -0.673 -0.554 -0.319 -0.335 -0.246  0.016  0.202  0.081  0.118  0.249  0.094 -0.103  0.328  0.651  0.156  0.114  0.008 -0.158 -0.179 -0.270 -0.392 -0.379 -0.644 -0.692 -0.734  0.074  0.549  0.852  0.889  0.753  0.949  1.000  0.916  0.759  0.837  0.924  0.755  0.578  0.203 -0.228 -0.521 -0.675 -0.798 -0.692 -0.578 -0.407 -0.100  0.146  0.280  0.482  0.645  0.614  0.674  0.376  0.308  0.028 -0.022 -0.266 -0.333 -0.533 -0.460 -0.597 -0.766 -0.710 -0.735 -0.597 -0.515 -0.524 -0.664 -0.761 -0.818 -0.766 -0.748 -0.562 -0.567 -0.341 -0.120  0.078  0.270  0.416  0.563  0.670  0.575  0.337  0.163 -0.153 -0.153 -0.359 -0.510 -0.442 -0.436 -0.354 -0.226 -0.215 -0.205 -0.076  0.009 -0.059 -0.026  0.107  0.118  0.234  0.234  0.189  0.300  0.436  0.384  0.437  0.359  0.253  0.298  0.140 -0.050 -0.214 -0.457 -0.559 -0.802 -0.922 -0.925
 -0.609 -0.627 -0.744 -0.527 -0.313 -0.061 -0.029  0.097  0.355  0.486  0.365  0.353  0.419  0.197 -0.027  0.144  0.389 -0.236 -0.209 -0.315 -0.416 -0.455 -0.561 -0.654 -0.649 -0.822 -0.857 -0.569  0.306  0.620  0.746  0.888  0.901  0.964  0.916  1.000  0.910  0.765  0.908  0.875  0.611  0.374 -0.124 -0.414 -0.478 -0.683 -0.657 -0.505 -0.443 -0.182 -0.040  0.004  0.159  0.311  0.251  0.358  0.018 -0.018 -0.270 -0.312 -0.210 -0.306 -0.517 -0.566 -0.704 -0.802 -0.819 -0.896 -0.841 -0.780 -0.805 -0.890 -0.927 -0.958 -0.941 -0.930 -0.828 -0.836 -0.679 -0.500 -0.322 -0.132  0.023  0.193  0.325  0.210 -0.059 -0.227 -0.516 -0.518 -0.693 -0.802 -0.747 -0.740 -0.689 -0.588 -0.568 -0.565 -0.460 -0.378 -0.434 -0.412 -0.289 -0.283 -0.169 -0.167 -0.201 -0.069  0.068 -0.003  0.049 -0.038 -0.147 -0.095 -0.246 -0.425 -0.555 -0.740 -0.813 -0.923 -0.927 -0.795
 -0.533 -0.555 -0.695 -0.585 -0.349 -0.134 -0.017  0.136  0.375  0.387  0.246  0.176  0.170 -0.092 -0.291 -0.239  0.057 -0.349 -0.122 -0.215 -0.228 -0.293 -0.427 -0.497 -0.503 -0.638 -0.832 -0.419  0.156  0.316  0.427  0.627  0.727  0.825  0.759  0.910  1.000  0.830  0.902  0.984  0.829  0.715  0.282 -0.015 -0.102 -0.341 -0.303 -0.115 -0.082  0.148  0.194  0.129  0.169  0.219  0.053  0.050 -0.289 -0.359 -0.589 -0.623 -0.455 -0.543 -0.705 -0.795 -0.861 -0.873 -0.917 -0.942 -0.912 -0.896 -0.872 -0.905 -0.935 -0.905 -0.893 -0.912 -0.880 -0.820 -0.700 -0.583 -0.447 -0.266 -0.155  0.007  0.109 -0.040 -0.276 -0.461 -0.691 -0.692 -0.783 -0.806 -0.712 -0.692 -0.701 -0.628 -0.563 -0.581 -0.531 -0.435 -0.459 -0.474 -0.381 -0.414 -0.344 -0.367 -0.438 -0.359 -0.217 -0.249 -0.173 -0.205 -0.276 -0.190 -0.290 -0.443 -0.510 -0.649 -0.720 -0.760 -0.792 -0.603
 -0.850 -0.874 -0.914 -0.891 -0.783 -0.609 -0.519 -0.401 -0.154 -0.111 -0.262 -0.291 -0.228 -0.419 -0.579 -0.166  0.284  0.177  0.405  0.323  0.252  0.205  0.072 -0.039 -0.042 -0.316 -0.629 -0.669 -0.310  0.049  0.442  0.520  0.426  0.741  0.837  0.765  0.830  1.000  0.960  0.882  0.912  0.626  0.311 -0.009 -0.253 -0.382 -0.206 -0.056  0.136  0.434  0.598  0.621  0.681  0.698  0.521  0.389  0.100 -0.037 -0.312 -0.357 -0.693 -0.744 -0.870 -0.791 -0.825 -0.906 -0.848 -0.765 -0.612 -0.583 -0.508 -0.604 -0.727 -0.708 -0.644 -0.667 -0.537 -0.436 -0.218 -0.059  0.097  0.284  0.366  0.496  0.548  0.405  0.224  0.008 -0.247 -0.241 -0.343 -0.391 -0.252 -0.226 -0.216 -0.110 -0.033 -0.051  0.012  0.126  0.098  0.081  0.180  0.134  0.187  0.146  0.037  0.059  0.209  0.227  0.320  0.328  0.278  0.371  0.281  0.115  0.019 -0.196 -0.322 -0.538 -0.769 -0.756
 -0.817 -0.838 -0.912 -0.805 -0.647 -0.429 -0.360 -0.231  0.037  0.124 -0.023 -0.045  0.026 -0.190 -0.392 -0.043  0.349  0.016  0.169  0.076 -0.014 -0.059 -0.188 -0.301 -0.303 -0.558 -0.776 -0.696 -0.087  0.289  0.602  0.710  0.647  0.873  0.924  0.908  0.902  0.960  1.000  0.928  0.835  0.543  0.130 -0.199 -0.384 -0.549 -0.422 -0.264 -0.111  0.193  0.361  0.402  0.509  0.585  0.450  0.411  0.082 -0.021 -0.306 -0.353 -0.535 -0.609 -0.779 -0.746 -0.828 -0.925 -0.892 -0.870 -0.745 -0.699 -0.661 -0.762 -0.858 -0.861 -0.812 -0.822 -0.692 -0.631 -0.422 -0.242 -0.064  0.137  0.257  0.412  0.500  0.361  0.130 -0.080 -0.368 -0.365 -0.506 -0.586 -0.474 -0.453 -0.423 -0.311 -0.254 -0.264 -0.177 -0.069 -0.112 -0.112  0.005 -0.022  0.062  0.036 -0.048  0.022  0.176  0.158  0.239  0.207  0.128  0.209  0.086 -0.098 -0.218 -0.437 -0.551 -0.742 -0.895 -0.836
 -0.609 -0.629 -0.758 -0.683 -0.464 -0.261 -0.131  0.025  0.267  0.266  0.119  0.043  0.039 -0.223 -0.421 -0.310  0.028 -0.286 -0.018 -0.100 -0.109 -0.173 -0.315 -0.394 -0.404 -0.569 -0.828 -0.486  0.013  0.201  0.373  0.566  0.639  0.780  0.755  0.875  0.984  0.882  0.928  1.000  0.895  0.761  0.351  0.040 -0.084 -0.306 -0.236 -0.047  0.014  0.258  0.310  0.246  0.271  0.296  0.108  0.060 -0.277 -0.367 -0.609 -0.644 -0.561 -0.647 -0.796 -0.860 -0.910 -0.922 -0.949 -0.942 -0.890 -0.877 -0.833 -0.872 -0.920 -0.881 -0.861 -0.886 -0.846 -0.765 -0.627 -0.509 -0.371 -0.186 -0.086  0.072  0.160  0.003 -0.223 -0.422 -0.653 -0.651 -0.731 -0.745 -0.633 -0.607 -0.623 -0.546 -0.469 -0.490 -0.446 -0.341 -0.361 -0.383 -0.292 -0.335 -0.275 -0.307 -0.394 -0.335 -0.187 -0.201 -0.116 -0.131 -0.193 -0.098 -0.190 -0.346 -0.411 -0.562 -0.649 -0.714 -0.792 -0.626
 -0.650 -0.669 -0.746 -0.815 -0.678 -0.555 -0.389 -0.251 -0.050 -0.125 -0.274 -0.363 -0.384 -0.605 -0.735 -0.530 -0.108 -0.042  0.349  0.293  0.322  0.255  0.110  0.037  0.020 -0.171 -0.588 -0.444 -0.366 -0.213  0.084  0.229  0.251  0.522  0.578  0.611  0.829  0.912  0.835  0.895  1.000  0.881  0.643  0.353  0.138 -0.022  0.126  0.300  0.418  0.645  0.681  0.588  0.532  0.455  0.200 -0.000 -0.265 -0.407 -0.625 -0.657 -0.817 -0.866 -0.936 -0.929 -0.897 -0.877 -0.866 -0.757 -0.663 -0.680 -0.574 -0.602 -0.692 -0.616 -0.573 -0.621 -0.586 -0.439 -0.293 -0.216 -0.117  0.039  0.076  0.190  0.215  0.055 -0.085 -0.289 -0.458 -0.451 -0.461 -0.419 -0.266 -0.230 -0.281 -0.217 -0.108 -0.143 -0.141 -0.028 -0.022 -0.072 -0.012 -0.088 -0.080 -0.139 -0.264 -0.287 -0.150 -0.104  0.001  0.053  0.041  0.153  0.120 -0.003 -0.027 -0.164 -0.269 -0.369 -0.571 -0.477
 -0.249 -0.271 -0.385 -0.514 -0.350 -0.290 -0.077  0.058  0.175 -0.009 -0.128 -0.265 -0.380 -0.601 -0.686 -0.796 -0.512 -0.345  0.132  0.107  0.240  0.163  0.032  0.019 -0.006 -0.051 -0.466 -0.075 -0.250 -0.372 -0.285 -0.078  0.095  0.237  0.203  0.374  0.715  0.626  0.543  0.761  0.881  1.000  0.863  0.666  0.545  0.359  0.423  0.594  0.589  0.688  0.570  0.359  0.190  0.040 -0.242 -0.448 -0.648 -0.756 -0.868 -0.878 -0.731 -0.772 -0.781 -0.883 -0.799 -0.669 -0.727 -0.637 -0.643 -0.706 -0.600 -0.542 -0.562 -0.442 -0.438 -0.500 -0.586 -0.429 -0.402 -0.428 -0.409 -0.314 -0.323 -0.241 -0.236 -0.386 -0.468 -0.617 -0.663 -0.658 -0.573 -0.446 -0.316 -0.280 -0.384 -0.380 -0.263 -0.309 -0.370 -0.283 -0.245 -0.317 -0.309 -0.397 -0.430 -0.491 -0.601 -0.652 -0.556 -0.500 -0.409 -0.331 -0.307 -0.198 -0.171 -0.226 -0.167 -0.186 -0.240 -0.170 -0.268 -0.080
  0.004 -0.015 -0.063 -0.325 -0.279 -0.349 -0.140 -0.066 -0.071 -0.326 -0.395 -0.527 -0.672 -0.784 -0.750 -0.897 -0.691 -0.150  0.344  0.367  0.549  0.488  0.402  0.429  0.402  0.422 -0.015  0.192 -0.477 -0.741 -0.669 -0.544 -0.395 -0.235 -0.228 -0.124  0.282  0.311  0.130  0.351  0.643  0.863  1.000  0.938  0.811  0.730  0.806  0.908  0.898  0.882  0.704  0.469  0.213 -0.029 -0.303 -0.597 -0.629 -0.739 -0.738 -0.731 -0.705 -0.695 -0.593 -0.648 -0.482 -0.307 -0.345 -0.192 -0.207 -0.303 -0.170 -0.074 -0.093  0.050  0.055 -0.018 -0.144  0.033 -0.003 -0.115 -0.183 -0.176 -0.271 -0.274 -0.342 -0.442 -0.384 -0.463 -0.368 -0.362 -0.186  0.001  0.118  0.153  0.019 -0.022  0.094  0.043 -0.073 -0.020  0.048 -0.040 -0.093 -0.191 -0.287 -0.355 -0.461 -0.591 -0.557 -0.454 -0.380 -0.247 -0.162 -0.072  0.035  0.067  0.192  0.254  0.227  0.329  0.194  0.300
  0.286  0.269  0.247 -0.043 -0.050 -0.189 -0.010  0.018 -0.074 -0.348 -0.367 -0.488 -0.651 -0.688 -0.588 -0.850 -0.778 -0.148  0.279  0.330  0.535  0.490  0.449  0.513  0.489  0.594  0.245  0.430 -0.420 -0.805 -0.842 -0.757 -0.589 -0.506 -0.521 -0.414 -0.015 -0.009 -0.199  0.040  0.353  0.666  0.938  1.000  0.932  0.903  0.929  0.977  0.916  0.800  0.572  0.328  0.041 -0.219 -0.442 -0.714 -0.637 -0.710 -0.615 -0.594 -0.500 -0.467 -0.313 -0.380 -0.191  0.011 -0.040  0.101  0.043 -0.066  0.050  0.177  0.192  0.333  0.321  0.254  0.087  0.238  0.134 -0.033 -0.159 -0.219 -0.349 -0.403 -0.497 -0.548 -0.416 -0.424 -0.236 -0.232 -0.015  0.192  0.268  0.295  0.155  0.078  0.172  0.125 -0.016 -0.001  0.079 -0.006 -0.096 -0.181 -0.301 -0.358 -0.432 -0.580 -0.598 -0.494 -0.449 -0.310 -0.203 -0.142  0.003  0.094  0.255  0.388  0.401  0.565  0.485  0.569
  0.539  0.540  0.487  0.241  0.264  0.118  0.290  0.307  0.173 -0.114 -0.108 -0.232 -0.427 -0.454 -0.333 -0.799 -0.865 -0.361  0.001  0.055  0.285  0.242  0.227  0.327  0.306  0.514  0.291  0.655 -0.146 -0.665 -0.881 -0.770 -0.519 -0.580 -0.675 -0.478 -0.102 -0.253 -0.384 -0.084  0.138  0.545  0.811  0.932  1.000  0.953  0.886  0.918  0.749  0.552  0.265 -0.002 -0.283 -0.515 -0.691 -0.876 -0.768 -0.786 -0.626 -0.594 -0.262 -0.236 -0.077 -0.214 -0.034  0.195  0.100  0.176  0.046 -0.069  0.009  0.171  0.244  0.378  0.334  0.276  0.057  0.168 -0.011 -0.215 -0.372 -0.467 -0.597 -0.661 -0.741 -0.764 -0.624 -0.580 -0.343 -0.345 -0.115  0.101  0.132  0.149  0.006 -0.099 -0.028 -0.069 -0.221 -0.233 -0.150 -0.229 -0.335 -0.403 -0.522 -0.561 -0.597 -0.720 -0.769 -0.692 -0.674 -0.558 -0.453 -0.415 -0.263 -0.140  0.044  0.240  0.299  0.562  0.606  0.752
  0.554  0.566  0.565  0.282  0.228  0.029  0.163  0.141 -0.039 -0.317 -0.279 -0.380 -0.550 -0.502 -0.330 -0.717 -0.808 -0.166  0.142  0.216  0.431  0.407  0.421  0.523  0.504  0.705  0.500  0.665 -0.283 -0.777 -0.947 -0.905 -0.723 -0.756 -0.798 -0.683 -0.341 -0.382 -0.549 -0.306 -0.022  0.359  0.730  0.903  0.953  1.000  0.960  0.931  0.796  0.570  0.305  0.076 -0.202 -0.445 -0.583 -0.791 -0.604 -0.624 -0.432 -0.396 -0.208 -0.164  0.030 -0.049  0.145  0.355  0.296  0.401  0.295  0.183  0.265  0.417  0.472  0.595  0.562  0.509  0.311  0.416  0.239  0.025 -0.151 -0.280 -0.435 -0.537 -0.648 -0.640 -0.443 -0.369 -0.097 -0.095  0.145  0.355  0.376  0.391  0.257  0.147  0.206  0.170  0.014 -0.013  0.072 -0.002 -0.123 -0.187 -0.320 -0.358 -0.388 -0.538 -0.612 -0.519 -0.512 -0.383 -0.262 -0.241 -0.071  0.078  0.265  0.468  0.527  0.752  0.762  0.821
  0.344  0.354  0.382  0.059 -0.026 -0.224 -0.084 -0.101 -0.252 -0.524 -0.506 -0.601 -0.746 -0.700 -0.533 -0.751 -0.733  0.025  0.379  0.452  0.647  0.623  0.619  0.695  0.673  0.793  0.492  0.495 -0.512 -0.901 -0.925 -0.910 -0.802 -0.721 -0.692 -0.657 -0.303 -0.206 -0.422 -0.236  0.126  0.423  0.806  0.929  0.886  0.960  1.000  0.975  0.922  0.753  0.538  0.335  0.058 -0.205 -0.375 -0.656 -0.484 -0.547 -0.402 -0.375 -0.394 -0.343 -0.150 -0.164  0.041  0.227  0.208  0.367  0.321  0.215  0.328  0.450  0.459  0.585  0.577  0.517  0.363  0.501  0.382  0.196  0.041 -0.064 -0.224 -0.323 -0.448 -0.458 -0.260 -0.224  0.014  0.020  0.253  0.456  0.513  0.534  0.403  0.314  0.391  0.350  0.202  0.196  0.280  0.199  0.090  0.012 -0.126 -0.178 -0.237 -0.410 -0.463 -0.346 -0.320 -0.170 -0.044 -0.006  0.161  0.288  0.458  0.613  0.636  0.779  0.688  0.690
  0.269  0.272  0.268 -0.046 -0.083 -0.245 -0.071 -0.056 -0.166 -0.450 -0.462 -0.574 -0.732 -0.742 -0.612 -0.842 -0.770 -0.065  0.354  0.412  0.617  0.577  0.546  0.613  0.589  0.692  0.338  0.444 -0.492 -0.876 -0.888 -0.828 -0.687 -0.591 -0.578 -0.505 -0.115 -0.056 -0.264 -0.047  0.300  0.594  0.908  0.977  0.918  0.931  0.975  1.000  0.944  0.813  0.592  0.362  0.079 -0.188 -0.402 -0.693 -0.584 -0.660 -0.551 -0.529 -0.508 -0.468 -0.295 -0.333 -0.130  0.067  0.033  0.191  0.144  0.035  0.157  0.281  0.287  0.426  0.419  0.352  0.192  0.347  0.242  0.068 -0.067 -0.142 -0.287 -0.357 -0.467 -0.507 -0.348 -0.346 -0.142 -0.136  0.091  0.301  0.378  0.405  0.264  0.184  0.277  0.231  0.085  0.097  0.180  0.093 -0.004 -0.092 -0.222 -0.281 -0.356 -0.521 -0.548 -0.433 -0.391 -0.241 -0.124 -0.067  0.089  0.192  0.359  0.496  0.508  0.658  0.560  0.611
  0.023  0.012  0.050 -0.275 -0.353 -0.500 -0.343 -0.332 -0.403 -0.645 -0.674 -0.765 -0.874 -0.875 -0.764 -0.770 -0.588  0.183  0.599  0.652  0.808  0.775  0.731  0.761  0.737  0.737  0.318  0.208 -0.705 -0.925 -0.768 -0.756 -0.720 -0.498 -0.407 -0.443 -0.082  0.136 -0.111  0.014  0.418  0.589  0.898  0.916  0.749  0.796  0.922  0.944  1.000  0.943  0.804  0.632  0.378  0.115 -0.108 -0.449 -0.360 -0.477 -0.430 -0.419 -0.646 -0.599 -0.442 -0.398 -0.207 -0.062 -0.043  0.162  0.191  0.098  0.242  0.319  0.269  0.395  0.419  0.352  0.262  0.435  0.407  0.283  0.185  0.142  0.005 -0.057 -0.174 -0.227 -0.078 -0.115  0.032  0.043  0.235  0.413  0.519  0.549  0.429  0.382  0.482  0.437  0.315  0.346  0.418  0.335  0.260  0.168  0.048 -0.020 -0.118 -0.292 -0.296 -0.166 -0.109  0.048  0.159  0.226  0.364  0.433  0.563  0.631  0.603  0.638  0.431  0.401
 -0.279 -0.295 -0.262 -0.552 -0.608 -0.696 -0.541 -0.498 -0.488 -0.677 -0.745 -0.828 -0.891 -0.938 -0.884 -0.716 -0.404  0.279  0.713  0.737  0.845  0.805  0.727  0.714  0.692  0.590  0.112 -0.064 -0.783 -0.837 -0.542 -0.523 -0.548 -0.235 -0.100 -0.182  0.148  0.434  0.193  0.258  0.645  0.688  0.882  0.800  0.552  0.570  0.753  0.813  0.943  1.000  0.941  0.808  0.603  0.371  0.122 -0.233 -0.234 -0.386 -0.432 -0.437 -0.805 -0.774 -0.671 -0.585 -0.425 -0.329 -0.282 -0.063  0.025 -0.046  0.110  0.139  0.046  0.160  0.208  0.142  0.116  0.302  0.356  0.300  0.264  0.283  0.183  0.163  0.069 -0.019  0.065 -0.035  0.014  0.027  0.163  0.301  0.441  0.477  0.378  0.372  0.484  0.439  0.354  0.416  0.471  0.394  0.358  0.262  0.170  0.096 -0.028 -0.182 -0.140 -0.014  0.067  0.212  0.297  0.384  0.479  0.489  0.569  0.553  0.483  0.425  0.150  0.103
 -0.523 -0.543 -0.477 -0.720 -0.803 -0.850 -0.738 -0.703 -0.642 -0.748 -0.833 -0.873 -0.868 -0.902 -0.873 -0.487 -0.095  0.513  0.862  0.863  0.893  0.863  0.783  0.731  0.718  0.522  0.069 -0.291 -0.837 -0.703 -0.274 -0.310 -0.444 -0.045  0.146 -0.040  0.194  0.598  0.361  0.310  0.681  0.570  0.704  0.572  0.265  0.305  0.538  0.592  0.804  0.941  1.000  0.953  0.830  0.655  0.438  0.097  0.063 -0.106 -0.218 -0.237 -0.823 -0.792 -0.726 -0.563 -0.440 -0.425 -0.330 -0.104  0.050  0.014  0.163  0.132 -0.006  0.072  0.145  0.094  0.153  0.325  0.456  0.472  0.488  0.542  0.473  0.469  0.389  0.302  0.352  0.223  0.193  0.206  0.274  0.348  0.496  0.529  0.472  0.507  0.607  0.571  0.531  0.606  0.637  0.579  0.577  0.494  0.432  0.363  0.235  0.103  0.167  0.283  0.368  0.492  0.552  0.635  0.688  0.655  0.677  0.583  0.483  0.308 -0.034 -0.155
 -0.652 -0.678 -0.571 -0.763 -0.884 -0.907 -0.852 -0.840 -0.758 -0.786 -0.867 -0.864 -0.801 -0.801 -0.785 -0.240  0.165  0.699  0.930  0.924  0.886  0.874  0.809  0.731  0.725  0.469  0.081 -0.454 -0.849 -0.569 -0.062 -0.160 -0.389  0.046  0.280  0.004  0.129  0.621  0.402  0.246  0.588  0.359  0.469  0.328 -0.002  0.076  0.335  0.362  0.632  0.808  0.953  1.000  0.952  0.831  0.674  0.370  0.339  0.172  0.030  0.004 -0.734 -0.699 -0.661 -0.437 -0.354 -0.410 -0.274 -0.057  0.143  0.138  0.269  0.190  0.025  0.063  0.153  0.118  0.245  0.386  0.567  0.633  0.684  0.750  0.705  0.703  0.631  0.563  0.600  0.470  0.391  0.404  0.415  0.429  0.566  0.593  0.577  0.639  0.716  0.693  0.692  0.764  0.773  0.737  0.758  0.695  0.659  0.601  0.485  0.374  0.441  0.544  0.619  0.718  0.756  0.823  0.844  0.788  0.763  0.619  0.503  0.240 -0.134 -0.329
 -0.781 -0.801 -0.685 -0.794 -0.915 -0.889 -0.882 -0.877 -0.756 -0.700 -0.786 -0.745 -0.627 -0.619 -0.629  0.026  0.441  0.794  0.905  0.873  0.766  0.764  0.706  0.605  0.610  0.309  0.016 -0.586 -0.734 -0.325  0.220  0.090 -0.200  0.239  0.482  0.159  0.169  0.681  0.509  0.271  0.532  0.190  0.213  0.041 -0.283 -0.202  0.058  0.079  0.378  0.603  0.830  0.952  1.000  0.960  0.858  0.623  0.561  0.406  0.224  0.188 -0.623 -0.596 -0.606 -0.348 -0.317 -0.442 -0.285 -0.102  0.127  0.155  0.256  0.132 -0.046 -0.049  0.050  0.034  0.222  0.324  0.548  0.673  0.766  0.857  0.853  0.869  0.827  0.769  0.763  0.626  0.481  0.491  0.432  0.381  0.503  0.522  0.549  0.640  0.693  0.682  0.726  0.799  0.783  0.771  0.823  0.783  0.784  0.741  0.641  0.574  0.652  0.725  0.792  0.851  0.858  0.910  0.886  0.796  0.719  0.524  0.400  0.072 -0.296 -0.523
 -0.837 -0.855 -0.742 -0.760 -0.866 -0.793 -0.831 -0.831 -0.680 -0.549 -0.635 -0.562 -0.403 -0.393 -0.431  0.266  0.660  0.806  0.801  0.743  0.582  0.587  0.537  0.422  0.437  0.120 -0.063 -0.663 -0.555 -0.061  0.472  0.329  0.012  0.421  0.645  0.311  0.219  0.698  0.585  0.296  0.455  0.040 -0.029 -0.219 -0.515 -0.445 -0.205 -0.188  0.115  0.371  0.655  0.831  0.960  1.000  0.954  0.804  0.711  0.579  0.370  0.327 -0.470 -0.455 -0.513 -0.251 -0.273 -0.450 -0.289 -0.156  0.079  0.136  0.201  0.046 -0.129 -0.170 -0.071 -0.067  0.160  0.218  0.465  0.637  0.764  0.875  0.911  0.948  0.938  0.892  0.840  0.704  0.506  0.512  0.391  0.284  0.383  0.394  0.458  0.569  0.596  0.598  0.681  0.750  0.711  0.723  0.801  0.786  0.823  0.798  0.720  0.700  0.785  0.824  0.879  0.895  0.869  0.906  0.839  0.722  0.602  0.374  0.252 -0.108 -0.438 -0.671
 -0.750 -0.767 -0.630 -0.587 -0.724 -0.654 -0.759 -0.793 -0.669 -0.477 -0.529 -0.416 -0.224 -0.159 -0.187  0.519  0.818  0.854  0.698  0.644  0.440  0.468  0.455  0.343  0.365  0.067  0.025 -0.645 -0.420  0.109  0.594  0.403  0.050  0.398  0.614  0.251  0.053  0.521  0.450  0.108  0.200 -0.242 -0.303 -0.442 -0.691 -0.583 -0.375 -0.402 -0.108  0.122  0.438  0.674  0.858  0.954  1.000  0.932  0.882  0.788  0.607  0.567 -0.221 -0.199 -0.268  0.006 -0.052 -0.270 -0.100 -0.010  0.217  0.297  0.321  0.150 -0.011 -0.091  0.002  0.026  0.277  0.281  0.517  0.701  0.829  0.918  0.968  0.989  0.989  0.984  0.941  0.847  0.652  0.656  0.501  0.351  0.407  0.405  0.504  0.615  0.604  0.621  0.728  0.771  0.718  0.754  0.834  0.849  0.904  0.900  0.860  0.868  0.927  0.941  0.967  0.950  0.909  0.913  0.829  0.722  0.580  0.356  0.253 -0.118 -0.400 -0.672
 -0.643 -0.659 -0.544 -0.390 -0.492 -0.382 -0.539 -0.581 -0.453 -0.192 -0.223 -0.085  0.126  0.195  0.139  0.767  0.954  0.715  0.412  0.344  0.104  0.143  0.152  0.045  0.075 -0.184 -0.054 -0.620 -0.105  0.437  0.803  0.619  0.291  0.520  0.674  0.358  0.050  0.389  0.411  0.060 -0.000 -0.448 -0.597 -0.714 -0.876 -0.791 -0.656 -0.693 -0.449 -0.233  0.097  0.370  0.623  0.804  0.932  1.000  0.936  0.897  0.727  0.687  0.067  0.074 -0.040  0.190  0.070 -0.178 -0.034 -0.029  0.161  0.265  0.232  0.052 -0.071 -0.189 -0.115 -0.068  0.187  0.123  0.339  0.545  0.689  0.778  0.868  0.904  0.944  0.965  0.881  0.818  0.599  0.598  0.392  0.192  0.199  0.185  0.318  0.431  0.382  0.414  0.552  0.575  0.501  0.565  0.661  0.710  0.802  0.825  0.828  0.898  0.947  0.911  0.909  0.837  0.762  0.737  0.615  0.501  0.329  0.111  0.034 -0.308 -0.481 -0.721
 -0.421 -0.430 -0.268 -0.167 -0.354 -0.329 -0.517 -0.613 -0.576 -0.340 -0.324 -0.167  0.036  0.198  0.228  0.809  0.897  0.837  0.478  0.440  0.217  0.274  0.329  0.254  0.288  0.092  0.279 -0.407 -0.158  0.289  0.605  0.354  0.008  0.211  0.376  0.018 -0.289  0.100  0.082 -0.277 -0.265 -0.648 -0.629 -0.637 -0.768 -0.604 -0.484 -0.584 -0.360 -0.234  0.063  0.339  0.561  0.711  0.882  0.936  1.000  0.982  0.903  0.877  0.206  0.251  0.203  0.459  0.377  0.147  0.302  0.321  0.493  0.583  0.547  0.389  0.280  0.160  0.229  0.279  0.510  0.434  0.597  0.749  0.834  0.853  0.894  0.869  0.866  0.939  0.949  0.954  0.832  0.830  0.669  0.492  0.469  0.448  0.575  0.657  0.589  0.624  0.735  0.724  0.664  0.727  0.783  0.839  0.898  0.927  0.952  0.986  0.981  0.962  0.935  0.883  0.841  0.788  0.712  0.660  0.525  0.368  0.321  0.009 -0.154 -0.453
 -0.296 -0.304 -0.149 -0.012 -0.193 -0.172 -0.383 -0.490 -0.477 -0.227 -0.190 -0.026  0.172  0.348  0.382  0.884  0.892  0.753  0.334  0.300  0.077  0.140  0.214  0.153  0.189  0.036  0.306 -0.326 -0.022  0.384  0.617  0.367  0.047  0.177  0.308 -0.018 -0.359 -0.037 -0.021 -0.367 -0.407 -0.756 -0.739 -0.710 -0.786 -0.624 -0.547 -0.660 -0.477 -0.386 -0.106  0.172  0.406  0.579  0.788  0.897  0.982  1.000  0.953  0.933  0.360  0.406  0.357  0.585  0.489  0.263  0.399  0.381  0.522  0.615  0.554  0.406  0.323  0.191  0.246  0.305  0.520  0.414  0.545  0.686  0.759  0.759  0.805  0.772  0.777  0.872  0.885  0.922  0.820  0.814  0.651  0.466  0.413  0.387  0.521  0.591  0.505  0.547  0.660  0.632  0.569  0.641  0.691  0.761  0.826  0.867  0.917  0.968  0.945  0.909  0.864  0.794  0.746  0.676  0.599  0.561  0.428  0.297  0.272 -0.003 -0.105 -0.387
 -0.027 -0.028  0.134  0.240  0.026 -0.016 -0.237 -0.375 -0.440 -0.230 -0.154  0.009  0.175  0.405  0.500  0.862  0.754  0.705  0.260  0.249  0.063  0.134  0.243  0.221  0.259  0.195  0.527 -0.077  0.038  0.301  0.420  0.152 -0.125 -0.070  0.028 -0.270 -0.589 -0.312 -0.306 -0.609 -0.625 -0.868 -0.738 -0.615 -0.626 -0.432 -0.402 -0.551 -0.430 -0.432 -0.218  0.030  0.224  0.370  0.607  0.727  0.903  0.953  1.000  0.995  0.508  0.578  0.579  0.782  0.717  0.531  0.647  0.618  0.711  0.786  0.714  0.605  0.558  0.433  0.470  0.529  0.693  0.572  0.630  0.710  0.725  0.665  0.673  0.596  0.577  0.710  0.790  0.890  0.879  0.871  0.757  0.605  0.520  0.487  0.606  0.639  0.539  0.581  0.662  0.603  0.556  0.624  0.638  0.713  0.751  0.799  0.873  0.903  0.834  0.803  0.735  0.676  0.654  0.563  0.526  0.545  0.456  0.399  0.414  0.215  0.171 -0.109
  0.016  0.016  0.180  0.281  0.063  0.010 -0.211 -0.352 -0.432 -0.231 -0.147  0.014  0.173  0.409  0.511  0.845  0.716  0.683  0.239  0.235  0.058  0.130  0.244  0.228  0.265  0.216  0.553 -0.043  0.041  0.280  0.379  0.112 -0.155 -0.115 -0.022 -0.312 -0.623 -0.357 -0.353 -0.644 -0.657 -0.878 -0.731 -0.594 -0.594 -0.396 -0.375 -0.529 -0.419 -0.437 -0.237  0.004  0.188  0.327  0.567  0.687  0.877  0.933  0.995  1.000  0.525  0.603  0.611  0.807  0.747  0.571  0.682  0.651  0.735  0.806  0.733  0.631  0.591  0.468  0.501  0.560  0.713  0.591  0.637  0.705  0.711  0.641  0.643  0.559  0.536  0.674  0.764  0.874  0.879  0.870  0.766  0.621  0.532  0.499  0.613  0.639  0.538  0.581  0.656  0.592  0.547  0.614  0.621  0.697  0.730  0.778  0.855  0.881  0.806  0.776  0.705  0.649  0.631  0.537  0.507  0.536  0.454  0.411  0.431  0.247  0.213 -0.064
  0.568  0.576  0.601  0.788  0.751  0.731  0.571  0.474  0.360  0.481  0.595  0.669  0.698  0.831  0.885  0.629  0.240 -0.152 -0.563 -0.560 -0.621 -0.571 -0.457 -0.403 -0.378 -0.198  0.283  0.365  0.669  0.561  0.216  0.139  0.178 -0.125 -0.266 -0.210 -0.455 -0.693 -0.535 -0.561 -0.817 -0.731 -0.705 -0.500 -0.262 -0.208 -0.394 -0.508 -0.646 -0.805 -0.823 -0.734 -0.623 -0.470 -0.221  0.067  0.206  0.360  0.508  0.525  1.000  0.963  0.888  0.802  0.710  0.656  0.609  0.430  0.316  0.352  0.214  0.226  0.336  0.245  0.191  0.252  0.229  0.057 -0.066 -0.087 -0.131 -0.226 -0.196 -0.244 -0.207 -0.079 -0.048  0.114  0.190  0.174  0.119  0.037 -0.118 -0.157 -0.088 -0.125 -0.238 -0.198 -0.163 -0.258 -0.288 -0.226 -0.244 -0.153 -0.111 -0.039  0.092  0.186  0.090 -0.003 -0.100 -0.203 -0.238 -0.341 -0.366 -0.300 -0.316 -0.220 -0.115 -0.006  0.261  0.254
  0.622  0.622  0.662  0.834  0.770  0.727  0.558  0.442  0.302  0.416  0.538  0.628  0.655  0.817  0.895  0.648  0.247 -0.076 -0.497 -0.489 -0.549 -0.495 -0.370 -0.308 -0.280 -0.092  0.399  0.426  0.636  0.508  0.167  0.062  0.086 -0.199 -0.333 -0.306 -0.543 -0.744 -0.609 -0.647 -0.866 -0.772 -0.695 -0.467 -0.236 -0.164 -0.343 -0.468 -0.599 -0.774 -0.792 -0.699 -0.596 -0.455 -0.199  0.074  0.251  0.406  0.578  0.603  0.963  1.000  0.946  0.881  0.804  0.752  0.715  0.545  0.433  0.466  0.330  0.344  0.452  0.359  0.308  0.368  0.345  0.175  0.042  0.008 -0.053 -0.167 -0.154 -0.222 -0.200 -0.057  0.005  0.185  0.287  0.269  0.227  0.151 -0.009 -0.050  0.018 -0.026 -0.142 -0.103 -0.075 -0.177 -0.203 -0.142 -0.171 -0.081 -0.050  0.022  0.157  0.236  0.124  0.040 -0.063 -0.155 -0.179 -0.288 -0.298 -0.216 -0.222 -0.113 -0.001  0.105  0.359  0.325
  0.739  0.737  0.805  0.912  0.803  0.706  0.544  0.406  0.214  0.280  0.417  0.502  0.507  0.708  0.836  0.549  0.118 -0.032 -0.421 -0.390 -0.417 -0.360 -0.220 -0.138 -0.113  0.112  0.574  0.559  0.531  0.321 -0.034 -0.160 -0.129 -0.413 -0.533 -0.517 -0.705 -0.870 -0.779 -0.796 -0.936 -0.781 -0.593 -0.313 -0.077  0.030 -0.150 -0.295 -0.442 -0.671 -0.726 -0.661 -0.606 -0.513 -0.268 -0.040  0.203  0.357  0.579  0.611  0.888  0.946  1.000  0.949  0.917  0.899  0.861  0.715  0.592  0.605  0.483  0.520  0.635  0.558  0.505  0.558  0.506  0.351  0.186  0.108  0.007 -0.145 -0.171 -0.274 -0.286 -0.126 -0.005  0.202  0.368  0.352  0.359  0.319  0.158  0.119  0.166  0.099 -0.011  0.024  0.022 -0.092 -0.100 -0.051 -0.108 -0.028 -0.028  0.038  0.171  0.213  0.077  0.015 -0.092 -0.156 -0.152 -0.264 -0.236 -0.115 -0.087  0.062  0.185  0.318  0.560  0.506
  0.566  0.570  0.687  0.768  0.591  0.479  0.288  0.131 -0.054  0.046  0.179  0.301  0.355  0.602  0.753  0.665  0.306  0.263 -0.162 -0.134 -0.206 -0.138  0.008  0.068  0.099  0.251  0.688  0.431  0.343  0.252  0.037 -0.161 -0.239 -0.418 -0.460 -0.566 -0.795 -0.791 -0.746 -0.860 -0.929 -0.883 -0.648 -0.380 -0.214 -0.049 -0.164 -0.333 -0.398 -0.585 -0.563 -0.437 -0.348 -0.251  0.006  0.190  0.459  0.585  0.782  0.807  0.802  0.881  0.949  1.000  0.973  0.903  0.921  0.820  0.761  0.790  0.683  0.681  0.747  0.653  0.628  0.683  0.695  0.547  0.436  0.390  0.304  0.156  0.122  0.003 -0.027  0.142  0.287  0.484  0.628  0.613  0.599  0.532  0.386  0.347  0.414  0.368  0.256  0.295  0.309  0.201  0.185  0.240  0.191  0.271  0.270  0.332  0.452  0.475  0.341  0.297  0.194  0.140  0.149  0.034  0.059  0.170  0.174  0.278  0.376  0.409  0.558  0.404
  0.629  0.636  0.763  0.779  0.580  0.427  0.263  0.100 -0.115 -0.072  0.061  0.167  0.192  0.450  0.644  0.520  0.174  0.297 -0.056 -0.018 -0.053  0.009  0.155  0.231  0.260  0.435  0.812  0.548  0.236  0.065 -0.147 -0.348 -0.410 -0.563 -0.597 -0.704 -0.861 -0.825 -0.828 -0.910 -0.897 -0.799 -0.482 -0.191 -0.034  0.145  0.041 -0.130 -0.207 -0.425 -0.440 -0.354 -0.317 -0.273 -0.052  0.070  0.377  0.489  0.717  0.747  0.710  0.804  0.917  0.973  1.000  0.964  0.979  0.912  0.846  0.852  0.769  0.790  0.856  0.787  0.762  0.806  0.789  0.671  0.537  0.454  0.335  0.164  0.095 -0.046 -0.105  0.065  0.253  0.459  0.652  0.638  0.672  0.646  0.513  0.477  0.518  0.455  0.359  0.389  0.373  0.264  0.265  0.303  0.231  0.295  0.265  0.315  0.423  0.408  0.263  0.244  0.147  0.125  0.161  0.054  0.114  0.252  0.291  0.426  0.529  0.586  0.710  0.550
  0.772  0.782  0.882  0.851  0.671  0.485  0.360  0.209 -0.039 -0.060  0.081  0.151  0.125  0.367  0.577  0.311 -0.070  0.140 -0.125 -0.070 -0.044  0.007  0.150  0.251  0.272  0.506  0.834  0.694  0.228 -0.075 -0.362 -0.520 -0.506 -0.702 -0.766 -0.802 -0.873 -0.906 -0.925 -0.922 -0.877 -0.669 -0.307  0.011  0.195  0.355  0.227  0.067 -0.062 -0.329 -0.425 -0.410 -0.442 -0.450 -0.270 -0.178  0.147  0.263  0.531  0.571  0.656  0.752  0.899  0.903  0.964  1.000  0.980  0.922  0.815  0.792  0.724  0.789  0.880  0.845  0.806  0.836  0.755  0.659  0.475  0.339  0.184 -0.008 -0.104 -0.257 -0.329 -0.166  0.047  0.266  0.515  0.502  0.591  0.618  0.488  0.457  0.463  0.372  0.291  0.311  0.259  0.146  0.168  0.187  0.091  0.138  0.082  0.124  0.226  0.187  0.031  0.027 -0.067 -0.066 -0.007 -0.106 -0.012  0.155  0.238  0.425  0.544  0.682  0.837  0.734
  0.655  0.667  0.797  0.753  0.537  0.347  0.206  0.045 -0.194 -0.193 -0.057  0.033  0.037  0.303  0.520  0.379  0.044  0.310  0.023  0.078  0.076  0.134  0.279  0.364  0.387  0.572  0.881  0.590  0.108 -0.112 -0.310 -0.509 -0.562 -0.695 -0.710 -0.819 -0.917 -0.848 -0.892 -0.949 -0.866 -0.727 -0.345 -0.040  0.100  0.296  0.208  0.033 -0.043 -0.282 -0.330 -0.274 -0.285 -0.289 -0.100 -0.034  0.302  0.399  0.647  0.682  0.609  0.715  0.861  0.921  0.979  0.980  1.000  0.968  0.902  0.891  0.832  0.871  0.932  0.885  0.862  0.894  0.853  0.762  0.615  0.501  0.359  0.173  0.076 -0.083 -0.164  0.001  0.224  0.432  0.663  0.651  0.724  0.733  0.613  0.582  0.602  0.525  0.443  0.466  0.425  0.318  0.334  0.357  0.268  0.316  0.261  0.301  0.395  0.347  0.195  0.199  0.109  0.116  0.174  0.075  0.164  0.321  0.386  0.542  0.644  0.717  0.813  0.650
  0.559  0.575  0.721  0.603  0.357  0.136  0.022 -0.136 -0.376 -0.408 -0.281 -0.201 -0.197  0.077  0.314  0.260 -0.002  0.445  0.234  0.300  0.310  0.365  0.499  0.577  0.595  0.742  0.945  0.542 -0.117 -0.318 -0.421 -0.638 -0.728 -0.775 -0.735 -0.896 -0.942 -0.765 -0.870 -0.942 -0.757 -0.637 -0.192  0.101  0.176  0.401  0.367  0.191  0.162 -0.063 -0.104 -0.057 -0.102 -0.156 -0.010 -0.029  0.321  0.381  0.618  0.651  0.430  0.545  0.715  0.820  0.912  0.922  0.968  1.000  0.970  0.948  0.927  0.963  0.991  0.964  0.958  0.976  0.944  0.893  0.767  0.647  0.498  0.312  0.189  0.019 -0.090  0.064  0.315  0.503  0.745  0.737  0.837  0.868  0.779  0.755  0.759  0.685  0.625  0.639  0.583  0.488  0.515  0.524  0.426  0.454  0.378  0.401  0.467  0.379  0.234  0.271  0.197  0.238  0.317  0.234  0.344  0.505  0.582  0.727  0.808  0.845  0.861  0.658
  0.354  0.367  0.542  0.416  0.140 -0.068 -0.194 -0.352 -0.560 -0.558 -0.447 -0.351 -0.307 -0.028  0.197  0.316  0.144  0.637  0.423  0.482  0.454  0.514  0.637  0.687  0.706  0.773  0.928  0.362 -0.275 -0.351 -0.322 -0.575 -0.746 -0.698 -0.597 -0.841 -0.912 -0.612 -0.745 -0.890 -0.663 -0.643 -0.207  0.043  0.046  0.295  0.321  0.144  0.191  0.025  0.050  0.143  0.127  0.079  0.217  0.161  0.493  0.522  0.711  0.735  0.316  0.433  0.592  0.761  0.846  0.815  0.902  0.970  1.000  0.992  0.989  0.987  0.970  0.933  0.951  0.969  0.993  0.955  0.890  0.809  0.690  0.528  0.412  0.249  0.136  0.279  0.521  0.678  0.875  0.871  0.943  0.948  0.883  0.862  0.882  0.834  0.779  0.794  0.758  0.678  0.696  0.708  0.628  0.653  0.584  0.600  0.648  0.553  0.426  0.475  0.413  0.459  0.533  0.458  0.553  0.687  0.736  0.826  0.876  0.825  0.759  0.496
  0.293  0.305  0.487  0.392  0.115 -0.073 -0.219 -0.378 -0.570 -0.535 -0.426 -0.315 -0.248  0.033  0.244  0.414  0.248  0.676  0.418  0.469  0.414  0.478  0.603  0.642  0.664  0.708  0.892  0.290 -0.248 -0.265 -0.214 -0.479 -0.678 -0.624 -0.515 -0.780 -0.896 -0.583 -0.699 -0.877 -0.680 -0.706 -0.303 -0.066 -0.069  0.183  0.215  0.035  0.098 -0.046  0.014  0.138  0.155  0.136  0.297  0.265  0.583  0.615  0.786  0.806  0.352  0.466  0.605  0.790  0.852  0.792  0.891  0.948  0.992  1.000  0.985  0.964  0.939  0.885  0.907  0.932  0.982  0.931  0.886  0.829  0.730  0.580  0.480  0.325  0.222  0.368  0.592  0.744  0.913  0.908  0.952  0.931  0.861  0.839  0.876  0.840  0.776  0.797  0.778  0.700  0.708  0.730  0.663  0.696  0.643  0.664  0.717  0.637  0.517  0.555  0.490  0.522  0.583  0.502  0.579  0.698  0.725  0.792  0.836  0.754  0.684  0.405
  0.232  0.246  0.429  0.287  0.003 -0.199 -0.318 -0.467 -0.654 -0.648 -0.551 -0.454 -0.396 -0.124  0.092  0.297  0.184  0.720  0.531  0.588  0.550  0.608  0.719  0.755  0.772  0.795  0.898  0.261 -0.383 -0.400 -0.297 -0.558 -0.765 -0.660 -0.524 -0.805 -0.872 -0.508 -0.661 -0.833 -0.574 -0.600 -0.170  0.050  0.009  0.265  0.328  0.157  0.242  0.110  0.163  0.269  0.256  0.201  0.321  0.232  0.547  0.554  0.714  0.733  0.214  0.330  0.483  0.683  0.769  0.724  0.832  0.927  0.989  0.985  1.000  0.982  0.939  0.904  0.934  0.947  0.995  0.974  0.940  0.877  0.774  0.628  0.514  0.356  0.239  0.370  0.606  0.739  0.913  0.911  0.975  0.976  0.930  0.913  0.935  0.899  0.854  0.867  0.836  0.769  0.786  0.795  0.724  0.741  0.673  0.681  0.713  0.609  0.497  0.556  0.505  0.560  0.634  0.569  0.659  0.778  0.816  0.878  0.908  0.814  0.698  0.412
  0.374  0.393  0.556  0.385  0.115 -0.114 -0.208 -0.353 -0.571 -0.612 -0.505 -0.430 -0.409 -0.140  0.096  0.179  0.021  0.602  0.457  0.525  0.530  0.582  0.696  0.755  0.768  0.846  0.940  0.404 -0.346 -0.473 -0.445 -0.679 -0.827 -0.768 -0.664 -0.890 -0.905 -0.604 -0.762 -0.872 -0.602 -0.542 -0.074  0.177  0.171  0.417  0.450  0.281  0.319  0.139  0.132  0.190  0.132  0.046  0.150  0.052  0.389  0.406  0.605  0.631  0.226  0.344  0.520  0.681  0.790  0.789  0.871  0.963  0.987  0.964  0.982  1.000  0.982  0.967  0.982  0.988  0.987  0.974  0.895  0.791  0.657  0.489  0.355  0.187  0.061  0.194  0.452  0.603  0.824  0.821  0.925  0.961  0.909  0.893  0.892  0.834  0.794  0.802  0.745  0.670  0.700  0.699  0.607  0.618  0.532  0.538  0.573  0.456  0.330  0.394  0.340  0.408  0.497  0.433  0.548  0.693  0.764  0.872  0.921  0.893  0.814  0.567
  0.530  0.549  0.695  0.539  0.289  0.055 -0.038 -0.187 -0.429 -0.486 -0.366 -0.299 -0.304 -0.036  0.206  0.164 -0.067  0.462  0.303  0.376  0.403  0.454  0.579  0.657  0.671  0.807  0.952  0.531 -0.213 -0.424 -0.498 -0.709 -0.800 -0.817 -0.761 -0.927 -0.935 -0.727 -0.858 -0.920 -0.692 -0.562 -0.093  0.192  0.244  0.472  0.459  0.287  0.269  0.046 -0.006  0.025 -0.046 -0.129 -0.011 -0.071  0.280  0.323  0.558  0.591  0.336  0.452  0.635  0.747  0.856  0.880  0.932  0.991  0.970  0.939  0.939  0.982  1.000  0.987  0.984  0.992  0.953  0.924  0.802  0.672  0.518  0.332  0.196  0.023 -0.097  0.046  0.308  0.486  0.737  0.731  0.850  0.899  0.826  0.807  0.798  0.722  0.674  0.683  0.615  0.527  0.561  0.561  0.458  0.474  0.386  0.400  0.452  0.345  0.203  0.255  0.190  0.249  0.340  0.266  0.389  0.553  0.642  0.788  0.861  0.896  0.882  0.678
  0.555  0.575  0.706  0.510  0.272  0.024 -0.036 -0.173 -0.421 -0.519 -0.404 -0.362 -0.393 -0.141  0.107  0.020 -0.194  0.409  0.324  0.403  0.463  0.506  0.619  0.706  0.714  0.864  0.949  0.579 -0.267 -0.534 -0.615 -0.802 -0.860 -0.871 -0.818 -0.958 -0.905 -0.708 -0.861 -0.881 -0.616 -0.442  0.050  0.333  0.378  0.595  0.585  0.426  0.395  0.160  0.072  0.063 -0.049 -0.170 -0.091 -0.189  0.160  0.191  0.433  0.468  0.245  0.359  0.558  0.653  0.787  0.845  0.885  0.964  0.933  0.885  0.904  0.967  0.987  1.000  0.994  0.990  0.924  0.920  0.784  0.631  0.462  0.273  0.122 -0.053 -0.182 -0.052  0.220  0.390  0.663  0.658  0.807  0.888  0.829  0.815  0.784  0.698  0.666  0.667  0.579  0.496  0.542  0.528  0.415  0.417  0.313  0.317  0.356  0.229  0.090  0.157  0.101  0.180  0.284  0.223  0.364  0.536  0.648  0.811  0.885  0.948  0.926  0.746
  0.474  0.492  0.635  0.434  0.182 -0.064 -0.127 -0.265 -0.500 -0.587 -0.480 -0.430 -0.446 -0.192  0.055  0.038 -0.138  0.494  0.412  0.488  0.533  0.576  0.686  0.762  0.771  0.890  0.951  0.516 -0.336 -0.556 -0.582 -0.784 -0.875 -0.843 -0.766 -0.941 -0.893 -0.644 -0.812 -0.861 -0.573 -0.438  0.055  0.321  0.334  0.562  0.577  0.419  0.419  0.208  0.145  0.153  0.050 -0.071  0.002 -0.115  0.229  0.246  0.470  0.501  0.191  0.308  0.505  0.628  0.762  0.806  0.862  0.958  0.951  0.907  0.934  0.982  0.984  0.994  1.000  0.996  0.951  0.954  0.842  0.704  0.545  0.365  0.215  0.042 -0.091  0.035  0.306  0.463  0.720  0.717  0.856  0.929  0.881  0.868  0.841  0.765  0.737  0.738  0.656  0.580  0.623  0.610  0.502  0.502  0.399  0.400  0.430  0.299  0.167  0.240  0.190  0.272  0.375  0.318  0.456  0.618  0.720  0.862  0.923  0.951  0.894  0.689
  0.479  0.497  0.647  0.468  0.209 -0.029 -0.110 -0.257 -0.492 -0.559 -0.447 -0.386 -0.392 -0.128  0.117  0.110 -0.081  0.509  0.388  0.460  0.491  0.539  0.655  0.729  0.742  0.861  0.959  0.509 -0.293 -0.496 -0.529 -0.742 -0.843 -0.822 -0.748 -0.930 -0.912 -0.667 -0.822 -0.886 -0.621 -0.500 -0.018  0.254  0.276  0.509  0.517  0.352  0.352  0.142  0.094  0.118  0.034 -0.067  0.026 -0.068  0.279  0.305  0.529  0.560  0.252  0.368  0.558  0.683  0.806  0.836  0.894  0.976  0.969  0.932  0.947  0.988  0.992  0.990  0.996  1.000  0.965  0.954  0.844  0.714  0.561  0.380  0.237  0.064 -0.064  0.070  0.337  0.501  0.750  0.747  0.872  0.931  0.873  0.857  0.841  0.768  0.731  0.736  0.663  0.582  0.620  0.613  0.510  0.517  0.422  0.429  0.467  0.346  0.212  0.276  0.220  0.292  0.389  0.324  0.453  0.614  0.706  0.844  0.908  0.928  0.882  0.669
  0.282  0.295  0.477  0.329  0.045 -0.163 -0.278 -0.431 -0.628 -0.633 -0.533 -0.441 -0.393 -0.119  0.108  0.276  0.151  0.696  0.515  0.572  0.544  0.600  0.713  0.756  0.774  0.816  0.924  0.321 -0.358 -0.411 -0.332 -0.588 -0.777 -0.685 -0.562 -0.828 -0.880 -0.537 -0.692 -0.846 -0.586 -0.586 -0.144  0.087  0.057  0.311  0.363  0.192  0.262  0.116  0.153  0.245  0.222  0.160  0.277  0.187  0.510  0.520  0.693  0.713  0.229  0.345  0.506  0.695  0.789  0.755  0.853  0.944  0.993  0.982  0.995  0.987  0.953  0.924  0.951  0.965  1.000  0.980  0.932  0.857  0.744  0.592  0.471  0.310  0.191  0.324  0.567  0.707  0.895  0.892  0.966  0.976  0.927  0.910  0.926  0.883  0.839  0.851  0.813  0.743  0.762  0.769  0.692  0.708  0.636  0.645  0.679  0.572  0.455  0.514  0.462  0.519  0.597  0.531  0.629  0.756  0.803  0.879  0.917  0.842  0.740  0.464
  0.217  0.231  0.410  0.208 -0.073 -0.290 -0.366 -0.505 -0.692 -0.739 -0.657 -0.587 -0.556 -0.303 -0.073  0.116  0.056  0.717  0.632  0.691  0.689  0.734  0.828  0.868  0.880  0.904  0.912  0.303 -0.496 -0.564 -0.433 -0.674 -0.858 -0.711 -0.567 -0.836 -0.820 -0.436 -0.631 -0.765 -0.439 -0.429  0.033  0.238  0.168  0.416  0.501  0.347  0.435  0.302  0.325  0.386  0.324  0.218  0.281  0.123  0.434  0.414  0.572  0.591  0.057  0.175  0.351  0.547  0.671  0.659  0.762  0.893  0.955  0.931  0.974  0.974  0.924  0.920  0.954  0.954  0.980  1.000  0.963  0.877  0.760  0.616  0.480  0.321  0.187  0.297  0.548  0.664  0.856  0.855  0.956  0.995  0.976  0.967  0.960  0.918  0.898  0.900  0.845  0.790  0.821  0.811  0.729  0.725  0.636  0.629  0.637  0.503  0.398  0.481  0.447  0.532  0.625  0.579  0.693  0.818  0.882  0.954  0.977  0.897  0.746  0.475
 -0.039 -0.032  0.166 -0.018 -0.305 -0.483 -0.569 -0.696 -0.825 -0.825 -0.770 -0.685 -0.610 -0.376 -0.184  0.185  0.230  0.863  0.775  0.819  0.771  0.817  0.890  0.892  0.906  0.836  0.795  0.064 -0.614 -0.527 -0.261 -0.519 -0.778 -0.540 -0.341 -0.679 -0.700 -0.218 -0.422 -0.627 -0.293 -0.402 -0.003  0.134 -0.011  0.239  0.382  0.242  0.407  0.356  0.456  0.567  0.548  0.465  0.517  0.339  0.597  0.545  0.630  0.637 -0.066  0.042  0.186  0.436  0.537  0.475  0.615  0.767  0.890  0.886  0.940  0.895  0.802  0.784  0.842  0.844  0.932  0.963  1.000  0.972  0.903  0.803  0.692  0.557  0.433  0.522  0.734  0.803  0.920  0.923  0.978  0.980  0.988  0.983  0.998  0.990  0.978  0.981  0.957  0.925  0.941  0.938  0.885  0.879  0.811  0.798  0.786  0.661  0.589  0.673  0.656  0.735  0.810  0.776  0.859  0.939  0.960  0.960  0.945  0.771  0.545  0.232
 -0.227 -0.226 -0.022 -0.155 -0.433 -0.561 -0.667 -0.787 -0.862 -0.803 -0.768 -0.663 -0.546 -0.330 -0.179  0.319  0.426  0.948  0.817  0.840  0.740  0.788  0.849  0.821  0.839  0.702  0.671 -0.123 -0.609 -0.389 -0.043 -0.312 -0.627 -0.343 -0.120 -0.500 -0.583 -0.059 -0.242 -0.509 -0.216 -0.428 -0.115 -0.033 -0.215  0.025  0.196  0.068  0.283  0.300  0.472  0.633  0.673  0.637  0.701  0.545  0.749  0.686  0.710  0.705 -0.087  0.008  0.108  0.390  0.454  0.339  0.501  0.647  0.809  0.829  0.877  0.791  0.672  0.631  0.704  0.714  0.857  0.877  0.972  1.000  0.978  0.917  0.840  0.733  0.631  0.707  0.872  0.908  0.952  0.956  0.955  0.912  0.929  0.923  0.966  0.990  0.972  0.982  0.993  0.976  0.973  0.983  0.962  0.964  0.924  0.915  0.898  0.800  0.754  0.824  0.814  0.871  0.921  0.890  0.933  0.972  0.948  0.888  0.849  0.603  0.345  0.009
 -0.397 -0.403 -0.201 -0.292 -0.549 -0.629 -0.744 -0.847 -0.871 -0.768 -0.753 -0.640 -0.494 -0.307 -0.202  0.391  0.556  0.974  0.826  0.834  0.698  0.745  0.789  0.734  0.752  0.557  0.517 -0.302 -0.610 -0.278  0.132 -0.132 -0.480 -0.163  0.078 -0.322 -0.447  0.097 -0.064 -0.371 -0.117 -0.409 -0.183 -0.159 -0.372 -0.151  0.041 -0.067  0.185  0.264  0.488  0.684  0.766  0.764  0.829  0.689  0.834  0.759  0.725  0.711 -0.131 -0.053  0.007  0.304  0.335  0.184  0.359  0.498  0.690  0.730  0.774  0.657  0.518  0.462  0.545  0.561  0.744  0.760  0.903  0.978  1.000  0.978  0.934  0.857  0.775  0.833  0.949  0.950  0.927  0.933  0.887  0.809  0.838  0.834  0.897  0.947  0.931  0.944  0.983  0.983  0.965  0.983  0.990  0.997  0.982  0.973  0.948  0.874  0.856  0.915  0.914  0.954  0.979  0.956  0.965  0.963  0.902  0.790  0.728  0.428  0.146 -0.195
 -0.564 -0.575 -0.387 -0.451 -0.674 -0.705 -0.808 -0.886 -0.853 -0.727 -0.741 -0.632 -0.470 -0.329 -0.272  0.392  0.630  0.965  0.841  0.831  0.675  0.714  0.733  0.652  0.669  0.422  0.343 -0.457 -0.620 -0.204  0.266  0.026 -0.336  0.019  0.270 -0.132 -0.266  0.284  0.137 -0.186  0.039 -0.314 -0.176 -0.219 -0.467 -0.280 -0.064 -0.142  0.142  0.283  0.542  0.750  0.857  0.875  0.918  0.778  0.853  0.759  0.665  0.641 -0.226 -0.167 -0.145  0.156  0.164 -0.008  0.173  0.312  0.528  0.580  0.628  0.489  0.332  0.273  0.365  0.380  0.592  0.616  0.803  0.917  0.978  1.000  0.983  0.941  0.880  0.909  0.973  0.930  0.845  0.852  0.773  0.676  0.726  0.726  0.797  0.871  0.864  0.876  0.936  0.957  0.929  0.949  0.981  0.984  0.989  0.976  0.936  0.881  0.895  0.947  0.962  0.992  0.999  0.991  0.971  0.930  0.841  0.683  0.597  0.258 -0.051 -0.378
 -0.647 -0.663 -0.486 -0.496 -0.690 -0.677 -0.791 -0.857 -0.787 -0.622 -0.646 -0.531 -0.350 -0.235 -0.219  0.476  0.729  0.926  0.767  0.743  0.560  0.599  0.608  0.511  0.530  0.256  0.205 -0.564 -0.538 -0.056  0.423  0.197 -0.172  0.174  0.416  0.023 -0.155  0.366  0.257 -0.086  0.076 -0.323 -0.271 -0.349 -0.597 -0.435 -0.224 -0.287  0.005  0.183  0.473  0.705  0.853  0.911  0.968  0.868  0.894  0.805  0.673  0.643 -0.196 -0.154 -0.171  0.122  0.095 -0.104  0.076  0.189  0.412  0.480  0.514  0.355  0.196  0.122  0.215  0.237  0.471  0.480  0.692  0.840  0.934  0.983  1.000  0.983  0.947  0.966  0.983  0.923  0.787  0.793  0.676  0.548  0.596  0.595  0.684  0.775  0.762  0.779  0.864  0.892  0.850  0.881  0.936  0.948  0.978  0.971  0.935  0.911  0.942  0.975  0.991  0.996  0.980  0.972  0.921  0.850  0.733  0.543  0.448  0.087 -0.209 -0.522
 -0.747 -0.767 -0.613 -0.591 -0.743 -0.685 -0.788 -0.829 -0.714 -0.533 -0.580 -0.472 -0.285 -0.215 -0.241  0.472  0.766  0.860  0.719  0.679  0.486  0.517  0.505  0.393  0.411  0.109  0.042 -0.664 -0.494  0.036  0.532  0.337 -0.022  0.330  0.563  0.193  0.007  0.496  0.412  0.072  0.190 -0.241 -0.274 -0.403 -0.661 -0.537 -0.323 -0.357 -0.057  0.163  0.469  0.703  0.869  0.948  0.989  0.904  0.869  0.772  0.596  0.559 -0.244 -0.222 -0.274  0.003 -0.046 -0.257 -0.083  0.019  0.249  0.325  0.356  0.187  0.023 -0.053  0.042  0.064  0.310  0.321  0.557  0.733  0.857  0.941  0.983  1.000  0.987  0.979  0.948  0.856  0.672  0.680  0.536  0.394  0.454  0.455  0.549  0.656  0.649  0.665  0.765  0.809  0.759  0.792  0.866  0.878  0.926  0.918  0.874  0.871  0.928  0.950  0.977  0.969  0.934  0.939  0.862  0.761  0.624  0.405  0.296 -0.077 -0.372 -0.654
 -0.782 -0.803 -0.671 -0.604 -0.721 -0.627 -0.733 -0.759 -0.616 -0.410 -0.466 -0.356 -0.161 -0.117 -0.174  0.530  0.826  0.791  0.627  0.572  0.363  0.391  0.372  0.252  0.272 -0.036 -0.073 -0.711 -0.386  0.173  0.650  0.477  0.130  0.460  0.670  0.325  0.109  0.548  0.500  0.160  0.215 -0.236 -0.342 -0.497 -0.741 -0.648 -0.448 -0.467 -0.174  0.069  0.389  0.631  0.827  0.938  0.989  0.944  0.866  0.777  0.577  0.536 -0.207 -0.200 -0.286 -0.027 -0.105 -0.329 -0.164 -0.090  0.136  0.222  0.239  0.061 -0.097 -0.182 -0.091 -0.064  0.191  0.187  0.433  0.631  0.775  0.880  0.947  0.987  1.000  0.983  0.913  0.808  0.589  0.595  0.424  0.262  0.317  0.317  0.421  0.539  0.527  0.546  0.662  0.710  0.650  0.691  0.782  0.800  0.868  0.866  0.827  0.852  0.922  0.925  0.952  0.924  0.870  0.875  0.776  0.654  0.499  0.263  0.154 -0.219 -0.488 -0.743
 -0.680 -0.699 -0.549 -0.474 -0.623 -0.555 -0.692 -0.746 -0.639 -0.419 -0.450 -0.321 -0.119 -0.030 -0.057  0.631  0.865  0.840  0.608  0.561  0.343  0.382  0.389  0.282  0.306  0.025  0.058 -0.630 -0.342  0.195  0.637  0.428  0.068  0.368  0.575  0.210 -0.040  0.405  0.361  0.003  0.055 -0.386 -0.442 -0.548 -0.764 -0.640 -0.458 -0.507 -0.227 -0.019  0.302  0.563  0.769  0.892  0.984  0.965  0.939  0.872  0.710  0.674 -0.079 -0.057 -0.126  0.142  0.065 -0.166  0.001  0.064  0.279  0.368  0.370  0.194  0.046 -0.052  0.035  0.070  0.324  0.297  0.522  0.707  0.833  0.909  0.966  0.979  0.983  1.000  0.960  0.892  0.704  0.708  0.538  0.369  0.400  0.393  0.507  0.615  0.584  0.609  0.725  0.754  0.693  0.742  0.821  0.852  0.916  0.924  0.905  0.929  0.974  0.973  0.982  0.947  0.899  0.884  0.793  0.694  0.543  0.328  0.236 -0.129 -0.375 -0.658
 -0.532 -0.544 -0.360 -0.352 -0.565 -0.569 -0.712 -0.800 -0.761 -0.579 -0.582 -0.449 -0.262 -0.110 -0.068  0.589  0.773  0.940  0.709  0.687  0.494  0.543  0.577  0.494  0.518  0.280  0.312 -0.468 -0.443  0.009  0.433  0.181 -0.189  0.114  0.337 -0.059 -0.276  0.224  0.130 -0.223 -0.085 -0.468 -0.384 -0.416 -0.624 -0.443 -0.260 -0.348 -0.078  0.065  0.352  0.600  0.763  0.840  0.941  0.881  0.949  0.885  0.790  0.764 -0.048  0.005 -0.005  0.287  0.253  0.047  0.224  0.315  0.521  0.592  0.606  0.452  0.308  0.220  0.306  0.337  0.567  0.548  0.734  0.872  0.949  0.973  0.983  0.948  0.913  0.960  1.000  0.974  0.864  0.868  0.748  0.610  0.631  0.622  0.721  0.803  0.769  0.792  0.879  0.887  0.843  0.883  0.929  0.956  0.986  0.991  0.977  0.961  0.969  0.991  0.989  0.983  0.967  0.940  0.892  0.842  0.727  0.560  0.487  0.144 -0.113 -0.439
 -0.344 -0.353 -0.158 -0.148 -0.390 -0.434 -0.604 -0.721 -0.737 -0.560 -0.529 -0.384 -0.206 -0.006  0.077  0.652  0.740  0.929  0.637  0.628  0.445  0.505  0.570  0.512  0.540  0.361  0.474 -0.310 -0.364  0.012  0.353  0.075 -0.279 -0.039  0.163 -0.227 -0.461  0.008 -0.080 -0.422 -0.289 -0.617 -0.463 -0.424 -0.580 -0.369 -0.224 -0.346 -0.115 -0.035  0.223  0.470  0.626  0.704  0.847  0.818  0.954  0.922  0.890  0.874  0.114  0.185  0.202  0.484  0.459  0.266  0.432  0.503  0.678  0.744  0.739  0.603  0.486  0.390  0.463  0.501  0.707  0.664  0.803  0.908  0.950  0.930  0.923  0.856  0.808  0.892  0.974  1.000  0.947  0.947  0.847  0.715  0.703  0.688  0.787  0.847  0.794  0.822  0.896  0.878  0.839  0.885  0.909  0.947  0.967  0.982  0.995  0.974  0.947  0.965  0.940  0.930  0.925  0.875  0.847  0.834  0.739  0.618  0.574  0.274  0.065 -0.271
 -0.080 -0.079  0.123  0.068 -0.212 -0.333 -0.495 -0.638 -0.738 -0.625 -0.559 -0.426 -0.291 -0.040  0.114  0.546  0.538  0.892  0.620  0.640  0.511  0.574  0.668  0.652  0.678  0.588  0.716 -0.045 -0.375 -0.165  0.078 -0.212 -0.519 -0.332 -0.153 -0.516 -0.691 -0.247 -0.368 -0.653 -0.458 -0.663 -0.368 -0.236 -0.343 -0.097  0.014 -0.142  0.032  0.014  0.193  0.391  0.481  0.506  0.652  0.599  0.832  0.820  0.879  0.879  0.190  0.287  0.368  0.628  0.652  0.515  0.663  0.745  0.875  0.913  0.913  0.824  0.737  0.663  0.720  0.750  0.895  0.856  0.920  0.952  0.927  0.845  0.787  0.672  0.589  0.704  0.864  0.947  1.000  0.998  0.966  0.886  0.854  0.836  0.907  0.925  0.869  0.893  0.923  0.879  0.863  0.896  0.876  0.909  0.890  0.905  0.930  0.871  0.800  0.836  0.795  0.813  0.844  0.781  0.807  0.856  0.818  0.777  0.768  0.548  0.376  0.042
 -0.095 -0.094  0.110  0.050 -0.231 -0.353 -0.515 -0.656 -0.756 -0.643 -0.576 -0.444 -0.309 -0.059  0.091  0.532  0.528  0.892  0.626  0.649  0.521  0.585  0.677  0.659  0.684  0.588  0.705 -0.065 -0.400 -0.181  0.070 -0.219 -0.529 -0.339 -0.153 -0.518 -0.692 -0.241 -0.365 -0.651 -0.451 -0.658 -0.362 -0.232 -0.345 -0.095  0.020 -0.136  0.043  0.027  0.206  0.404  0.491  0.512  0.656  0.598  0.830  0.814  0.871  0.870  0.174  0.269  0.352  0.613  0.638  0.502  0.651  0.737  0.871  0.908  0.911  0.821  0.731  0.658  0.717  0.747  0.892  0.855  0.923  0.956  0.933  0.852  0.793  0.680  0.595  0.708  0.868  0.947  0.998  1.000  0.968  0.888  0.858  0.841  0.912  0.930  0.876  0.900  0.930  0.887  0.872  0.904  0.884  0.916  0.896  0.910  0.933  0.871  0.802  0.840  0.801  0.820  0.852  0.790  0.816  0.864  0.825  0.781  0.769  0.546  0.368  0.032
  0.045  0.052  0.253  0.121 -0.172 -0.347 -0.473 -0.619 -0.764 -0.723 -0.645 -0.539 -0.448 -0.187  0.005  0.346  0.314  0.839  0.651  0.696  0.624  0.682  0.778  0.786  0.804  0.759  0.823  0.094 -0.475 -0.381 -0.174 -0.450 -0.713 -0.537 -0.359 -0.693 -0.783 -0.343 -0.506 -0.731 -0.461 -0.573 -0.186 -0.015 -0.115  0.145  0.253  0.091  0.235  0.163  0.274  0.415  0.432  0.391  0.501  0.392  0.669  0.651  0.757  0.766  0.119  0.227  0.359  0.599  0.672  0.591  0.724  0.837  0.943  0.952  0.975  0.925  0.850  0.807  0.856  0.872  0.966  0.956  0.978  0.955  0.887  0.773  0.676  0.536  0.424  0.538  0.748  0.847  0.966  0.968  1.000  0.974  0.949  0.936  0.972  0.962  0.923  0.937  0.928  0.878  0.884  0.897  0.847  0.862  0.808  0.812  0.827  0.728  0.640  0.702  0.664  0.716  0.778  0.722  0.791  0.878  0.885  0.894  0.896  0.732  0.559  0.241
  0.145  0.157  0.345  0.151 -0.137 -0.346 -0.431 -0.570 -0.743 -0.770 -0.691 -0.615 -0.568 -0.315 -0.098  0.147  0.109  0.759  0.663  0.722  0.704  0.752  0.843  0.871  0.883  0.879  0.879  0.220 -0.536 -0.551 -0.383 -0.631 -0.842 -0.675 -0.510 -0.802 -0.806 -0.391 -0.586 -0.745 -0.419 -0.446  0.001  0.192  0.101  0.355  0.456  0.301  0.413  0.301  0.348  0.429  0.381  0.284  0.351  0.192  0.492  0.466  0.605  0.621  0.037  0.151  0.319  0.532  0.646  0.618  0.733  0.868  0.948  0.931  0.976  0.961  0.899  0.888  0.929  0.931  0.976  0.995  0.980  0.912  0.809  0.676  0.548  0.394  0.262  0.369  0.610  0.715  0.886  0.888  0.974  1.000  0.985  0.977  0.980  0.947  0.926  0.930  0.885  0.835  0.861  0.855  0.781  0.779  0.696  0.689  0.693  0.562  0.465  0.548  0.516  0.598  0.685  0.640  0.744  0.857  0.906  0.957  0.968  0.859  0.689  0.402
  0.028  0.039  0.226  0.003 -0.278 -0.478 -0.536 -0.657 -0.805 -0.850 -0.793 -0.730 -0.685 -0.458 -0.253  0.048  0.084  0.795  0.768  0.824  0.812  0.852  0.921  0.937  0.945  0.903  0.819  0.141 -0.653 -0.638 -0.401 -0.637 -0.859 -0.633 -0.442 -0.747 -0.712 -0.252 -0.474 -0.633 -0.266 -0.316  0.118  0.268  0.132  0.376  0.513  0.378  0.519  0.441  0.496  0.566  0.503  0.383  0.407  0.199  0.469  0.413  0.520  0.532 -0.118 -0.009  0.158  0.386  0.513  0.488  0.613  0.779  0.883  0.861  0.930  0.909  0.826  0.829  0.881  0.873  0.927  0.976  0.988  0.929  0.838  0.726  0.596  0.454  0.317  0.400  0.631  0.703  0.854  0.858  0.949  0.985  1.000  0.999  0.991  0.968  0.967  0.964  0.917  0.885  0.914  0.898  0.830  0.812  0.725  0.706  0.686  0.541  0.464  0.561  0.548  0.646  0.737  0.710  0.815  0.912  0.960  0.989  0.979  0.845  0.625  0.337
  0.007  0.017  0.203 -0.029 -0.307 -0.506 -0.556 -0.673 -0.816 -0.868 -0.815 -0.757 -0.716 -0.497 -0.296  0.010  0.061  0.789  0.783  0.841  0.834  0.872  0.935  0.949  0.955  0.907  0.799  0.123 -0.684 -0.667 -0.418 -0.647 -0.868 -0.632 -0.436 -0.740 -0.692 -0.226 -0.453 -0.607 -0.230 -0.280  0.153  0.295  0.149  0.391  0.534  0.405  0.549  0.477  0.529  0.593  0.522  0.394  0.405  0.185  0.448  0.387  0.487  0.499 -0.157 -0.050  0.119  0.347  0.477  0.457  0.582  0.755  0.862  0.839  0.913  0.893  0.807  0.815  0.868  0.857  0.910  0.967  0.983  0.923  0.834  0.726  0.595  0.455  0.317  0.393  0.622  0.688  0.836  0.841  0.936  0.977  0.999  1.000  0.988  0.965  0.971  0.966  0.916  0.888  0.918  0.900  0.832  0.810  0.721  0.697  0.672  0.523  0.450  0.552  0.543  0.645  0.738  0.716  0.822  0.917  0.967  0.992  0.978  0.842  0.613  0.328
 -0.045 -0.038  0.160 -0.032 -0.320 -0.502 -0.583 -0.708 -0.839 -0.844 -0.788 -0.708 -0.637 -0.405 -0.217  0.151  0.198  0.850  0.776  0.826  0.783  0.829  0.900  0.902  0.912  0.841  0.783  0.049 -0.644 -0.557 -0.287 -0.540 -0.798 -0.560 -0.354 -0.689 -0.701 -0.216 -0.423 -0.623 -0.281 -0.384  0.019  0.155  0.006  0.257  0.403  0.264  0.429  0.378  0.472  0.577  0.549  0.458  0.504  0.318  0.575  0.521  0.606  0.613 -0.088  0.018  0.166  0.414  0.518  0.463  0.602  0.759  0.882  0.876  0.935  0.892  0.798  0.784  0.841  0.841  0.926  0.960  0.998  0.966  0.897  0.797  0.684  0.549  0.421  0.507  0.721  0.787  0.907  0.912  0.972  0.980  0.991  0.988  1.000  0.990  0.981  0.984  0.956  0.926  0.944  0.939  0.885  0.876  0.804  0.789  0.773  0.644  0.573  0.661  0.646  0.729  0.806  0.775  0.860  0.941  0.964  0.965  0.947  0.775  0.545  0.235
 -0.165 -0.160  0.041 -0.131 -0.413 -0.569 -0.657 -0.775 -0.873 -0.850 -0.808 -0.719 -0.625 -0.405 -0.239  0.208  0.302  0.906  0.820  0.858  0.789  0.835  0.896  0.880  0.892  0.778  0.712 -0.063 -0.663 -0.500 -0.175 -0.433 -0.724 -0.450 -0.226 -0.588 -0.628 -0.110 -0.311 -0.546 -0.217 -0.380 -0.022  0.078 -0.099  0.147  0.314  0.184  0.382  0.372  0.507  0.639  0.640  0.569  0.615  0.431  0.657  0.591  0.639  0.639 -0.125 -0.026  0.099  0.368  0.455  0.372  0.525  0.685  0.834  0.840  0.899  0.834  0.722  0.698  0.765  0.768  0.883  0.918  0.990  0.990  0.947  0.871  0.775  0.656  0.539  0.615  0.803  0.847  0.925  0.930  0.962  0.947  0.968  0.965  0.990  1.000  0.991  0.996  0.986  0.966  0.975  0.975  0.938  0.931  0.874  0.858  0.836  0.718  0.664  0.748  0.739  0.814  0.878  0.851  0.916  0.973  0.972  0.937  0.903  0.688  0.431  0.106
 -0.212 -0.207 -0.013 -0.213 -0.485 -0.640 -0.700 -0.804 -0.891 -0.895 -0.867 -0.795 -0.714 -0.516 -0.356  0.096  0.233  0.893  0.873  0.912  0.861  0.898  0.943  0.924  0.932  0.806  0.674 -0.083 -0.739 -0.584 -0.231 -0.471 -0.751 -0.448 -0.215 -0.568 -0.563 -0.033 -0.254 -0.469 -0.108 -0.263  0.094  0.172 -0.028  0.206  0.391  0.277  0.482  0.484  0.607  0.716  0.693  0.596  0.604  0.382  0.589  0.505  0.539  0.538 -0.238 -0.142 -0.011  0.256  0.359  0.291  0.443  0.625  0.779  0.776  0.854  0.794  0.674  0.666  0.737  0.731  0.839  0.898  0.978  0.972  0.931  0.864  0.762  0.649  0.527  0.584  0.769  0.794  0.869  0.876  0.923  0.926  0.967  0.971  0.981  0.991  1.000  0.998  0.979  0.970  0.986  0.975  0.937  0.917  0.851  0.826  0.787  0.655  0.612  0.708  0.712  0.802  0.874  0.861  0.933  0.985  0.993  0.955  0.910  0.695  0.412  0.099
 -0.209 -0.206 -0.007 -0.192 -0.469 -0.620 -0.693 -0.802 -0.890 -0.880 -0.848 -0.768 -0.679 -0.475 -0.316  0.144  0.269  0.903  0.855  0.894  0.833  0.873  0.924  0.903  0.913  0.786  0.677 -0.094 -0.716 -0.547 -0.198 -0.445 -0.733 -0.438 -0.205 -0.565 -0.581 -0.051 -0.264 -0.490 -0.143 -0.309  0.043  0.125 -0.069  0.170  0.350  0.231  0.437  0.439  0.571  0.693  0.682  0.598  0.621  0.414  0.624  0.547  0.581  0.581 -0.198 -0.103  0.024  0.295  0.389  0.311  0.466  0.639  0.794  0.797  0.867  0.802  0.683  0.667  0.738  0.736  0.851  0.900  0.981  0.982  0.944  0.876  0.779  0.665  0.546  0.609  0.792  0.822  0.893  0.900  0.937  0.930  0.964  0.966  0.984  0.996  0.998  1.000  0.987  0.975  0.987  0.981  0.946  0.931  0.870  0.848  0.815  0.690  0.645  0.736  0.735  0.818  0.885  0.867  0.934  0.984  0.986  0.944  0.901  0.680  0.404  0.084
 -0.301 -0.302 -0.098 -0.239 -0.511 -0.631 -0.727 -0.836 -0.895 -0.838 -0.812 -0.715 -0.596 -0.396 -0.263  0.268  0.409  0.946  0.846  0.872  0.774  0.819  0.868  0.830  0.844  0.683  0.608 -0.201 -0.676 -0.424 -0.042 -0.301 -0.623 -0.317 -0.076 -0.460 -0.531  0.012 -0.177 -0.446 -0.141 -0.370 -0.073 -0.016 -0.221  0.014  0.202  0.085  0.315  0.354  0.531  0.692  0.726  0.681  0.728  0.552  0.735  0.660  0.662  0.656 -0.163 -0.075  0.022  0.309  0.373  0.259  0.425  0.583  0.758  0.778  0.836  0.745  0.615  0.579  0.656  0.663  0.813  0.845  0.957  0.993  0.983  0.936  0.864  0.765  0.662  0.725  0.879  0.896  0.923  0.930  0.928  0.885  0.917  0.916  0.956  0.986  0.979  0.987  1.000  0.992  0.990  0.997  0.981  0.977  0.937  0.922  0.893  0.791  0.758  0.834  0.833  0.895  0.943  0.921  0.960  0.986  0.957  0.881  0.828  0.566  0.285 -0.050
 -0.398 -0.400 -0.203 -0.348 -0.605 -0.707 -0.787 -0.880 -0.912 -0.857 -0.848 -0.759 -0.637 -0.463 -0.348  0.222  0.416  0.952  0.890  0.909  0.809  0.848  0.880  0.830  0.841  0.651  0.529 -0.276 -0.723 -0.438 -0.012 -0.257 -0.585 -0.245  0.009 -0.378 -0.435  0.126 -0.069 -0.341 -0.028 -0.283 -0.020 -0.001 -0.233 -0.013  0.196  0.097  0.346  0.416  0.606  0.764  0.799  0.750  0.771  0.575  0.724  0.632  0.603  0.592 -0.258 -0.177 -0.092  0.201  0.264  0.146  0.318  0.488  0.678  0.700  0.769  0.670  0.527  0.496  0.580  0.582  0.743  0.790  0.925  0.976  0.983  0.957  0.892  0.809  0.710  0.754  0.887  0.878  0.879  0.887  0.878  0.835  0.885  0.888  0.926  0.966  0.970  0.975  0.992  1.000  0.996  0.998  0.993  0.980  0.944  0.922  0.880  0.777  0.761  0.842  0.853  0.919  0.963  0.954  0.985  0.994  0.956  0.858  0.790  0.508  0.201 -0.129
 -0.357 -0.355 -0.161 -0.332 -0.592 -0.712 -0.778 -0.871 -0.917 -0.887 -0.876 -0.797 -0.691 -0.515 -0.387  0.150  0.339  0.932  0.901  0.928  0.848  0.884  0.916  0.875  0.884  0.709  0.563 -0.226 -0.755 -0.511 -0.099 -0.336 -0.648 -0.311 -0.059 -0.434 -0.459  0.098 -0.112 -0.361 -0.022 -0.245  0.048  0.079 -0.150  0.072  0.280  0.180  0.418  0.471  0.637  0.773  0.783  0.711  0.718  0.501  0.664  0.569  0.556  0.547 -0.288 -0.203 -0.100  0.185  0.265  0.168  0.334  0.515  0.696  0.708  0.786  0.700  0.561  0.542  0.623  0.620  0.762  0.821  0.941  0.973  0.965  0.929  0.850  0.759  0.650  0.693  0.843  0.839  0.863  0.872  0.884  0.861  0.914  0.918  0.944  0.975  0.986  0.987  0.990  0.996  1.000  0.995  0.979  0.960  0.912  0.886  0.839  0.723  0.702  0.792  0.804  0.882  0.937  0.931  0.977  0.998  0.977  0.896  0.832  0.570  0.262 -0.060
 -0.364 -0.364 -0.165 -0.310 -0.573 -0.684 -0.770 -0.869 -0.911 -0.854 -0.838 -0.746 -0.626 -0.441 -0.320  0.236  0.410  0.948  0.872  0.896  0.797  0.838  0.877  0.831  0.843  0.662  0.556 -0.253 -0.712 -0.437 -0.027 -0.276 -0.603 -0.277 -0.026 -0.412 -0.474  0.081 -0.112 -0.383 -0.072 -0.317 -0.040 -0.006 -0.229 -0.002  0.199  0.093  0.335  0.394  0.579  0.737  0.771  0.723  0.754  0.565  0.727  0.641  0.624  0.614 -0.226 -0.142 -0.051  0.240  0.303  0.187  0.357  0.524  0.708  0.730  0.795  0.699  0.561  0.528  0.610  0.613  0.769  0.811  0.938  0.983  0.983  0.949  0.881  0.792  0.691  0.742  0.883  0.885  0.896  0.904  0.897  0.855  0.898  0.900  0.939  0.975  0.975  0.981  0.997  0.998  0.995  1.000  0.990  0.981  0.943  0.923  0.885  0.782  0.760  0.840  0.845  0.911  0.956  0.942  0.976  0.992  0.958  0.868  0.805  0.530  0.232 -0.100
 -0.468 -0.472 -0.277 -0.390 -0.637 -0.714 -0.807 -0.895 -0.903 -0.816 -0.814 -0.715 -0.575 -0.411 -0.319  0.294  0.503  0.962  0.870  0.881  0.757  0.798  0.826  0.763  0.776  0.561  0.457 -0.359 -0.692 -0.349  0.097 -0.148 -0.495 -0.150  0.107 -0.289 -0.381  0.180  0.005 -0.292 -0.012 -0.309 -0.093 -0.096 -0.335 -0.123  0.090 -0.004  0.260  0.358  0.577  0.758  0.823  0.801  0.834  0.661  0.783  0.691  0.638  0.621 -0.244 -0.171 -0.108  0.191  0.231  0.091  0.268  0.426  0.628  0.663  0.724  0.607  0.458  0.415  0.502  0.510  0.692  0.729  0.885  0.962  0.990  0.981  0.936  0.866  0.782  0.821  0.929  0.909  0.876  0.884  0.847  0.781  0.830  0.832  0.885  0.938  0.937  0.946  0.981  0.993  0.979  0.990  1.000  0.994  0.973  0.955  0.914  0.829  0.824  0.895  0.906  0.957  0.986  0.976  0.987  0.976  0.917  0.795  0.718  0.411  0.103 -0.230
 -0.442 -0.448 -0.248 -0.332 -0.583 -0.654 -0.769 -0.867 -0.878 -0.766 -0.755 -0.644 -0.491 -0.314 -0.225  0.388  0.566  0.966  0.821  0.829  0.688  0.735  0.774  0.711  0.727  0.517  0.466 -0.358 -0.625 -0.266  0.160 -0.097 -0.452 -0.131  0.118 -0.283 -0.414  0.134 -0.022 -0.335 -0.088 -0.397 -0.191 -0.181 -0.403 -0.187  0.012 -0.092  0.168  0.262  0.494  0.695  0.783  0.786  0.849  0.710  0.839  0.761  0.713  0.697 -0.153 -0.081 -0.028  0.271  0.295  0.138  0.316  0.454  0.653  0.696  0.741  0.618  0.474  0.417  0.502  0.517  0.708  0.725  0.879  0.964  0.997  0.984  0.948  0.878  0.800  0.852  0.956  0.947  0.909  0.916  0.862  0.779  0.812  0.810  0.876  0.931  0.917  0.931  0.977  0.980  0.960  0.981  0.994  1.000  0.989  0.979  0.952  0.882  0.871  0.929  0.930  0.967  0.987  0.966  0.967  0.956  0.887  0.763  0.693  0.382  0.094 -0.246
 -0.503 -0.514 -0.319 -0.356 -0.590 -0.627 -0.758 -0.850 -0.833 -0.685 -0.681 -0.559 -0.387 -0.224 -0.163  0.483  0.668  0.956  0.770  0.765  0.598  0.646  0.682  0.606  0.626  0.395  0.378 -0.436 -0.553 -0.137  0.297  0.042 -0.325 -0.009  0.234 -0.169 -0.344  0.187  0.062 -0.275 -0.080 -0.430 -0.287 -0.301 -0.522 -0.320 -0.126 -0.222  0.048  0.170  0.432  0.659  0.784  0.823  0.904  0.802  0.898  0.826  0.751  0.730 -0.111 -0.050 -0.028  0.270  0.265  0.082  0.261  0.378  0.584  0.643  0.673  0.532  0.386  0.313  0.399  0.422  0.636  0.636  0.811  0.924  0.982  0.989  0.978  0.926  0.868  0.916  0.986  0.967  0.890  0.896  0.808  0.696  0.725  0.721  0.804  0.874  0.851  0.870  0.937  0.944  0.912  0.943  0.973  0.989  1.000  0.996  0.975  0.930  0.930  0.972  0.972  0.988  0.989  0.965  0.941  0.908  0.814  0.664  0.589  0.257 -0.021 -0.358
 -0.470 -0.482 -0.286 -0.302 -0.537 -0.569 -0.715 -0.813 -0.801 -0.638 -0.627 -0.497 -0.319 -0.148 -0.085  0.548  0.707  0.949  0.725  0.717  0.540  0.592  0.636  0.563  0.584  0.364  0.389 -0.418 -0.491 -0.074  0.337  0.075 -0.292  0.002  0.234 -0.167 -0.367  0.146  0.036 -0.307 -0.139 -0.491 -0.355 -0.358 -0.561 -0.358 -0.178 -0.281 -0.020  0.096  0.363  0.601  0.741  0.798  0.900  0.825  0.927  0.867  0.799  0.778 -0.039  0.022  0.038  0.332  0.315  0.124  0.301  0.401  0.600  0.664  0.681  0.538  0.400  0.317  0.400  0.429  0.645  0.629  0.798  0.915  0.973  0.976  0.971  0.918  0.866  0.924  0.991  0.982  0.905  0.910  0.812  0.689  0.706  0.697  0.789  0.858  0.826  0.848  0.922  0.922  0.886  0.923  0.955  0.979  0.996  1.000  0.989  0.956  0.950  0.982  0.975  0.979  0.975  0.943  0.912  0.881  0.782  0.635  0.567  0.239 -0.019 -0.356
 -0.380 -0.391 -0.194 -0.182 -0.421 -0.457 -0.626 -0.739 -0.745 -0.565 -0.537 -0.395 -0.214 -0.022  0.048  0.639  0.737  0.919  0.634  0.628  0.443  0.503  0.564  0.499  0.525  0.333  0.431 -0.360 -0.389  0.009  0.364  0.093 -0.267 -0.021  0.189 -0.201 -0.438  0.037 -0.048 -0.394 -0.264 -0.601 -0.461 -0.432 -0.597 -0.388 -0.237 -0.356 -0.118 -0.028  0.235  0.485  0.641  0.720  0.860  0.828  0.952  0.917  0.873  0.855  0.092  0.157  0.171  0.452  0.423  0.226  0.395  0.467  0.648  0.717  0.713  0.573  0.452  0.356  0.430  0.467  0.679  0.637  0.786  0.898  0.948  0.936  0.935  0.874  0.827  0.905  0.977  0.995  0.930  0.933  0.827  0.693  0.686  0.672  0.773  0.836  0.787  0.815  0.893  0.880  0.839  0.885  0.914  0.952  0.975  0.989  1.000  0.981  0.959  0.976  0.953  0.942  0.933  0.885  0.852  0.832  0.731  0.600  0.548  0.239  0.023 -0.314
 -0.399 -0.415 -0.232 -0.156 -0.364 -0.360 -0.548 -0.654 -0.635 -0.414 -0.389 -0.236 -0.040  0.133  0.171  0.755  0.834  0.853  0.510  0.489  0.278  0.339  0.399  0.327  0.356  0.160  0.322 -0.410 -0.245  0.194  0.520  0.261 -0.092  0.117  0.300 -0.069 -0.359  0.059  0.022 -0.335 -0.287 -0.652 -0.591 -0.580 -0.720 -0.538 -0.410 -0.521 -0.292 -0.182  0.103  0.374  0.574  0.700  0.868  0.898  0.986  0.968  0.903  0.881  0.186  0.236  0.213  0.475  0.408  0.187  0.347  0.379  0.553  0.637  0.609  0.456  0.345  0.229  0.299  0.346  0.572  0.503  0.661  0.800  0.874  0.881  0.911  0.871  0.852  0.929  0.961  0.974  0.871  0.871  0.728  0.562  0.541  0.523  0.644  0.718  0.655  0.690  0.791  0.777  0.723  0.782  0.829  0.882  0.930  0.956  0.981  1.000  0.987  0.977  0.948  0.906  0.873  0.819  0.756  0.715  0.589  0.441  0.391  0.079 -0.099 -0.415
 -0.530 -0.549 -0.379 -0.291 -0.473 -0.435 -0.609 -0.693 -0.632 -0.401 -0.399 -0.253 -0.050  0.087  0.089  0.725  0.866  0.842  0.534  0.502  0.282  0.335  0.373  0.283  0.310  0.073  0.189 -0.527 -0.275  0.221  0.597  0.360 -0.001  0.242  0.436  0.068 -0.217  0.209  0.176 -0.187 -0.150 -0.556 -0.557 -0.598 -0.769 -0.612 -0.463 -0.548 -0.296 -0.140  0.167  0.441  0.652  0.785  0.927  0.947  0.981  0.945  0.834  0.806  0.090  0.124  0.077  0.341  0.263  0.031  0.195  0.234  0.426  0.517  0.497  0.330  0.203  0.090  0.167  0.212  0.455  0.398  0.589  0.754  0.856  0.895  0.942  0.928  0.922  0.974  0.969  0.947  0.800  0.802  0.640  0.465  0.464  0.450  0.573  0.664  0.612  0.645  0.758  0.761  0.702  0.760  0.824  0.871  0.930  0.950  0.959  0.987  1.000  0.990  0.976  0.931  0.886  0.847  0.766  0.696  0.553  0.371  0.302 -0.038 -0.241 -0.544
 -0.549 -0.565 -0.385 -0.343 -0.544 -0.530 -0.687 -0.772 -0.721 -0.517 -0.518 -0.381 -0.185 -0.042 -0.022  0.635  0.805  0.897  0.638  0.614  0.410  0.461  0.496  0.407  0.430  0.186  0.244 -0.520 -0.395  0.087  0.500  0.255 -0.115  0.166  0.384 -0.003 -0.249  0.227  0.158 -0.201 -0.104 -0.500 -0.454 -0.494 -0.692 -0.519 -0.346 -0.433 -0.166 -0.014  0.283  0.544  0.725  0.824  0.941  0.911  0.962  0.909  0.803  0.776 -0.003  0.040  0.015  0.297  0.244  0.027  0.199  0.271  0.475  0.555  0.556  0.394  0.255  0.157  0.240  0.276  0.514  0.481  0.673  0.824  0.915  0.947  0.975  0.950  0.925  0.973  0.991  0.965  0.836  0.840  0.702  0.548  0.561  0.552  0.661  0.748  0.708  0.736  0.834  0.842  0.792  0.840  0.895  0.929  0.972  0.982  0.976  0.977  0.990  1.000  0.994  0.972  0.942  0.911  0.848  0.787  0.658  0.481  0.405  0.058 -0.182 -0.500
 -0.622 -0.640 -0.465 -0.437 -0.628 -0.604 -0.741 -0.813 -0.742 -0.548 -0.565 -0.438 -0.245 -0.124 -0.116  0.569  0.787  0.902  0.688  0.661  0.462  0.506  0.525  0.428  0.449  0.182  0.188 -0.571 -0.454  0.046  0.496  0.265 -0.106  0.206  0.437  0.049 -0.173  0.320  0.239 -0.116  0.001 -0.409 -0.380 -0.449 -0.674 -0.512 -0.320 -0.391 -0.109  0.067  0.368  0.619  0.792  0.879  0.967  0.909  0.935  0.864  0.735  0.705 -0.100 -0.063 -0.092  0.194  0.147 -0.067  0.109  0.197  0.413  0.490  0.505  0.340  0.190  0.101  0.190  0.220  0.462  0.447  0.656  0.814  0.914  0.962  0.991  0.977  0.952  0.982  0.989  0.940  0.795  0.801  0.664  0.516  0.548  0.543  0.646  0.739  0.712  0.735  0.833  0.853  0.804  0.845  0.906  0.930  0.972  0.975  0.953  0.948  0.976  0.994  1.000  0.986  0.958  0.939  0.874  0.801  0.671  0.479  0.391  0.031 -0.235 -0.547
 -0.618 -0.633 -0.451 -0.479 -0.685 -0.690 -0.804 -0.875 -0.819 -0.665 -0.683 -0.570 -0.394 -0.268 -0.238  0.448  0.691  0.938  0.788  0.772  0.598  0.638  0.652  0.561  0.578  0.312  0.252 -0.536 -0.575 -0.111  0.365  0.133 -0.236  0.110  0.359 -0.038 -0.205  0.328  0.207 -0.131  0.053 -0.331 -0.247 -0.310 -0.558 -0.383 -0.170 -0.241  0.048  0.212  0.492  0.718  0.851  0.895  0.950  0.837  0.883  0.794  0.676  0.649 -0.203 -0.155 -0.156  0.140  0.125 -0.066  0.116  0.238  0.459  0.522  0.560  0.408  0.249  0.180  0.272  0.292  0.519  0.532  0.735  0.871  0.954  0.992  0.996  0.969  0.924  0.947  0.983  0.930  0.813  0.820  0.716  0.598  0.646  0.645  0.729  0.814  0.802  0.818  0.895  0.919  0.882  0.911  0.957  0.967  0.988  0.979  0.942  0.906  0.931  0.972  0.986  1.000  0.991  0.982  0.941  0.881  0.773  0.594  0.501  0.147 -0.153 -0.473
 -0.563 -0.573 -0.384 -0.455 -0.680 -0.717 -0.818 -0.896 -0.866 -0.745 -0.757 -0.651 -0.491 -0.349 -0.291  0.370  0.608  0.961  0.845  0.839  0.688  0.727  0.745  0.666  0.681  0.434  0.345 -0.460 -0.641 -0.229  0.243  0.004 -0.357 -0.002  0.253 -0.147 -0.276  0.278  0.128 -0.193  0.041 -0.307 -0.162 -0.203 -0.453 -0.262 -0.044 -0.124  0.159  0.297  0.552  0.756  0.858  0.869  0.909  0.762  0.841  0.746  0.654  0.631 -0.238 -0.179 -0.152  0.149  0.161 -0.007  0.174  0.317  0.533  0.583  0.634  0.497  0.340  0.284  0.375  0.389  0.597  0.625  0.810  0.921  0.979  0.999  0.980  0.934  0.870  0.899  0.967  0.925  0.844  0.852  0.778  0.685  0.737  0.738  0.806  0.878  0.874  0.885  0.943  0.963  0.937  0.956  0.986  0.987  0.989  0.975  0.933  0.873  0.886  0.942  0.958  0.991  1.000  0.993  0.976  0.937  0.851  0.694  0.607  0.270 -0.041 -0.369
 -0.626 -0.637 -0.458 -0.545 -0.755 -0.781 -0.858 -0.919 -0.871 -0.766 -0.795 -0.702 -0.551 -0.435 -0.389  0.285  0.568  0.944  0.883  0.874  0.733  0.764  0.766  0.680  0.692  0.428  0.282 -0.500 -0.694 -0.276  0.225  0.006 -0.347  0.036  0.298 -0.095 -0.190  0.371  0.209 -0.098  0.153 -0.198 -0.072 -0.142 -0.415 -0.241 -0.006 -0.067  0.226  0.384  0.635  0.823  0.910  0.906  0.913  0.737  0.788  0.676  0.563  0.537 -0.341 -0.288 -0.264  0.034  0.054 -0.106  0.075  0.234  0.458  0.502  0.569  0.433  0.266  0.223  0.318  0.324  0.531  0.579  0.776  0.890  0.956  0.991  0.972  0.939  0.875  0.884  0.940  0.875  0.781  0.790  0.722  0.640  0.710  0.716  0.775  0.851  0.861  0.867  0.921  0.954  0.931  0.942  0.976  0.966  0.965  0.943  0.885  0.819  0.847  0.911  0.939  0.982  0.993  1.000  0.983  0.933  0.850  0.683  0.584  0.243 -0.091 -0.404
 -0.524 -0.529 -0.345 -0.486 -0.716 -0.786 -0.846 -0.917 -0.907 -0.849 -0.865 -0.785 -0.659 -0.522 -0.438  0.181  0.442  0.948  0.928  0.935  0.828  0.858  0.867  0.800  0.810  0.580  0.406 -0.378 -0.757 -0.423  0.054 -0.169 -0.502 -0.122  0.140 -0.246 -0.290  0.281  0.086 -0.190  0.120 -0.171  0.035  0.003 -0.263 -0.071  0.161  0.089  0.364  0.479  0.688  0.844  0.886  0.839  0.829  0.615  0.712  0.599  0.526  0.507 -0.366 -0.298 -0.236  0.059  0.114 -0.012  0.164  0.344  0.553  0.579  0.659  0.548  0.389  0.364  0.456  0.453  0.629  0.693  0.859  0.933  0.965  0.971  0.921  0.862  0.776  0.793  0.892  0.847  0.807  0.816  0.791  0.744  0.815  0.822  0.860  0.916  0.933  0.934  0.960  0.985  0.977  0.976  0.987  0.967  0.941  0.912  0.852  0.756  0.766  0.848  0.874  0.941  0.976  0.983  1.000  0.981  0.930  0.800  0.713  0.405  0.069 -0.247
 -0.360 -0.361 -0.168 -0.343 -0.600 -0.717 -0.778 -0.868 -0.911 -0.885 -0.879 -0.801 -0.697 -0.524 -0.396  0.142  0.341  0.937  0.916  0.939  0.859  0.894  0.923  0.882  0.891  0.715  0.563 -0.218 -0.754 -0.514 -0.097 -0.334 -0.644 -0.298 -0.050 -0.425 -0.443  0.115 -0.098 -0.346 -0.003 -0.226  0.067  0.094 -0.140  0.078  0.288  0.192  0.433  0.489  0.655  0.788  0.796  0.722  0.722  0.501  0.660  0.561  0.545  0.536 -0.300 -0.216 -0.115  0.170  0.252  0.155  0.321  0.505  0.687  0.698  0.778  0.693  0.553  0.536  0.618  0.614  0.756  0.818  0.939  0.972  0.963  0.930  0.850  0.761  0.654  0.694  0.842  0.834  0.856  0.864  0.878  0.857  0.912  0.917  0.941  0.973  0.985  0.984  0.986  0.994  0.998  0.992  0.976  0.956  0.908  0.881  0.832  0.715  0.696  0.787  0.801  0.881  0.937  0.933  0.981  1.000  0.981  0.898  0.834  0.572  0.259 -0.060
 -0.226 -0.221 -0.036 -0.259 -0.520 -0.674 -0.709 -0.803 -0.883 -0.912 -0.896 -0.838 -0.771 -0.591 -0.429  0.010  0.176  0.876  0.907  0.944  0.909  0.938  0.972  0.954  0.960  0.834  0.657 -0.066 -0.772 -0.642 -0.279 -0.503 -0.766 -0.444 -0.214 -0.555 -0.510  0.019 -0.218 -0.411 -0.027 -0.167  0.192  0.255  0.044  0.265  0.458  0.359  0.563  0.569  0.677  0.763  0.719  0.602  0.580  0.329  0.525  0.428  0.456  0.454 -0.316 -0.222 -0.087  0.174  0.291  0.238  0.386  0.582  0.736  0.725  0.816  0.764  0.642  0.648  0.720  0.706  0.803  0.882  0.960  0.948  0.902  0.841  0.733  0.624  0.499  0.543  0.727  0.739  0.818  0.825  0.885  0.906  0.960  0.967  0.964  0.972  0.993  0.986  0.957  0.956  0.977  0.958  0.917  0.887  0.814  0.782  0.731  0.589  0.553  0.658  0.671  0.773  0.851  0.850  0.930  0.981  1.000  0.964  0.916  0.709  0.414  0.116
  0.021  0.033  0.206 -0.050 -0.314 -0.517 -0.540 -0.647 -0.789 -0.872 -0.829 -0.786 -0.764 -0.560 -0.353 -0.081 -0.011  0.757  0.802  0.858  0.872  0.901  0.956  0.975  0.980  0.942  0.797  0.170 -0.699 -0.724 -0.481 -0.693 -0.888 -0.643 -0.457 -0.740 -0.649 -0.196 -0.437 -0.562 -0.164 -0.186  0.254  0.388  0.240  0.468  0.613  0.496  0.631  0.553  0.583  0.619  0.524  0.374  0.356  0.111  0.368  0.297  0.399  0.411 -0.220 -0.113  0.062  0.278  0.426  0.425  0.542  0.727  0.826  0.792  0.878  0.872  0.788  0.811  0.862  0.844  0.879  0.954  0.960  0.888  0.790  0.683  0.543  0.405  0.263  0.328  0.560  0.618  0.777  0.781  0.894  0.957  0.989  0.992  0.965  0.937  0.955  0.944  0.881  0.858  0.896  0.868  0.795  0.763  0.664  0.635  0.600  0.441  0.371  0.481  0.479  0.594  0.694  0.683  0.800  0.898  0.964  1.000  0.987  0.870  0.635  0.370
  0.163  0.178  0.343  0.092 -0.171 -0.390 -0.418 -0.535 -0.707 -0.802 -0.743 -0.700 -0.694 -0.473 -0.244 -0.061 -0.054  0.699  0.719  0.777  0.804  0.835  0.905  0.944  0.952  0.965  0.874  0.305 -0.598 -0.696 -0.530 -0.742 -0.903 -0.710 -0.559 -0.813 -0.720 -0.322 -0.551 -0.649 -0.269 -0.240  0.227  0.401  0.299  0.527  0.636  0.508  0.603  0.483  0.483  0.503  0.400  0.252  0.253  0.034  0.321  0.272  0.414  0.431 -0.115 -0.001  0.185  0.376  0.529  0.544  0.644  0.808  0.876  0.836  0.908  0.921  0.861  0.885  0.923  0.908  0.917  0.977  0.945  0.849  0.728  0.597  0.448  0.296  0.154  0.236  0.487  0.574  0.768  0.769  0.896  0.968  0.979  0.978  0.947  0.903  0.910  0.901  0.828  0.790  0.832  0.805  0.718  0.693  0.589  0.567  0.548  0.391  0.302  0.405  0.391  0.501  0.607  0.584  0.713  0.834  0.916  0.987  1.000  0.927  0.738  0.489
  0.472  0.495  0.610  0.345  0.126 -0.125 -0.120 -0.229 -0.456 -0.620 -0.539 -0.534 -0.597 -0.390 -0.137 -0.226 -0.338  0.400  0.466  0.539  0.640  0.660  0.739  0.825  0.829  0.964  0.909  0.592 -0.411 -0.723 -0.748 -0.897 -0.926 -0.864 -0.802 -0.923 -0.760 -0.538 -0.742 -0.714 -0.369 -0.170  0.329  0.565  0.562  0.752  0.779  0.658  0.638  0.425  0.308  0.240  0.072 -0.108 -0.118 -0.308  0.009 -0.003  0.215  0.247 -0.006  0.105  0.318  0.409  0.586  0.682  0.717  0.845  0.825  0.754  0.814  0.893  0.896  0.948  0.951  0.928  0.842  0.897  0.771  0.603  0.428  0.258  0.087 -0.077 -0.219 -0.129  0.144  0.274  0.548  0.546  0.732  0.859  0.845  0.842  0.775  0.688  0.695  0.680  0.566  0.508  0.570  0.530  0.411  0.382  0.257  0.239  0.239  0.079 -0.038  0.058  0.031  0.147  0.270  0.243  0.405  0.572  0.709  0.870  0.927  1.000  0.924  0.773
  0.741  0.774  0.845  0.644  0.472  0.226  0.216  0.103 -0.159 -0.321 -0.211 -0.213 -0.307 -0.100  0.154 -0.164 -0.427  0.121  0.116  0.189  0.313  0.334  0.435  0.554  0.560  0.803  0.889  0.800 -0.081 -0.523 -0.750 -0.856 -0.783 -0.886 -0.922 -0.927 -0.792 -0.769 -0.895 -0.792 -0.571 -0.268  0.194  0.485  0.606  0.762  0.688  0.560  0.431  0.150 -0.034 -0.134 -0.296 -0.438 -0.400 -0.481 -0.154 -0.105  0.171  0.213  0.261  0.359  0.560  0.558  0.710  0.837  0.813  0.861  0.759  0.684  0.698  0.814  0.882  0.926  0.894  0.882  0.740  0.746  0.545  0.345  0.146 -0.051 -0.209 -0.372 -0.488 -0.375 -0.113  0.065  0.376  0.368  0.559  0.689  0.625  0.613  0.545  0.431  0.412  0.404  0.285  0.201  0.262  0.232  0.103  0.094 -0.021 -0.019  0.023 -0.099 -0.241 -0.182 -0.235 -0.153 -0.041 -0.091  0.069  0.259  0.414  0.635  0.738  0.924  1.000  0.933
  0.848  0.881  0.880  0.704  0.623  0.409  0.449  0.375  0.130 -0.070  0.027 -0.019 -0.166 -0.034  0.179 -0.329 -0.624 -0.204 -0.134 -0.068  0.105  0.105  0.184  0.319  0.319  0.620  0.696  0.892  0.105 -0.448 -0.799 -0.809 -0.617 -0.811 -0.925 -0.795 -0.603 -0.756 -0.836 -0.626 -0.477 -0.080  0.300  0.569  0.752  0.821  0.690  0.611  0.401  0.103 -0.155 -0.329 -0.523 -0.671 -0.672 -0.721 -0.453 -0.387 -0.109 -0.064  0.254  0.325  0.506  0.404  0.550  0.734  0.650  0.658  0.496  0.405  0.412  0.567  0.678  0.746  0.689  0.669  0.464  0.475  0.232  0.009 -0.195 -0.378 -0.522 -0.654 -0.743 -0.658 -0.439 -0.271  0.042  0.032  0.241  0.402  0.337  0.328  0.235  0.106  0.099  0.084 -0.050 -0.129 -0.060 -0.100 -0.230 -0.246 -0.358 -0.356 -0.314 -0.415 -0.544 -0.500 -0.547 -0.473 -0.369 -0.404 -0.247 -0.060  0.116  0.370  0.489  0.773  0.933  1.000
