  1.000  0.973  0.936  0.879  0.890  0.715  0.630  0.475  0.048 -0.111  0.094  0.223  0.097  0.372  0.669  0.306  0.039  0.289  0.091  0.015 -0.006  0.036  0.250  0.424  0.488  0.725  0.768  0.941  0.618 -0.181 -0.545 -0.736 -0.738 -0.860 -0.934 -0.895 -0.811 -0.915 -0.945 -0.855 -0.796 -0.625 -0.402 -0.216  0.064  0.274  0.327  0.404  0.302 -0.090 -0.488 -0.612 -0.684 -0.677 -0.381 -0.224  0.125  0.189  0.402  0.378  0.542  0.686  0.757  0.675  0.750  0.837  0.772  0.745  0.649  0.595  0.585  0.671  0.737  0.788  0.757  0.754  0.653  0.655  0.498  0.361  0.164 -0.058 -0.227 -0.446 -0.520 -0.264  0.011  0.195  0.416  0.465  0.490  0.579  0.528  0.501  0.447  0.357  0.317  0.312  0.222  0.118  0.148  0.135  0.011  0.052 -0.022  0.019  0.101  0.048 -0.108 -0.107 -0.209 -0.193 -0.096 -0.217 -0.045  0.194  0.347  0.556  0.664  0.810  0.899  0.934
  0.973  1.000  0.966  0.924  0.931  0.768  0.671  0.482  0.052 -0.079  0.137  0.281  0.167  0.448  0.732  0.367  0.091  0.302  0.051 -0.029 -0.071 -0.022  0.208  0.383  0.449  0.700  0.776  0.956  0.667 -0.110 -0.490 -0.694 -0.711 -0.853 -0.923 -0.890 -0.828 -0.940 -0.958 -0.876 -0.833 -0.660 -0.455 -0.261  0.015  0.236  0.279  0.354  0.238 -0.162 -0.556 -0.672 -0.716 -0.680 -0.358 -0.180  0.165  0.232  0.441  0.420  0.594  0.733  0.793  0.708  0.772  0.852  0.788  0.753  0.660  0.611  0.593  0.675  0.740  0.786  0.751  0.753  0.659  0.648  0.493  0.364  0.174 -0.048 -0.208 -0.426 -0.495 -0.232  0.037  0.222  0.438  0.486  0.501  0.577  0.517  0.487  0.445  0.357  0.307  0.307  0.227  0.117  0.142  0.138  0.018  0.066 -0.001  0.044  0.131  0.085 -0.071 -0.076 -0.182 -0.174 -0.085 -0.214 -0.053  0.183  0.324  0.530  0.643  0.796  0.895  0.930
  0.936  0.966  1.000  0.970  0.903  0.727  0.572  0.294 -0.144 -0.208  0.023  0.241  0.197  0.552  0.829  0.563  0.317  0.496  0.144  0.062 -0.062  0.021  0.283  0.430  0.491  0.721  0.868  0.945  0.665 -0.028 -0.329 -0.599 -0.722 -0.879 -0.868 -0.901 -0.918 -0.986 -0.973 -0.952 -0.936 -0.816 -0.645 -0.478 -0.213  0.007  0.068  0.159  0.076 -0.311 -0.648 -0.677 -0.606 -0.506 -0.131  0.053  0.393  0.455  0.641  0.623  0.754  0.866  0.912  0.854  0.895  0.942  0.902  0.869  0.801  0.768  0.745  0.802  0.852  0.874  0.843  0.853  0.794  0.765  0.644  0.546  0.382  0.171  0.020 -0.207 -0.280  0.002  0.267  0.442  0.629  0.670  0.671  0.717  0.650  0.621  0.606  0.534  0.472  0.480  0.422  0.314  0.326  0.335  0.228  0.283  0.226  0.272  0.358  0.317  0.165  0.160  0.052  0.053  0.135 -0.003  0.139  0.359  0.461  0.628  0.727  0.828  0.911  0.868
  0.879  0.924  0.970  1.000  0.946  0.830  0.671  0.340 -0.064 -0.055  0.181  0.424  0.401  0.710  0.916  0.647  0.387  0.433 -0.030 -0.115 -0.265 -0.176  0.100  0.243  0.306  0.563  0.780  0.886  0.776  0.181 -0.167 -0.433 -0.561 -0.764 -0.764 -0.792 -0.854 -0.958 -0.914 -0.903 -0.935 -0.826 -0.691 -0.522 -0.292 -0.064 -0.048  0.017 -0.101 -0.483 -0.788 -0.808 -0.684 -0.516 -0.105  0.125  0.423  0.491  0.655  0.648  0.804  0.893  0.918  0.848  0.861  0.896  0.855  0.803  0.736  0.716  0.676  0.719  0.773  0.784  0.744  0.764  0.718  0.661  0.546  0.469  0.327  0.130  0.015 -0.189 -0.234  0.038  0.262  0.432  0.593  0.634  0.606  0.624  0.535  0.500  0.510  0.446  0.362  0.381  0.349  0.233  0.229  0.258  0.168  0.241  0.206  0.260  0.357  0.342  0.202  0.178  0.066  0.039  0.096 -0.055  0.049  0.253  0.325  0.483  0.592  0.697  0.809  0.773
  0.890  0.931  0.903  0.946  1.000  0.943  0.861  0.618  0.248  0.212  0.430  0.588  0.484  0.665  0.834  0.434  0.127  0.134 -0.260 -0.342 -0.399 -0.351 -0.114  0.063  0.136  0.435  0.599  0.858  0.844  0.199 -0.281 -0.455 -0.443 -0.653 -0.770 -0.705 -0.689 -0.873 -0.852 -0.765 -0.790 -0.619 -0.460 -0.257 -0.034  0.197  0.160  0.188  0.006 -0.387 -0.745 -0.876 -0.873 -0.748 -0.389 -0.141  0.136  0.213  0.393  0.388  0.616  0.727  0.758  0.646  0.672  0.744  0.672  0.605  0.505  0.470  0.427  0.496  0.573  0.608  0.558  0.572  0.488  0.439  0.282  0.178  0.015 -0.187 -0.292 -0.468 -0.489 -0.250 -0.047  0.131  0.312  0.362  0.336  0.376  0.284  0.246  0.236  0.156  0.074  0.088  0.042 -0.079 -0.077 -0.053 -0.149 -0.076 -0.109 -0.052  0.052  0.047 -0.091 -0.125 -0.236 -0.272 -0.221 -0.365 -0.261 -0.047  0.058  0.262  0.395  0.569  0.720  0.792
  0.715  0.768  0.727  0.830  0.943  1.000  0.958  0.718  0.452  0.495  0.683  0.813  0.715  0.759  0.800  0.391  0.086 -0.093 -0.546 -0.620 -0.662 -0.630 -0.425 -0.261 -0.189  0.123  0.332  0.658  0.904  0.447 -0.088 -0.197 -0.132 -0.375 -0.543 -0.439 -0.447 -0.688 -0.642 -0.545 -0.623 -0.459 -0.357 -0.164 -0.017  0.194  0.081  0.058 -0.173 -0.512 -0.807 -0.957 -0.941 -0.764 -0.428 -0.148  0.031  0.110  0.244  0.255  0.517  0.600  0.597  0.466  0.459  0.523  0.445  0.356  0.256  0.236  0.175  0.230  0.311  0.339  0.278  0.301  0.227  0.153  0.005 -0.070 -0.192 -0.353 -0.394 -0.506 -0.477 -0.297 -0.181 -0.031  0.103  0.150  0.091  0.100 -0.009 -0.050 -0.036 -0.102 -0.200 -0.177 -0.190 -0.307 -0.323 -0.280 -0.343 -0.257 -0.256 -0.196 -0.088 -0.055 -0.160 -0.217 -0.318 -0.389 -0.380 -0.518 -0.475 -0.305 -0.239 -0.051  0.086  0.274  0.459  0.578
  0.630  0.671  0.572  0.671  0.861  0.958  1.000  0.877  0.676  0.662  0.806  0.838  0.679  0.604  0.614  0.137 -0.166 -0.345 -0.666 -0.729 -0.677 -0.688 -0.547 -0.372 -0.300  0.007  0.135  0.556  0.857  0.392 -0.192 -0.205 -0.021 -0.234 -0.485 -0.311 -0.244 -0.523 -0.506 -0.352 -0.410 -0.213 -0.095  0.102  0.229  0.412  0.270  0.219 -0.034 -0.341 -0.648 -0.880 -0.983 -0.874 -0.634 -0.378 -0.238 -0.161 -0.027 -0.017  0.274  0.367  0.373  0.222  0.230  0.320  0.224  0.135  0.017 -0.014 -0.069  0.004  0.096  0.142  0.082  0.096 -0.005 -0.060 -0.227 -0.319 -0.447 -0.593 -0.623 -0.696 -0.651 -0.524 -0.440 -0.300 -0.163 -0.114 -0.162 -0.130 -0.225 -0.263 -0.273 -0.345 -0.426 -0.411 -0.439 -0.544 -0.551 -0.521 -0.583 -0.509 -0.508 -0.454 -0.355 -0.320 -0.411 -0.467 -0.553 -0.620 -0.616 -0.729 -0.687 -0.529 -0.438 -0.232 -0.091  0.136  0.329  0.529
  0.475  0.482  0.294  0.340  0.618  0.718  0.877  1.000  0.890  0.734  0.793  0.647  0.392  0.171  0.186 -0.341 -0.604 -0.658 -0.652 -0.687 -0.471 -0.553 -0.536 -0.359 -0.298 -0.054 -0.123  0.377  0.591  0.093 -0.469 -0.331  0.027 -0.081 -0.428 -0.166  0.051 -0.232 -0.287 -0.052 -0.034  0.204  0.362  0.545  0.651  0.767  0.632  0.559  0.324  0.097 -0.224 -0.566 -0.887 -0.951 -0.912 -0.756 -0.658 -0.596 -0.459 -0.458 -0.174 -0.058 -0.021 -0.180 -0.125  0.008 -0.108 -0.171 -0.305 -0.362 -0.387 -0.282 -0.186 -0.107 -0.154 -0.164 -0.306 -0.302 -0.488 -0.615 -0.754 -0.873 -0.910 -0.936 -0.895 -0.856 -0.795 -0.683 -0.532 -0.486 -0.487 -0.401 -0.449 -0.473 -0.539 -0.620 -0.647 -0.656 -0.723 -0.793 -0.772 -0.782 -0.849 -0.815 -0.834 -0.801 -0.734 -0.720 -0.787 -0.823 -0.875 -0.907 -0.890 -0.943 -0.877 -0.739 -0.596 -0.376 -0.252  0.008  0.172  0.470
  0.048  0.052 -0.144 -0.064  0.248  0.452  0.676  0.890  1.000  0.908  0.867  0.638  0.411  0.013 -0.130 -0.541 -0.704 -0.905 -0.808 -0.806 -0.552 -0.666 -0.755 -0.644 -0.608 -0.451 -0.545 -0.067  0.356  0.213 -0.240  0.017  0.425  0.360  0.003  0.283  0.482  0.209  0.165  0.386  0.371  0.552  0.615  0.723  0.697  0.722  0.537  0.411  0.194  0.137 -0.020 -0.342 -0.665 -0.737 -0.840 -0.740 -0.811 -0.772 -0.728 -0.713 -0.470 -0.411 -0.411 -0.551 -0.528 -0.424 -0.522 -0.582 -0.685 -0.720 -0.745 -0.673 -0.596 -0.533 -0.572 -0.580 -0.689 -0.688 -0.818 -0.890 -0.947 -0.968 -0.921 -0.835 -0.748 -0.835 -0.912 -0.878 -0.822 -0.794 -0.811 -0.760 -0.790 -0.804 -0.850 -0.896 -0.908 -0.914 -0.942 -0.970 -0.963 -0.966 -0.977 -0.958 -0.940 -0.923 -0.887 -0.841 -0.837 -0.880 -0.887 -0.935 -0.967 -0.967 -0.983 -0.949 -0.867 -0.724 -0.639 -0.420 -0.277  0.044
 -0.111 -0.079 -0.208 -0.055  0.212  0.495  0.662  0.734  0.908  1.000  0.967  0.829  0.703  0.295  0.028 -0.269 -0.407 -0.832 -0.961 -0.958 -0.815 -0.891 -0.948 -0.882 -0.853 -0.695 -0.635 -0.228  0.430  0.578  0.163  0.376  0.679  0.549  0.256  0.478  0.540  0.268  0.293  0.439  0.332  0.443  0.405  0.477  0.374  0.395  0.162  0.015 -0.214 -0.223 -0.260 -0.481 -0.619 -0.541 -0.567 -0.413 -0.569 -0.532 -0.556 -0.522 -0.295 -0.296 -0.348 -0.473 -0.515 -0.464 -0.536 -0.618 -0.688 -0.686 -0.738 -0.714 -0.654 -0.629 -0.675 -0.662 -0.714 -0.768 -0.846 -0.851 -0.840 -0.815 -0.699 -0.576 -0.449 -0.551 -0.705 -0.703 -0.724 -0.706 -0.776 -0.798 -0.859 -0.879 -0.861 -0.875 -0.926 -0.910 -0.875 -0.905 -0.933 -0.894 -0.862 -0.817 -0.754 -0.728 -0.686 -0.596 -0.561 -0.630 -0.637 -0.728 -0.808 -0.824 -0.921 -0.942 -0.948 -0.867 -0.791 -0.624 -0.465 -0.206
  0.094  0.137  0.023  0.181  0.430  0.683  0.806  0.793  0.867  0.967  1.000  0.921  0.796  0.468  0.250 -0.100 -0.297 -0.711 -0.954 -0.971 -0.870 -0.922 -0.911 -0.815 -0.771 -0.556 -0.441 -0.020  0.602  0.621  0.134  0.278  0.540  0.363  0.077  0.286  0.328  0.037  0.074  0.218  0.103  0.235  0.227  0.336  0.286  0.360  0.135  0.006 -0.248 -0.345 -0.450 -0.668 -0.768 -0.646 -0.571 -0.363 -0.448 -0.397 -0.383 -0.351 -0.095 -0.075 -0.121 -0.260 -0.300 -0.244 -0.323 -0.416 -0.499 -0.502 -0.562 -0.530 -0.459 -0.432 -0.488 -0.470 -0.530 -0.599 -0.700 -0.721 -0.741 -0.762 -0.673 -0.599 -0.484 -0.520 -0.621 -0.579 -0.565 -0.538 -0.615 -0.635 -0.717 -0.745 -0.723 -0.750 -0.822 -0.800 -0.772 -0.828 -0.858 -0.812 -0.800 -0.738 -0.682 -0.644 -0.579 -0.493 -0.492 -0.565 -0.599 -0.696 -0.763 -0.815 -0.888 -0.862 -0.854 -0.740 -0.640 -0.454 -0.270 -0.027
  0.223  0.281  0.241  0.424  0.588  0.813  0.838  0.647  0.638  0.829  0.921  1.000  0.950  0.759  0.560  0.270  0.055 -0.413 -0.884 -0.922 -0.952 -0.947 -0.841 -0.750 -0.701 -0.453 -0.199  0.132  0.768  0.791  0.320  0.337  0.448  0.205  0.014  0.140  0.068 -0.197 -0.110 -0.038 -0.198 -0.106 -0.139 -0.024 -0.051  0.068 -0.141 -0.242 -0.490 -0.643 -0.736 -0.856 -0.787 -0.545 -0.323 -0.054 -0.096 -0.036 -0.023  0.013  0.257  0.259  0.195  0.072  0.002  0.023 -0.036 -0.141 -0.206 -0.191 -0.268 -0.261 -0.198 -0.197 -0.259 -0.225 -0.251 -0.357 -0.440 -0.435 -0.448 -0.491 -0.407 -0.379 -0.271 -0.234 -0.304 -0.244 -0.236 -0.209 -0.313 -0.371 -0.483 -0.519 -0.458 -0.478 -0.584 -0.548 -0.494 -0.573 -0.621 -0.549 -0.536 -0.448 -0.384 -0.333 -0.249 -0.155 -0.173 -0.256 -0.314 -0.429 -0.498 -0.592 -0.674 -0.631 -0.659 -0.562 -0.455 -0.307 -0.114  0.036
  0.097  0.167  0.197  0.401  0.484  0.715  0.679  0.392  0.411  0.703  0.796  0.950  1.000  0.869  0.628  0.483  0.325 -0.219 -0.802 -0.837 -0.966 -0.924 -0.795 -0.753 -0.716 -0.508 -0.167  0.034  0.721  0.927  0.574  0.530  0.516  0.260  0.169  0.215  0.038 -0.170 -0.041 -0.050 -0.252 -0.236 -0.335 -0.265 -0.333 -0.231 -0.429 -0.519 -0.725 -0.829 -0.819 -0.826 -0.610 -0.286 -0.023  0.245  0.163  0.212  0.178  0.220  0.404  0.361  0.270  0.184  0.077  0.050  0.024 -0.079 -0.105 -0.065 -0.148 -0.181 -0.142 -0.173 -0.230 -0.184 -0.159 -0.290 -0.318 -0.263 -0.226 -0.235 -0.122 -0.083  0.029  0.065 -0.037 -0.005 -0.053 -0.038 -0.164 -0.268 -0.387 -0.421 -0.320 -0.313 -0.433 -0.385 -0.294 -0.364 -0.430 -0.339 -0.299 -0.204 -0.120 -0.070  0.007  0.114  0.116  0.029 -0.022 -0.149 -0.238 -0.334 -0.457 -0.456 -0.545 -0.512 -0.431 -0.354 -0.184 -0.125
  0.372  0.448  0.552  0.710  0.665  0.759  0.604  0.171  0.013  0.295  0.468  0.759  0.869  1.000  0.911  0.824  0.650  0.260 -0.438 -0.501 -0.749 -0.644 -0.407 -0.357 -0.313 -0.093  0.309  0.367  0.788  0.799  0.518  0.303  0.112 -0.159 -0.121 -0.183 -0.423 -0.551 -0.410 -0.486 -0.667 -0.673 -0.733 -0.648 -0.617 -0.457 -0.562 -0.575 -0.725 -0.929 -0.975 -0.884 -0.548 -0.186  0.218  0.498  0.554  0.607  0.620  0.649  0.785  0.758  0.688  0.636  0.540  0.495  0.491  0.403  0.390  0.429  0.351  0.314  0.342  0.298  0.248  0.297  0.338  0.205  0.183  0.227  0.227  0.158  0.199  0.134  0.187  0.342  0.357  0.433  0.430  0.448  0.335  0.234  0.110  0.073  0.178  0.177  0.048  0.098  0.174  0.082  0.021  0.111  0.118  0.219  0.274  0.330  0.419  0.492  0.442  0.373  0.292  0.189  0.142  0.006 -0.058  0.004 -0.075 -0.038  0.044  0.075  0.216  0.151
  0.669  0.732  0.829  0.916  0.834  0.800  0.614  0.186 -0.130  0.028  0.250  0.560  0.628  0.911  1.000  0.846  0.632  0.475 -0.150 -0.233 -0.474 -0.359 -0.075  0.019  0.075  0.316  0.654  0.697  0.814  0.497  0.205 -0.084 -0.297 -0.541 -0.485 -0.564 -0.744 -0.837 -0.736 -0.795 -0.903 -0.866 -0.829 -0.702 -0.554 -0.349 -0.374 -0.327 -0.447 -0.758 -0.933 -0.865 -0.589 -0.299  0.145  0.407  0.608  0.667  0.760  0.768  0.900  0.928  0.907  0.857  0.812  0.797  0.783  0.715  0.682  0.693  0.634  0.632  0.668  0.645  0.601  0.638  0.645  0.546  0.484  0.472  0.399  0.256  0.208  0.053  0.047  0.287  0.427  0.556  0.638  0.666  0.594  0.547  0.437  0.400  0.464  0.433  0.321  0.357  0.382  0.273  0.238  0.302  0.256  0.347  0.354  0.411  0.507  0.531  0.427  0.383  0.280  0.217  0.228  0.075  0.102  0.243  0.234  0.326  0.420  0.471  0.591  0.506
  0.306  0.367  0.563  0.647  0.434  0.391  0.137 -0.341 -0.541 -0.269 -0.100  0.270  0.483  0.824  0.846  1.000  0.942  0.739  0.102  0.045 -0.306 -0.154  0.099  0.084  0.102  0.202  0.591  0.375  0.481  0.533  0.548  0.218 -0.170 -0.361 -0.129 -0.338 -0.647 -0.600 -0.460 -0.647 -0.785 -0.890 -0.968 -0.953 -0.903 -0.780 -0.760 -0.695 -0.698 -0.847 -0.806 -0.551 -0.095  0.245  0.644  0.824  0.921  0.945  0.937  0.951  0.934  0.881  0.825  0.858  0.769  0.675  0.725  0.685  0.730  0.779  0.729  0.660  0.643  0.571  0.551  0.597  0.689  0.580  0.630  0.703  0.729  0.676  0.678  0.570  0.562  0.748  0.811  0.861  0.833  0.834  0.751  0.641  0.555  0.531  0.642  0.664  0.563  0.607  0.684  0.620  0.566  0.642  0.650  0.725  0.757  0.795  0.851  0.884  0.835  0.802  0.737  0.679  0.662  0.546  0.507  0.547  0.440  0.397  0.419  0.326  0.364  0.130
  0.039  0.091  0.317  0.387  0.127  0.086 -0.166 -0.604 -0.704 -0.407 -0.297  0.055  0.325  0.650  0.632  0.942  1.000  0.796  0.247  0.210 -0.158 -0.008  0.190  0.112  0.107  0.110  0.472  0.137  0.237  0.485  0.678  0.370 -0.068 -0.199  0.105 -0.154 -0.497 -0.371 -0.228 -0.466 -0.602 -0.779 -0.913 -0.966 -0.979 -0.925 -0.881 -0.811 -0.742 -0.773 -0.606 -0.278  0.219  0.540  0.850  0.955  0.974  0.972  0.905  0.920  0.817  0.723  0.654  0.733  0.631  0.502  0.584  0.566  0.651  0.716  0.678  0.579  0.534  0.442  0.440  0.484  0.615  0.517  0.626  0.739  0.820  0.829  0.861  0.796  0.789  0.915  0.923  0.917  0.829  0.811  0.734  0.604  0.545  0.532  0.654  0.705  0.626  0.668  0.764  0.737  0.679  0.751  0.790  0.844  0.886  0.908  0.931  0.964  0.955  0.934  0.901  0.855  0.824  0.748  0.677  0.649  0.501  0.383  0.360  0.193  0.178 -0.111
  0.289  0.302  0.496  0.433  0.134 -0.093 -0.345 -0.658 -0.905 -0.832 -0.711 -0.413 -0.219  0.260  0.475  0.739  0.796  1.000  0.739  0.697  0.405  0.541  0.729  0.686  0.681  0.639  0.808  0.421  0.020 -0.116  0.154 -0.185 -0.604 -0.622 -0.300 -0.566 -0.771 -0.562 -0.507 -0.705 -0.702 -0.829 -0.830 -0.862 -0.743 -0.681 -0.506 -0.360 -0.205 -0.302 -0.276  0.007  0.344  0.473  0.719  0.717  0.897  0.888  0.912  0.894  0.737  0.717  0.727  0.827  0.814  0.733  0.806  0.840  0.906  0.929  0.937  0.889  0.843  0.788  0.809  0.824  0.904  0.884  0.956  0.991  0.985  0.928  0.838  0.681  0.584  0.770  0.927  0.962  0.975  0.964  0.970  0.932  0.926  0.925  0.969  0.985  0.965  0.976  0.988  0.969  0.961  0.974  0.948  0.959  0.928  0.934  0.938  0.890  0.831  0.861  0.825  0.859  0.912  0.854  0.912  0.961  0.918  0.851  0.816  0.658  0.573  0.269
  0.091  0.051  0.144 -0.030 -0.260 -0.546 -0.666 -0.652 -0.808 -0.961 -0.954 -0.884 -0.802 -0.438 -0.150  0.102  0.247  0.739  1.000  0.990  0.905  0.954  0.973  0.920  0.893  0.724  0.587  0.224 -0.467 -0.690 -0.295 -0.466 -0.702 -0.534 -0.286 -0.476 -0.475 -0.210 -0.268 -0.380 -0.240 -0.328 -0.259 -0.328 -0.208 -0.243 -0.006  0.147  0.382  0.398  0.407  0.578  0.628  0.482  0.440  0.253  0.413  0.372  0.408  0.368  0.143  0.164  0.234  0.352  0.417  0.389  0.450  0.540  0.597  0.583  0.646  0.640  0.585  0.575  0.626  0.603  0.634  0.712  0.775  0.759  0.730  0.705  0.575  0.458  0.325  0.407  0.568  0.564  0.603  0.586  0.676  0.725  0.804  0.827  0.782  0.788  0.859  0.832  0.777  0.814  0.856  0.799  0.758  0.699  0.624  0.592  0.540  0.439  0.405  0.482  0.497  0.605  0.696  0.730  0.848  0.874  0.911  0.848  0.771  0.626  0.458  0.240
  0.015 -0.029  0.062 -0.115 -0.342 -0.620 -0.729 -0.687 -0.806 -0.958 -0.971 -0.922 -0.837 -0.501 -0.233  0.045  0.210  0.697  0.990  1.000  0.929  0.971  0.966  0.899  0.864  0.670  0.514  0.136 -0.551 -0.709 -0.281 -0.427 -0.652 -0.467 -0.218 -0.405 -0.399 -0.125 -0.186 -0.298 -0.156 -0.253 -0.198 -0.283 -0.187 -0.242 -0.006  0.138  0.384  0.435  0.471  0.647  0.688  0.526  0.452  0.244  0.378  0.331  0.353  0.314  0.075  0.088  0.154  0.279  0.342  0.310  0.375  0.470  0.534  0.522  0.588  0.578  0.518  0.507  0.561  0.537  0.572  0.655  0.728  0.719  0.704  0.697  0.578  0.478  0.349  0.407  0.548  0.529  0.553  0.533  0.625  0.672  0.758  0.784  0.740  0.752  0.830  0.802  0.750  0.798  0.839  0.781  0.748  0.682  0.610  0.574  0.514  0.414  0.392  0.472  0.497  0.606  0.692  0.739  0.847  0.854  0.883  0.805  0.717  0.562  0.384  0.167
 -0.006 -0.071 -0.062 -0.265 -0.399 -0.662 -0.677 -0.471 -0.552 -0.815 -0.870 -0.952 -0.966 -0.749 -0.474 -0.306 -0.158  0.405  0.905  0.929  1.000  0.985  0.904  0.863  0.829  0.631  0.339  0.081 -0.642 -0.895 -0.532 -0.564 -0.628 -0.392 -0.253 -0.345 -0.212  0.018 -0.096 -0.121  0.072  0.036  0.141  0.076  0.176  0.099  0.319  0.438  0.662  0.727  0.704  0.760  0.616  0.334  0.141 -0.107  0.018 -0.028  0.017 -0.027 -0.232 -0.185 -0.092  0.005  0.107  0.122  0.157  0.260  0.294  0.258  0.338  0.364  0.320  0.343  0.399  0.358  0.345  0.465  0.499  0.449  0.405  0.395  0.264  0.189  0.062  0.072  0.210  0.192  0.248  0.233  0.355  0.450  0.559  0.590  0.501  0.494  0.603  0.559  0.471  0.530  0.593  0.508  0.461  0.374  0.286  0.241  0.171  0.059  0.041  0.129  0.167  0.295  0.392  0.469  0.603  0.619  0.703  0.666  0.586  0.491  0.317  0.203
  0.036 -0.022  0.021 -0.176 -0.351 -0.630 -0.688 -0.553 -0.666 -0.891 -0.922 -0.947 -0.924 -0.644 -0.359 -0.154 -0.008  0.541  0.954  0.971  0.985  1.000  0.955  0.906  0.872  0.680  0.442  0.133 -0.597 -0.839 -0.454 -0.541 -0.672 -0.458 -0.274 -0.405 -0.320 -0.072 -0.166 -0.224 -0.048 -0.104 -0.011 -0.079  0.029 -0.033  0.198  0.330  0.565  0.612  0.599  0.703  0.631  0.395  0.260  0.030  0.173  0.128  0.172  0.128 -0.089 -0.051  0.035  0.142  0.232  0.231  0.277  0.377  0.421  0.393  0.468  0.483  0.433  0.444  0.499  0.464  0.468  0.573  0.619  0.581  0.542  0.526  0.392  0.299  0.165  0.205  0.355  0.343  0.394  0.378  0.490  0.569  0.669  0.698  0.624  0.622  0.718  0.681  0.603  0.655  0.711  0.636  0.590  0.512  0.427  0.386  0.322  0.211  0.186  0.272  0.302  0.424  0.522  0.583  0.713  0.734  0.801  0.753  0.672  0.556  0.379  0.221
  0.250  0.208  0.283  0.100 -0.114 -0.425 -0.547 -0.536 -0.755 -0.948 -0.911 -0.841 -0.795 -0.407 -0.075  0.099  0.190  0.729  0.973  0.966  0.904  0.955  1.000  0.977  0.957  0.826  0.678  0.358 -0.389 -0.745 -0.422 -0.605 -0.813 -0.661 -0.445 -0.610 -0.576 -0.338 -0.408 -0.488 -0.333 -0.382 -0.271 -0.306 -0.145 -0.147  0.093  0.248  0.462  0.415  0.347  0.481  0.492  0.330  0.326  0.161  0.377  0.348  0.423  0.380  0.189  0.238  0.323  0.422  0.504  0.497  0.542  0.628  0.665  0.639  0.701  0.715  0.673  0.677  0.723  0.696  0.703  0.785  0.815  0.771  0.708  0.645  0.488  0.339  0.194  0.311  0.516  0.543  0.623  0.615  0.712  0.782  0.854  0.873  0.815  0.804  0.871  0.842  0.768  0.789  0.838  0.777  0.714  0.659  0.570  0.545  0.506  0.395  0.336  0.414  0.414  0.525  0.632  0.650  0.797  0.864  0.931  0.909  0.851  0.742  0.590  0.394
  0.424  0.383  0.430  0.243  0.063 -0.261 -0.372 -0.359 -0.644 -0.882 -0.815 -0.750 -0.753 -0.357  0.019  0.084  0.112  0.686  0.920  0.899  0.863  0.906  0.977  1.000  0.995  0.920  0.761  0.524 -0.248 -0.772 -0.560 -0.748 -0.911 -0.781 -0.617 -0.745 -0.669 -0.477 -0.560 -0.599 -0.430 -0.427 -0.267 -0.256 -0.046 -0.010  0.224  0.382  0.557  0.435  0.278  0.352  0.308  0.132  0.163  0.032  0.305  0.291  0.410  0.363  0.224  0.306  0.407  0.478  0.578  0.599  0.622  0.699  0.708  0.667  0.726  0.765  0.743  0.763  0.800  0.772  0.747  0.833  0.820  0.742  0.636  0.531  0.346  0.166  0.015  0.168  0.416  0.480  0.607  0.610  0.713  0.807  0.869  0.883  0.808  0.774  0.836  0.804  0.708  0.710  0.766  0.700  0.613  0.565  0.463  0.445  0.424  0.306  0.219  0.294  0.276  0.388  0.511  0.509  0.689  0.802  0.909  0.939  0.909  0.850  0.727  0.572
  0.488  0.449  0.491  0.306  0.136 -0.189 -0.300 -0.298 -0.608 -0.853 -0.771 -0.701 -0.716 -0.313  0.075  0.102  0.107  0.681  0.893  0.864  0.829  0.872  0.957  0.995  1.000  0.948  0.797  0.589 -0.179 -0.757 -0.588 -0.784 -0.938 -0.823 -0.675 -0.793 -0.711 -0.535 -0.619 -0.648 -0.480 -0.461 -0.285 -0.259 -0.030  0.022  0.252  0.411  0.569  0.417  0.231  0.288  0.236  0.066  0.118  0.005  0.297  0.289  0.422  0.375  0.256  0.348  0.452  0.512  0.615  0.645  0.661  0.732  0.731  0.686  0.743  0.788  0.774  0.798  0.831  0.803  0.770  0.853  0.826  0.739  0.618  0.499  0.305  0.114 -0.037  0.132  0.394  0.471  0.613  0.620  0.722  0.820  0.876  0.887  0.809  0.769  0.825  0.794  0.693  0.685  0.743  0.678  0.582  0.540  0.435  0.422  0.408  0.290  0.193  0.266  0.240  0.349  0.476  0.464  0.652  0.782  0.899  0.947  0.929  0.887  0.777  0.634
  0.725  0.700  0.721  0.563  0.435  0.123  0.007 -0.054 -0.451 -0.695 -0.556 -0.453 -0.508 -0.093  0.316  0.202  0.110  0.639  0.724  0.670  0.631  0.680  0.826  0.920  0.948  1.000  0.904  0.811  0.109 -0.638 -0.645 -0.869 -0.992 -0.950 -0.861 -0.941 -0.851 -0.753 -0.827 -0.818 -0.668 -0.592 -0.378 -0.286 -0.006  0.113  0.310  0.462  0.545  0.282 -0.007 -0.009 -0.071 -0.195 -0.044 -0.070  0.283  0.300  0.481  0.436  0.406  0.526  0.633  0.650  0.755  0.808  0.797  0.841  0.805  0.751  0.790  0.857  0.870  0.906  0.920  0.898  0.837  0.900  0.822  0.705  0.541  0.367  0.156 -0.071 -0.215  0.011  0.314  0.441  0.631  0.654  0.740  0.847  0.870  0.868  0.790  0.726  0.753  0.728  0.619  0.574  0.628  0.575  0.456  0.439  0.332  0.338  0.357  0.247  0.115  0.171  0.113  0.202  0.335  0.280  0.488  0.675  0.820  0.934  0.960  0.983  0.933  0.835
  0.768  0.776  0.868  0.780  0.599  0.332  0.135 -0.123 -0.545 -0.635 -0.441 -0.199 -0.167  0.309  0.654  0.591  0.472  0.808  0.587  0.514  0.339  0.442  0.678  0.761  0.797  0.904  1.000  0.864  0.359 -0.274 -0.315 -0.636 -0.886 -0.948 -0.794 -0.933 -0.985 -0.905 -0.904 -0.964 -0.904 -0.872 -0.721 -0.624 -0.365 -0.204 -0.043  0.104  0.152 -0.148 -0.389 -0.301 -0.170 -0.122  0.186  0.259  0.599  0.629  0.784  0.754  0.746  0.828  0.891  0.908  0.958  0.967  0.972  0.985  0.966  0.941  0.947  0.978  0.989  0.990  0.989  0.992  0.974  0.976  0.920  0.848  0.715  0.539  0.366  0.128  0.011  0.283  0.564  0.699  0.854  0.876  0.909  0.953  0.929  0.915  0.896  0.848  0.822  0.821  0.761  0.690  0.712  0.702  0.603  0.626  0.551  0.576  0.623  0.549  0.413  0.441  0.360  0.404  0.506  0.404  0.561  0.743  0.825  0.915  0.956  0.952  0.942  0.778
  0.941  0.956  0.945  0.886  0.858  0.658  0.556  0.377 -0.067 -0.228 -0.020  0.132  0.034  0.367  0.697  0.375  0.137  0.421  0.224  0.136  0.081  0.133  0.358  0.524  0.589  0.811  0.864  1.000  0.625 -0.211 -0.525 -0.753 -0.807 -0.917 -0.946 -0.946 -0.887 -0.951 -0.979 -0.918 -0.852 -0.700 -0.484 -0.302 -0.007  0.201  0.284  0.386  0.310 -0.081 -0.463 -0.556 -0.595 -0.584 -0.283 -0.139  0.224  0.282  0.492  0.465  0.599  0.732  0.811  0.748  0.821  0.896  0.843  0.824  0.739  0.687  0.681  0.761  0.820  0.860  0.836  0.833  0.746  0.750  0.606  0.476  0.283  0.061 -0.119 -0.350 -0.437 -0.168  0.122  0.303  0.522  0.565  0.595  0.679  0.634  0.608  0.558  0.473  0.436  0.430  0.341  0.240  0.271  0.256  0.132  0.169  0.090  0.129  0.206  0.144 -0.015 -0.007 -0.107 -0.082  0.022 -0.098  0.080  0.318  0.465  0.658  0.758  0.883  0.956  0.958
  0.618  0.667  0.665  0.776  0.844  0.904  0.857  0.591  0.356  0.430  0.602  0.768  0.721  0.788  0.814  0.481  0.237  0.020 -0.467 -0.551 -0.642 -0.597 -0.389 -0.248 -0.179  0.109  0.359  0.625  1.000  0.536  0.052 -0.088 -0.086 -0.326 -0.442 -0.385 -0.447 -0.651 -0.586 -0.534 -0.631 -0.527 -0.446 -0.280 -0.150  0.035 -0.070 -0.076 -0.271 -0.578 -0.810 -0.902 -0.821 -0.608 -0.272  0.000  0.155  0.226  0.332  0.343  0.577  0.631  0.616  0.508  0.483  0.519  0.461  0.375  0.294  0.287  0.227  0.259  0.333  0.336  0.283  0.310  0.265  0.184  0.065  0.017 -0.081 -0.220 -0.249 -0.350 -0.319 -0.144 -0.048  0.083  0.187  0.225  0.158  0.146  0.039 -0.001  0.029 -0.022 -0.123 -0.097 -0.093 -0.202 -0.226 -0.176 -0.225 -0.139 -0.128 -0.070  0.029  0.068 -0.024 -0.080 -0.174 -0.248 -0.247 -0.380 -0.356 -0.211 -0.172 -0.018  0.105  0.253  0.425  0.491
 -0.181 -0.110 -0.028  0.181  0.199  0.447  0.392  0.093  0.213  0.578  0.621  0.791  0.927  0.799  0.497  0.533  0.485 -0.116 -0.690 -0.709 -0.895 -0.839 -0.745 -0.772 -0.757 -0.638 -0.274 -0.211  0.536  1.000  0.817  0.765  0.664  0.447  0.444  0.419  0.168  0.037  0.188  0.105 -0.119 -0.193 -0.368 -0.372 -0.515 -0.476 -0.662 -0.746 -0.885 -0.870 -0.713 -0.617 -0.302  0.051  0.261  0.477  0.306  0.331  0.225  0.272  0.369  0.273  0.156  0.119 -0.018 -0.094 -0.081 -0.169 -0.148 -0.084 -0.162 -0.236 -0.228 -0.290 -0.333 -0.283 -0.205 -0.342 -0.300 -0.189 -0.083 -0.025  0.130  0.215  0.335  0.320  0.150  0.124 -0.000 -0.004 -0.140 -0.284 -0.387 -0.412 -0.283 -0.241 -0.352 -0.300 -0.173 -0.211 -0.291 -0.191 -0.113 -0.029  0.076  0.114  0.163  0.282  0.326  0.244  0.221  0.094 -0.019 -0.085 -0.258 -0.331 -0.484 -0.538 -0.500 -0.509 -0.385 -0.403
 -0.545 -0.490 -0.329 -0.167 -0.281 -0.088 -0.192 -0.469 -0.240  0.163  0.134  0.320  0.574  0.518  0.205  0.548  0.678  0.154 -0.295 -0.281 -0.532 -0.454 -0.422 -0.560 -0.588 -0.645 -0.315 -0.525  0.052  0.817  1.000  0.929  0.678  0.566  0.742  0.593  0.265  0.306  0.465  0.269  0.062 -0.141 -0.404 -0.525 -0.746 -0.806 -0.908 -0.960 -0.950 -0.760 -0.406 -0.142  0.283  0.608  0.711  0.791  0.538  0.519  0.328  0.371  0.294  0.132  0.002  0.059 -0.095 -0.236 -0.159 -0.199 -0.102 -0.012 -0.064 -0.191 -0.241 -0.339 -0.347 -0.299 -0.150 -0.266 -0.116  0.061  0.250  0.394  0.572  0.696  0.791  0.713  0.492  0.385  0.170  0.137  0.019 -0.157 -0.212 -0.218 -0.069  0.020 -0.053 -0.004  0.149  0.169  0.087  0.177  0.297  0.345  0.455  0.463  0.459  0.561  0.658  0.605  0.629  0.534  0.414  0.405  0.198  0.029 -0.193 -0.378 -0.424 -0.580 -0.568 -0.727
 -0.736 -0.694 -0.599 -0.433 -0.455 -0.197 -0.205 -0.331  0.017  0.376  0.278  0.337  0.530  0.303 -0.084  0.218  0.370 -0.185 -0.466 -0.427 -0.564 -0.541 -0.605 -0.748 -0.784 -0.869 -0.636 -0.753 -0.088  0.765  0.929  1.000  0.891  0.820  0.906  0.840  0.592  0.594  0.725  0.589  0.396  0.219 -0.053 -0.186 -0.465 -0.575 -0.718 -0.818 -0.829 -0.562 -0.182 -0.003  0.291  0.536  0.503  0.542  0.207  0.180 -0.034  0.013 -0.043 -0.208 -0.338 -0.298 -0.442 -0.561 -0.501 -0.538 -0.453 -0.370 -0.415 -0.530 -0.574 -0.655 -0.661 -0.622 -0.495 -0.589 -0.447 -0.277 -0.073  0.111  0.322  0.512  0.635  0.468  0.182  0.044 -0.189 -0.224 -0.332 -0.493 -0.529 -0.527 -0.400 -0.309 -0.359 -0.319 -0.172 -0.129 -0.204 -0.126  0.008  0.038  0.156  0.154  0.133  0.244  0.374  0.321  0.370  0.276  0.140  0.171 -0.057 -0.263 -0.474 -0.658 -0.710 -0.834 -0.820 -0.886
 -0.738 -0.711 -0.722 -0.561 -0.443 -0.132 -0.021  0.027  0.425  0.679  0.540  0.448  0.516  0.112 -0.297 -0.170 -0.068 -0.604 -0.702 -0.652 -0.628 -0.672 -0.813 -0.911 -0.938 -0.992 -0.886 -0.807 -0.086  0.664  0.678  0.891  1.000  0.956  0.874  0.943  0.840  0.747  0.824  0.805  0.650  0.562  0.345  0.248 -0.032 -0.152 -0.347 -0.493 -0.569 -0.304 -0.006  0.010  0.092  0.226  0.081  0.108 -0.247 -0.265 -0.450 -0.405 -0.383 -0.507 -0.616 -0.628 -0.737 -0.796 -0.780 -0.824 -0.784 -0.728 -0.767 -0.838 -0.854 -0.893 -0.906 -0.883 -0.816 -0.882 -0.798 -0.676 -0.508 -0.332 -0.120  0.107  0.249  0.027 -0.277 -0.406 -0.601 -0.626 -0.715 -0.826 -0.850 -0.848 -0.766 -0.699 -0.728 -0.702 -0.589 -0.544 -0.601 -0.545 -0.424 -0.406 -0.298 -0.303 -0.324 -0.213 -0.079 -0.135 -0.077 -0.167 -0.301 -0.247 -0.457 -0.648 -0.798 -0.918 -0.946 -0.976 -0.929 -0.844
 -0.860 -0.853 -0.879 -0.764 -0.653 -0.375 -0.234 -0.081  0.360  0.549  0.363  0.205  0.260 -0.159 -0.541 -0.361 -0.199 -0.622 -0.534 -0.467 -0.392 -0.458 -0.661 -0.781 -0.823 -0.950 -0.948 -0.917 -0.326  0.447  0.566  0.820  0.956  1.000  0.924  0.988  0.940  0.900  0.939  0.925  0.820  0.719  0.511  0.379  0.088 -0.082 -0.239 -0.372 -0.391 -0.061  0.265  0.279  0.293  0.337  0.083  0.025 -0.347 -0.384 -0.579 -0.542 -0.580 -0.699 -0.789 -0.777 -0.863 -0.916 -0.892 -0.909 -0.858 -0.809 -0.825 -0.891 -0.921 -0.953 -0.950 -0.940 -0.876 -0.906 -0.806 -0.688 -0.513 -0.312 -0.112  0.131  0.255 -0.008 -0.316 -0.472 -0.674 -0.706 -0.763 -0.852 -0.840 -0.827 -0.769 -0.698 -0.691 -0.678 -0.582 -0.508 -0.549 -0.518 -0.396 -0.407 -0.313 -0.335 -0.384 -0.294 -0.145 -0.179 -0.097 -0.156 -0.277 -0.184 -0.379 -0.593 -0.730 -0.872 -0.929 -0.984 -0.984 -0.903
 -0.934 -0.923 -0.868 -0.764 -0.770 -0.543 -0.485 -0.428  0.003  0.256  0.077  0.014  0.169 -0.121 -0.485 -0.129  0.105 -0.300 -0.286 -0.218 -0.253 -0.274 -0.445 -0.617 -0.675 -0.861 -0.794 -0.946 -0.442  0.444  0.742  0.906  0.874  0.924  1.000  0.954  0.801  0.862  0.936  0.825  0.704  0.520  0.262  0.084 -0.219 -0.405 -0.506 -0.604 -0.547 -0.178  0.240  0.389  0.551  0.648  0.436  0.352 -0.021 -0.073 -0.302 -0.266 -0.387 -0.548 -0.652 -0.586 -0.695 -0.799 -0.734 -0.734 -0.638 -0.568 -0.581 -0.685 -0.744 -0.809 -0.793 -0.775 -0.659 -0.699 -0.540 -0.381 -0.168  0.054  0.256  0.482  0.586  0.345  0.040 -0.137 -0.379 -0.425 -0.487 -0.611 -0.593 -0.575 -0.488 -0.392 -0.388 -0.368 -0.248 -0.162 -0.214 -0.173 -0.035 -0.048  0.050  0.023 -0.039  0.045  0.203  0.178  0.265  0.213  0.091  0.184 -0.026 -0.268 -0.454 -0.663 -0.754 -0.899 -0.947 -0.990
 -0.895 -0.890 -0.901 -0.792 -0.705 -0.439 -0.311 -0.166  0.283  0.478  0.286  0.140  0.215 -0.183 -0.564 -0.338 -0.154 -0.566 -0.476 -0.405 -0.345 -0.405 -0.610 -0.745 -0.793 -0.941 -0.933 -0.946 -0.385  0.419  0.593  0.840  0.943  0.988  0.954  1.000  0.930  0.916  0.964  0.931  0.824  0.704  0.481  0.338  0.039 -0.140 -0.281 -0.413 -0.412 -0.064  0.289  0.331  0.367  0.411  0.155  0.084 -0.294 -0.335 -0.540 -0.504 -0.558 -0.692 -0.785 -0.760 -0.849 -0.915 -0.882 -0.892 -0.829 -0.776 -0.790 -0.865 -0.902 -0.941 -0.933 -0.922 -0.846 -0.876 -0.760 -0.634 -0.449 -0.239 -0.038  0.206  0.326  0.060 -0.251 -0.414 -0.627 -0.663 -0.719 -0.814 -0.797 -0.782 -0.720 -0.642 -0.632 -0.618 -0.518 -0.438 -0.481 -0.449 -0.322 -0.337 -0.242 -0.267 -0.321 -0.234 -0.080 -0.111 -0.025 -0.081 -0.202 -0.105 -0.304 -0.527 -0.675 -0.835 -0.903 -0.979 -0.994 -0.938
 -0.811 -0.828 -0.918 -0.854 -0.689 -0.447 -0.244  0.051  0.482  0.540  0.328  0.068  0.038 -0.423 -0.744 -0.647 -0.497 -0.771 -0.475 -0.399 -0.212 -0.320 -0.576 -0.669 -0.711 -0.851 -0.985 -0.887 -0.447  0.168  0.265  0.592  0.840  0.940  0.801  0.930  1.000  0.951  0.934  0.990  0.952  0.906  0.762  0.649  0.391  0.209  0.075 -0.061 -0.076  0.247  0.500  0.422  0.273  0.187 -0.159 -0.270 -0.608 -0.647 -0.804 -0.778 -0.800 -0.882 -0.936 -0.938 -0.977 -0.988 -0.986 -0.985 -0.959 -0.936 -0.932 -0.962 -0.980 -0.981 -0.972 -0.979 -0.959 -0.945 -0.881 -0.810 -0.676 -0.493 -0.330 -0.093  0.011 -0.270 -0.544 -0.689 -0.844 -0.870 -0.888 -0.922 -0.882 -0.863 -0.855 -0.804 -0.763 -0.767 -0.716 -0.633 -0.648 -0.649 -0.551 -0.587 -0.521 -0.553 -0.612 -0.550 -0.411 -0.428 -0.338 -0.366 -0.459 -0.343 -0.489 -0.677 -0.752 -0.854 -0.908 -0.921 -0.935 -0.787
 -0.915 -0.940 -0.986 -0.958 -0.873 -0.688 -0.523 -0.232  0.209  0.268  0.037 -0.197 -0.170 -0.551 -0.837 -0.600 -0.371 -0.562 -0.210 -0.125  0.018 -0.072 -0.338 -0.477 -0.535 -0.753 -0.905 -0.951 -0.651  0.037  0.306  0.594  0.747  0.900  0.862  0.916  0.951  1.000  0.982  0.977  0.961  0.856  0.688  0.527  0.260  0.042 -0.033 -0.134 -0.068  0.313  0.635  0.643  0.550  0.446  0.068 -0.107 -0.450 -0.508 -0.689 -0.670 -0.779 -0.883 -0.934 -0.887 -0.926 -0.966 -0.933 -0.905 -0.845 -0.814 -0.794 -0.845 -0.889 -0.907 -0.879 -0.890 -0.839 -0.811 -0.700 -0.608 -0.448 -0.241 -0.087  0.145  0.224 -0.063 -0.332 -0.503 -0.685 -0.723 -0.725 -0.768 -0.704 -0.675 -0.663 -0.595 -0.534 -0.542 -0.487 -0.381 -0.393 -0.402 -0.296 -0.350 -0.291 -0.336 -0.418 -0.374 -0.223 -0.220 -0.114 -0.119 -0.204 -0.067 -0.210 -0.426 -0.523 -0.678 -0.771 -0.854 -0.926 -0.861
 -0.945 -0.958 -0.973 -0.914 -0.852 -0.642 -0.506 -0.287  0.165  0.293  0.074 -0.110 -0.041 -0.410 -0.736 -0.460 -0.228 -0.507 -0.268 -0.186 -0.096 -0.166 -0.408 -0.560 -0.619 -0.827 -0.904 -0.979 -0.586  0.188  0.465  0.725  0.824  0.939  0.936  0.964  0.934  0.982  1.000  0.962  0.905  0.773  0.567  0.400  0.111 -0.101 -0.191 -0.300 -0.241  0.144  0.507  0.558  0.546  0.510  0.181  0.037 -0.327 -0.383 -0.585 -0.559 -0.666 -0.795 -0.867 -0.816 -0.880 -0.943 -0.901 -0.883 -0.811 -0.765 -0.757 -0.828 -0.877 -0.911 -0.888 -0.888 -0.814 -0.811 -0.683 -0.566 -0.384 -0.166  0.011  0.250  0.342  0.062 -0.230 -0.406 -0.614 -0.655 -0.680 -0.752 -0.704 -0.678 -0.640 -0.561 -0.520 -0.518 -0.438 -0.337 -0.364 -0.355 -0.234 -0.274 -0.199 -0.238 -0.314 -0.253 -0.095 -0.104 -0.002 -0.026 -0.127 -0.003 -0.175 -0.406 -0.536 -0.712 -0.804 -0.906 -0.967 -0.931
 -0.855 -0.876 -0.952 -0.903 -0.765 -0.545 -0.352 -0.052  0.386  0.439  0.218 -0.038 -0.050 -0.486 -0.795 -0.647 -0.466 -0.705 -0.380 -0.298 -0.121 -0.224 -0.488 -0.599 -0.648 -0.818 -0.964 -0.918 -0.534  0.105  0.269  0.589  0.805  0.925  0.825  0.931  0.990  0.977  0.962  1.000  0.971  0.904  0.751  0.620  0.356  0.159  0.048 -0.078 -0.063  0.284  0.563  0.513  0.377  0.278 -0.085 -0.223 -0.563 -0.609 -0.775 -0.752 -0.803 -0.895 -0.948 -0.931 -0.969 -0.990 -0.978 -0.966 -0.927 -0.902 -0.891 -0.928 -0.956 -0.962 -0.946 -0.955 -0.924 -0.904 -0.822 -0.745 -0.602 -0.409 -0.249 -0.013  0.082 -0.204 -0.477 -0.632 -0.797 -0.828 -0.838 -0.874 -0.823 -0.800 -0.792 -0.735 -0.685 -0.691 -0.640 -0.547 -0.560 -0.565 -0.465 -0.508 -0.446 -0.483 -0.551 -0.497 -0.352 -0.362 -0.265 -0.283 -0.373 -0.247 -0.392 -0.591 -0.673 -0.794 -0.863 -0.901 -0.937 -0.817
 -0.796 -0.833 -0.936 -0.935 -0.790 -0.623 -0.410 -0.034  0.371  0.332  0.103 -0.198 -0.252 -0.667 -0.903 -0.785 -0.602 -0.702 -0.240 -0.156  0.072 -0.048 -0.333 -0.430 -0.480 -0.668 -0.904 -0.852 -0.631 -0.119  0.062  0.396  0.650  0.820  0.704  0.824  0.952  0.961  0.905  0.971  1.000  0.959  0.855  0.731  0.504  0.300  0.226  0.120  0.160  0.495  0.724  0.638  0.415  0.232 -0.181 -0.364 -0.661 -0.711 -0.846 -0.835 -0.901 -0.963 -0.986 -0.967 -0.970 -0.968 -0.963 -0.933 -0.904 -0.896 -0.868 -0.883 -0.909 -0.898 -0.873 -0.895 -0.888 -0.835 -0.771 -0.725 -0.612 -0.437 -0.315 -0.099 -0.031 -0.312 -0.543 -0.688 -0.818 -0.846 -0.825 -0.823 -0.750 -0.722 -0.747 -0.703 -0.628 -0.647 -0.628 -0.529 -0.522 -0.551 -0.472 -0.534 -0.497 -0.542 -0.620 -0.592 -0.461 -0.452 -0.351 -0.341 -0.403 -0.264 -0.365 -0.542 -0.582 -0.682 -0.755 -0.780 -0.839 -0.703
 -0.625 -0.660 -0.816 -0.826 -0.619 -0.459 -0.213  0.204  0.552  0.443  0.235 -0.106 -0.236 -0.673 -0.866 -0.890 -0.779 -0.829 -0.328 -0.253  0.036 -0.104 -0.382 -0.427 -0.461 -0.592 -0.872 -0.700 -0.527 -0.193 -0.141  0.219  0.562  0.719  0.520  0.704  0.906  0.856  0.773  0.904  0.959  1.000  0.951  0.877  0.699  0.531  0.445  0.332  0.323  0.584  0.706  0.527  0.202 -0.025 -0.430 -0.587 -0.830 -0.865 -0.950 -0.943 -0.946 -0.966 -0.966 -0.984 -0.961 -0.918 -0.944 -0.922 -0.930 -0.943 -0.914 -0.895 -0.897 -0.861 -0.845 -0.873 -0.910 -0.845 -0.834 -0.832 -0.769 -0.637 -0.545 -0.353 -0.289 -0.547 -0.737 -0.845 -0.919 -0.934 -0.901 -0.863 -0.795 -0.771 -0.825 -0.807 -0.731 -0.756 -0.767 -0.686 -0.666 -0.706 -0.655 -0.714 -0.694 -0.732 -0.794 -0.777 -0.672 -0.665 -0.579 -0.565 -0.609 -0.482 -0.546 -0.674 -0.662 -0.697 -0.740 -0.696 -0.724 -0.513
 -0.402 -0.455 -0.645 -0.691 -0.460 -0.357 -0.095  0.362  0.615  0.405  0.227 -0.139 -0.335 -0.733 -0.829 -0.968 -0.913 -0.830 -0.259 -0.198  0.141 -0.011 -0.271 -0.267 -0.285 -0.378 -0.721 -0.484 -0.446 -0.368 -0.404 -0.053  0.345  0.511  0.262  0.481  0.762  0.688  0.567  0.751  0.855  0.951  1.000  0.967  0.863  0.732  0.671  0.577  0.553  0.731  0.733  0.484  0.063 -0.228 -0.622 -0.777 -0.929 -0.952 -0.973 -0.978 -0.947 -0.916 -0.881 -0.921 -0.857 -0.774 -0.823 -0.797 -0.837 -0.875 -0.837 -0.781 -0.764 -0.701 -0.688 -0.726 -0.806 -0.717 -0.756 -0.806 -0.805 -0.728 -0.692 -0.550 -0.514 -0.727 -0.839 -0.905 -0.909 -0.912 -0.852 -0.768 -0.694 -0.673 -0.763 -0.775 -0.688 -0.724 -0.777 -0.712 -0.672 -0.733 -0.720 -0.784 -0.794 -0.829 -0.881 -0.890 -0.823 -0.805 -0.736 -0.701 -0.710 -0.595 -0.596 -0.662 -0.586 -0.558 -0.578 -0.485 -0.505 -0.259
 -0.216 -0.261 -0.478 -0.522 -0.257 -0.164  0.102  0.545  0.723  0.477  0.336 -0.024 -0.265 -0.648 -0.702 -0.953 -0.966 -0.862 -0.328 -0.283  0.076 -0.079 -0.306 -0.256 -0.259 -0.286 -0.624 -0.302 -0.280 -0.372 -0.525 -0.186  0.248  0.379  0.084  0.338  0.649  0.527  0.400  0.620  0.731  0.877  0.967  1.000  0.945  0.859  0.787  0.692  0.624  0.718  0.628  0.321 -0.142 -0.435 -0.777 -0.887 -0.979 -0.986 -0.962 -0.969 -0.880 -0.817 -0.769 -0.839 -0.761 -0.652 -0.723 -0.710 -0.779 -0.830 -0.798 -0.719 -0.682 -0.603 -0.600 -0.639 -0.748 -0.661 -0.743 -0.826 -0.867 -0.836 -0.826 -0.717 -0.685 -0.857 -0.925 -0.951 -0.908 -0.898 -0.837 -0.733 -0.674 -0.660 -0.763 -0.796 -0.720 -0.757 -0.828 -0.788 -0.742 -0.803 -0.815 -0.868 -0.890 -0.915 -0.947 -0.960 -0.923 -0.910 -0.862 -0.829 -0.824 -0.734 -0.705 -0.722 -0.610 -0.528 -0.518 -0.373 -0.359 -0.072
  0.064  0.015 -0.213 -0.292 -0.034 -0.017  0.229  0.651  0.697  0.374  0.286 -0.051 -0.333 -0.617 -0.554 -0.903 -0.979 -0.743 -0.208 -0.187  0.176  0.029 -0.145 -0.046 -0.030 -0.006 -0.365 -0.007 -0.150 -0.515 -0.746 -0.465 -0.032  0.088 -0.219  0.039  0.391  0.260  0.111  0.356  0.504  0.699  0.863  0.945  1.000  0.968  0.931  0.875  0.795  0.778  0.564  0.220 -0.285 -0.608 -0.888 -0.977 -0.953 -0.946 -0.854 -0.873 -0.754 -0.644 -0.563 -0.649 -0.537 -0.398 -0.487 -0.471 -0.567 -0.639 -0.602 -0.492 -0.438 -0.342 -0.342 -0.387 -0.529 -0.428 -0.555 -0.686 -0.791 -0.827 -0.881 -0.843 -0.845 -0.941 -0.914 -0.888 -0.772 -0.750 -0.667 -0.526 -0.470 -0.461 -0.591 -0.652 -0.576 -0.620 -0.728 -0.712 -0.651 -0.726 -0.779 -0.830 -0.883 -0.900 -0.915 -0.956 -0.967 -0.944 -0.922 -0.871 -0.827 -0.764 -0.670 -0.613 -0.445 -0.303 -0.267 -0.086 -0.061  0.230
  0.274  0.236  0.007 -0.064  0.197  0.194  0.412  0.767  0.722  0.395  0.360  0.068 -0.231 -0.457 -0.349 -0.780 -0.925 -0.681 -0.243 -0.242  0.099 -0.033 -0.147 -0.010  0.022  0.113 -0.204  0.201  0.035 -0.476 -0.806 -0.575 -0.152 -0.082 -0.405 -0.140  0.209  0.042 -0.101  0.159  0.300  0.531  0.732  0.859  0.968  1.000  0.963  0.911  0.793  0.683  0.389  0.021 -0.472 -0.763 -0.953 -0.987 -0.894 -0.869 -0.736 -0.757 -0.590 -0.458 -0.368 -0.476 -0.359 -0.206 -0.309 -0.308 -0.424 -0.504 -0.476 -0.352 -0.283 -0.179 -0.190 -0.230 -0.390 -0.300 -0.461 -0.614 -0.757 -0.840 -0.921 -0.929 -0.938 -0.974 -0.896 -0.827 -0.670 -0.637 -0.560 -0.411 -0.376 -0.376 -0.506 -0.585 -0.529 -0.569 -0.687 -0.699 -0.637 -0.707 -0.783 -0.816 -0.878 -0.882 -0.873 -0.917 -0.961 -0.945 -0.949 -0.906 -0.849 -0.820 -0.700 -0.594 -0.403 -0.217 -0.152  0.064  0.120  0.419
  0.327  0.279  0.068 -0.048  0.160  0.081  0.270  0.632  0.537  0.162  0.135 -0.141 -0.429 -0.562 -0.374 -0.760 -0.881 -0.506 -0.006 -0.006  0.319  0.198  0.093  0.224  0.252  0.310 -0.043  0.284 -0.070 -0.662 -0.908 -0.718 -0.347 -0.239 -0.506 -0.281  0.075 -0.033 -0.191  0.048  0.226  0.445  0.671  0.787  0.931  0.963  1.000  0.974  0.909  0.791  0.483  0.145 -0.348 -0.679 -0.871 -0.947 -0.804 -0.787 -0.636 -0.668 -0.543 -0.406 -0.294 -0.378 -0.242 -0.092 -0.183 -0.160 -0.267 -0.353 -0.310 -0.183 -0.125 -0.020 -0.020 -0.065 -0.223 -0.113 -0.265 -0.429 -0.586 -0.684 -0.802 -0.845 -0.890 -0.899 -0.772 -0.697 -0.521 -0.490 -0.390 -0.224 -0.171 -0.166 -0.310 -0.392 -0.319 -0.365 -0.502 -0.508 -0.434 -0.518 -0.610 -0.656 -0.739 -0.750 -0.751 -0.821 -0.879 -0.844 -0.848 -0.778 -0.695 -0.662 -0.507 -0.385 -0.179  0.001  0.050  0.239  0.258  0.512
  0.404  0.354  0.159  0.017  0.188  0.058  0.219  0.559  0.411  0.015  0.006 -0.242 -0.519 -0.575 -0.327 -0.695 -0.811 -0.360  0.147  0.138  0.438  0.330  0.248  0.382  0.411  0.462  0.104  0.386 -0.076 -0.746 -0.960 -0.818 -0.493 -0.372 -0.604 -0.413 -0.061 -0.134 -0.300 -0.078  0.120  0.332  0.577  0.692  0.875  0.911  0.974  1.000  0.959  0.815  0.487  0.177 -0.299 -0.638 -0.811 -0.898 -0.710 -0.695 -0.527 -0.565 -0.470 -0.316 -0.193 -0.264 -0.116  0.033 -0.052 -0.019 -0.122 -0.212 -0.161 -0.033  0.022  0.125  0.130  0.081 -0.075  0.043 -0.108 -0.279 -0.452 -0.567 -0.713 -0.788 -0.856 -0.833 -0.666 -0.581 -0.387 -0.356 -0.244 -0.069 -0.011 -0.005 -0.155 -0.240 -0.163 -0.213 -0.360 -0.368 -0.289 -0.379 -0.483 -0.534 -0.631 -0.643 -0.645 -0.732 -0.805 -0.760 -0.769 -0.684 -0.582 -0.554 -0.374 -0.233 -0.016  0.166  0.212  0.386  0.387  0.604
  0.302  0.238  0.076 -0.101  0.006 -0.173 -0.034  0.324  0.194 -0.214 -0.248 -0.490 -0.725 -0.725 -0.447 -0.698 -0.742 -0.205  0.382  0.384  0.662  0.565  0.462  0.557  0.569  0.545  0.152  0.310 -0.271 -0.885 -0.950 -0.829 -0.569 -0.391 -0.547 -0.412 -0.076 -0.068 -0.241 -0.063  0.160  0.323  0.553  0.624  0.795  0.793  0.909  0.959  1.000  0.914  0.644  0.399 -0.048 -0.420 -0.638 -0.791 -0.609 -0.612 -0.465 -0.509 -0.494 -0.354 -0.226 -0.255 -0.103  0.025 -0.034  0.025 -0.049 -0.134 -0.067  0.047  0.079  0.171  0.193  0.138  0.006  0.141  0.028 -0.126 -0.278 -0.369 -0.525 -0.600 -0.692 -0.680 -0.510 -0.451 -0.279 -0.259 -0.129  0.044  0.128  0.143 -0.009 -0.080  0.019 -0.036 -0.183 -0.169 -0.084 -0.185 -0.282 -0.353 -0.457 -0.482 -0.508 -0.612 -0.673 -0.609 -0.601 -0.492 -0.382 -0.330 -0.144 -0.030  0.173  0.309  0.320  0.436  0.383  0.534
 -0.090 -0.162 -0.311 -0.483 -0.387 -0.512 -0.341  0.097  0.137 -0.223 -0.345 -0.643 -0.829 -0.929 -0.758 -0.847 -0.773 -0.302  0.398  0.435  0.727  0.612  0.415  0.435  0.417  0.282 -0.148 -0.081 -0.578 -0.870 -0.760 -0.562 -0.304 -0.061 -0.178 -0.064  0.247  0.313  0.144  0.284  0.495  0.584  0.731  0.718  0.778  0.683  0.791  0.815  0.914  1.000  0.894  0.703  0.274 -0.120 -0.472 -0.706 -0.661 -0.694 -0.632 -0.669 -0.733 -0.648 -0.545 -0.535 -0.406 -0.313 -0.343 -0.267 -0.299 -0.364 -0.287 -0.207 -0.206 -0.133 -0.095 -0.150 -0.243 -0.100 -0.146 -0.247 -0.321 -0.321 -0.415 -0.405 -0.474 -0.568 -0.503 -0.520 -0.437 -0.437 -0.310 -0.167 -0.055 -0.026 -0.163 -0.197 -0.074 -0.130 -0.245 -0.184 -0.108 -0.210 -0.259 -0.351 -0.431 -0.476 -0.540 -0.629 -0.626 -0.558 -0.505 -0.395 -0.318 -0.212 -0.088 -0.072  0.074  0.122  0.083  0.130  0.030  0.159
 -0.488 -0.556 -0.648 -0.788 -0.745 -0.807 -0.648 -0.224 -0.020 -0.260 -0.450 -0.736 -0.819 -0.975 -0.933 -0.806 -0.606 -0.276  0.407  0.471  0.704  0.599  0.347  0.278  0.231 -0.007 -0.389 -0.463 -0.810 -0.713 -0.406 -0.182 -0.006  0.265  0.240  0.289  0.500  0.635  0.507  0.563  0.724  0.706  0.733  0.628  0.564  0.389  0.483  0.487  0.644  0.894  1.000  0.922  0.612  0.273 -0.149 -0.433 -0.532 -0.592 -0.633 -0.658 -0.810 -0.804 -0.746 -0.685 -0.606 -0.575 -0.561 -0.476 -0.451 -0.481 -0.406 -0.383 -0.417 -0.383 -0.332 -0.378 -0.403 -0.279 -0.236 -0.259 -0.234 -0.138 -0.155 -0.064 -0.103 -0.283 -0.333 -0.430 -0.457 -0.481 -0.378 -0.296 -0.173 -0.135 -0.227 -0.213 -0.087 -0.133 -0.193 -0.093 -0.040 -0.123 -0.112 -0.212 -0.253 -0.312 -0.407 -0.467 -0.400 -0.335 -0.246 -0.151 -0.120  0.024  0.062 -0.028  0.026 -0.037 -0.128 -0.178 -0.321 -0.264
 -0.612 -0.672 -0.677 -0.808 -0.876 -0.957 -0.880 -0.566 -0.342 -0.481 -0.668 -0.856 -0.826 -0.884 -0.865 -0.551 -0.278  0.007  0.578  0.647  0.760  0.703  0.481  0.352  0.288 -0.009 -0.301 -0.556 -0.902 -0.617 -0.142 -0.003  0.010  0.279  0.389  0.331  0.422  0.643  0.558  0.513  0.638  0.527  0.484  0.321  0.220  0.021  0.145  0.177  0.399  0.703  0.922  1.000  0.863  0.604  0.229 -0.069 -0.200 -0.275 -0.367 -0.387 -0.626 -0.667 -0.636 -0.524 -0.481 -0.507 -0.451 -0.355 -0.282 -0.283 -0.211 -0.234 -0.301 -0.304 -0.243 -0.278 -0.242 -0.140 -0.030  0.003  0.082  0.214  0.219  0.311  0.266  0.094  0.021 -0.108 -0.194 -0.233 -0.148 -0.115  0.006  0.048 -0.002  0.043  0.159  0.124  0.102  0.216  0.251  0.185  0.224  0.126  0.102  0.040 -0.067 -0.120 -0.034  0.033  0.130  0.220  0.236  0.380  0.381  0.247  0.233  0.092 -0.033 -0.176 -0.359 -0.425
 -0.684 -0.716 -0.606 -0.684 -0.873 -0.941 -0.983 -0.887 -0.665 -0.619 -0.768 -0.787 -0.610 -0.548 -0.589 -0.095  0.219  0.344  0.628  0.688  0.616  0.631  0.492  0.308  0.236 -0.071 -0.170 -0.595 -0.821 -0.302  0.283  0.291  0.092  0.293  0.551  0.367  0.273  0.550  0.546  0.377  0.415  0.202  0.063 -0.142 -0.285 -0.472 -0.348 -0.299 -0.048  0.274  0.612  0.863  1.000  0.918  0.682  0.436  0.270  0.192  0.042  0.035 -0.259 -0.364 -0.381 -0.228 -0.250 -0.350 -0.249 -0.165 -0.042 -0.003  0.046 -0.037 -0.131 -0.185 -0.126 -0.136 -0.024  0.021  0.198  0.306  0.448  0.608  0.654  0.741  0.707  0.572  0.466  0.317  0.160  0.109  0.145  0.098  0.188  0.224  0.247  0.326  0.400  0.389  0.430  0.537  0.536  0.514  0.587  0.518  0.528  0.475  0.376  0.352  0.451  0.501  0.590  0.647  0.632  0.744  0.683  0.510  0.402  0.182  0.040 -0.195 -0.384 -0.591
 -0.677 -0.680 -0.506 -0.516 -0.748 -0.764 -0.874 -0.951 -0.737 -0.541 -0.646 -0.545 -0.286 -0.186 -0.299  0.245  0.540  0.473  0.482  0.526  0.334  0.395  0.330  0.132  0.066 -0.195 -0.122 -0.584 -0.608  0.051  0.608  0.536  0.226  0.337  0.648  0.411  0.187  0.446  0.510  0.278  0.232 -0.025 -0.228 -0.435 -0.608 -0.763 -0.679 -0.638 -0.420 -0.120  0.273  0.604  0.918  1.000  0.896  0.736  0.544  0.476  0.295  0.303  0.025 -0.117 -0.177 -0.024 -0.100 -0.240 -0.124 -0.070  0.070  0.137  0.156  0.039 -0.059 -0.145 -0.100 -0.087  0.066  0.054  0.256  0.408  0.586  0.752  0.840  0.928  0.923  0.819  0.681  0.533  0.336  0.283  0.267  0.160  0.207  0.233  0.312  0.408  0.434  0.446  0.536  0.621  0.589  0.608  0.704  0.670  0.714  0.678  0.602  0.614  0.716  0.740  0.810  0.824  0.775  0.849  0.735  0.548  0.376  0.130 -0.001 -0.262 -0.415 -0.678
 -0.381 -0.358 -0.131 -0.105 -0.389 -0.428 -0.634 -0.912 -0.840 -0.567 -0.571 -0.323 -0.023  0.218  0.145  0.644  0.850  0.719  0.440  0.452  0.141  0.260  0.326  0.163  0.118 -0.044  0.186 -0.283 -0.272  0.261  0.711  0.503  0.081  0.083  0.436  0.155 -0.159  0.068  0.181 -0.085 -0.181 -0.430 -0.622 -0.777 -0.888 -0.953 -0.871 -0.811 -0.638 -0.472 -0.149  0.229  0.682  0.896  1.000  0.953  0.852  0.809  0.666  0.678  0.450  0.315  0.244  0.381  0.283  0.130  0.244  0.271  0.401  0.476  0.469  0.346  0.260  0.162  0.189  0.219  0.381  0.323  0.504  0.656  0.806  0.910  0.977  0.992  0.981  0.987  0.912  0.820  0.656  0.614  0.567  0.435  0.434  0.444  0.554  0.640  0.616  0.644  0.748  0.786  0.738  0.786  0.863  0.870  0.916  0.905  0.870  0.892  0.948  0.954  0.979  0.965  0.922  0.927  0.823  0.696  0.514  0.301  0.208 -0.041 -0.147 -0.464
 -0.224 -0.180  0.053  0.125 -0.141 -0.148 -0.378 -0.756 -0.740 -0.413 -0.363 -0.054  0.245  0.498  0.407  0.824  0.955  0.717  0.253  0.244 -0.107  0.030  0.161  0.032  0.005 -0.070  0.259 -0.139  0.000  0.477  0.791  0.542  0.108  0.025  0.352  0.084 -0.270 -0.107  0.037 -0.223 -0.364 -0.587 -0.777 -0.887 -0.977 -0.987 -0.947 -0.898 -0.791 -0.706 -0.433 -0.069  0.436  0.736  0.953  1.000  0.927  0.905  0.782  0.802  0.643  0.514  0.428  0.533  0.417  0.266  0.367  0.363  0.475  0.553  0.523  0.402  0.335  0.233  0.242  0.284  0.441  0.348  0.502  0.650  0.784  0.855  0.928  0.921  0.928  0.982  0.919  0.861  0.713  0.682  0.605  0.457  0.417  0.414  0.545  0.621  0.559  0.600  0.716  0.721  0.659  0.730  0.801  0.838  0.897  0.904  0.901  0.943  0.978  0.961  0.958  0.914  0.861  0.823  0.711  0.617  0.431  0.254  0.196 -0.015 -0.066 -0.367
  0.125  0.165  0.393  0.423  0.136  0.031 -0.238 -0.658 -0.811 -0.569 -0.448 -0.096  0.163  0.554  0.608  0.921  0.974  0.897  0.413  0.378  0.018  0.173  0.377  0.305  0.297  0.283  0.599  0.224  0.155  0.306  0.538  0.207 -0.247 -0.347 -0.021 -0.294 -0.608 -0.450 -0.327 -0.563 -0.661 -0.830 -0.929 -0.979 -0.953 -0.894 -0.804 -0.710 -0.609 -0.661 -0.532 -0.200  0.270  0.544  0.852  0.927  1.000  0.996  0.955  0.961  0.833  0.758  0.710  0.801  0.722  0.602  0.685  0.685  0.768  0.823  0.798  0.711  0.661  0.578  0.583  0.620  0.741  0.663  0.766  0.860  0.918  0.906  0.900  0.802  0.765  0.917  0.973  0.981  0.920  0.904  0.850  0.743  0.698  0.689  0.792  0.834  0.770  0.805  0.879  0.853  0.809  0.866  0.886  0.928  0.949  0.966  0.984  0.993  0.968  0.962  0.927  0.904  0.898  0.824  0.790  0.786  0.663  0.554  0.525  0.352  0.312  0.002
  0.189  0.232  0.455  0.491  0.213  0.110 -0.161 -0.596 -0.772 -0.532 -0.397 -0.036  0.212  0.607  0.667  0.945  0.972  0.888  0.372  0.331 -0.028  0.128  0.348  0.291  0.289  0.300  0.629  0.282  0.226  0.331  0.519  0.180 -0.265 -0.384 -0.073 -0.335 -0.647 -0.508 -0.383 -0.609 -0.711 -0.865 -0.952 -0.986 -0.946 -0.869 -0.787 -0.695 -0.612 -0.694 -0.592 -0.275  0.192  0.476  0.809  0.905  0.996  1.000  0.972  0.978  0.873  0.806  0.759  0.838  0.761  0.647  0.724  0.716  0.791  0.843  0.814  0.732  0.690  0.610  0.610  0.648  0.762  0.679  0.768  0.854  0.901  0.874  0.862  0.754  0.717  0.885  0.954  0.975  0.927  0.916  0.858  0.754  0.700  0.688  0.791  0.827  0.756  0.792  0.863  0.827  0.783  0.842  0.855  0.905  0.924  0.946  0.973  0.983  0.948  0.939  0.895  0.867  0.864  0.778  0.750  0.762  0.646  0.554  0.537  0.381  0.355  0.056
  0.402  0.441  0.641  0.655  0.393  0.244 -0.027 -0.459 -0.728 -0.556 -0.383 -0.023  0.178  0.620  0.760  0.937  0.905  0.912  0.408  0.353  0.017  0.172  0.423  0.410  0.422  0.481  0.784  0.492  0.332  0.225  0.328 -0.034 -0.450 -0.579 -0.302 -0.540 -0.804 -0.689 -0.585 -0.775 -0.846 -0.950 -0.973 -0.962 -0.854 -0.736 -0.636 -0.527 -0.465 -0.632 -0.633 -0.367  0.042  0.295  0.666  0.782  0.955  0.972  1.000  0.998  0.930  0.903  0.882  0.940  0.890  0.807  0.864  0.855  0.902  0.936  0.910  0.856  0.831  0.769  0.765  0.798  0.879  0.807  0.854  0.899  0.893  0.814  0.758  0.601  0.543  0.761  0.897  0.960  0.972  0.972  0.930  0.858  0.801  0.785  0.863  0.875  0.804  0.835  0.875  0.820  0.788  0.837  0.817  0.869  0.865  0.894  0.935  0.926  0.856  0.852  0.788  0.772  0.796  0.691  0.712  0.780  0.713  0.676  0.683  0.570  0.559  0.285
  0.378  0.420  0.623  0.648  0.388  0.255 -0.017 -0.458 -0.713 -0.522 -0.351  0.013  0.220  0.649  0.768  0.951  0.920  0.894  0.368  0.314 -0.027  0.128  0.380  0.363  0.375  0.436  0.754  0.465  0.343  0.272  0.371  0.013 -0.405 -0.542 -0.266 -0.504 -0.778 -0.670 -0.559 -0.752 -0.835 -0.943 -0.978 -0.969 -0.873 -0.757 -0.668 -0.565 -0.509 -0.669 -0.658 -0.387  0.035  0.303  0.678  0.802  0.961  0.978  0.998  1.000  0.934  0.901  0.874  0.930  0.873  0.785  0.843  0.830  0.880  0.917  0.888  0.829  0.803  0.739  0.733  0.768  0.854  0.776  0.826  0.878  0.880  0.807  0.761  0.612  0.562  0.774  0.897  0.956  0.959  0.958  0.909  0.830  0.769  0.752  0.837  0.852  0.776  0.809  0.857  0.801  0.766  0.819  0.805  0.860  0.863  0.892  0.935  0.932  0.867  0.858  0.795  0.773  0.790  0.684  0.694  0.755  0.679  0.637  0.644  0.529  0.523  0.250
  0.542  0.594  0.754  0.804  0.616  0.517  0.274 -0.174 -0.470 -0.295 -0.095  0.257  0.404  0.785  0.900  0.934  0.817  0.737  0.143  0.075 -0.232 -0.089  0.189  0.224  0.256  0.406  0.746  0.599  0.577  0.369  0.294 -0.043 -0.383 -0.580 -0.387 -0.558 -0.800 -0.779 -0.666 -0.803 -0.901 -0.946 -0.947 -0.880 -0.754 -0.590 -0.543 -0.470 -0.494 -0.733 -0.810 -0.626 -0.259  0.025  0.450  0.643  0.833  0.873  0.930  0.934  1.000  0.972  0.936  0.943  0.890  0.830  0.856  0.817  0.828  0.855  0.809  0.774  0.779  0.730  0.706  0.745  0.798  0.708  0.706  0.727  0.692  0.580  0.529  0.369  0.336  0.573  0.711  0.809  0.852  0.866  0.805  0.739  0.652  0.625  0.703  0.696  0.600  0.636  0.674  0.590  0.554  0.614  0.583  0.657  0.660  0.704  0.774  0.783  0.695  0.670  0.584  0.542  0.559  0.424  0.445  0.550  0.503  0.525  0.574  0.533  0.586  0.388
  0.686  0.733  0.866  0.893  0.727  0.600  0.367 -0.058 -0.411 -0.296 -0.075  0.259  0.361  0.758  0.928  0.881  0.723  0.717  0.164  0.088 -0.185 -0.051  0.238  0.306  0.348  0.526  0.828  0.732  0.631  0.273  0.132 -0.208 -0.507 -0.699 -0.548 -0.692 -0.882 -0.883 -0.795 -0.895 -0.963 -0.966 -0.916 -0.817 -0.644 -0.458 -0.406 -0.316 -0.354 -0.648 -0.804 -0.667 -0.364 -0.117  0.315  0.514  0.758  0.806  0.903  0.901  0.972  1.000  0.985  0.973  0.945  0.913  0.923  0.884  0.874  0.885  0.845  0.834  0.851  0.820  0.793  0.825  0.849  0.772  0.737  0.725  0.651  0.505  0.421  0.232  0.184  0.447  0.631  0.756  0.842  0.864  0.819  0.782  0.697  0.668  0.723  0.697  0.607  0.636  0.648  0.553  0.530  0.577  0.522  0.594  0.580  0.626  0.704  0.698  0.587  0.566  0.470  0.440  0.477  0.335  0.393  0.536  0.531  0.594  0.659  0.653  0.715  0.548
  0.757  0.793  0.912  0.918  0.758  0.597  0.373 -0.021 -0.411 -0.348 -0.121  0.195  0.270  0.688  0.907  0.825  0.654  0.727  0.234  0.154 -0.092  0.035  0.323  0.407  0.452  0.633  0.891  0.811  0.616  0.156  0.002 -0.338 -0.616 -0.789 -0.652 -0.785 -0.936 -0.934 -0.867 -0.948 -0.986 -0.966 -0.881 -0.769 -0.563 -0.368 -0.294 -0.193 -0.226 -0.545 -0.746 -0.636 -0.381 -0.177  0.244  0.428  0.710  0.759  0.882  0.874  0.936  0.985  1.000  0.985  0.977  0.963  0.965  0.933  0.913  0.911  0.879  0.885  0.907  0.887  0.863  0.888  0.894  0.833  0.782  0.747  0.648  0.482  0.371  0.161  0.097  0.375  0.593  0.731  0.846  0.872  0.844  0.830  0.754  0.726  0.762  0.725  0.645  0.668  0.659  0.562  0.549  0.584  0.513  0.578  0.547  0.592  0.669  0.647  0.522  0.510  0.411  0.396  0.451  0.310  0.398  0.564  0.588  0.673  0.741  0.749  0.805  0.650
  0.675  0.708  0.854  0.848  0.646  0.466  0.222 -0.180 -0.551 -0.473 -0.260  0.072  0.184  0.636  0.857  0.858  0.733  0.827  0.352  0.279  0.005  0.142  0.422  0.478  0.512  0.650  0.908  0.748  0.508  0.119  0.059 -0.298 -0.628 -0.777 -0.586 -0.760 -0.938 -0.887 -0.816 -0.931 -0.967 -0.984 -0.921 -0.839 -0.649 -0.476 -0.378 -0.264 -0.255 -0.535 -0.685 -0.524 -0.228 -0.024  0.381  0.533  0.801  0.838  0.940  0.930  0.943  0.973  0.985  1.000  0.987  0.952  0.972  0.953  0.954  0.961  0.935  0.925  0.931  0.901  0.885  0.910  0.937  0.880  0.857  0.841  0.763  0.617  0.510  0.304  0.232  0.500  0.710  0.829  0.922  0.940  0.915  0.891  0.826  0.803  0.846  0.821  0.749  0.772  0.771  0.687  0.673  0.707  0.645  0.702  0.672  0.710  0.774  0.748  0.634  0.630  0.541  0.534  0.589  0.460  0.541  0.684  0.688  0.738  0.784  0.752  0.779  0.577
  0.750  0.772  0.895  0.861  0.672  0.459  0.230 -0.125 -0.528 -0.515 -0.300  0.002  0.077  0.540  0.812  0.769  0.631  0.814  0.417  0.342  0.107  0.232  0.504  0.578  0.615  0.755  0.958  0.821  0.483 -0.018 -0.095 -0.442 -0.737 -0.863 -0.695 -0.849 -0.977 -0.926 -0.880 -0.969 -0.970 -0.961 -0.857 -0.761 -0.537 -0.359 -0.242 -0.116 -0.103 -0.406 -0.606 -0.481 -0.250 -0.100  0.283  0.417  0.722  0.761  0.890  0.873  0.890  0.945  0.977  0.987  1.000  0.986  0.996  0.985  0.973  0.966  0.950  0.959  0.971  0.955  0.943  0.960  0.964  0.927  0.884  0.842  0.736  0.570  0.434  0.210  0.121  0.400  0.643  0.777  0.900  0.923  0.918  0.922  0.868  0.846  0.866  0.828  0.770  0.784  0.759  0.674  0.674  0.693  0.613  0.660  0.613  0.648  0.710  0.666  0.539  0.545  0.454  0.464  0.538  0.414  0.527  0.694  0.731  0.806  0.857  0.844  0.865  0.683
  0.837  0.852  0.942  0.896  0.744  0.523  0.320  0.008 -0.424 -0.464 -0.244  0.023  0.050  0.495  0.797  0.675  0.502  0.733  0.389  0.310  0.122  0.231  0.497  0.599  0.645  0.808  0.967  0.896  0.519 -0.094 -0.236 -0.561 -0.796 -0.916 -0.799 -0.915 -0.988 -0.966 -0.943 -0.990 -0.968 -0.918 -0.774 -0.652 -0.398 -0.206 -0.092  0.033  0.025 -0.313 -0.575 -0.507 -0.350 -0.240  0.130  0.266  0.602  0.647  0.807  0.785  0.830  0.913  0.963  0.952  0.986  1.000  0.992  0.980  0.947  0.925  0.913  0.945  0.970  0.971  0.956  0.966  0.943  0.918  0.844  0.774  0.637  0.449  0.293  0.057 -0.038  0.249  0.518  0.670  0.827  0.857  0.864  0.894  0.842  0.819  0.817  0.764  0.712  0.720  0.673  0.582  0.592  0.600  0.503  0.548  0.488  0.525  0.592  0.539  0.398  0.407  0.310  0.327  0.414  0.287  0.426  0.621  0.693  0.805  0.870  0.894  0.927  0.789
  0.772  0.788  0.902  0.855  0.672  0.445  0.224 -0.108 -0.522 -0.536 -0.323 -0.036  0.024  0.491  0.783  0.725  0.584  0.806  0.450  0.375  0.157  0.277  0.542  0.622  0.661  0.797  0.972  0.843  0.461 -0.081 -0.159 -0.501 -0.780 -0.892 -0.734 -0.882 -0.986 -0.933 -0.901 -0.978 -0.963 -0.944 -0.823 -0.723 -0.487 -0.309 -0.183 -0.052 -0.034 -0.343 -0.561 -0.451 -0.249 -0.124  0.244  0.367  0.685  0.724  0.864  0.843  0.856  0.923  0.965  0.972  0.996  0.992  1.000  0.994  0.977  0.963  0.953  0.970  0.983  0.974  0.963  0.976  0.971  0.943  0.893  0.840  0.723  0.551  0.404  0.174  0.078  0.358  0.615  0.752  0.887  0.911  0.916  0.932  0.884  0.863  0.872  0.830  0.779  0.789  0.753  0.670  0.676  0.687  0.600  0.642  0.587  0.621  0.681  0.630  0.498  0.509  0.418  0.436  0.519  0.398  0.524  0.699  0.751  0.835  0.886  0.878  0.893  0.720
  0.745  0.753  0.869  0.803  0.605  0.356  0.135 -0.171 -0.582 -0.618 -0.416 -0.141 -0.079  0.403  0.715  0.685  0.566  0.840  0.540  0.470  0.260  0.377  0.628  0.699  0.732  0.841  0.985  0.824  0.375 -0.169 -0.199 -0.538 -0.824 -0.909 -0.734 -0.892 -0.985 -0.905 -0.883 -0.966 -0.933 -0.922 -0.797 -0.710 -0.471 -0.308 -0.160 -0.019  0.025 -0.267 -0.476 -0.355 -0.165 -0.070  0.271  0.363  0.685  0.716  0.855  0.830  0.817  0.884  0.933  0.953  0.985  0.980  0.994  1.000  0.989  0.974  0.972  0.989  0.996  0.988  0.984  0.992  0.989  0.973  0.931  0.877  0.762  0.595  0.439  0.207  0.100  0.374  0.637  0.767  0.902  0.923  0.940  0.963  0.928  0.911  0.912  0.872  0.833  0.839  0.797  0.723  0.734  0.737  0.649  0.681  0.619  0.647  0.697  0.635  0.506  0.526  0.443  0.474  0.563  0.453  0.589  0.759  0.815  0.889  0.928  0.906  0.901  0.714
  0.649  0.660  0.801  0.736  0.505  0.256  0.017 -0.305 -0.685 -0.688 -0.499 -0.206 -0.105  0.390  0.682  0.730  0.651  0.906  0.597  0.534  0.294  0.421  0.665  0.708  0.731  0.805  0.966  0.739  0.294 -0.148 -0.102 -0.453 -0.784 -0.858 -0.638 -0.829 -0.959 -0.845 -0.811 -0.927 -0.904 -0.930 -0.837 -0.779 -0.567 -0.424 -0.267 -0.122 -0.049 -0.299 -0.451 -0.282 -0.042  0.070  0.401  0.475  0.768  0.791  0.902  0.880  0.828  0.874  0.913  0.954  0.973  0.947  0.977  0.989  1.000  0.995  0.995  0.994  0.986  0.965  0.966  0.978  0.998  0.978  0.965  0.934  0.846  0.703  0.561  0.342  0.236  0.495  0.737  0.846  0.952  0.966  0.978  0.984  0.954  0.940  0.955  0.928  0.892  0.900  0.873  0.810  0.816  0.822  0.749  0.778  0.723  0.746  0.787  0.729  0.614  0.637  0.563  0.593  0.675  0.574  0.691  0.834  0.863  0.901  0.922  0.863  0.838  0.613
  0.595  0.611  0.768  0.716  0.470  0.236 -0.014 -0.362 -0.720 -0.686 -0.502 -0.191 -0.065  0.429  0.693  0.779  0.716  0.929  0.583  0.522  0.258  0.393  0.639  0.667  0.686  0.751  0.941  0.687  0.287 -0.084 -0.012 -0.370 -0.728 -0.809 -0.568 -0.776 -0.936 -0.814 -0.765 -0.902 -0.896 -0.943 -0.875 -0.830 -0.639 -0.504 -0.353 -0.212 -0.134 -0.364 -0.481 -0.283 -0.003  0.137  0.476  0.553  0.823  0.843  0.936  0.917  0.855  0.885  0.911  0.961  0.966  0.925  0.963  0.974  0.995  1.000  0.995  0.981  0.968  0.936  0.938  0.953  0.989  0.959  0.962  0.949  0.878  0.750  0.624  0.416  0.317  0.569  0.791  0.889  0.974  0.984  0.987  0.976  0.942  0.929  0.957  0.940  0.897  0.910  0.897  0.837  0.835  0.850  0.788  0.820  0.775  0.798  0.838  0.787  0.682  0.701  0.630  0.653  0.724  0.623  0.722  0.848  0.855  0.874  0.889  0.814  0.786  0.543
  0.585  0.593  0.745  0.676  0.427  0.175 -0.069 -0.387 -0.745 -0.738 -0.562 -0.268 -0.148  0.351  0.634  0.729  0.678  0.937  0.646  0.588  0.338  0.468  0.701  0.726  0.743  0.790  0.947  0.681  0.227 -0.162 -0.064 -0.415 -0.767 -0.825 -0.581 -0.790 -0.932 -0.794 -0.757 -0.891 -0.868 -0.914 -0.837 -0.798 -0.602 -0.476 -0.310 -0.161 -0.067 -0.287 -0.406 -0.211  0.046  0.156  0.469  0.523  0.798  0.814  0.910  0.888  0.809  0.845  0.879  0.935  0.950  0.913  0.953  0.972  0.995  0.995  1.000  0.990  0.973  0.945  0.951  0.961  0.993  0.975  0.980  0.961  0.887  0.760  0.625  0.415  0.307  0.554  0.784  0.879  0.968  0.977  0.991  0.990  0.967  0.956  0.974  0.956  0.925  0.933  0.911  0.858  0.862  0.869  0.803  0.827  0.774  0.793  0.826  0.766  0.662  0.688  0.622  0.656  0.734  0.643  0.752  0.877  0.894  0.910  0.919  0.839  0.798  0.553
  0.671  0.675  0.802  0.719  0.496  0.230  0.004 -0.282 -0.673 -0.714 -0.530 -0.261 -0.181  0.314  0.632  0.660  0.579  0.889  0.640  0.578  0.364  0.483  0.715  0.765  0.788  0.857  0.978  0.761  0.259 -0.236 -0.191 -0.530 -0.838 -0.891 -0.685 -0.865 -0.962 -0.845 -0.828 -0.928 -0.883 -0.895 -0.781 -0.719 -0.492 -0.352 -0.183 -0.033  0.047 -0.207 -0.383 -0.234 -0.037  0.039  0.346  0.402  0.711  0.732  0.856  0.829  0.774  0.834  0.885  0.925  0.959  0.945  0.970  0.989  0.994  0.981  0.990  1.000  0.994  0.980  0.984  0.989  0.997  0.991  0.969  0.924  0.823  0.673  0.517  0.292  0.176  0.435  0.692  0.805  0.925  0.940  0.967  0.988  0.967  0.956  0.955  0.923  0.897  0.900  0.859  0.798  0.813  0.809  0.727  0.748  0.684  0.704  0.741  0.672  0.553  0.582  0.510  0.552  0.644  0.549  0.684  0.835  0.883  0.932  0.953  0.903  0.871  0.659
  0.737  0.740  0.852  0.773  0.573  0.311  0.096 -0.186 -0.596 -0.654 -0.459 -0.198 -0.142  0.342  0.668  0.643  0.534  0.843  0.585  0.518  0.320  0.433  0.673  0.743  0.774  0.870  0.989  0.820  0.333 -0.228 -0.241 -0.574 -0.854 -0.921 -0.744 -0.902 -0.980 -0.889 -0.877 -0.956 -0.909 -0.897 -0.764 -0.682 -0.438 -0.283 -0.125  0.022  0.079 -0.206 -0.417 -0.301 -0.131 -0.059  0.260  0.335  0.661  0.690  0.831  0.803  0.779  0.851  0.907  0.931  0.971  0.970  0.983  0.996  0.986  0.968  0.973  0.994  1.000  0.992  0.992  0.996  0.989  0.983  0.941  0.883  0.764  0.598  0.435  0.202  0.088  0.358  0.627  0.754  0.893  0.913  0.939  0.970  0.943  0.929  0.922  0.881  0.850  0.853  0.804  0.735  0.751  0.747  0.656  0.682  0.614  0.638  0.684  0.615  0.486  0.512  0.432  0.471  0.566  0.464  0.608  0.778  0.841  0.914  0.949  0.925  0.909  0.723
  0.788  0.786  0.874  0.784  0.608  0.339  0.142 -0.107 -0.533 -0.629 -0.432 -0.197 -0.173  0.298  0.645  0.571  0.442  0.788  0.575  0.507  0.343  0.444  0.677  0.763  0.798  0.906  0.990  0.860  0.336 -0.290 -0.339 -0.655 -0.893 -0.953 -0.809 -0.941 -0.981 -0.907 -0.911 -0.962 -0.898 -0.861 -0.701 -0.603 -0.342 -0.179 -0.020  0.125  0.171 -0.133 -0.383 -0.304 -0.185 -0.145  0.162  0.233  0.578  0.610  0.769  0.739  0.730  0.820  0.887  0.901  0.955  0.971  0.974  0.988  0.965  0.936  0.945  0.980  0.992  1.000  0.997  0.997  0.972  0.975  0.915  0.838  0.700  0.521  0.344  0.104 -0.014  0.258  0.543  0.681  0.841  0.866  0.901  0.950  0.926  0.912  0.890  0.839  0.814  0.812  0.749  0.676  0.700  0.688  0.586  0.609  0.532  0.556  0.604  0.528  0.391  0.419  0.338  0.383  0.487  0.385  0.547  0.733  0.819  0.914  0.957  0.956  0.945  0.787
  0.757  0.751  0.843  0.744  0.558  0.278  0.082 -0.154 -0.572 -0.675 -0.488 -0.259 -0.230  0.248  0.601  0.551  0.440  0.809  0.626  0.561  0.399  0.499  0.723  0.800  0.831  0.920  0.989  0.836  0.283 -0.333 -0.347 -0.661 -0.906 -0.950 -0.793 -0.933 -0.972 -0.879 -0.888 -0.946 -0.873 -0.845 -0.688 -0.600 -0.342 -0.190 -0.020  0.130  0.193 -0.095 -0.332 -0.243 -0.126 -0.100  0.189  0.242  0.583  0.610  0.765  0.733  0.706  0.793  0.863  0.885  0.943  0.956  0.963  0.984  0.966  0.938  0.951  0.984  0.992  0.997  1.000  0.998  0.976  0.986  0.933  0.858  0.725  0.552  0.373  0.136  0.012  0.278  0.563  0.694  0.849  0.871  0.912  0.963  0.947  0.935  0.910  0.862  0.845  0.841  0.775  0.710  0.736  0.720  0.619  0.636  0.557  0.577  0.618  0.538  0.405  0.438  0.361  0.413  0.520  0.426  0.589  0.768  0.853  0.939  0.973  0.960  0.937  0.768
  0.754  0.753  0.853  0.764  0.572  0.301  0.096 -0.164 -0.580 -0.662 -0.470 -0.225 -0.184  0.297  0.638  0.597  0.484  0.824  0.603  0.537  0.358  0.464  0.696  0.772  0.803  0.898  0.992  0.833  0.310 -0.283 -0.299 -0.622 -0.883 -0.940 -0.775 -0.922 -0.979 -0.890 -0.888 -0.955 -0.895 -0.873 -0.726 -0.639 -0.387 -0.230 -0.065  0.081  0.138 -0.150 -0.378 -0.278 -0.136 -0.087  0.219  0.284  0.620  0.648  0.798  0.768  0.745  0.825  0.888  0.910  0.960  0.966  0.976  0.992  0.978  0.953  0.961  0.989  0.996  0.997  0.998  1.000  0.985  0.986  0.937  0.870  0.742  0.571  0.399  0.162  0.043  0.313  0.591  0.722  0.871  0.893  0.926  0.967  0.945  0.932  0.916  0.870  0.846  0.845  0.787  0.719  0.740  0.730  0.633  0.655  0.581  0.604  0.648  0.574  0.441  0.471  0.391  0.437  0.538  0.439  0.593  0.770  0.846  0.927  0.963  0.945  0.927  0.751
  0.653  0.659  0.794  0.718  0.488  0.227 -0.005 -0.306 -0.689 -0.714 -0.530 -0.251 -0.159  0.338  0.645  0.689  0.615  0.904  0.634  0.572  0.345  0.468  0.703  0.747  0.770  0.837  0.974  0.746  0.265 -0.205 -0.150 -0.495 -0.816 -0.876 -0.659 -0.846 -0.959 -0.839 -0.814 -0.924 -0.888 -0.910 -0.806 -0.748 -0.529 -0.390 -0.223 -0.075  0.006 -0.243 -0.403 -0.242 -0.024  0.066  0.381  0.441  0.741  0.762  0.879  0.854  0.798  0.849  0.894  0.937  0.964  0.943  0.971  0.989  0.998  0.989  0.993  0.997  0.989  0.972  0.976  0.985  1.000  0.989  0.973  0.936  0.842  0.696  0.547  0.325  0.212  0.470  0.720  0.830  0.942  0.956  0.977  0.991  0.967  0.956  0.962  0.933  0.903  0.909  0.873  0.813  0.824  0.825  0.747  0.771  0.710  0.731  0.769  0.704  0.588  0.614  0.543  0.581  0.668  0.572  0.699  0.845  0.883  0.924  0.944  0.886  0.854  0.632
  0.655  0.648  0.765  0.661  0.439  0.153 -0.060 -0.302 -0.688 -0.768 -0.599 -0.357 -0.290  0.205  0.546  0.580  0.517  0.884  0.712  0.655  0.465  0.573  0.785  0.833  0.853  0.900  0.976  0.750  0.184 -0.342 -0.266 -0.589 -0.882 -0.906 -0.699 -0.876 -0.945 -0.811 -0.811 -0.904 -0.835 -0.845 -0.717 -0.661 -0.428 -0.300 -0.113  0.043  0.141 -0.100 -0.279 -0.140  0.021  0.054  0.323  0.348  0.663  0.679  0.807  0.776  0.708  0.772  0.833  0.880  0.927  0.918  0.943  0.973  0.978  0.959  0.975  0.991  0.983  0.975  0.986  0.986  0.989  1.000  0.978  0.925  0.817  0.669  0.502  0.276  0.150  0.400  0.666  0.775  0.902  0.915  0.956  0.992  0.985  0.977  0.963  0.929  0.917  0.914  0.861  0.809  0.832  0.817  0.730  0.740  0.666  0.681  0.710  0.630  0.511  0.549  0.484  0.539  0.640  0.558  0.706  0.858  0.919  0.968  0.981  0.927  0.878  0.669
  0.498  0.493  0.644  0.546  0.282  0.005 -0.227 -0.488 -0.818 -0.846 -0.700 -0.440 -0.318  0.183  0.484  0.630  0.626  0.956  0.775  0.728  0.499  0.619  0.815  0.820  0.826  0.822  0.920  0.606  0.065 -0.300 -0.116 -0.447 -0.798 -0.806 -0.540 -0.760 -0.881 -0.700 -0.683 -0.822 -0.771 -0.834 -0.756 -0.743 -0.555 -0.461 -0.265 -0.108  0.028 -0.146 -0.236 -0.030  0.198  0.256  0.504  0.502  0.766  0.768  0.854  0.826  0.706  0.737  0.782  0.857  0.884  0.844  0.893  0.931  0.965  0.962  0.980  0.969  0.941  0.915  0.933  0.937  0.973  0.978  1.000  0.982  0.916  0.807  0.665  0.465  0.343  0.566  0.793  0.869  0.949  0.952  0.985  0.994  0.994  0.992  0.997  0.985  0.976  0.977  0.947  0.912  0.926  0.918  0.855  0.860  0.799  0.807  0.821  0.748  0.654  0.694  0.644  0.698  0.784  0.717  0.834  0.942  0.962  0.958  0.945  0.839  0.762  0.504
  0.361  0.364  0.546  0.469  0.178 -0.070 -0.319 -0.615 -0.890 -0.851 -0.721 -0.435 -0.263  0.227  0.472  0.703  0.739  0.991  0.759  0.719  0.449  0.581  0.771  0.742  0.739  0.705  0.848  0.476  0.017 -0.189  0.061 -0.277 -0.676 -0.688 -0.381 -0.634 -0.810 -0.608 -0.566 -0.745 -0.725 -0.832 -0.806 -0.826 -0.686 -0.614 -0.429 -0.279 -0.126 -0.247 -0.259  0.003  0.306  0.408  0.656  0.650  0.860  0.854  0.899  0.878  0.727  0.725  0.747  0.841  0.842  0.774  0.840  0.877  0.934  0.949  0.961  0.924  0.883  0.838  0.858  0.870  0.936  0.925  0.982  1.000  0.975  0.900  0.792  0.619  0.512  0.710  0.892  0.940  0.976  0.969  0.985  0.963  0.961  0.960  0.990  0.998  0.982  0.990  0.987  0.964  0.964  0.969  0.931  0.939  0.897  0.903  0.909  0.852  0.781  0.816  0.776  0.818  0.882  0.822  0.900  0.969  0.946  0.897  0.868  0.724  0.638  0.344
  0.164  0.174  0.382  0.327  0.015 -0.192 -0.447 -0.754 -0.947 -0.840 -0.741 -0.448 -0.226  0.227  0.399  0.729  0.820  0.985  0.730  0.704  0.405  0.542  0.708  0.636  0.618  0.541  0.715  0.283 -0.081 -0.083  0.250 -0.073 -0.508 -0.513 -0.168 -0.449 -0.676 -0.448 -0.384 -0.602 -0.612 -0.769 -0.805 -0.867 -0.791 -0.757 -0.586 -0.452 -0.278 -0.321 -0.234  0.082  0.448  0.586  0.806  0.784  0.918  0.901  0.893  0.880  0.692  0.651  0.648  0.763  0.736  0.637  0.723  0.762  0.846  0.878  0.887  0.823  0.764  0.700  0.725  0.742  0.842  0.817  0.916  0.975  1.000  0.973  0.908  0.778  0.689  0.844  0.965  0.974  0.953  0.935  0.936  0.880  0.880  0.883  0.938  0.969  0.952  0.966  0.994  0.988  0.974  0.992  0.985  0.991  0.972  0.972  0.965  0.926  0.888  0.918  0.895  0.925  0.963  0.920  0.951  0.966  0.894  0.793  0.740  0.554  0.454  0.130
 -0.058 -0.048  0.171  0.130 -0.187 -0.353 -0.593 -0.873 -0.968 -0.815 -0.762 -0.491 -0.235  0.158  0.256  0.676  0.829  0.928  0.705  0.697  0.395  0.526  0.645  0.531  0.499  0.367  0.539  0.061 -0.220 -0.025  0.394  0.111 -0.332 -0.312  0.054 -0.239 -0.493 -0.241 -0.166 -0.409 -0.437 -0.637 -0.728 -0.836 -0.827 -0.840 -0.684 -0.567 -0.369 -0.321 -0.138  0.214  0.608  0.752  0.910  0.855  0.906  0.874  0.814  0.807  0.580  0.505  0.482  0.617  0.570  0.449  0.551  0.595  0.703  0.750  0.760  0.673  0.598  0.521  0.552  0.571  0.696  0.669  0.807  0.900  0.973  1.000  0.976  0.897  0.826  0.923  0.978  0.943  0.868  0.839  0.831  0.752  0.761  0.770  0.841  0.894  0.884  0.900  0.952  0.970  0.947  0.969  0.993  0.991  0.991  0.982  0.957  0.931  0.930  0.959  0.959  0.984  0.998  0.981  0.970  0.927  0.817  0.664  0.587  0.363  0.243 -0.094
 -0.227 -0.208  0.020  0.015 -0.292 -0.394 -0.623 -0.910 -0.921 -0.699 -0.673 -0.407 -0.122  0.199  0.208  0.678  0.861  0.838  0.575  0.578  0.264  0.392  0.488  0.346  0.305  0.156  0.366 -0.119 -0.249  0.130  0.572  0.322 -0.120 -0.112  0.256 -0.038 -0.330 -0.087  0.011 -0.249 -0.315 -0.545 -0.692 -0.826 -0.881 -0.921 -0.802 -0.713 -0.525 -0.415 -0.155  0.219  0.654  0.840  0.977  0.928  0.900  0.862  0.758  0.761  0.529  0.421  0.371  0.510  0.434  0.293  0.404  0.439  0.561  0.624  0.625  0.517  0.435  0.344  0.373  0.399  0.547  0.502  0.665  0.792  0.908  0.976  1.000  0.969  0.927  0.979  0.966  0.902  0.777  0.741  0.711  0.602  0.605  0.614  0.709  0.780  0.762  0.785  0.866  0.895  0.858  0.895  0.947  0.951  0.976  0.966  0.936  0.935  0.964  0.980  0.993  0.998  0.981  0.974  0.913  0.825  0.674  0.486  0.399  0.158  0.044 -0.291
 -0.446 -0.426 -0.207 -0.189 -0.468 -0.506 -0.696 -0.936 -0.835 -0.576 -0.599 -0.379 -0.083  0.134  0.053  0.570  0.796  0.681  0.458  0.478  0.189  0.299  0.339  0.166  0.114 -0.071  0.128 -0.350 -0.350  0.215  0.696  0.512  0.107  0.131  0.482  0.206 -0.093  0.145  0.250 -0.013 -0.099 -0.353 -0.550 -0.717 -0.843 -0.929 -0.845 -0.788 -0.600 -0.405 -0.064  0.311  0.741  0.928  0.992  0.921  0.802  0.754  0.601  0.612  0.369  0.232  0.161  0.304  0.210  0.057  0.174  0.207  0.342  0.416  0.415  0.292  0.202  0.104  0.136  0.162  0.325  0.276  0.465  0.619  0.778  0.897  0.969  1.000  0.987  0.970  0.881  0.776  0.602  0.558  0.517  0.389  0.398  0.412  0.517  0.606  0.593  0.618  0.721  0.770  0.724  0.766  0.849  0.847  0.893  0.876  0.832  0.851  0.918  0.928  0.963  0.956  0.911  0.931  0.823  0.682  0.499  0.275  0.172 -0.083 -0.201 -0.514
 -0.520 -0.495 -0.280 -0.234 -0.489 -0.477 -0.651 -0.895 -0.748 -0.449 -0.484 -0.271  0.029  0.187  0.047  0.562  0.789  0.584  0.325  0.349  0.062  0.165  0.194  0.015 -0.037 -0.215  0.011 -0.437 -0.319  0.335  0.791  0.635  0.249  0.255  0.586  0.326  0.011  0.224  0.342  0.082 -0.031 -0.289 -0.514 -0.685 -0.845 -0.938 -0.890 -0.856 -0.692 -0.474 -0.103  0.266  0.707  0.923  0.981  0.928  0.765  0.717  0.543  0.562  0.336  0.184  0.097  0.232  0.121 -0.038  0.078  0.100  0.236  0.317  0.307  0.176  0.088 -0.014  0.012  0.043  0.212  0.150  0.343  0.512  0.689  0.826  0.927  0.987  1.000  0.957  0.828  0.711  0.515  0.470  0.412  0.268  0.268  0.280  0.398  0.494  0.471  0.502  0.620  0.670  0.615  0.668  0.764  0.770  0.832  0.818  0.776  0.813  0.895  0.893  0.932  0.908  0.844  0.864  0.728  0.567  0.365  0.133  0.033 -0.217 -0.318 -0.611
 -0.264 -0.232  0.002  0.038 -0.250 -0.297 -0.524 -0.856 -0.835 -0.551 -0.520 -0.234  0.065  0.342  0.287  0.748  0.915  0.770  0.407  0.407  0.072  0.205  0.311  0.168  0.132  0.011  0.283 -0.168 -0.144  0.320  0.713  0.468  0.027 -0.008  0.345  0.060 -0.270 -0.063  0.062 -0.204 -0.312 -0.547 -0.727 -0.857 -0.941 -0.974 -0.899 -0.833 -0.680 -0.568 -0.283  0.094  0.572  0.819  0.987  0.982  0.917  0.885  0.761  0.774  0.573  0.447  0.375  0.500  0.400  0.249  0.358  0.374  0.495  0.569  0.554  0.435  0.358  0.258  0.278  0.313  0.470  0.400  0.566  0.710  0.844  0.923  0.979  0.970  0.957  1.000  0.949  0.880  0.734  0.699  0.642  0.508  0.491  0.495  0.612  0.689  0.650  0.683  0.786  0.807  0.755  0.811  0.878  0.898  0.943  0.941  0.922  0.945  0.984  0.983  0.992  0.970  0.930  0.912  0.817  0.716  0.539  0.347  0.270  0.037 -0.048 -0.370
  0.011  0.037  0.267  0.262 -0.047 -0.181 -0.440 -0.795 -0.912 -0.705 -0.621 -0.304 -0.037  0.357  0.427  0.811  0.923  0.927  0.568  0.548  0.210  0.355  0.516  0.416  0.394  0.314  0.564  0.122 -0.048  0.150  0.492  0.182 -0.277 -0.316  0.040 -0.251 -0.544 -0.332 -0.230 -0.477 -0.543 -0.737 -0.839 -0.925 -0.914 -0.896 -0.772 -0.666 -0.510 -0.503 -0.333  0.021  0.466  0.681  0.912  0.919  0.973  0.954  0.897  0.897  0.711  0.631  0.593  0.710  0.643  0.518  0.615  0.637  0.737  0.791  0.784  0.692  0.627  0.543  0.563  0.591  0.720  0.666  0.793  0.892  0.965  0.978  0.966  0.881  0.828  0.949  1.000  0.981  0.905  0.882  0.849  0.751  0.734  0.734  0.825  0.876  0.839  0.865  0.932  0.930  0.895  0.936  0.961  0.982  0.994  0.998  0.992  0.985  0.975  0.987  0.971  0.972  0.974  0.930  0.902  0.872  0.748  0.609  0.552  0.346  0.261 -0.071
  0.195  0.222  0.442  0.432  0.131 -0.031 -0.300 -0.683 -0.878 -0.703 -0.579 -0.244 -0.005  0.433  0.556  0.861  0.917  0.962  0.564  0.529  0.192  0.343  0.543  0.480  0.471  0.441  0.699  0.303  0.083  0.124  0.385  0.044 -0.406 -0.472 -0.137 -0.414 -0.689 -0.503 -0.406 -0.632 -0.688 -0.845 -0.905 -0.951 -0.888 -0.827 -0.697 -0.581 -0.451 -0.520 -0.430 -0.108  0.317  0.533  0.820  0.861  0.981  0.975  0.960  0.956  0.809  0.756  0.731  0.829  0.777  0.670  0.752  0.767  0.846  0.889  0.879  0.805  0.754  0.681  0.694  0.722  0.830  0.775  0.869  0.940  0.974  0.943  0.902  0.776  0.711  0.880  0.981  1.000  0.968  0.954  0.925  0.844  0.816  0.811  0.891  0.924  0.878  0.903  0.953  0.930  0.900  0.939  0.941  0.970  0.969  0.981  0.993  0.977  0.937  0.948  0.912  0.914  0.933  0.864  0.869  0.886  0.792  0.697  0.663  0.490  0.427  0.109
  0.416  0.438  0.629  0.593  0.312  0.103 -0.163 -0.532 -0.822 -0.724 -0.565 -0.236 -0.053  0.430  0.638  0.833  0.829  0.975  0.603  0.553  0.248  0.394  0.623  0.607  0.613  0.631  0.854  0.522  0.187 -0.000  0.170 -0.189 -0.601 -0.674 -0.379 -0.627 -0.844 -0.685 -0.614 -0.797 -0.818 -0.919 -0.909 -0.908 -0.772 -0.670 -0.521 -0.387 -0.279 -0.437 -0.457 -0.194  0.160  0.336  0.656  0.713  0.920  0.927  0.972  0.959  0.852  0.842  0.846  0.922  0.900  0.827  0.887  0.902  0.952  0.974  0.968  0.925  0.893  0.841  0.849  0.871  0.942  0.902  0.949  0.976  0.953  0.868  0.777  0.602  0.515  0.734  0.905  0.968  1.000  0.998  0.987  0.944  0.913  0.904  0.957  0.963  0.919  0.938  0.953  0.910  0.897  0.922  0.888  0.919  0.892  0.910  0.936  0.899  0.823  0.839  0.784  0.799  0.848  0.762  0.819  0.897  0.857  0.821  0.812  0.686  0.638  0.352
  0.465  0.486  0.670  0.634  0.362  0.150 -0.114 -0.486 -0.794 -0.706 -0.538 -0.209 -0.038  0.448  0.666  0.834  0.811  0.964  0.586  0.533  0.233  0.378  0.615  0.610  0.620  0.654  0.876  0.565  0.225 -0.004  0.137 -0.224 -0.626 -0.706 -0.425 -0.663 -0.870 -0.723 -0.655 -0.828 -0.846 -0.934 -0.912 -0.898 -0.750 -0.637 -0.490 -0.356 -0.259 -0.437 -0.481 -0.233  0.109  0.283  0.614  0.682  0.904  0.916  0.972  0.958  0.866  0.864  0.872  0.940  0.923  0.857  0.911  0.923  0.966  0.984  0.977  0.940  0.913  0.866  0.871  0.893  0.956  0.915  0.952  0.969  0.935  0.839  0.741  0.558  0.470  0.699  0.882  0.954  0.998  1.000  0.990  0.952  0.918  0.908  0.956  0.957  0.911  0.929  0.939  0.890  0.878  0.903  0.863  0.896  0.866  0.886  0.917  0.879  0.795  0.811  0.750  0.765  0.818  0.725  0.791  0.881  0.851  0.828  0.827  0.714  0.674  0.398
  0.490  0.501  0.671  0.606  0.336  0.091 -0.162 -0.487 -0.811 -0.776 -0.615 -0.313 -0.164  0.335  0.594  0.751  0.734  0.970  0.676  0.625  0.355  0.490  0.712  0.713  0.722  0.740  0.909  0.595  0.158 -0.140  0.019 -0.332 -0.715 -0.763 -0.487 -0.719 -0.888 -0.725 -0.680 -0.838 -0.825 -0.901 -0.852 -0.837 -0.667 -0.560 -0.390 -0.244 -0.129 -0.310 -0.378 -0.148  0.145  0.267  0.567  0.605  0.850  0.858  0.930  0.909  0.805  0.819  0.844  0.915  0.918  0.864  0.916  0.940  0.978  0.987  0.991  0.967  0.939  0.901  0.912  0.926  0.977  0.956  0.985  0.985  0.936  0.831  0.711  0.517  0.412  0.642  0.849  0.925  0.987  0.990  1.000  0.984  0.964  0.957  0.986  0.980  0.950  0.961  0.952  0.909  0.908  0.918  0.867  0.887  0.843  0.858  0.882  0.828  0.737  0.764  0.707  0.740  0.809  0.726  0.816  0.917  0.910  0.897  0.892  0.782  0.726  0.456
  0.579  0.577  0.717  0.624  0.376  0.100 -0.130 -0.401 -0.760 -0.798 -0.635 -0.371 -0.268  0.234  0.547  0.641  0.604  0.932  0.725  0.672  0.450  0.569  0.782  0.807  0.820  0.847  0.953  0.679  0.146 -0.284 -0.157 -0.493 -0.826 -0.852 -0.611 -0.814 -0.922 -0.768 -0.752 -0.874 -0.823 -0.863 -0.768 -0.733 -0.526 -0.411 -0.224 -0.069  0.044 -0.167 -0.296 -0.115  0.098  0.160  0.435  0.457  0.743  0.754  0.858  0.830  0.739  0.782  0.830  0.891  0.922  0.894  0.932  0.963  0.984  0.976  0.990  0.988  0.970  0.950  0.963  0.967  0.991  0.992  0.994  0.963  0.880  0.752  0.602  0.389  0.268  0.508  0.751  0.844  0.944  0.952  0.984  1.000  0.992  0.985  0.987  0.965  0.950  0.951  0.915  0.869  0.883  0.877  0.804  0.816  0.752  0.765  0.789  0.717  0.611  0.647  0.587  0.637  0.726  0.647  0.774  0.903  0.936  0.956  0.957  0.876  0.817  0.578
  0.528  0.517  0.650  0.535  0.284 -0.009 -0.225 -0.449 -0.790 -0.859 -0.717 -0.483 -0.387  0.110  0.437  0.555  0.545  0.926  0.804  0.758  0.559  0.669  0.854  0.869  0.876  0.870  0.929  0.634  0.039 -0.387 -0.212 -0.529 -0.850 -0.840 -0.593 -0.797 -0.882 -0.704 -0.704 -0.823 -0.750 -0.795 -0.694 -0.674 -0.470 -0.376 -0.171 -0.011  0.128 -0.055 -0.173  0.006  0.188  0.207  0.434  0.417  0.698  0.700  0.801  0.769  0.652  0.697  0.754  0.826  0.868  0.842  0.884  0.928  0.954  0.942  0.967  0.967  0.943  0.926  0.947  0.945  0.967  0.985  0.994  0.961  0.880  0.761  0.605  0.398  0.268  0.491  0.734  0.816  0.913  0.918  0.964  0.992  1.000  0.999  0.989  0.969  0.970  0.965  0.920  0.887  0.909  0.891  0.818  0.816  0.746  0.751  0.762  0.680  0.580  0.626  0.577  0.641  0.737  0.676  0.811  0.930  0.971  0.981  0.970  0.877  0.797  0.556
  0.501  0.487  0.621  0.500  0.246 -0.050 -0.263 -0.473 -0.804 -0.879 -0.745 -0.519 -0.421  0.073  0.400  0.531  0.532  0.925  0.827  0.784  0.590  0.698  0.873  0.883  0.887  0.868  0.915  0.608 -0.001 -0.412 -0.218 -0.527 -0.848 -0.827 -0.575 -0.782 -0.863 -0.675 -0.678 -0.800 -0.722 -0.771 -0.673 -0.660 -0.461 -0.376 -0.166 -0.005  0.143 -0.026 -0.135  0.048  0.224  0.233  0.444  0.414  0.689  0.688  0.785  0.752  0.625  0.668  0.726  0.803  0.846  0.819  0.863  0.911  0.940  0.929  0.956  0.956  0.929  0.912  0.935  0.932  0.956  0.977  0.992  0.960  0.883  0.770  0.614  0.412  0.280  0.495  0.734  0.811  0.904  0.908  0.957  0.985  0.999  1.000  0.988  0.970  0.976  0.970  0.924  0.896  0.919  0.899  0.828  0.822  0.750  0.753  0.760  0.675  0.579  0.628  0.583  0.651  0.748  0.692  0.827  0.940  0.980  0.983  0.966  0.868  0.780  0.536
  0.447  0.445  0.606  0.510  0.236 -0.036 -0.273 -0.539 -0.850 -0.861 -0.723 -0.458 -0.320  0.178  0.464  0.642  0.654  0.969  0.782  0.740  0.501  0.624  0.815  0.808  0.809  0.790  0.896  0.558  0.029 -0.283 -0.069 -0.400 -0.766 -0.769 -0.488 -0.720 -0.855 -0.663 -0.640 -0.792 -0.747 -0.825 -0.763 -0.763 -0.591 -0.506 -0.310 -0.155 -0.009 -0.163 -0.227 -0.002  0.247  0.312  0.554  0.545  0.792  0.791  0.863  0.837  0.703  0.723  0.762  0.846  0.866  0.817  0.872  0.912  0.955  0.957  0.974  0.955  0.922  0.890  0.910  0.916  0.962  0.963  0.997  0.990  0.938  0.841  0.709  0.517  0.398  0.612  0.825  0.891  0.957  0.956  0.986  0.987  0.989  0.988  1.000  0.994  0.985  0.988  0.965  0.936  0.946  0.941  0.886  0.890  0.834  0.839  0.849  0.779  0.694  0.734  0.688  0.740  0.821  0.758  0.864  0.958  0.965  0.945  0.924  0.804  0.721  0.451
  0.357  0.357  0.534  0.446  0.156 -0.102 -0.345 -0.620 -0.896 -0.875 -0.750 -0.478 -0.313  0.177  0.433  0.664  0.705  0.985  0.788  0.752  0.494  0.622  0.804  0.774  0.769  0.726  0.848  0.473 -0.022 -0.241  0.020 -0.309 -0.699 -0.698 -0.392 -0.642 -0.804 -0.595 -0.561 -0.735 -0.703 -0.807 -0.775 -0.796 -0.652 -0.585 -0.392 -0.240 -0.080 -0.197 -0.213  0.043  0.326  0.408  0.640  0.621  0.834  0.827  0.875  0.852  0.696  0.697  0.725  0.821  0.828  0.764  0.830  0.872  0.928  0.940  0.956  0.923  0.881  0.839  0.862  0.870  0.933  0.929  0.985  0.998  0.969  0.894  0.780  0.606  0.494  0.689  0.876  0.924  0.963  0.957  0.980  0.965  0.969  0.970  0.994  1.000  0.991  0.996  0.988  0.967  0.971  0.971  0.930  0.933  0.886  0.889  0.892  0.829  0.758  0.797  0.760  0.808  0.877  0.822  0.908  0.977  0.961  0.913  0.881  0.737  0.644  0.353
  0.317  0.307  0.472  0.362  0.074 -0.200 -0.426 -0.647 -0.908 -0.926 -0.822 -0.584 -0.433  0.048  0.321  0.563  0.626  0.965  0.859  0.830  0.603  0.718  0.871  0.836  0.825  0.753  0.822  0.436 -0.123 -0.352 -0.053 -0.359 -0.728 -0.691 -0.388 -0.632 -0.763 -0.534 -0.520 -0.685 -0.628 -0.731 -0.688 -0.720 -0.576 -0.529 -0.319 -0.163  0.019 -0.074 -0.087  0.159  0.400  0.434  0.616  0.559  0.770  0.756  0.804  0.776  0.600  0.607  0.645  0.749  0.770  0.712  0.779  0.833  0.892  0.897  0.925  0.897  0.850  0.814  0.845  0.846  0.903  0.917  0.976  0.982  0.952  0.884  0.762  0.593  0.471  0.650  0.839  0.878  0.919  0.911  0.950  0.950  0.970  0.976  0.985  0.991  1.000  0.998  0.978  0.970  0.982  0.970  0.926  0.915  0.860  0.856  0.847  0.773  0.707  0.756  0.728  0.792  0.869  0.831  0.927  0.991  0.986  0.935  0.891  0.742  0.630  0.344
  0.312  0.307  0.480  0.381  0.088 -0.177 -0.411 -0.656 -0.914 -0.910 -0.800 -0.548 -0.385  0.098  0.357  0.607  0.668  0.976  0.832  0.802  0.559  0.681  0.842  0.804  0.794  0.728  0.821  0.430 -0.097 -0.300 -0.004 -0.319 -0.702 -0.678 -0.368 -0.618 -0.767 -0.542 -0.518 -0.691 -0.647 -0.756 -0.724 -0.757 -0.620 -0.569 -0.365 -0.213 -0.036 -0.130 -0.133  0.124  0.389  0.446  0.644  0.600  0.805  0.792  0.835  0.809  0.636  0.636  0.668  0.772  0.784  0.720  0.789  0.839  0.900  0.910  0.933  0.900  0.853  0.812  0.841  0.845  0.909  0.914  0.977  0.990  0.966  0.900  0.785  0.618  0.502  0.683  0.865  0.903  0.938  0.929  0.961  0.951  0.965  0.970  0.988  0.996  0.998  1.000  0.988  0.976  0.984  0.978  0.939  0.933  0.883  0.881  0.875  0.807  0.742  0.787  0.757  0.814  0.885  0.842  0.930  0.990  0.975  0.919  0.877  0.725  0.618  0.325
  0.222  0.227  0.422  0.349  0.042 -0.190 -0.439 -0.723 -0.942 -0.875 -0.772 -0.494 -0.294  0.174  0.382  0.684  0.764  0.988  0.777  0.750  0.471  0.603  0.768  0.708  0.693  0.619  0.761  0.341 -0.093 -0.173  0.149 -0.172 -0.589 -0.582 -0.248 -0.518 -0.716 -0.487 -0.438 -0.640 -0.628 -0.767 -0.777 -0.828 -0.728 -0.687 -0.502 -0.360 -0.183 -0.245 -0.193  0.102  0.430  0.536  0.748  0.716  0.879  0.863  0.875  0.857  0.674  0.648  0.659  0.771  0.759  0.673  0.753  0.797  0.873  0.897  0.911  0.859  0.804  0.749  0.775  0.787  0.873  0.861  0.947  0.987  0.994  0.952  0.866  0.721  0.620  0.786  0.932  0.953  0.953  0.939  0.952  0.915  0.920  0.924  0.965  0.988  0.978  0.988  1.000  0.992  0.987  0.995  0.975  0.977  0.945  0.943  0.937  0.885  0.837  0.873  0.847  0.889  0.940  0.897  0.950  0.983  0.933  0.848  0.799  0.625  0.521  0.207
  0.118  0.117  0.314  0.233 -0.079 -0.307 -0.544 -0.793 -0.970 -0.905 -0.828 -0.573 -0.364  0.082  0.273  0.620  0.737  0.969  0.814  0.798  0.530  0.655  0.789  0.710  0.685  0.574  0.690  0.240 -0.202 -0.211  0.169 -0.129 -0.544 -0.508 -0.162 -0.438 -0.633 -0.381 -0.337 -0.547 -0.529 -0.686 -0.712 -0.788 -0.712 -0.699 -0.508 -0.368 -0.169 -0.184 -0.093  0.216  0.537  0.621  0.786  0.721  0.853  0.827  0.820  0.801  0.590  0.553  0.562  0.687  0.674  0.582  0.670  0.723  0.810  0.837  0.858  0.798  0.735  0.676  0.710  0.719  0.813  0.809  0.912  0.964  0.988  0.970  0.895  0.770  0.670  0.807  0.930  0.930  0.910  0.890  0.909  0.869  0.887  0.896  0.936  0.967  0.970  0.976  0.992  1.000  0.996  0.999  0.990  0.981  0.951  0.943  0.923  0.870  0.838  0.879  0.868  0.915  0.962  0.938  0.981  0.989  0.929  0.821  0.756  0.562  0.438  0.118
  0.148  0.142  0.326  0.229 -0.077 -0.323 -0.551 -0.772 -0.963 -0.933 -0.858 -0.621 -0.430  0.021  0.238  0.566  0.679  0.961  0.856  0.839  0.593  0.711  0.838  0.766  0.743  0.628  0.712  0.271 -0.226 -0.291  0.087 -0.204 -0.601 -0.549 -0.214 -0.481 -0.648 -0.393 -0.364 -0.560 -0.522 -0.666 -0.672 -0.742 -0.651 -0.637 -0.434 -0.289 -0.084 -0.108 -0.040  0.251  0.536  0.589  0.738  0.659  0.809  0.783  0.788  0.766  0.554  0.530  0.549  0.673  0.674  0.592  0.676  0.734  0.816  0.835  0.862  0.813  0.751  0.700  0.736  0.740  0.824  0.832  0.926  0.964  0.974  0.947  0.858  0.724  0.615  0.755  0.895  0.900  0.897  0.878  0.908  0.883  0.909  0.919  0.946  0.971  0.982  0.984  0.987  0.996  1.000  0.994  0.976  0.960  0.921  0.910  0.889  0.826  0.788  0.835  0.824  0.881  0.939  0.918  0.979  0.997  0.955  0.858  0.793  0.608  0.478  0.168
  0.135  0.138  0.335  0.258 -0.053 -0.280 -0.521 -0.782 -0.966 -0.894 -0.812 -0.549 -0.339  0.111  0.302  0.642  0.751  0.974  0.799  0.781  0.508  0.636  0.777  0.700  0.678  0.575  0.702  0.256 -0.176 -0.191  0.177 -0.126 -0.545 -0.518 -0.173 -0.449 -0.649 -0.402 -0.355 -0.565 -0.551 -0.706 -0.733 -0.803 -0.726 -0.707 -0.518 -0.379 -0.185 -0.210 -0.123  0.185  0.514  0.608  0.786  0.730  0.866  0.842  0.837  0.819  0.614  0.577  0.584  0.707  0.693  0.600  0.687  0.737  0.822  0.850  0.869  0.809  0.747  0.688  0.720  0.730  0.825  0.817  0.918  0.969  0.992  0.969  0.895  0.766  0.668  0.811  0.936  0.939  0.922  0.903  0.918  0.877  0.891  0.899  0.941  0.971  0.970  0.978  0.995  0.999  0.994  1.000  0.990  0.984  0.955  0.948  0.932  0.881  0.846  0.885  0.871  0.915  0.962  0.932  0.975  0.986  0.926  0.821  0.759  0.569  0.450  0.129
  0.011  0.018  0.228  0.168 -0.149 -0.343 -0.583 -0.849 -0.977 -0.862 -0.800 -0.536 -0.299  0.118  0.256  0.650  0.790  0.948  0.758  0.748  0.461  0.590  0.714  0.613  0.582  0.456  0.603  0.132 -0.225 -0.113  0.297  0.008 -0.424 -0.396 -0.035 -0.322 -0.551 -0.296 -0.234 -0.465 -0.472 -0.655 -0.720 -0.815 -0.779 -0.783 -0.610 -0.483 -0.282 -0.259 -0.112  0.224  0.587  0.704  0.863  0.801  0.886  0.855  0.817  0.805  0.583  0.522  0.513  0.645  0.613  0.503  0.600  0.649  0.749  0.788  0.803  0.727  0.656  0.586  0.619  0.633  0.747  0.730  0.855  0.931  0.985  0.993  0.947  0.849  0.764  0.878  0.961  0.941  0.888  0.863  0.867  0.804  0.818  0.828  0.886  0.930  0.926  0.939  0.975  0.990  0.976  0.990  1.000  0.994  0.981  0.971  0.948  0.909  0.896  0.931  0.926  0.962  0.990  0.970  0.982  0.960  0.870  0.734  0.660  0.448  0.324 -0.008
  0.052  0.066  0.283  0.241 -0.076 -0.257 -0.509 -0.815 -0.958 -0.817 -0.738 -0.448 -0.204  0.219  0.347  0.725  0.844  0.959  0.699  0.682  0.374  0.512  0.659  0.565  0.540  0.439  0.626  0.169 -0.139 -0.029  0.345  0.038 -0.406 -0.407 -0.048 -0.337 -0.587 -0.350 -0.274 -0.508 -0.534 -0.714 -0.784 -0.868 -0.830 -0.816 -0.656 -0.534 -0.353 -0.351 -0.212  0.126  0.518  0.670  0.870  0.838  0.928  0.905  0.869  0.860  0.657  0.594  0.578  0.702  0.660  0.548  0.642  0.681  0.778  0.820  0.827  0.748  0.682  0.609  0.636  0.655  0.771  0.740  0.860  0.939  0.991  0.991  0.951  0.847  0.770  0.898  0.982  0.970  0.919  0.896  0.887  0.816  0.816  0.822  0.890  0.933  0.915  0.933  0.977  0.981  0.960  0.984  0.994  1.000  0.992  0.989  0.975  0.945  0.926  0.953  0.941  0.964  0.987  0.953  0.958  0.943  0.847  0.718  0.654  0.449  0.342  0.010
 -0.022 -0.001  0.226  0.206 -0.109 -0.256 -0.508 -0.834 -0.940 -0.754 -0.682 -0.384 -0.120  0.274  0.354  0.757  0.886  0.928  0.624  0.610  0.286  0.427  0.570  0.463  0.435  0.332  0.551  0.090 -0.128  0.076  0.455  0.156 -0.298 -0.313  0.050 -0.242 -0.521 -0.291 -0.199 -0.446 -0.497 -0.694 -0.794 -0.890 -0.883 -0.878 -0.739 -0.631 -0.457 -0.431 -0.253  0.102  0.528  0.714  0.916  0.897  0.949  0.924  0.865  0.863  0.660  0.580  0.547  0.672  0.613  0.488  0.587  0.619  0.723  0.775  0.774  0.684  0.614  0.532  0.557  0.581  0.710  0.666  0.799  0.897  0.972  0.991  0.976  0.893  0.832  0.943  0.994  0.969  0.892  0.866  0.843  0.752  0.746  0.750  0.834  0.886  0.860  0.883  0.945  0.951  0.921  0.955  0.981  0.992  1.000  0.998  0.984  0.969  0.964  0.983  0.974  0.984  0.990  0.956  0.934  0.898  0.777  0.631  0.564  0.350  0.250 -0.086
  0.019  0.044  0.272  0.260 -0.052 -0.196 -0.454 -0.801 -0.923 -0.728 -0.644 -0.333 -0.070  0.330  0.411  0.795  0.908  0.934  0.592  0.574  0.241  0.386  0.545  0.445  0.422  0.338  0.576  0.129 -0.070  0.114  0.463  0.154 -0.303 -0.335  0.023 -0.267 -0.553 -0.336 -0.238 -0.483 -0.542 -0.732 -0.829 -0.915 -0.900 -0.882 -0.750 -0.643 -0.482 -0.476 -0.312  0.040  0.475  0.678  0.905  0.904  0.966  0.946  0.894  0.892  0.704  0.626  0.592  0.710  0.648  0.525  0.621  0.647  0.746  0.798  0.793  0.704  0.638  0.556  0.577  0.604  0.731  0.681  0.807  0.903  0.972  0.982  0.966  0.876  0.818  0.941  0.998  0.981  0.910  0.886  0.858  0.765  0.751  0.753  0.839  0.889  0.856  0.881  0.943  0.943  0.910  0.948  0.971  0.989  0.998  1.000  0.993  0.981  0.970  0.985  0.969  0.974  0.979  0.936  0.914  0.887  0.768  0.631  0.572  0.366  0.277 -0.056
  0.101  0.131  0.358  0.357  0.052 -0.088 -0.355 -0.734 -0.887 -0.686 -0.579 -0.249  0.007  0.419  0.507  0.851  0.931  0.938  0.540  0.514  0.171  0.322  0.506  0.424  0.408  0.357  0.623  0.206  0.029  0.163  0.459  0.133 -0.324 -0.384 -0.039 -0.321 -0.612 -0.418 -0.314 -0.551 -0.620 -0.794 -0.881 -0.947 -0.915 -0.873 -0.751 -0.645 -0.508 -0.540 -0.407 -0.067  0.376  0.602  0.870  0.901  0.984  0.973  0.935  0.935  0.774  0.704  0.669  0.774  0.710  0.592  0.681  0.697  0.787  0.838  0.826  0.741  0.684  0.604  0.618  0.648  0.769  0.710  0.821  0.909  0.965  0.957  0.936  0.832  0.776  0.922  0.992  0.993  0.936  0.917  0.882  0.789  0.762  0.760  0.849  0.892  0.847  0.875  0.937  0.923  0.889  0.932  0.948  0.975  0.984  0.993  1.000  0.991  0.967  0.975  0.948  0.944  0.951  0.892  0.875  0.867  0.754  0.635  0.592  0.403  0.333  0.009
  0.048  0.085  0.317  0.342  0.047 -0.055 -0.320 -0.720 -0.841 -0.596 -0.493 -0.155  0.114  0.492  0.531  0.884  0.964  0.890  0.439  0.414  0.059  0.211  0.395  0.306  0.290  0.247  0.549  0.144  0.068  0.282  0.561  0.244 -0.213 -0.294  0.045 -0.234 -0.550 -0.374 -0.253 -0.497 -0.592 -0.777 -0.890 -0.960 -0.956 -0.917 -0.821 -0.732 -0.612 -0.629 -0.467 -0.120  0.352  0.614  0.892  0.943  0.993  0.983  0.926  0.932  0.783  0.698  0.647  0.748  0.666  0.539  0.630  0.635  0.729  0.787  0.766  0.672  0.615  0.528  0.538  0.574  0.704  0.630  0.748  0.852  0.926  0.931  0.935  0.851  0.813  0.945  0.985  0.977  0.899  0.879  0.828  0.717  0.680  0.675  0.779  0.829  0.773  0.807  0.885  0.870  0.826  0.881  0.909  0.945  0.969  0.981  0.991  1.000  0.986  0.984  0.957  0.938  0.927  0.865  0.822  0.798  0.664  0.536  0.495  0.305  0.249 -0.070
 -0.108 -0.071  0.165  0.202 -0.091 -0.160 -0.411 -0.787 -0.837 -0.561 -0.492 -0.173  0.116  0.442  0.427  0.835  0.955  0.831  0.405  0.392  0.041  0.186  0.336  0.219  0.193  0.115  0.413 -0.015 -0.024  0.326  0.658  0.374 -0.079 -0.145  0.203 -0.080 -0.411 -0.223 -0.095 -0.352 -0.461 -0.672 -0.823 -0.923 -0.967 -0.961 -0.879 -0.805 -0.673 -0.626 -0.400 -0.034  0.451  0.716  0.948  0.978  0.968  0.948  0.856  0.867  0.695  0.587  0.522  0.634  0.539  0.398  0.498  0.506  0.614  0.682  0.662  0.553  0.486  0.391  0.405  0.441  0.588  0.511  0.654  0.781  0.888  0.930  0.964  0.918  0.895  0.984  0.975  0.937  0.823  0.795  0.737  0.611  0.580  0.579  0.694  0.758  0.707  0.742  0.837  0.838  0.788  0.846  0.896  0.926  0.964  0.970  0.967  0.986  1.000  0.996  0.985  0.961  0.933  0.889  0.816  0.752  0.592  0.431  0.373  0.162  0.095 -0.228
 -0.107 -0.076  0.160  0.178 -0.125 -0.217 -0.467 -0.823 -0.880 -0.630 -0.565 -0.256  0.029  0.373  0.383  0.802  0.934  0.861  0.482  0.472  0.129  0.272  0.414  0.294  0.266  0.171  0.441 -0.007 -0.080  0.244  0.605  0.321 -0.135 -0.179  0.178 -0.111 -0.428 -0.220 -0.104 -0.362 -0.452 -0.665 -0.805 -0.910 -0.944 -0.945 -0.844 -0.760 -0.609 -0.558 -0.335  0.033  0.501  0.740  0.954  0.961  0.962  0.939  0.852  0.858  0.670  0.566  0.510  0.630  0.545  0.407  0.509  0.526  0.637  0.701  0.688  0.582  0.512  0.419  0.438  0.471  0.614  0.549  0.694  0.816  0.918  0.959  0.980  0.928  0.893  0.983  0.987  0.948  0.839  0.811  0.764  0.647  0.626  0.628  0.734  0.797  0.756  0.787  0.873  0.879  0.835  0.885  0.931  0.953  0.983  0.985  0.975  0.984  0.996  1.000  0.993  0.980  0.961  0.925  0.864  0.802  0.651  0.488  0.423  0.205  0.123 -0.207
 -0.209 -0.182  0.052  0.066 -0.236 -0.318 -0.553 -0.875 -0.887 -0.637 -0.599 -0.314 -0.022  0.292  0.280  0.737  0.901  0.825  0.497  0.497  0.167  0.302  0.414  0.276  0.240  0.113  0.360 -0.107 -0.174  0.221  0.629  0.370 -0.077 -0.097  0.265 -0.025 -0.338 -0.114 -0.002 -0.265 -0.351 -0.579 -0.736 -0.862 -0.922 -0.949 -0.848 -0.769 -0.601 -0.505 -0.246  0.130  0.590  0.810  0.979  0.958  0.927  0.895  0.788  0.795  0.584  0.470  0.411  0.541  0.454  0.310  0.418  0.443  0.563  0.630  0.622  0.510  0.432  0.338  0.361  0.391  0.543  0.484  0.644  0.776  0.895  0.959  0.993  0.963  0.932  0.992  0.971  0.912  0.784  0.750  0.707  0.587  0.577  0.583  0.688  0.760  0.728  0.757  0.847  0.868  0.824  0.871  0.926  0.941  0.974  0.969  0.948  0.957  0.985  0.993  1.000  0.991  0.966  0.947  0.874  0.788  0.627  0.443  0.365  0.132  0.034 -0.297
 -0.193 -0.174  0.053  0.039 -0.272 -0.389 -0.620 -0.907 -0.935 -0.728 -0.696 -0.429 -0.149  0.189  0.217  0.679  0.855  0.859  0.605  0.606  0.295  0.424  0.525  0.388  0.349  0.202  0.404 -0.082 -0.248  0.094  0.534  0.276 -0.167 -0.156  0.213 -0.081 -0.366 -0.119 -0.026 -0.283 -0.341 -0.565 -0.701 -0.829 -0.871 -0.906 -0.778 -0.684 -0.492 -0.395 -0.151  0.220  0.647  0.824  0.965  0.914  0.904  0.867  0.772  0.773  0.542  0.440  0.396  0.534  0.464  0.327  0.436  0.474  0.593  0.653  0.656  0.552  0.471  0.383  0.413  0.437  0.581  0.539  0.698  0.818  0.925  0.984  0.998  0.956  0.908  0.970  0.972  0.914  0.799  0.765  0.740  0.637  0.641  0.651  0.740  0.808  0.792  0.814  0.889  0.915  0.881  0.915  0.962  0.964  0.984  0.974  0.944  0.938  0.961  0.980  0.991  1.000  0.990  0.980  0.929  0.851  0.707  0.526  0.440  0.203  0.086 -0.250
 -0.096 -0.085  0.135  0.096 -0.221 -0.380 -0.616 -0.890 -0.967 -0.808 -0.763 -0.498 -0.238  0.142  0.228  0.662  0.824  0.912  0.696  0.692  0.392  0.522  0.632  0.511  0.476  0.335  0.506  0.022 -0.247 -0.019  0.414  0.140 -0.301 -0.277  0.091 -0.202 -0.459 -0.204 -0.127 -0.373 -0.403 -0.609 -0.710 -0.824 -0.827 -0.849 -0.695 -0.582 -0.382 -0.318 -0.120  0.236  0.632  0.775  0.922  0.861  0.898  0.864  0.796  0.790  0.559  0.477  0.451  0.589  0.538  0.414  0.519  0.563  0.675  0.724  0.734  0.644  0.566  0.487  0.520  0.538  0.668  0.640  0.784  0.882  0.963  0.998  0.981  0.911  0.844  0.930  0.974  0.933  0.848  0.818  0.809  0.726  0.737  0.748  0.821  0.877  0.869  0.885  0.940  0.962  0.939  0.962  0.990  0.987  0.990  0.979  0.951  0.927  0.933  0.961  0.966  0.990  1.000  0.987  0.968  0.916  0.799  0.639  0.557  0.329  0.205 -0.132
 -0.217 -0.214 -0.003 -0.055 -0.365 -0.518 -0.729 -0.943 -0.967 -0.824 -0.815 -0.592 -0.334  0.006  0.075  0.546  0.748  0.854  0.730  0.739  0.469  0.583  0.650  0.509  0.464  0.280  0.404 -0.098 -0.380 -0.085  0.405  0.171 -0.247 -0.184  0.184 -0.105 -0.343 -0.067 -0.003 -0.247 -0.264 -0.482 -0.595 -0.734 -0.764 -0.820 -0.662 -0.554 -0.330 -0.212  0.024  0.380  0.744  0.849  0.927  0.823  0.824  0.778  0.691  0.684  0.424  0.335  0.310  0.460  0.414  0.287  0.398  0.453  0.574  0.623  0.643  0.549  0.464  0.385  0.426  0.439  0.572  0.558  0.717  0.822  0.920  0.981  0.974  0.931  0.864  0.912  0.930  0.864  0.762  0.725  0.726  0.647  0.676  0.692  0.758  0.822  0.831  0.842  0.897  0.938  0.918  0.932  0.970  0.953  0.956  0.936  0.892  0.865  0.889  0.925  0.947  0.980  0.987  1.000  0.973  0.894  0.773  0.592  0.492  0.250  0.104 -0.227
 -0.045 -0.053  0.139  0.049 -0.261 -0.475 -0.687 -0.877 -0.983 -0.921 -0.888 -0.674 -0.457 -0.058  0.102  0.507  0.677  0.912  0.848  0.847  0.603  0.713  0.797  0.689  0.652  0.488  0.561  0.080 -0.356 -0.258  0.198 -0.057 -0.457 -0.379 -0.026 -0.304 -0.489 -0.210 -0.175 -0.392 -0.365 -0.546 -0.596 -0.705 -0.670 -0.700 -0.507 -0.374 -0.144 -0.088  0.062  0.381  0.683  0.735  0.823  0.711  0.790  0.750  0.712  0.694  0.445  0.393  0.398  0.541  0.527  0.426  0.524  0.589  0.691  0.722  0.752  0.684  0.608  0.547  0.589  0.593  0.699  0.706  0.834  0.900  0.951  0.970  0.913  0.823  0.728  0.817  0.902  0.869  0.819  0.791  0.816  0.774  0.811  0.827  0.864  0.908  0.927  0.930  0.950  0.981  0.979  0.975  0.982  0.958  0.934  0.914  0.875  0.822  0.816  0.864  0.874  0.929  0.968  0.973  1.000  0.969  0.896  0.755  0.667  0.449  0.300 -0.022
  0.194  0.183  0.359  0.253 -0.047 -0.305 -0.529 -0.739 -0.949 -0.942 -0.862 -0.631 -0.456  0.004  0.243  0.547  0.649  0.961  0.874  0.854  0.619  0.734  0.864  0.802  0.782  0.675  0.743  0.318 -0.211 -0.331  0.029 -0.263 -0.648 -0.593 -0.268 -0.527 -0.677 -0.426 -0.406 -0.591 -0.542 -0.674 -0.662 -0.722 -0.613 -0.594 -0.385 -0.233 -0.030 -0.072 -0.028  0.247  0.510  0.548  0.696  0.617  0.786  0.762  0.780  0.755  0.550  0.536  0.564  0.684  0.694  0.621  0.699  0.759  0.834  0.848  0.877  0.835  0.778  0.733  0.768  0.770  0.845  0.858  0.942  0.969  0.966  0.927  0.825  0.682  0.567  0.716  0.872  0.886  0.897  0.881  0.917  0.903  0.930  0.940  0.958  0.977  0.991  0.990  0.983  0.989  0.997  0.986  0.960  0.943  0.898  0.887  0.867  0.798  0.752  0.802  0.788  0.851  0.916  0.894  0.969  1.000  0.973  0.889  0.828  0.653  0.524  0.222
  0.347  0.324  0.461  0.325  0.058 -0.239 -0.438 -0.596 -0.867 -0.948 -0.854 -0.659 -0.545 -0.075  0.234  0.440  0.501  0.918  0.911  0.883  0.703  0.801  0.931  0.909  0.899  0.820  0.825  0.465 -0.172 -0.484 -0.193 -0.474 -0.798 -0.730 -0.454 -0.675 -0.752 -0.523 -0.536 -0.673 -0.582 -0.662 -0.586 -0.610 -0.445 -0.403 -0.179 -0.016  0.173  0.074  0.026  0.233  0.402  0.376  0.514  0.431  0.663  0.646  0.713  0.679  0.503  0.531  0.588  0.688  0.731  0.693  0.751  0.815  0.863  0.855  0.894  0.883  0.841  0.819  0.853  0.846  0.883  0.919  0.962  0.946  0.894  0.817  0.674  0.499  0.365  0.539  0.748  0.792  0.857  0.851  0.910  0.936  0.971  0.980  0.965  0.961  0.986  0.975  0.933  0.929  0.955  0.926  0.870  0.847  0.777  0.768  0.754  0.664  0.592  0.651  0.627  0.707  0.799  0.773  0.896  0.973  1.000  0.967  0.923  0.790  0.669  0.409
  0.556  0.530  0.628  0.483  0.262 -0.051 -0.232 -0.376 -0.724 -0.867 -0.740 -0.562 -0.512 -0.038  0.326  0.397  0.383  0.851  0.848  0.805  0.666  0.753  0.909  0.939  0.947  0.934  0.915  0.658 -0.018 -0.538 -0.378 -0.658 -0.918 -0.872 -0.663 -0.835 -0.854 -0.678 -0.712 -0.794 -0.682 -0.697 -0.558 -0.528 -0.303 -0.217  0.001  0.166  0.309  0.122 -0.037  0.092  0.182  0.130  0.301  0.254  0.554  0.554  0.676  0.637  0.525  0.594  0.673  0.738  0.806  0.805  0.835  0.889  0.901  0.874  0.910  0.932  0.914  0.914  0.939  0.927  0.924  0.968  0.958  0.897  0.793  0.664  0.486  0.275  0.133  0.347  0.609  0.697  0.821  0.828  0.897  0.956  0.981  0.983  0.945  0.913  0.935  0.919  0.848  0.821  0.858  0.821  0.734  0.718  0.631  0.631  0.635  0.536  0.431  0.488  0.443  0.526  0.639  0.592  0.755  0.889  0.967  1.000  0.989  0.918  0.829  0.625
  0.664  0.643  0.727  0.592  0.395  0.086 -0.091 -0.252 -0.639 -0.791 -0.640 -0.455 -0.431  0.044  0.420  0.419  0.360  0.816  0.771  0.717  0.586  0.672  0.851  0.909  0.929  0.960  0.956  0.758  0.105 -0.500 -0.424 -0.710 -0.946 -0.929 -0.754 -0.903 -0.908 -0.771 -0.804 -0.863 -0.755 -0.740 -0.578 -0.518 -0.267 -0.152  0.050  0.212  0.320  0.083 -0.128 -0.033  0.040 -0.001  0.208  0.196  0.525  0.537  0.683  0.644  0.574  0.659  0.741  0.784  0.857  0.870  0.886  0.928  0.922  0.889  0.919  0.953  0.949  0.957  0.973  0.963  0.944  0.981  0.945  0.868  0.740  0.587  0.399  0.172  0.033  0.270  0.552  0.663  0.812  0.827  0.892  0.957  0.970  0.966  0.924  0.881  0.891  0.877  0.799  0.756  0.793  0.759  0.660  0.654  0.564  0.572  0.592  0.495  0.373  0.423  0.365  0.440  0.557  0.492  0.667  0.828  0.923  0.989  1.000  0.962  0.900  0.722
  0.810  0.796  0.828  0.697  0.569  0.274  0.136  0.008 -0.420 -0.624 -0.454 -0.307 -0.354  0.075  0.471  0.326  0.193  0.658  0.626  0.562  0.491  0.556  0.742  0.850  0.887  0.983  0.952  0.883  0.253 -0.509 -0.580 -0.834 -0.976 -0.984 -0.899 -0.979 -0.921 -0.854 -0.906 -0.901 -0.780 -0.696 -0.485 -0.373 -0.086  0.064  0.239  0.386  0.436  0.130 -0.178 -0.176 -0.195 -0.262 -0.041 -0.015  0.352  0.381  0.570  0.529  0.533  0.653  0.749  0.752  0.844  0.894  0.878  0.906  0.863  0.814  0.839  0.903  0.925  0.956  0.960  0.945  0.886  0.927  0.839  0.724  0.554  0.363  0.158 -0.083 -0.217  0.037  0.346  0.490  0.686  0.714  0.782  0.876  0.877  0.868  0.804  0.737  0.742  0.725  0.625  0.562  0.608  0.569  0.448  0.449  0.350  0.366  0.403  0.305  0.162  0.205  0.132  0.203  0.329  0.250  0.449  0.653  0.790  0.918  0.962  1.000  0.978  0.878
  0.899  0.895  0.911  0.809  0.720  0.459  0.329  0.172 -0.277 -0.465 -0.270 -0.114 -0.184  0.216  0.591  0.364  0.178  0.573  0.458  0.384  0.317  0.379  0.590  0.727  0.777  0.933  0.942  0.956  0.425 -0.385 -0.568 -0.820 -0.929 -0.984 -0.947 -0.994 -0.935 -0.926 -0.967 -0.937 -0.839 -0.724 -0.505 -0.359 -0.061  0.120  0.258  0.387  0.383  0.030 -0.321 -0.359 -0.384 -0.415 -0.147 -0.066  0.312  0.355  0.559  0.523  0.586  0.715  0.805  0.779  0.865  0.927  0.893  0.901  0.838  0.786  0.798  0.871  0.909  0.945  0.937  0.927  0.854  0.878  0.762  0.638  0.454  0.243  0.044 -0.201 -0.318 -0.048  0.261  0.427  0.638  0.674  0.726  0.817  0.797  0.780  0.721  0.644  0.630  0.618  0.521  0.438  0.478  0.450  0.324  0.342  0.250  0.277  0.333  0.249  0.095  0.123  0.034  0.086  0.205  0.104  0.300  0.524  0.669  0.829  0.900  0.978  1.000  0.940
  0.934  0.930  0.868  0.773  0.792  0.578  0.529  0.470  0.044 -0.206 -0.027  0.036 -0.125  0.151  0.506  0.130 -0.111  0.269  0.240  0.167  0.203  0.221  0.394  0.572  0.634  0.835  0.778  0.958  0.491 -0.403 -0.727 -0.886 -0.844 -0.903 -0.990 -0.938 -0.787 -0.861 -0.931 -0.817 -0.703 -0.513 -0.259 -0.072  0.230  0.419  0.512  0.604  0.534  0.159 -0.264 -0.425 -0.591 -0.678 -0.464 -0.367  0.002  0.056  0.285  0.250  0.388  0.548  0.650  0.577  0.683  0.789  0.720  0.714  0.613  0.543  0.553  0.659  0.723  0.787  0.768  0.751  0.632  0.669  0.504  0.344  0.130 -0.094 -0.291 -0.514 -0.611 -0.370 -0.071  0.109  0.352  0.398  0.456  0.578  0.556  0.536  0.451  0.353  0.344  0.325  0.207  0.118  0.168  0.129 -0.008  0.010 -0.086 -0.056  0.009 -0.070 -0.228 -0.207 -0.297 -0.250 -0.132 -0.227 -0.022  0.222  0.409  0.625  0.722  0.878  0.940  1.000
